case_id,scenario,n_affected,lag,ch_i,ch_j,role_i,role_j,gt_edge,corr_full,corr_post,attn_sim,pair_type_match
NA0_LAG10_000,NA0_LAG10,0,10,1,2,unrelated,root,0,0.3228382178754603,0.9958956665554921,0.7801426649093628,
NA0_LAG10_000,NA0_LAG10,0,10,1,3,unrelated,unrelated,0,0.9952998576301123,0.9954646078286621,0.9864641427993774,
NA0_LAG10_000,NA0_LAG10,0,10,1,4,unrelated,unrelated,0,0.9954648190335348,0.9955824078104746,0.9950777888298035,
NA0_LAG10_000,NA0_LAG10,0,10,1,5,unrelated,unrelated,0,0.9953650934669002,0.9955212841848321,0.9972590208053589,
NA0_LAG10_000,NA0_LAG10,0,10,1,6,unrelated,unrelated,0,0.9950279271009227,0.9950780105829802,0.9725804924964905,
NA0_LAG10_000,NA0_LAG10,0,10,2,3,root,unrelated,0,0.3233470322666268,0.9947636346141742,0.7826768755912781,
NA0_LAG10_000,NA0_LAG10,0,10,2,4,root,unrelated,0,0.3281187119725267,0.995470539348331,0.7840518355369568,
NA0_LAG10_000,NA0_LAG10,0,10,2,5,root,unrelated,0,0.32037831355296226,0.9949453953743626,0.7886037826538086,
NA0_LAG10_000,NA0_LAG10,0,10,2,6,root,unrelated,0,0.3297701166871892,0.9954259608953693,0.7701444029808044,
NA0_LAG10_000,NA0_LAG10,0,10,3,4,unrelated,unrelated,0,0.9952960393346134,0.9950198691073325,0.9920170903205872,
NA0_LAG10_000,NA0_LAG10,0,10,3,5,unrelated,unrelated,0,0.9950961225829398,0.9948823568108435,0.9868634939193726,
NA0_LAG10_000,NA0_LAG10,0,10,3,6,unrelated,unrelated,0,0.9953429221096665,0.9952222445540763,0.9948270320892334,
NA0_LAG10_000,NA0_LAG10,0,10,4,5,unrelated,unrelated,0,0.9950385625655838,0.9951117913409239,0.996616005897522,
NA0_LAG10_000,NA0_LAG10,0,10,4,6,unrelated,unrelated,0,0.9950369499314287,0.9946499232576662,0.9800997376441956,
NA0_LAG10_000,NA0_LAG10,0,10,5,6,unrelated,unrelated,0,0.9950202553523021,0.9949009565512821,0.9712235331535339,
NA0_LAG10_001,NA0_LAG10,0,10,1,2,unrelated,unrelated,0,0.9953157114165652,0.9950063694764386,0.9932376146316528,
NA0_LAG10_001,NA0_LAG10,0,10,1,3,unrelated,unrelated,0,0.9953319469088628,0.9950368759239532,0.9960945248603821,
NA0_LAG10_001,NA0_LAG10,0,10,1,4,unrelated,unrelated,0,0.9956361161512643,0.995455459270513,0.9908690452575684,
NA0_LAG10_001,NA0_LAG10,0,10,1,5,unrelated,unrelated,0,0.995640321688257,0.995389091697596,0.9901388883590698,
NA0_LAG10_001,NA0_LAG10,0,10,1,6,unrelated,root,0,0.4148357731174049,0.12391284928224654,0.9281124472618103,
NA0_LAG10_001,NA0_LAG10,0,10,2,3,unrelated,unrelated,0,0.9945186073783493,0.993991442613632,0.9964569211006165,
NA0_LAG10_001,NA0_LAG10,0,10,2,4,unrelated,unrelated,0,0.9951339083202438,0.9952393607905188,0.9904473423957825,
NA0_LAG10_001,NA0_LAG10,0,10,2,5,unrelated,unrelated,0,0.9948398997077943,0.9947186003674225,0.9977355003356934,
NA0_LAG10_001,NA0_LAG10,0,10,2,6,unrelated,root,0,0.42025791299769055,0.13020271387188037,0.9565467238426208,
NA0_LAG10_001,NA0_LAG10,0,10,3,4,unrelated,unrelated,0,0.9949562404699088,0.9945450624384043,0.9962353706359863,
NA0_LAG10_001,NA0_LAG10,0,10,3,5,unrelated,unrelated,0,0.9951587982809118,0.9953472021713756,0.9964147210121155,
NA0_LAG10_001,NA0_LAG10,0,10,3,6,unrelated,root,0,0.4125867616294642,0.12433773398396579,0.9449008107185364,
NA0_LAG10_001,NA0_LAG10,0,10,4,5,unrelated,unrelated,0,0.9954110246692681,0.9951933461004616,0.9938606023788452,
NA0_LAG10_001,NA0_LAG10,0,10,4,6,unrelated,root,0,0.42587140389560496,0.13557960844602288,0.9350435733795166,
NA0_LAG10_001,NA0_LAG10,0,10,5,6,unrelated,root,0,0.419315502525492,0.12908431616275043,0.9578382968902588,
NA0_LAG10_002,NA0_LAG10,0,10,1,2,unrelated,unrelated,0,0.9955131514728416,0.9958784593517986,0.9912661910057068,
NA0_LAG10_002,NA0_LAG10,0,10,1,3,unrelated,unrelated,0,0.9954114291188493,0.9955852778140547,0.9964168071746826,
NA0_LAG10_002,NA0_LAG10,0,10,1,4,unrelated,root,0,0.5623991570072745,0.06643429828531387,0.8497495651245117,
NA0_LAG10_002,NA0_LAG10,0,10,1,5,unrelated,unrelated,0,0.995161492336748,0.9950630560001318,0.9887033700942993,
NA0_LAG10_002,NA0_LAG10,0,10,1,6,unrelated,unrelated,0,0.9946770461260003,0.994574487567066,0.9967202544212341,
NA0_LAG10_002,NA0_LAG10,0,10,2,3,unrelated,unrelated,0,0.9955596694127179,0.9957730359498415,0.9928128123283386,
NA0_LAG10_002,NA0_LAG10,0,10,2,4,unrelated,root,0,0.5645958558981573,0.06722645723076047,0.8657523989677429,
NA0_LAG10_002,NA0_LAG10,0,10,2,5,unrelated,unrelated,0,0.9953292227186329,0.9953815720420419,0.9854145646095276,
NA0_LAG10_002,NA0_LAG10,0,10,2,6,unrelated,unrelated,0,0.994134781543573,0.9943764859241707,0.9932066202163696,
NA0_LAG10_002,NA0_LAG10,0,10,3,4,unrelated,root,0,0.5704286534504004,0.06774816273260185,0.8674672245979309,
NA0_LAG10_002,NA0_LAG10,0,10,3,5,unrelated,unrelated,0,0.9945751425708491,0.9948349731878968,0.9828025698661804,
NA0_LAG10_002,NA0_LAG10,0,10,3,6,unrelated,unrelated,0,0.9949574193570888,0.9950410261557335,0.9964337944984436,
NA0_LAG10_002,NA0_LAG10,0,10,4,5,root,unrelated,0,0.5655257152131058,0.07629672863260566,0.8113967180252075,
NA0_LAG10_002,NA0_LAG10,0,10,4,6,root,unrelated,0,0.5695169771510467,0.06590922223092097,0.8644320368766785,
NA0_LAG10_002,NA0_LAG10,0,10,5,6,unrelated,unrelated,0,0.994509320260083,0.9942191180027845,0.9845041632652283,
NA0_LAG10_003,NA0_LAG10,0,10,1,2,unrelated,root,0,0.9605028531978697,0.9969957437127673,0.9890743494033813,
NA0_LAG10_003,NA0_LAG10,0,10,1,3,unrelated,unrelated,0,0.9951539938597473,0.995096264637552,0.9919731616973877,
NA0_LAG10_003,NA0_LAG10,0,10,1,4,unrelated,unrelated,0,0.9954394372703275,0.9959146679906868,0.9972788095474243,
NA0_LAG10_003,NA0_LAG10,0,10,1,5,unrelated,unrelated,0,0.995376490511693,0.9953983966510837,0.9947535991668701,
NA0_LAG10_003,NA0_LAG10,0,10,1,6,unrelated,unrelated,0,0.9953346741709582,0.9954112484361406,0.9881493449211121,
NA0_LAG10_003,NA0_LAG10,0,10,2,3,root,unrelated,0,0.9604865945414899,0.9969639395600227,0.995233416557312,
NA0_LAG10_003,NA0_LAG10,0,10,2,4,root,unrelated,0,0.9591059401407459,0.9975103823393154,0.9852393865585327,
NA0_LAG10_003,NA0_LAG10,0,10,2,5,root,unrelated,0,0.9611102053223705,0.9975413299581819,0.9881799817085266,
NA0_LAG10_003,NA0_LAG10,0,10,2,6,root,unrelated,0,0.9597471024787946,0.9973885803179616,0.994853675365448,
NA0_LAG10_003,NA0_LAG10,0,10,3,4,unrelated,unrelated,0,0.9952050466589,0.99561990619932,0.9855286478996277,
NA0_LAG10_003,NA0_LAG10,0,10,3,5,unrelated,unrelated,0,0.9954161511934314,0.9954527883404432,0.986365556716919,
NA0_LAG10_003,NA0_LAG10,0,10,3,6,unrelated,unrelated,0,0.9952757644568765,0.9956111593809289,0.9885922074317932,
NA0_LAG10_003,NA0_LAG10,0,10,4,5,unrelated,unrelated,0,0.9952297084051281,0.9955449620496363,0.9972182512283325,
NA0_LAG10_003,NA0_LAG10,0,10,4,6,unrelated,unrelated,0,0.9950704315726459,0.9954935869268491,0.9888128042221069,
NA0_LAG10_003,NA0_LAG10,0,10,5,6,unrelated,unrelated,0,0.9957848632342305,0.9964621640321044,0.9926187992095947,
NA0_LAG10_004,NA0_LAG10,0,10,1,2,unrelated,unrelated,0,0.9948553214189021,0.9944484469817149,0.9831055402755737,
NA0_LAG10_004,NA0_LAG10,0,10,1,3,unrelated,unrelated,0,0.9949775851863166,0.9947710739874069,0.9883108139038086,
NA0_LAG10_004,NA0_LAG10,0,10,1,4,unrelated,unrelated,0,0.9955344777137627,0.9951918599825749,0.990199625492096,
NA0_LAG10_004,NA0_LAG10,0,10,1,5,unrelated,root,0,0.9567183240126808,0.9965196172665741,0.9861190319061279,
NA0_LAG10_004,NA0_LAG10,0,10,1,6,unrelated,unrelated,0,0.99532658277729,0.9950588978598955,0.995452880859375,
NA0_LAG10_004,NA0_LAG10,0,10,2,3,unrelated,unrelated,0,0.9950191664251559,0.9946790700622464,0.9939727783203125,
NA0_LAG10_004,NA0_LAG10,0,10,2,4,unrelated,unrelated,0,0.994754185711054,0.9948582422510746,0.9968340396881104,
NA0_LAG10_004,NA0_LAG10,0,10,2,5,unrelated,root,0,0.958630488328744,0.9972070674956423,0.9927206039428711,
NA0_LAG10_004,NA0_LAG10,0,10,2,6,unrelated,unrelated,0,0.9955035896331217,0.9959822178119143,0.987432062625885,
NA0_LAG10_004,NA0_LAG10,0,10,3,4,unrelated,unrelated,0,0.9949464283393453,0.9947916585338754,0.997519314289093,
NA0_LAG10_004,NA0_LAG10,0,10,3,5,unrelated,root,0,0.9590603813768501,0.9969761372166337,0.9899176359176636,
NA0_LAG10_004,NA0_LAG10,0,10,3,6,unrelated,unrelated,0,0.9954356381948276,0.995465344008813,0.9878057837486267,
NA0_LAG10_004,NA0_LAG10,0,10,4,5,unrelated,root,0,0.9600691583856537,0.9965153837713487,0.994796872138977,
NA0_LAG10_004,NA0_LAG10,0,10,4,6,unrelated,unrelated,0,0.9949936569677972,0.9951636680305264,0.9926013350486755,
NA0_LAG10_004,NA0_LAG10,0,10,5,6,root,unrelated,0,0.9580876268725299,0.9972090832339197,0.992646336555481,
NA0_LAG10_005,NA0_LAG10,0,10,1,2,unrelated,unrelated,0,0.9950610750370957,0.9945044639327522,0.9868740439414978,
NA0_LAG10_005,NA0_LAG10,0,10,1,3,unrelated,root,0,0.9586652358889741,0.996789729764658,0.9878522157669067,
NA0_LAG10_005,NA0_LAG10,0,10,1,4,unrelated,unrelated,0,0.995521428385661,0.9952603447218527,0.9970758557319641,
NA0_LAG10_005,NA0_LAG10,0,10,1,5,unrelated,unrelated,0,0.9951457849364322,0.9946134869605225,0.9973370432853699,
NA0_LAG10_005,NA0_LAG10,0,10,1,6,unrelated,unrelated,0,0.9953564572113834,0.9951620488226864,0.9947798848152161,
NA0_LAG10_005,NA0_LAG10,0,10,2,3,unrelated,root,0,0.9596014315692145,0.9971976829099051,0.9917300343513489,
NA0_LAG10_005,NA0_LAG10,0,10,2,4,unrelated,unrelated,0,0.9956939826243979,0.9957465323995335,0.9874406456947327,
NA0_LAG10_005,NA0_LAG10,0,10,2,5,unrelated,unrelated,0,0.9950839058906382,0.9949154878843015,0.9801519513130188,
NA0_LAG10_005,NA0_LAG10,0,10,2,6,unrelated,unrelated,0,0.9947671707943726,0.9949069769987146,0.996330201625824,
NA0_LAG10_005,NA0_LAG10,0,10,3,4,root,unrelated,0,0.9585078246188155,0.9971791181843164,0.9852527976036072,
NA0_LAG10_005,NA0_LAG10,0,10,3,5,root,unrelated,0,0.9593792777246557,0.9969196735762292,0.9838509559631348,
NA0_LAG10_005,NA0_LAG10,0,10,3,6,root,unrelated,0,0.9581139586601146,0.9971402604077408,0.9924818873405457,
NA0_LAG10_005,NA0_LAG10,0,10,4,5,unrelated,unrelated,0,0.9954228352109645,0.9952137383785803,0.9963916540145874,
NA0_LAG10_005,NA0_LAG10,0,10,4,6,unrelated,unrelated,0,0.9956727092546004,0.9953654783427404,0.9951781630516052,
NA0_LAG10_005,NA0_LAG10,0,10,5,6,unrelated,unrelated,0,0.9961693717577612,0.9960216963166874,0.9912950992584229,
NA0_LAG10_006,NA0_LAG10,0,10,1,2,unrelated,unrelated,0,0.9952415572047855,0.9950615635946785,0.9970919489860535,
NA0_LAG10_006,NA0_LAG10,0,10,1,3,unrelated,unrelated,0,0.9952030710561586,0.9952748427699656,0.9723853468894958,
NA0_LAG10_006,NA0_LAG10,0,10,1,4,unrelated,root,0,0.5746438962493104,0.02007122230503825,0.8380579948425293,
NA0_LAG10_006,NA0_LAG10,0,10,1,5,unrelated,unrelated,0,0.9952041657417214,0.99508551663943,0.9982401132583618,
NA0_LAG10_006,NA0_LAG10,0,10,1,6,unrelated,unrelated,0,0.9949736421506089,0.9950836634046171,0.9974880814552307,
NA0_LAG10_006,NA0_LAG10,0,10,2,3,unrelated,unrelated,0,0.9951054296559896,0.9952373570655413,0.9803134799003601,
NA0_LAG10_006,NA0_LAG10,0,10,2,4,unrelated,root,0,0.5719666421139232,0.02036775539636043,0.8172914981842041,
NA0_LAG10_006,NA0_LAG10,0,10,2,5,unrelated,unrelated,0,0.9951089114079393,0.9956841138139593,0.9960811138153076,
NA0_LAG10_006,NA0_LAG10,0,10,2,6,unrelated,unrelated,0,0.9955287689925971,0.9957276268508806,0.9976808428764343,
NA0_LAG10_006,NA0_LAG10,0,10,3,4,unrelated,root,0,0.5764807965774545,0.02072190019946892,0.7875940799713135,
NA0_LAG10_006,NA0_LAG10,0,10,3,5,unrelated,unrelated,0,0.9948838857646103,0.9953406485413389,0.9758260846138,
NA0_LAG10_006,NA0_LAG10,0,10,3,6,unrelated,unrelated,0,0.9958710685140415,0.9957724512885868,0.9822871685028076,
NA0_LAG10_006,NA0_LAG10,0,10,4,5,root,unrelated,0,0.5729589022310476,0.015669332925397357,0.8411259055137634,
NA0_LAG10_006,NA0_LAG10,0,10,4,6,root,unrelated,0,0.5708057708985215,0.02436162846055536,0.8315184116363525,
NA0_LAG10_006,NA0_LAG10,0,10,5,6,unrelated,unrelated,0,0.9952867219773466,0.9956422441290147,0.9983256459236145,
NA0_LAG10_007,NA0_LAG10,0,10,1,2,root,unrelated,0,0.9601532373186689,0.9974221899854931,0.9961966276168823,
NA0_LAG10_007,NA0_LAG10,0,10,1,3,root,unrelated,0,0.9574552020679583,0.9968928748114623,0.9894095659255981,
NA0_LAG10_007,NA0_LAG10,0,10,1,4,root,unrelated,0,0.9582074889658596,0.9969647338900214,0.990715742111206,
NA0_LAG10_007,NA0_LAG10,0,10,1,5,root,unrelated,0,0.9566287736879657,0.9969787608801922,0.9897468686103821,
NA0_LAG10_007,NA0_LAG10,0,10,1,6,root,unrelated,0,0.9600235993102636,0.9966004776384242,0.9870356917381287,
NA0_LAG10_007,NA0_LAG10,0,10,2,3,unrelated,unrelated,0,0.9953284481176919,0.9958079778219037,0.994645893573761,
NA0_LAG10_007,NA0_LAG10,0,10,2,4,unrelated,unrelated,0,0.9956463494154351,0.9958797764966217,0.9910978674888611,
NA0_LAG10_007,NA0_LAG10,0,10,2,5,unrelated,unrelated,0,0.9951169248430377,0.9954191635842796,0.9950684905052185,
NA0_LAG10_007,NA0_LAG10,0,10,2,6,unrelated,unrelated,0,0.9960572608729001,0.9959032743327353,0.9942766427993774,
NA0_LAG10_007,NA0_LAG10,0,10,3,4,unrelated,unrelated,0,0.9955676093485631,0.995488761570723,0.9915529489517212,
NA0_LAG10_007,NA0_LAG10,0,10,3,5,unrelated,unrelated,0,0.9947687835390044,0.9948463083229425,0.9975369572639465,
NA0_LAG10_007,NA0_LAG10,0,10,3,6,unrelated,unrelated,0,0.9950249977058466,0.995116548369182,0.996304452419281,
NA0_LAG10_007,NA0_LAG10,0,10,4,5,unrelated,unrelated,0,0.9957748765976284,0.9959459948594647,0.9904251098632812,
NA0_LAG10_007,NA0_LAG10,0,10,4,6,unrelated,unrelated,0,0.9961099339419287,0.9961673307740556,0.9894315600395203,
NA0_LAG10_007,NA0_LAG10,0,10,5,6,unrelated,unrelated,0,0.9955536689031979,0.9957159223541939,0.9972387552261353,
NA0_LAG10_008,NA0_LAG10,0,10,1,2,unrelated,unrelated,0,0.9953458147437448,0.9954583333461116,0.9782684445381165,
NA0_LAG10_008,NA0_LAG10,0,10,1,3,unrelated,root,0,0.9591807938545385,0.9969233063543871,0.9680684208869934,
NA0_LAG10_008,NA0_LAG10,0,10,1,4,unrelated,unrelated,0,0.9943837202282253,0.9944598120575519,0.9971781373023987,
NA0_LAG10_008,NA0_LAG10,0,10,1,5,unrelated,unrelated,0,0.994822299219599,0.9947130551482838,0.9763625264167786,
NA0_LAG10_008,NA0_LAG10,0,10,1,6,unrelated,unrelated,0,0.9946953697188664,0.9942076822681678,0.9948575496673584,
NA0_LAG10_008,NA0_LAG10,0,10,2,3,unrelated,root,0,0.9597499788316677,0.9974997208244721,0.9942466616630554,
NA0_LAG10_008,NA0_LAG10,0,10,2,4,unrelated,unrelated,0,0.9949296142824757,0.9947676262483762,0.9879660606384277,
NA0_LAG10_008,NA0_LAG10,0,10,2,5,unrelated,unrelated,0,0.9956041339611731,0.9954929453273907,0.9906730651855469,
NA0_LAG10_008,NA0_LAG10,0,10,2,6,unrelated,unrelated,0,0.9951314696497263,0.9949164687630627,0.9874230623245239,
NA0_LAG10_008,NA0_LAG10,0,10,3,4,root,unrelated,0,0.9602251079904081,0.9970038568174293,0.9793438911437988,
NA0_LAG10_008,NA0_LAG10,0,10,3,5,root,unrelated,0,0.9591326511243846,0.9973854982724745,0.9912068843841553,
NA0_LAG10_008,NA0_LAG10,0,10,3,6,root,unrelated,0,0.9591016206361656,0.9965562206297175,0.9809244275093079,
NA0_LAG10_008,NA0_LAG10,0,10,4,5,unrelated,unrelated,0,0.9954295394276554,0.9955385978074341,0.9856566786766052,
NA0_LAG10_008,NA0_LAG10,0,10,4,6,unrelated,unrelated,0,0.9948776436396111,0.9945272546532925,0.9959936738014221,
NA0_LAG10_008,NA0_LAG10,0,10,5,6,unrelated,unrelated,0,0.9955907321226953,0.9955268047546624,0.9851031303405762,
NA0_LAG10_009,NA0_LAG10,0,10,1,2,unrelated,unrelated,0,0.9954376882090059,0.9954320194494538,0.9981387853622437,
NA0_LAG10_009,NA0_LAG10,0,10,1,3,unrelated,unrelated,0,0.9956393745259553,0.9959500196679139,0.993575930595398,
NA0_LAG10_009,NA0_LAG10,0,10,1,4,unrelated,unrelated,0,0.9950839176081933,0.994962852845349,0.9972235560417175,
NA0_LAG10_009,NA0_LAG10,0,10,1,5,unrelated,root,0,0.9601189580649718,0.9971408073724387,0.9748953580856323,
NA0_LAG10_009,NA0_LAG10,0,10,1,6,unrelated,unrelated,0,0.9951371781966863,0.9946290805081337,0.9920418858528137,
NA0_LAG10_009,NA0_LAG10,0,10,2,3,unrelated,unrelated,0,0.9952801576541509,0.9954740797232321,0.9929105043411255,
NA0_LAG10_009,NA0_LAG10,0,10,2,4,unrelated,unrelated,0,0.9944814988911896,0.9943124647828316,0.996356189250946,
NA0_LAG10_009,NA0_LAG10,0,10,2,5,unrelated,root,0,0.9588725882661612,0.9970569431454711,0.9762417674064636,
NA0_LAG10_009,NA0_LAG10,0,10,2,6,unrelated,unrelated,0,0.9951861621676619,0.9951431738374429,0.9932199716567993,
NA0_LAG10_009,NA0_LAG10,0,10,3,4,unrelated,unrelated,0,0.995802032241112,0.9956621619627367,0.9941655397415161,
NA0_LAG10_009,NA0_LAG10,0,10,3,5,unrelated,root,0,0.9559249649134827,0.9972614235315663,0.9839599132537842,
NA0_LAG10_009,NA0_LAG10,0,10,3,6,unrelated,unrelated,0,0.995911623161894,0.9956465752576683,0.9859970211982727,
NA0_LAG10_009,NA0_LAG10,0,10,4,5,unrelated,root,0,0.9598509481239855,0.9968891095183967,0.9699906706809998,
NA0_LAG10_009,NA0_LAG10,0,10,4,6,unrelated,unrelated,0,0.9958879133573646,0.9954099420378449,0.9863695502281189,
NA0_LAG10_009,NA0_LAG10,0,10,5,6,root,unrelated,0,0.9589982676124233,0.9967580181311656,0.9833282232284546,
NA0_LAG10_010,NA0_LAG10,0,10,1,2,unrelated,unrelated,0,0.995065228463443,0.9953053438340131,0.9946980476379395,
NA0_LAG10_010,NA0_LAG10,0,10,1,3,unrelated,unrelated,0,0.9950552212391822,0.9945022124074396,0.9867428541183472,
NA0_LAG10_010,NA0_LAG10,0,10,1,4,unrelated,unrelated,0,0.9945484527243874,0.9946173864574577,0.9932931065559387,
NA0_LAG10_010,NA0_LAG10,0,10,1,5,unrelated,root,0,0.9578734232565238,0.9964574810472496,0.9950770735740662,
NA0_LAG10_010,NA0_LAG10,0,10,1,6,unrelated,unrelated,0,0.9954356420073142,0.9953681164609426,0.9935519695281982,
NA0_LAG10_010,NA0_LAG10,0,10,2,3,unrelated,unrelated,0,0.995047659509156,0.9956186960588675,0.9964171648025513,
NA0_LAG10_010,NA0_LAG10,0,10,2,4,unrelated,unrelated,0,0.995320848981166,0.995887572792846,0.9981537461280823,
NA0_LAG10_010,NA0_LAG10,0,10,2,5,unrelated,root,0,0.9566133870421184,0.9974117459376971,0.9959166646003723,
NA0_LAG10_010,NA0_LAG10,0,10,2,6,unrelated,unrelated,0,0.9953423311793534,0.9961700355887826,0.9977446794509888,
NA0_LAG10_010,NA0_LAG10,0,10,3,4,unrelated,unrelated,0,0.994766503977405,0.9949626391977756,0.9947549104690552,
NA0_LAG10_010,NA0_LAG10,0,10,3,5,unrelated,root,0,0.9579284345868295,0.9969621336509177,0.9917984008789062,
NA0_LAG10_010,NA0_LAG10,0,10,3,6,unrelated,unrelated,0,0.9949207754400295,0.9949608046226834,0.9929584264755249,
NA0_LAG10_010,NA0_LAG10,0,10,4,5,unrelated,root,0,0.958861379831189,0.9971104755643572,0.9933727383613586,
NA0_LAG10_010,NA0_LAG10,0,10,4,6,unrelated,unrelated,0,0.9950513138493622,0.9955483926874537,0.9983634948730469,
NA0_LAG10_010,NA0_LAG10,0,10,5,6,root,unrelated,0,0.9606508822968022,0.9972269416377915,0.9923487901687622,
NA0_LAG10_011,NA0_LAG10,0,10,1,2,unrelated,root,0,0.5795541073284152,0.06423630726779492,0.8448198437690735,
NA0_LAG10_011,NA0_LAG10,0,10,1,3,unrelated,unrelated,0,0.9943032345222715,0.9945027263088654,0.9958992004394531,
NA0_LAG10_011,NA0_LAG10,0,10,1,4,unrelated,unrelated,0,0.9946176688825523,0.9943535909743367,0.9970077872276306,
NA0_LAG10_011,NA0_LAG10,0,10,1,5,unrelated,unrelated,0,0.9949203187729038,0.9949888987660734,0.9943764209747314,
NA0_LAG10_011,NA0_LAG10,0,10,1,6,unrelated,unrelated,0,0.9945450116069589,0.9947469402446455,0.9927776455879211,
NA0_LAG10_011,NA0_LAG10,0,10,2,3,root,unrelated,0,0.5800787382400687,0.0640975066188341,0.8453517556190491,
NA0_LAG10_011,NA0_LAG10,0,10,2,4,root,unrelated,0,0.5760143240468711,0.061951755883118374,0.8553264737129211,
NA0_LAG10_011,NA0_LAG10,0,10,2,5,root,unrelated,0,0.5774632845092881,0.0614817679399967,0.830302357673645,
NA0_LAG10_011,NA0_LAG10,0,10,2,6,root,unrelated,0,0.5790846030500754,0.05625833274588036,0.8344948887825012,
NA0_LAG10_011,NA0_LAG10,0,10,3,4,unrelated,unrelated,0,0.9944707162014959,0.9947918812460579,0.9937800765037537,
NA0_LAG10_011,NA0_LAG10,0,10,3,5,unrelated,unrelated,0,0.9944447120965171,0.9946918533927318,0.9972772598266602,
NA0_LAG10_011,NA0_LAG10,0,10,3,6,unrelated,unrelated,0,0.9945561467212516,0.9946386787844204,0.9870638847351074,
NA0_LAG10_011,NA0_LAG10,0,10,4,5,unrelated,unrelated,0,0.9953004190507218,0.9954607805515867,0.9931141138076782,
NA0_LAG10_011,NA0_LAG10,0,10,4,6,unrelated,unrelated,0,0.9946002954105457,0.9946395125028106,0.9891313314437866,
NA0_LAG10_011,NA0_LAG10,0,10,5,6,unrelated,unrelated,0,0.9954445360764776,0.9957702300170155,0.9847396016120911,
NA0_LAG10_012,NA0_LAG10,0,10,1,2,unrelated,unrelated,0,0.995433307371446,0.9955238171465739,0.9894254207611084,
NA0_LAG10_012,NA0_LAG10,0,10,1,3,unrelated,unrelated,0,0.9951927765991049,0.9949730364224645,0.9762689471244812,
NA0_LAG10_012,NA0_LAG10,0,10,1,4,unrelated,unrelated,0,0.9939365806852195,0.9940838362156242,0.9879493713378906,
NA0_LAG10_012,NA0_LAG10,0,10,1,5,unrelated,root,0,0.5682469524542882,0.002273065908441421,0.7782971858978271,
NA0_LAG10_012,NA0_LAG10,0,10,1,6,unrelated,unrelated,0,0.9953316394123972,0.9946162719420482,0.9910767078399658,
NA0_LAG10_012,NA0_LAG10,0,10,2,3,unrelated,unrelated,0,0.9959035503551776,0.9958531489113802,0.9925651550292969,
NA0_LAG10_012,NA0_LAG10,0,10,2,4,unrelated,unrelated,0,0.9951893036334801,0.9952242519143131,0.9957250356674194,
NA0_LAG10_012,NA0_LAG10,0,10,2,5,unrelated,root,0,0.5749817388907739,0.004029067567211991,0.7972138524055481,
NA0_LAG10_012,NA0_LAG10,0,10,2,6,unrelated,unrelated,0,0.9954311010619015,0.9954993958430399,0.9880871772766113,
NA0_LAG10_012,NA0_LAG10,0,10,3,4,unrelated,unrelated,0,0.9949929181227471,0.9949430370697635,0.9920445680618286,
NA0_LAG10_012,NA0_LAG10,0,10,3,5,unrelated,root,0,0.5695075790392,0.014255457251873905,0.7952104806900024,
NA0_LAG10_012,NA0_LAG10,0,10,3,6,unrelated,unrelated,0,0.9958549366072637,0.9956391510850864,0.9833211898803711,
NA0_LAG10_012,NA0_LAG10,0,10,4,5,unrelated,root,0,0.5744576839189558,0.001710218752944204,0.80251544713974,
NA0_LAG10_012,NA0_LAG10,0,10,4,6,unrelated,unrelated,0,0.9942949026851476,0.9940343769728919,0.9948158860206604,
NA0_LAG10_012,NA0_LAG10,0,10,5,6,root,unrelated,0,0.5677140360673918,0.013596895563617017,0.7816939353942871,
NA0_LAG10_013,NA0_LAG10,0,10,1,2,root,unrelated,0,0.4182099606534129,0.13396740227552462,0.9673526287078857,
NA0_LAG10_013,NA0_LAG10,0,10,1,3,root,unrelated,0,0.4192611730603661,0.13408888771986305,0.9552288055419922,
NA0_LAG10_013,NA0_LAG10,0,10,1,4,root,unrelated,0,0.4145856977438291,0.12728636461148135,0.9594647884368896,
NA0_LAG10_013,NA0_LAG10,0,10,1,5,root,unrelated,0,0.41653402176320364,0.13415970296386606,0.9561529755592346,
NA0_LAG10_013,NA0_LAG10,0,10,1,6,root,unrelated,0,0.4145666027028128,0.1277244173419085,0.9748753309249878,
NA0_LAG10_013,NA0_LAG10,0,10,2,3,unrelated,unrelated,0,0.9947358664575293,0.9958110926414507,0.9943950176239014,
NA0_LAG10_013,NA0_LAG10,0,10,2,4,unrelated,unrelated,0,0.9947441274439061,0.9955112317038425,0.9967879056930542,
NA0_LAG10_013,NA0_LAG10,0,10,2,5,unrelated,unrelated,0,0.9947407015298536,0.9956486682187625,0.9960366487503052,
NA0_LAG10_013,NA0_LAG10,0,10,2,6,unrelated,unrelated,0,0.9944711909877456,0.9954114432043852,0.9953582882881165,
NA0_LAG10_013,NA0_LAG10,0,10,3,4,unrelated,unrelated,0,0.9947845242136377,0.995032413926327,0.9906973838806152,
NA0_LAG10_013,NA0_LAG10,0,10,3,5,unrelated,unrelated,0,0.9946759083667828,0.9946168479359644,0.9985052943229675,
NA0_LAG10_013,NA0_LAG10,0,10,3,6,unrelated,unrelated,0,0.995210725038536,0.9953232274307504,0.9868795275688171,
NA0_LAG10_013,NA0_LAG10,0,10,4,5,unrelated,unrelated,0,0.9944816825617323,0.9945380860470003,0.9931812882423401,
NA0_LAG10_013,NA0_LAG10,0,10,4,6,unrelated,unrelated,0,0.99491403917818,0.9950652430184879,0.9957002401351929,
NA0_LAG10_013,NA0_LAG10,0,10,5,6,unrelated,unrelated,0,0.9953196160488303,0.9954124322061779,0.9893137216567993,
NA0_LAG10_014,NA0_LAG10,0,10,1,2,unrelated,unrelated,0,0.9951067292124584,0.9951235700789117,0.9959039688110352,
NA0_LAG10_014,NA0_LAG10,0,10,1,3,unrelated,unrelated,0,0.9945393806242239,0.994757472253625,0.9975425004959106,
NA0_LAG10_014,NA0_LAG10,0,10,1,4,unrelated,root,0,0.32917235344266715,0.9948279801197171,0.7921645045280457,
NA0_LAG10_014,NA0_LAG10,0,10,1,5,unrelated,unrelated,0,0.9944701477405697,0.9950395359048457,0.9967555403709412,
NA0_LAG10_014,NA0_LAG10,0,10,1,6,unrelated,unrelated,0,0.994865687104676,0.9946539631856862,0.9927591681480408,
NA0_LAG10_014,NA0_LAG10,0,10,2,3,unrelated,unrelated,0,0.9951856095506713,0.9948873052934079,0.9930090308189392,
NA0_LAG10_014,NA0_LAG10,0,10,2,4,unrelated,root,0,0.33746389978567415,0.9964764699957204,0.8031264543533325,
NA0_LAG10_014,NA0_LAG10,0,10,2,5,unrelated,unrelated,0,0.9952685098465202,0.9953937148261457,0.9913496971130371,
NA0_LAG10_014,NA0_LAG10,0,10,2,6,unrelated,unrelated,0,0.995217494660568,0.9952600983807005,0.987187922000885,
NA0_LAG10_014,NA0_LAG10,0,10,3,4,unrelated,root,0,0.332340882118892,0.9948078169787423,0.7991570830345154,
NA0_LAG10_014,NA0_LAG10,0,10,3,5,unrelated,unrelated,0,0.9951816620779289,0.9952224873236392,0.9989209175109863,
NA0_LAG10_014,NA0_LAG10,0,10,3,6,unrelated,unrelated,0,0.9943032485283706,0.9943765740858803,0.9953144192695618,
NA0_LAG10_014,NA0_LAG10,0,10,4,5,root,unrelated,0,0.3332655471016111,0.9958030340939003,0.7982828617095947,
NA0_LAG10_014,NA0_LAG10,0,10,4,6,root,unrelated,0,0.3314366253303061,0.9955669240928371,0.7812622785568237,
NA0_LAG10_014,NA0_LAG10,0,10,5,6,unrelated,unrelated,0,0.995328193549653,0.9958572155086146,0.9952356219291687,
NA0_LAG10_015,NA0_LAG10,0,10,1,2,unrelated,unrelated,0,0.9949127229293236,0.9945779479323016,0.9855579137802124,
NA0_LAG10_015,NA0_LAG10,0,10,1,3,unrelated,unrelated,0,0.9953451165297065,0.994920412202925,0.9914112687110901,
NA0_LAG10_015,NA0_LAG10,0,10,1,4,unrelated,root,0,0.5647094563448524,0.09479406797681449,0.7526880502700806,
NA0_LAG10_015,NA0_LAG10,0,10,1,5,unrelated,unrelated,0,0.9955172184784014,0.9952847047355724,0.9770132899284363,
NA0_LAG10_015,NA0_LAG10,0,10,1,6,unrelated,unrelated,0,0.9953592239330931,0.9951016469223045,0.9911564588546753,
NA0_LAG10_015,NA0_LAG10,0,10,2,3,unrelated,unrelated,0,0.9958110726124532,0.9960351157389401,0.9925962090492249,
NA0_LAG10_015,NA0_LAG10,0,10,2,4,unrelated,root,0,0.5583867271378394,0.10070166744004785,0.779525876045227,
NA0_LAG10_015,NA0_LAG10,0,10,2,5,unrelated,unrelated,0,0.9952290758938375,0.9949453792929029,0.992771565914154,
NA0_LAG10_015,NA0_LAG10,0,10,2,6,unrelated,unrelated,0,0.995240430606499,0.9952057456252096,0.9970278143882751,
NA0_LAG10_015,NA0_LAG10,0,10,3,4,unrelated,root,0,0.561391101879212,0.09999777334230855,0.7769055366516113,
NA0_LAG10_015,NA0_LAG10,0,10,3,5,unrelated,unrelated,0,0.995517233955118,0.9953123679641342,0.9838273525238037,
NA0_LAG10_015,NA0_LAG10,0,10,3,6,unrelated,unrelated,0,0.9954154189608175,0.9952823014596608,0.9940552115440369,
NA0_LAG10_015,NA0_LAG10,0,10,4,5,root,unrelated,0,0.5655351883488857,0.10034433168839718,0.781948983669281,
NA0_LAG10_015,NA0_LAG10,0,10,4,6,root,unrelated,0,0.5681225678514533,0.0935462374135799,0.7723293900489807,
NA0_LAG10_015,NA0_LAG10,0,10,5,6,unrelated,unrelated,0,0.9951348208132597,0.9948614886458081,0.9925101399421692,
NA0_LAG10_016,NA0_LAG10,0,10,1,2,unrelated,unrelated,0,0.9947354865310951,0.9955694556411667,0.9915704727172852,
NA0_LAG10_016,NA0_LAG10,0,10,1,3,unrelated,unrelated,0,0.9946780558803361,0.9945831831328462,0.9807853698730469,
NA0_LAG10_016,NA0_LAG10,0,10,1,4,unrelated,root,0,0.5685848414213295,0.07306506810919275,0.8003362417221069,
NA0_LAG10_016,NA0_LAG10,0,10,1,5,unrelated,unrelated,0,0.9946909593240848,0.9943720963678772,0.9903185963630676,
NA0_LAG10_016,NA0_LAG10,0,10,1,6,unrelated,unrelated,0,0.9946325634187512,0.9944763717148979,0.9779728055000305,
NA0_LAG10_016,NA0_LAG10,0,10,2,3,unrelated,unrelated,0,0.9947408337832302,0.9948293360035433,0.9950805306434631,
NA0_LAG10_016,NA0_LAG10,0,10,2,4,unrelated,root,0,0.5613097040961642,0.060951481475509744,0.8172668218612671,
NA0_LAG10_016,NA0_LAG10,0,10,2,5,unrelated,unrelated,0,0.9949438739765583,0.9953506055060283,0.9962143301963806,
NA0_LAG10_016,NA0_LAG10,0,10,2,6,unrelated,unrelated,0,0.9946574071424968,0.9949882397809903,0.9892603158950806,
NA0_LAG10_016,NA0_LAG10,0,10,3,4,unrelated,root,0,0.5629835852735715,0.0680890865744293,0.8189143538475037,
NA0_LAG10_016,NA0_LAG10,0,10,3,5,unrelated,unrelated,0,0.9946623439679632,0.994212224506002,0.9911589622497559,
NA0_LAG10_016,NA0_LAG10,0,10,3,6,unrelated,unrelated,0,0.9941128592953942,0.9937416069707163,0.9940290451049805,
NA0_LAG10_016,NA0_LAG10,0,10,4,5,root,unrelated,0,0.5660214962508359,0.0677312281726149,0.8124141693115234,
NA0_LAG10_016,NA0_LAG10,0,10,4,6,root,unrelated,0,0.5609449476501913,0.07627788865673141,0.8332309722900391,
NA0_LAG10_016,NA0_LAG10,0,10,5,6,unrelated,unrelated,0,0.9950569928839785,0.9952011001481342,0.9830385446548462,
NA0_LAG10_017,NA0_LAG10,0,10,1,2,unrelated,unrelated,0,0.9951792535619144,0.9943378252277525,0.9874845147132874,
NA0_LAG10_017,NA0_LAG10,0,10,1,3,unrelated,unrelated,0,0.9953935877903832,0.9951382203587467,0.9925609827041626,
NA0_LAG10_017,NA0_LAG10,0,10,1,4,unrelated,unrelated,0,0.9947298164178857,0.9947653971615247,0.9921706914901733,
NA0_LAG10_017,NA0_LAG10,0,10,1,5,unrelated,unrelated,0,0.9950349929087917,0.994845571709629,0.9898486733436584,
NA0_LAG10_017,NA0_LAG10,0,10,1,6,unrelated,root,0,0.9366869370529898,0.9065016529607343,0.990200936794281,
NA0_LAG10_017,NA0_LAG10,0,10,2,3,unrelated,unrelated,0,0.9947465545766379,0.9944447594156282,0.9945719838142395,
NA0_LAG10_017,NA0_LAG10,0,10,2,4,unrelated,unrelated,0,0.994729684866568,0.9948788424943726,0.995528519153595,
NA0_LAG10_017,NA0_LAG10,0,10,2,5,unrelated,unrelated,0,0.9942997835001002,0.9941906900459694,0.9964309930801392,
NA0_LAG10_017,NA0_LAG10,0,10,2,6,unrelated,root,0,0.9378821504141684,0.9088241957953386,0.992893397808075,
NA0_LAG10_017,NA0_LAG10,0,10,3,4,unrelated,unrelated,0,0.9946040489982244,0.9946652990122581,0.9966377019882202,
NA0_LAG10_017,NA0_LAG10,0,10,3,5,unrelated,unrelated,0,0.9952152216181595,0.9952511320950101,0.9907280802726746,
NA0_LAG10_017,NA0_LAG10,0,10,3,6,unrelated,root,0,0.9352686008310449,0.904528576422285,0.9867056608200073,
NA0_LAG10_017,NA0_LAG10,0,10,4,5,unrelated,unrelated,0,0.9947773670407046,0.9949159818695955,0.9920077919960022,
NA0_LAG10_017,NA0_LAG10,0,10,4,6,unrelated,root,0,0.9355504925399439,0.905865259510173,0.9897573590278625,
NA0_LAG10_017,NA0_LAG10,0,10,5,6,unrelated,root,0,0.9367523446042215,0.9072400217693551,0.9972983598709106,
NA0_LAG10_018,NA0_LAG10,0,10,1,2,unrelated,unrelated,0,0.9948054203528505,0.9945299459832033,0.9967411756515503,
NA0_LAG10_018,NA0_LAG10,0,10,1,3,unrelated,unrelated,0,0.9953365038160037,0.9953392327957498,0.9916895627975464,
NA0_LAG10_018,NA0_LAG10,0,10,1,4,unrelated,unrelated,0,0.9953230697096498,0.9951068538988093,0.9974294900894165,
NA0_LAG10_018,NA0_LAG10,0,10,1,5,unrelated,unrelated,0,0.9952897524991248,0.9953252864998571,0.9959423542022705,
NA0_LAG10_018,NA0_LAG10,0,10,1,6,unrelated,root,0,0.34717611266110154,0.9945488310676268,0.7995591759681702,
NA0_LAG10_018,NA0_LAG10,0,10,2,3,unrelated,unrelated,0,0.9953164579371029,0.9954361899651812,0.9942288994789124,
NA0_LAG10_018,NA0_LAG10,0,10,2,4,unrelated,unrelated,0,0.9954858264618711,0.9956130301370604,0.9946606159210205,
NA0_LAG10_018,NA0_LAG10,0,10,2,5,unrelated,unrelated,0,0.9956657822706552,0.9957018343249573,0.9948319792747498,
NA0_LAG10_018,NA0_LAG10,0,10,2,6,unrelated,root,0,0.33907529784085727,0.9948707081063342,0.793967604637146,
NA0_LAG10_018,NA0_LAG10,0,10,3,4,unrelated,unrelated,0,0.9950804838914734,0.9955153759967474,0.9915193319320679,
NA0_LAG10_018,NA0_LAG10,0,10,3,5,unrelated,unrelated,0,0.995097586583714,0.9951813195487819,0.984619140625,
NA0_LAG10_018,NA0_LAG10,0,10,3,6,unrelated,root,0,0.34061694845206814,0.9946999460188547,0.7738690376281738,
NA0_LAG10_018,NA0_LAG10,0,10,4,5,unrelated,unrelated,0,0.9952856995194744,0.9951077054822076,0.991669774055481,
NA0_LAG10_018,NA0_LAG10,0,10,4,6,unrelated,root,0,0.33652470952573216,0.9948177863139597,0.7989038228988647,
NA0_LAG10_018,NA0_LAG10,0,10,5,6,unrelated,root,0,0.33592454497650037,0.9949241931937847,0.7894245982170105,
NA0_LAG10_019,NA0_LAG10,0,10,1,2,unrelated,unrelated,0,0.9948637734900816,0.9949575835286012,0.9918168187141418,
NA0_LAG10_019,NA0_LAG10,0,10,1,3,unrelated,root,0,0.5785746832308903,0.028425666932370596,0.853300929069519,
NA0_LAG10_019,NA0_LAG10,0,10,1,4,unrelated,unrelated,0,0.9951644836492034,0.9950595891716992,0.996863842010498,
NA0_LAG10_019,NA0_LAG10,0,10,1,5,unrelated,unrelated,0,0.9948075078473176,0.9948050076209334,0.9921473860740662,
NA0_LAG10_019,NA0_LAG10,0,10,1,6,unrelated,unrelated,0,0.9946227330718519,0.9944627322196312,0.9809174537658691,
NA0_LAG10_019,NA0_LAG10,0,10,2,3,unrelated,root,0,0.5782896400330358,0.021412637314181488,0.8779704570770264,
NA0_LAG10_019,NA0_LAG10,0,10,2,4,unrelated,unrelated,0,0.9952354234745696,0.9954988972828757,0.9969242215156555,
NA0_LAG10_019,NA0_LAG10,0,10,2,5,unrelated,unrelated,0,0.9943330710551374,0.9944465422142683,0.997974157333374,
NA0_LAG10_019,NA0_LAG10,0,10,2,6,unrelated,unrelated,0,0.9948320935695605,0.9948216141807109,0.9757355451583862,
NA0_LAG10_019,NA0_LAG10,0,10,3,4,root,unrelated,0,0.5727365163595759,0.026280021845018143,0.8663357496261597,
NA0_LAG10_019,NA0_LAG10,0,10,3,5,root,unrelated,0,0.5761329310743635,0.04252226131747259,0.8816127181053162,
NA0_LAG10_019,NA0_LAG10,0,10,3,6,root,unrelated,0,0.5703421767734423,0.026443777849409246,0.8029423952102661,
NA0_LAG10_019,NA0_LAG10,0,10,4,5,unrelated,unrelated,0,0.9953006823091717,0.9955802355018729,0.9964646697044373,
NA0_LAG10_019,NA0_LAG10,0,10,4,6,unrelated,unrelated,0,0.9954986839831218,0.9954540924779477,0.9794260859489441,
NA0_LAG10_019,NA0_LAG10,0,10,5,6,unrelated,unrelated,0,0.9944180986886753,0.9941400368527954,0.9742134213447571,
NA0_LAG10_020,NA0_LAG10,0,10,1,2,unrelated,unrelated,0,0.9950085253588559,0.9948787407448355,0.9981781244277954,
NA0_LAG10_020,NA0_LAG10,0,10,1,3,unrelated,unrelated,0,0.9955049801404192,0.9955746839385775,0.9931620359420776,
NA0_LAG10_020,NA0_LAG10,0,10,1,4,unrelated,unrelated,0,0.9946643428314751,0.994860461568764,0.9918529391288757,
NA0_LAG10_020,NA0_LAG10,0,10,1,5,unrelated,unrelated,0,0.994388444098036,0.9942442880713749,0.9941293597221375,
NA0_LAG10_020,NA0_LAG10,0,10,1,6,unrelated,root,0,0.3368409548198622,0.9946890313125928,0.7808549404144287,
NA0_LAG10_020,NA0_LAG10,0,10,2,3,unrelated,unrelated,0,0.9956379044741795,0.9954197117466643,0.9921190738677979,
NA0_LAG10_020,NA0_LAG10,0,10,2,4,unrelated,unrelated,0,0.9951003546798569,0.9950717626215125,0.9944406747817993,
NA0_LAG10_020,NA0_LAG10,0,10,2,5,unrelated,unrelated,0,0.9951659646343686,0.9949368310650151,0.9936832785606384,
NA0_LAG10_020,NA0_LAG10,0,10,2,6,unrelated,root,0,0.3384447228459225,0.9948379519471529,0.7790321111679077,
NA0_LAG10_020,NA0_LAG10,0,10,3,4,unrelated,unrelated,0,0.995347941283605,0.9953606976606253,0.9839974641799927,
NA0_LAG10_020,NA0_LAG10,0,10,3,5,unrelated,unrelated,0,0.9944252253958253,0.9941972905559847,0.9965046048164368,
NA0_LAG10_020,NA0_LAG10,0,10,3,6,unrelated,root,0,0.33033146398440516,0.9953923825025811,0.7859162092208862,
NA0_LAG10_020,NA0_LAG10,0,10,4,5,unrelated,unrelated,0,0.9951821122367894,0.9950828754335687,0.9917933344841003,
NA0_LAG10_020,NA0_LAG10,0,10,4,6,unrelated,root,0,0.33424934582137167,0.9948732061586124,0.7813272476196289,
NA0_LAG10_020,NA0_LAG10,0,10,5,6,unrelated,root,0,0.33309803570414115,0.9949938353589226,0.7894948720932007,
NA0_LAG10_021,NA0_LAG10,0,10,1,2,unrelated,root,0,0.5631055360786703,0.01956899338201513,0.777199923992157,
NA0_LAG10_021,NA0_LAG10,0,10,1,3,unrelated,unrelated,0,0.9946733748551633,0.9955397634838471,0.989798367023468,
NA0_LAG10_021,NA0_LAG10,0,10,1,4,unrelated,unrelated,0,0.9958503524557435,0.9956474830106009,0.9941981434822083,
NA0_LAG10_021,NA0_LAG10,0,10,1,5,unrelated,unrelated,0,0.9942782272273343,0.9944853305514856,0.9887396097183228,
NA0_LAG10_021,NA0_LAG10,0,10,1,6,unrelated,unrelated,0,0.9952344937566611,0.9954436660257941,0.9837092161178589,
NA0_LAG10_021,NA0_LAG10,0,10,2,3,root,unrelated,0,0.5700583005261203,0.008097321406621382,0.7893775701522827,
NA0_LAG10_021,NA0_LAG10,0,10,2,4,root,unrelated,0,0.5724369244817031,0.01174035873414642,0.7866915464401245,
NA0_LAG10_021,NA0_LAG10,0,10,2,5,root,unrelated,0,0.5730104414208186,0.015336319477269671,0.7945849895477295,
NA0_LAG10_021,NA0_LAG10,0,10,2,6,root,unrelated,0,0.568011461507044,0.014037861019717716,0.7988572120666504,
NA0_LAG10_021,NA0_LAG10,0,10,3,4,unrelated,unrelated,0,0.9947766006735672,0.9954074991272717,0.9958723783493042,
NA0_LAG10_021,NA0_LAG10,0,10,3,5,unrelated,unrelated,0,0.9945022260858964,0.9952210053787452,0.9945758581161499,
NA0_LAG10_021,NA0_LAG10,0,10,3,6,unrelated,unrelated,0,0.9948739093434871,0.9949200587846035,0.9946005940437317,
NA0_LAG10_021,NA0_LAG10,0,10,4,5,unrelated,unrelated,0,0.9949840498027581,0.9955591935697181,0.9923592209815979,
NA0_LAG10_021,NA0_LAG10,0,10,4,6,unrelated,unrelated,0,0.9953906538563284,0.9953096391998106,0.9918902516365051,
NA0_LAG10_021,NA0_LAG10,0,10,5,6,unrelated,unrelated,0,0.9948938952318641,0.995186901076752,0.9959432482719421,
NA0_LAG10_022,NA0_LAG10,0,10,1,2,unrelated,unrelated,0,0.9952250602491529,0.9953857725541659,0.9907681941986084,
NA0_LAG10_022,NA0_LAG10,0,10,1,3,unrelated,unrelated,0,0.9951873408088098,0.9951863438646564,0.9884651303291321,
NA0_LAG10_022,NA0_LAG10,0,10,1,4,unrelated,unrelated,0,0.995343882531139,0.9948096238914148,0.9866266846656799,
NA0_LAG10_022,NA0_LAG10,0,10,1,5,unrelated,unrelated,0,0.9952848182718311,0.9954998575363143,0.9910184741020203,
NA0_LAG10_022,NA0_LAG10,0,10,1,6,unrelated,root,0,0.9613684804631752,0.9972376753223156,0.9757291078567505,
NA0_LAG10_022,NA0_LAG10,0,10,2,3,unrelated,unrelated,0,0.9940407643144613,0.9944254542489938,0.9968849420547485,
NA0_LAG10_022,NA0_LAG10,0,10,2,4,unrelated,unrelated,0,0.9949557905540517,0.9949123216866869,0.9963141083717346,
NA0_LAG10_022,NA0_LAG10,0,10,2,5,unrelated,unrelated,0,0.994835081888628,0.9952430152174047,0.9914554357528687,
NA0_LAG10_022,NA0_LAG10,0,10,2,6,unrelated,root,0,0.9601597393928707,0.9969632352768685,0.9880472421646118,
NA0_LAG10_022,NA0_LAG10,0,10,3,4,unrelated,unrelated,0,0.9946330402564395,0.9941067519367045,0.9971468448638916,
NA0_LAG10_022,NA0_LAG10,0,10,3,5,unrelated,unrelated,0,0.9949253347644734,0.9951002155615034,0.9946309328079224,
NA0_LAG10_022,NA0_LAG10,0,10,3,6,unrelated,root,0,0.9618604927805332,0.9968708144688541,0.9878538846969604,
NA0_LAG10_022,NA0_LAG10,0,10,4,5,unrelated,unrelated,0,0.9951323234859284,0.9951961812703065,0.9950329661369324,
NA0_LAG10_022,NA0_LAG10,0,10,4,6,unrelated,root,0,0.9610368641778283,0.9961148949123905,0.9915657043457031,
NA0_LAG10_022,NA0_LAG10,0,10,5,6,unrelated,root,0,0.9595493471732288,0.9968884822560828,0.9873208999633789,
NA0_LAG10_023,NA0_LAG10,0,10,1,2,unrelated,root,0,0.5766835771294982,0.028364965263396942,0.8056490421295166,
NA0_LAG10_023,NA0_LAG10,0,10,1,3,unrelated,unrelated,0,0.9957718442216106,0.9958288643924532,0.9947065114974976,
NA0_LAG10_023,NA0_LAG10,0,10,1,4,unrelated,unrelated,0,0.994739046731969,0.994722419441282,0.995658814907074,
NA0_LAG10_023,NA0_LAG10,0,10,1,5,unrelated,unrelated,0,0.9949025218631367,0.9950551475995209,0.9711046814918518,
NA0_LAG10_023,NA0_LAG10,0,10,1,6,unrelated,unrelated,0,0.9947131527798793,0.9949467228518408,0.9843093752861023,
NA0_LAG10_023,NA0_LAG10,0,10,2,3,root,unrelated,0,0.574777263937749,0.02844595682658758,0.8141211867332458,
NA0_LAG10_023,NA0_LAG10,0,10,2,4,root,unrelated,0,0.5746235527677311,0.03343847524475493,0.8061947226524353,
NA0_LAG10_023,NA0_LAG10,0,10,2,5,root,unrelated,0,0.5735072063756056,0.033708397727523556,0.7922400832176208,
NA0_LAG10_023,NA0_LAG10,0,10,2,6,root,unrelated,0,0.5704602795949679,0.04168916180700005,0.8148798942565918,
NA0_LAG10_023,NA0_LAG10,0,10,3,4,unrelated,unrelated,0,0.9952767103237404,0.9952024937733839,0.9922070503234863,
NA0_LAG10_023,NA0_LAG10,0,10,3,5,unrelated,unrelated,0,0.9949902773907523,0.9953520066427651,0.9570767283439636,
NA0_LAG10_023,NA0_LAG10,0,10,3,6,unrelated,unrelated,0,0.9952736385812011,0.9956009132206032,0.9790059924125671,
NA0_LAG10_023,NA0_LAG10,0,10,4,5,unrelated,unrelated,0,0.994733804977713,0.9949167678796615,0.9813740253448486,
NA0_LAG10_023,NA0_LAG10,0,10,4,6,unrelated,unrelated,0,0.9956651735488298,0.9958181526773217,0.9922710061073303,
NA0_LAG10_023,NA0_LAG10,0,10,5,6,unrelated,unrelated,0,0.9949230650649261,0.9951116469397836,0.9928382039070129,
NA0_LAG10_024,NA0_LAG10,0,10,1,2,unrelated,unrelated,0,0.9954391093973542,0.9954029535066958,0.9910523891448975,
NA0_LAG10_024,NA0_LAG10,0,10,1,3,unrelated,unrelated,0,0.9954985994438348,0.9954650882423116,0.9933632016181946,
NA0_LAG10_024,NA0_LAG10,0,10,1,4,unrelated,root,0,0.5759824899965633,0.08465605548183594,0.8677123188972473,
NA0_LAG10_024,NA0_LAG10,0,10,1,5,unrelated,unrelated,0,0.9957884250521287,0.9959120359369678,0.9966111183166504,
NA0_LAG10_024,NA0_LAG10,0,10,1,6,unrelated,unrelated,0,0.9954727718505118,0.9954660378621386,0.9963884949684143,
NA0_LAG10_024,NA0_LAG10,0,10,2,3,unrelated,unrelated,0,0.9952773489688862,0.9952588750523854,0.9755743145942688,
NA0_LAG10_024,NA0_LAG10,0,10,2,4,unrelated,root,0,0.578856322590566,0.08022348675807178,0.8315210342407227,
NA0_LAG10_024,NA0_LAG10,0,10,2,5,unrelated,unrelated,0,0.995630446392937,0.995681648052921,0.9881781935691833,
NA0_LAG10_024,NA0_LAG10,0,10,2,6,unrelated,unrelated,0,0.9955892693777916,0.9955181149155686,0.9940341114997864,
NA0_LAG10_024,NA0_LAG10,0,10,3,4,unrelated,root,0,0.577360606642005,0.09092908354656211,0.8934585452079773,
NA0_LAG10_024,NA0_LAG10,0,10,3,5,unrelated,unrelated,0,0.9957469439335593,0.9956654544801806,0.9934355616569519,
NA0_LAG10_024,NA0_LAG10,0,10,3,6,unrelated,unrelated,0,0.9951479396772978,0.9953188197905913,0.9853833317756653,
NA0_LAG10_024,NA0_LAG10,0,10,4,5,root,unrelated,0,0.5814625807771164,0.08573994733631733,0.8767776489257812,
NA0_LAG10_024,NA0_LAG10,0,10,4,6,root,unrelated,0,0.5785691720464585,0.081388096623068,0.8515505194664001,
NA0_LAG10_024,NA0_LAG10,0,10,5,6,unrelated,unrelated,0,0.9953709086753428,0.9952390867074222,0.9957613945007324,
NA0_LAG10_025,NA0_LAG10,0,10,1,2,unrelated,unrelated,0,0.9956384245587993,0.9957457113025486,0.9968555569648743,
NA0_LAG10_025,NA0_LAG10,0,10,1,3,unrelated,unrelated,0,0.9954184683130598,0.9953916908645419,0.9984415769577026,
NA0_LAG10_025,NA0_LAG10,0,10,1,4,unrelated,unrelated,0,0.9957090071537518,0.9956454750331982,0.9948397278785706,
NA0_LAG10_025,NA0_LAG10,0,10,1,5,unrelated,root,0,0.9506124187104651,0.9276367336829836,0.9897522926330566,
NA0_LAG10_025,NA0_LAG10,0,10,1,6,unrelated,unrelated,0,0.9949672184438316,0.9954292272768372,0.9974064826965332,
NA0_LAG10_025,NA0_LAG10,0,10,2,3,unrelated,unrelated,0,0.9951379140340634,0.994939606872674,0.9947323799133301,
NA0_LAG10_025,NA0_LAG10,0,10,2,4,unrelated,unrelated,0,0.9957561930226733,0.9954283547372705,0.9979560375213623,
NA0_LAG10_025,NA0_LAG10,0,10,2,5,unrelated,root,0,0.9491747670375165,0.9257388754578284,0.992723822593689,
NA0_LAG10_025,NA0_LAG10,0,10,2,6,unrelated,unrelated,0,0.9952580695578663,0.9953441989153242,0.9980824589729309,
NA0_LAG10_025,NA0_LAG10,0,10,3,4,unrelated,unrelated,0,0.9947229541717507,0.9944218502588354,0.9917348623275757,
NA0_LAG10_025,NA0_LAG10,0,10,3,5,unrelated,root,0,0.9472454397492208,0.922717422031945,0.9857971668243408,
NA0_LAG10_025,NA0_LAG10,0,10,3,6,unrelated,unrelated,0,0.9946576284868103,0.9946149693345732,0.9972160458564758,
NA0_LAG10_025,NA0_LAG10,0,10,4,5,unrelated,root,0,0.9490425522992885,0.9252614781668755,0.9951998591423035,
NA0_LAG10_025,NA0_LAG10,0,10,4,6,unrelated,unrelated,0,0.9955463033798853,0.995587305917228,0.9954549074172974,
NA0_LAG10_025,NA0_LAG10,0,10,5,6,root,unrelated,0,0.9498044376081811,0.9267351770851219,0.9886139035224915,
NA0_LAG10_026,NA0_LAG10,0,10,1,2,unrelated,unrelated,0,0.9949278368029523,0.9943200921514489,0.9915590882301331,
NA0_LAG10_026,NA0_LAG10,0,10,1,3,unrelated,unrelated,0,0.9950324393706694,0.9946380437325189,0.9938926100730896,
NA0_LAG10_026,NA0_LAG10,0,10,1,4,unrelated,root,0,0.9600032490224504,0.9965536459465097,0.982490062713623,
NA0_LAG10_026,NA0_LAG10,0,10,1,5,unrelated,unrelated,0,0.9949079634563072,0.9945103840803929,0.9824846386909485,
NA0_LAG10_026,NA0_LAG10,0,10,1,6,unrelated,unrelated,0,0.9954838612598219,0.9946414315781336,0.9712377786636353,
NA0_LAG10_026,NA0_LAG10,0,10,2,3,unrelated,unrelated,0,0.9949902127160332,0.9945655964806998,0.9907404184341431,
NA0_LAG10_026,NA0_LAG10,0,10,2,4,unrelated,root,0,0.959234790289411,0.9967724302851814,0.9802566766738892,
NA0_LAG10_026,NA0_LAG10,0,10,2,5,unrelated,unrelated,0,0.9955706192399475,0.9954764927956742,0.9944785833358765,
NA0_LAG10_026,NA0_LAG10,0,10,2,6,unrelated,unrelated,0,0.9952543971740784,0.9945235677488554,0.9865539073944092,
NA0_LAG10_026,NA0_LAG10,0,10,3,4,unrelated,root,0,0.9597301825109925,0.9962078252477464,0.9931227564811707,
NA0_LAG10_026,NA0_LAG10,0,10,3,5,unrelated,unrelated,0,0.9947897358879263,0.9941238407515081,0.9847254157066345,
NA0_LAG10_026,NA0_LAG10,0,10,3,6,unrelated,unrelated,0,0.9952563794982606,0.9947895548737782,0.9772289991378784,
NA0_LAG10_026,NA0_LAG10,0,10,4,5,root,unrelated,0,0.9598036013130201,0.9965868257563165,0.9804115295410156,
NA0_LAG10_026,NA0_LAG10,0,10,4,6,root,unrelated,0,0.9607140949773731,0.9969338325548713,0.9812519550323486,
NA0_LAG10_026,NA0_LAG10,0,10,5,6,unrelated,unrelated,0,0.9952180205027932,0.9949458327529158,0.9948582053184509,
NA0_LAG10_027,NA0_LAG10,0,10,1,2,unrelated,unrelated,0,0.9950614258423836,0.9957014235416591,0.977677583694458,
NA0_LAG10_027,NA0_LAG10,0,10,1,3,unrelated,unrelated,0,0.9947013184496247,0.9950811270126,0.9980344176292419,
NA0_LAG10_027,NA0_LAG10,0,10,1,4,unrelated,root,0,0.9577457249899101,0.997007995025055,0.9834873676300049,
NA0_LAG10_027,NA0_LAG10,0,10,1,5,unrelated,unrelated,0,0.9951526581465662,0.9955531950732772,0.9952197074890137,
NA0_LAG10_027,NA0_LAG10,0,10,1,6,unrelated,unrelated,0,0.9951609133026211,0.9952991271728793,0.9849220514297485,
NA0_LAG10_027,NA0_LAG10,0,10,2,3,unrelated,unrelated,0,0.9946867408817941,0.9947161737254703,0.971696138381958,
NA0_LAG10_027,NA0_LAG10,0,10,2,4,unrelated,root,0,0.9584436717466969,0.9971588241584324,0.9847688674926758,
NA0_LAG10_027,NA0_LAG10,0,10,2,5,unrelated,unrelated,0,0.9955057188462086,0.9960256669464028,0.9857082962989807,
NA0_LAG10_027,NA0_LAG10,0,10,2,6,unrelated,unrelated,0,0.9954328839666121,0.9958354348490995,0.9966278672218323,
NA0_LAG10_027,NA0_LAG10,0,10,3,4,unrelated,root,0,0.9574652709939108,0.9969658535375678,0.9815954566001892,
NA0_LAG10_027,NA0_LAG10,0,10,3,5,unrelated,unrelated,0,0.994992443636649,0.9947950706195928,0.9942675232887268,
NA0_LAG10_027,NA0_LAG10,0,10,3,6,unrelated,unrelated,0,0.99489118110273,0.9948970416632752,0.9803899526596069,
NA0_LAG10_027,NA0_LAG10,0,10,4,5,root,unrelated,0,0.9604466684656567,0.9970191525464726,0.9920670390129089,
NA0_LAG10_027,NA0_LAG10,0,10,4,6,root,unrelated,0,0.9608842571848065,0.9970573450628254,0.984756350517273,
NA0_LAG10_027,NA0_LAG10,0,10,5,6,unrelated,unrelated,0,0.9951585766100005,0.9949918937650553,0.9906249642372131,
NA0_LAG10_028,NA0_LAG10,0,10,1,2,unrelated,unrelated,0,0.9953324515726183,0.9953047620512816,0.9929705262184143,
NA0_LAG10_028,NA0_LAG10,0,10,1,3,unrelated,unrelated,0,0.9950882407759263,0.9949546861118753,0.9859727621078491,
NA0_LAG10_028,NA0_LAG10,0,10,1,4,unrelated,root,0,0.9312660189780176,0.8990315489311681,0.9913713335990906,
NA0_LAG10_028,NA0_LAG10,0,10,1,5,unrelated,unrelated,0,0.9947827045786977,0.994990481788024,0.9980587959289551,
NA0_LAG10_028,NA0_LAG10,0,10,1,6,unrelated,unrelated,0,0.994931362005921,0.995015758497584,0.9925523400306702,
NA0_LAG10_028,NA0_LAG10,0,10,2,3,unrelated,unrelated,0,0.9946389776191338,0.9947966018706687,0.9867420196533203,
NA0_LAG10_028,NA0_LAG10,0,10,2,4,unrelated,root,0,0.9321175356102261,0.900538599833457,0.9886756539344788,
NA0_LAG10_028,NA0_LAG10,0,10,2,5,unrelated,unrelated,0,0.9946942692043491,0.9945330812540779,0.993520975112915,
NA0_LAG10_028,NA0_LAG10,0,10,2,6,unrelated,unrelated,0,0.9946289493929934,0.994516450928207,0.9954780340194702,
NA0_LAG10_028,NA0_LAG10,0,10,3,4,unrelated,root,0,0.9307302327555336,0.8981929183626718,0.9941893219947815,
NA0_LAG10_028,NA0_LAG10,0,10,3,5,unrelated,unrelated,0,0.9948135065795759,0.9949155604438205,0.991110622882843,
NA0_LAG10_028,NA0_LAG10,0,10,3,6,unrelated,unrelated,0,0.9953142643714704,0.9953250745580113,0.99579918384552,
NA0_LAG10_028,NA0_LAG10,0,10,4,5,root,unrelated,0,0.9326724215641247,0.9014007830015279,0.9944411516189575,
NA0_LAG10_028,NA0_LAG10,0,10,4,6,root,unrelated,0,0.932170324233468,0.900841458335917,0.994613766670227,
NA0_LAG10_028,NA0_LAG10,0,10,5,6,unrelated,unrelated,0,0.9949650148979267,0.9949854188796278,0.9953014254570007,
NA0_LAG10_029,NA0_LAG10,0,10,1,2,unrelated,unrelated,0,0.9958118725055534,0.9959719643178493,0.9924885034561157,
NA0_LAG10_029,NA0_LAG10,0,10,1,3,unrelated,unrelated,0,0.9950094499763813,0.9948029599939069,0.9956861138343811,
NA0_LAG10_029,NA0_LAG10,0,10,1,4,unrelated,root,0,0.8863817017577832,0.8311443261371078,0.985055685043335,
NA0_LAG10_029,NA0_LAG10,0,10,1,5,unrelated,unrelated,0,0.9949947603461362,0.9948715027862366,0.9978994727134705,
NA0_LAG10_029,NA0_LAG10,0,10,1,6,unrelated,unrelated,0,0.9951385192418776,0.9955022537274238,0.9832132458686829,
NA0_LAG10_029,NA0_LAG10,0,10,2,3,unrelated,unrelated,0,0.9948991721783849,0.994936241978979,0.9945143461227417,
NA0_LAG10_029,NA0_LAG10,0,10,2,4,unrelated,root,0,0.8867974178720145,0.8312655744001909,0.9649049043655396,
NA0_LAG10_029,NA0_LAG10,0,10,2,5,unrelated,unrelated,0,0.9950575174712275,0.9943743264794389,0.9954931735992432,
NA0_LAG10_029,NA0_LAG10,0,10,2,6,unrelated,unrelated,0,0.9953687091960681,0.9955924533912123,0.9933579564094543,
NA0_LAG10_029,NA0_LAG10,0,10,3,4,unrelated,root,0,0.8808884290694112,0.8237104204764641,0.9738337397575378,
NA0_LAG10_029,NA0_LAG10,0,10,3,5,unrelated,unrelated,0,0.995041571103664,0.994664652493461,0.9980142116546631,
NA0_LAG10_029,NA0_LAG10,0,10,3,6,unrelated,unrelated,0,0.9953893509646121,0.9956207217276278,0.9896343946456909,
NA0_LAG10_029,NA0_LAG10,0,10,4,5,root,unrelated,0,0.886361337110477,0.8298279619628975,0.977542519569397,
NA0_LAG10_029,NA0_LAG10,0,10,4,6,root,unrelated,0,0.8842043726841226,0.8286741852717707,0.9539769291877747,
NA0_LAG10_029,NA0_LAG10,0,10,5,6,unrelated,unrelated,0,0.9951101705956791,0.9951689350913664,0.9881856441497803,
NA0_LAG50_000,NA0_LAG50,0,50,1,2,unrelated,unrelated,0,0.9951872021012963,0.9954901658373609,0.9960095882415771,
NA0_LAG50_000,NA0_LAG50,0,50,1,3,unrelated,root,0,0.9606502838146874,0.997353762170393,0.9793024659156799,
NA0_LAG50_000,NA0_LAG50,0,50,1,4,unrelated,unrelated,0,0.9949588180890985,0.9949783479695116,0.98504638671875,
NA0_LAG50_000,NA0_LAG50,0,50,1,5,unrelated,unrelated,0,0.9946754046891184,0.9945952050819328,0.9650402069091797,
NA0_LAG50_000,NA0_LAG50,0,50,1,6,unrelated,unrelated,0,0.9947723715022722,0.994887817440546,0.9893550276756287,
NA0_LAG50_000,NA0_LAG50,0,50,2,3,unrelated,root,0,0.9592866282177609,0.9967431541815287,0.979103684425354,
NA0_LAG50_000,NA0_LAG50,0,50,2,4,unrelated,unrelated,0,0.9953287827896963,0.9948723429021763,0.9848840236663818,
NA0_LAG50_000,NA0_LAG50,0,50,2,5,unrelated,unrelated,0,0.9949350403519173,0.9945988705003218,0.9653103351593018,
NA0_LAG50_000,NA0_LAG50,0,50,2,6,unrelated,unrelated,0,0.9948529695121856,0.9948848771639172,0.9926573634147644,
NA0_LAG50_000,NA0_LAG50,0,50,3,4,root,unrelated,0,0.9592865110093465,0.9968282553231567,0.9959957599639893,
NA0_LAG50_000,NA0_LAG50,0,50,3,5,root,unrelated,0,0.9585719708890381,0.9969153084998962,0.9937155246734619,
NA0_LAG50_000,NA0_LAG50,0,50,3,6,root,unrelated,0,0.9556568705104829,0.9964057366262999,0.9908220767974854,
NA0_LAG50_000,NA0_LAG50,0,50,4,5,unrelated,unrelated,0,0.9953404921609279,0.9952699193110629,0.9920931458473206,
NA0_LAG50_000,NA0_LAG50,0,50,4,6,unrelated,unrelated,0,0.9943307222530128,0.9943720626643758,0.9960665106773376,
NA0_LAG50_000,NA0_LAG50,0,50,5,6,unrelated,unrelated,0,0.994866228258094,0.9949462646044465,0.9830887913703918,
NA0_LAG50_001,NA0_LAG50,0,50,1,2,root,unrelated,0,0.5636499126881751,0.062939203294948,0.848273754119873,
NA0_LAG50_001,NA0_LAG50,0,50,1,3,root,unrelated,0,0.5657823398391881,0.07481111675831281,0.8458949327468872,
NA0_LAG50_001,NA0_LAG50,0,50,1,4,root,unrelated,0,0.5730951395228957,0.07774570654955519,0.8531092405319214,
NA0_LAG50_001,NA0_LAG50,0,50,1,5,root,unrelated,0,0.5683205052928524,0.079636697321261,0.8665250539779663,
NA0_LAG50_001,NA0_LAG50,0,50,1,6,root,unrelated,0,0.5738365903795085,0.06694087405023848,0.8199751377105713,
NA0_LAG50_001,NA0_LAG50,0,50,2,3,unrelated,unrelated,0,0.9948789583722192,0.9950541409012852,0.9960576295852661,
NA0_LAG50_001,NA0_LAG50,0,50,2,4,unrelated,unrelated,0,0.9947043286777862,0.9947408107360953,0.9981509447097778,
NA0_LAG50_001,NA0_LAG50,0,50,2,5,unrelated,unrelated,0,0.994478009559238,0.9944917375035361,0.993563711643219,
NA0_LAG50_001,NA0_LAG50,0,50,2,6,unrelated,unrelated,0,0.9949501161798663,0.995141641846445,0.9955970644950867,
NA0_LAG50_001,NA0_LAG50,0,50,3,4,unrelated,unrelated,0,0.9951714573988625,0.9953376628765266,0.9951361417770386,
NA0_LAG50_001,NA0_LAG50,0,50,3,5,unrelated,unrelated,0,0.9952692268617515,0.9948182418056538,0.9919337034225464,
NA0_LAG50_001,NA0_LAG50,0,50,3,6,unrelated,unrelated,0,0.9953610796401271,0.9957050530634947,0.9913139343261719,
NA0_LAG50_001,NA0_LAG50,0,50,4,5,unrelated,unrelated,0,0.9949100303058642,0.9947967464141693,0.995338499546051,
NA0_LAG50_001,NA0_LAG50,0,50,4,6,unrelated,unrelated,0,0.9950457794835886,0.9949928720055409,0.9923217296600342,
NA0_LAG50_001,NA0_LAG50,0,50,5,6,unrelated,unrelated,0,0.994802651263217,0.9945062310509434,0.9869804978370667,
NA0_LAG50_002,NA0_LAG50,0,50,1,2,unrelated,unrelated,0,0.9947037561671932,0.99473351147537,0.9891950488090515,
NA0_LAG50_002,NA0_LAG50,0,50,1,3,unrelated,unrelated,0,0.9953163060196514,0.9950176383406331,0.9964684844017029,
NA0_LAG50_002,NA0_LAG50,0,50,1,4,unrelated,unrelated,0,0.9959378543451878,0.9958120417424279,0.9933171272277832,
NA0_LAG50_002,NA0_LAG50,0,50,1,5,unrelated,root,0,0.3348728999102523,0.9956886454100426,0.79465252161026,
NA0_LAG50_002,NA0_LAG50,0,50,1,6,unrelated,unrelated,0,0.995855615933547,0.9957290333712535,0.9904888868331909,
NA0_LAG50_002,NA0_LAG50,0,50,2,3,unrelated,unrelated,0,0.9950674356240798,0.9950214134058865,0.9898149371147156,
NA0_LAG50_002,NA0_LAG50,0,50,2,4,unrelated,unrelated,0,0.9957058655761756,0.9959154535802046,0.9860840439796448,
NA0_LAG50_002,NA0_LAG50,0,50,2,5,unrelated,root,0,0.328971893465157,0.9953914764317557,0.7734066247940063,
NA0_LAG50_002,NA0_LAG50,0,50,2,6,unrelated,unrelated,0,0.9949873935600728,0.9947835532339183,0.9754308462142944,
NA0_LAG50_002,NA0_LAG50,0,50,3,4,unrelated,unrelated,0,0.9957596292449734,0.9952388777908675,0.9976925253868103,
NA0_LAG50_002,NA0_LAG50,0,50,3,5,unrelated,root,0,0.3333673713832723,0.9955457526332533,0.7871989011764526,
NA0_LAG50_002,NA0_LAG50,0,50,3,6,unrelated,unrelated,0,0.9950541431309016,0.9946782372404561,0.9938108921051025,
NA0_LAG50_002,NA0_LAG50,0,50,4,5,unrelated,root,0,0.3330240694587419,0.995872839632671,0.7777978181838989,
NA0_LAG50_002,NA0_LAG50,0,50,4,6,unrelated,unrelated,0,0.9956375575435701,0.995454358182393,0.9961792826652527,
NA0_LAG50_002,NA0_LAG50,0,50,5,6,root,unrelated,0,0.32757429527596094,0.9952994518795357,0.7821078896522522,
NA0_LAG50_003,NA0_LAG50,0,50,1,2,unrelated,root,0,0.5790777728498951,0.08990634503609647,0.884021520614624,
NA0_LAG50_003,NA0_LAG50,0,50,1,3,unrelated,unrelated,0,0.9948802270884964,0.994736619966926,0.9833028316497803,
NA0_LAG50_003,NA0_LAG50,0,50,1,4,unrelated,unrelated,0,0.9949630719088978,0.9948020738754014,0.9935157895088196,
NA0_LAG50_003,NA0_LAG50,0,50,1,5,unrelated,unrelated,0,0.9950434342632384,0.9948557866750954,0.9883487224578857,
NA0_LAG50_003,NA0_LAG50,0,50,1,6,unrelated,unrelated,0,0.9951477746776378,0.9948233716151186,0.9877188205718994,
NA0_LAG50_003,NA0_LAG50,0,50,2,3,root,unrelated,0,0.5771334201178963,0.09624625566509562,0.8446291089057922,
NA0_LAG50_003,NA0_LAG50,0,50,2,4,root,unrelated,0,0.5799110055758876,0.09387225863278466,0.8616209626197815,
NA0_LAG50_003,NA0_LAG50,0,50,2,5,root,unrelated,0,0.5771407087429123,0.09787836103533108,0.8546956181526184,
NA0_LAG50_003,NA0_LAG50,0,50,2,6,root,unrelated,0,0.5811953392982869,0.09755608563977043,0.8649460673332214,
NA0_LAG50_003,NA0_LAG50,0,50,3,4,unrelated,unrelated,0,0.9956234489629237,0.9954084477612553,0.9936156272888184,
NA0_LAG50_003,NA0_LAG50,0,50,3,5,unrelated,unrelated,0,0.9952537031678733,0.9956510890891203,0.9914498925209045,
NA0_LAG50_003,NA0_LAG50,0,50,3,6,unrelated,unrelated,0,0.9947472596084306,0.9949568631662363,0.9919832348823547,
NA0_LAG50_003,NA0_LAG50,0,50,4,5,unrelated,unrelated,0,0.995302583583266,0.9948571402792503,0.9970976710319519,
NA0_LAG50_003,NA0_LAG50,0,50,4,6,unrelated,unrelated,0,0.9950066711780989,0.9949231681907583,0.994703471660614,
NA0_LAG50_003,NA0_LAG50,0,50,5,6,unrelated,unrelated,0,0.9949502319425447,0.9952483229392457,0.9946179986000061,
NA0_LAG50_004,NA0_LAG50,0,50,1,2,root,unrelated,0,0.9579052167595581,0.9966778067920714,0.9892224073410034,
NA0_LAG50_004,NA0_LAG50,0,50,1,3,root,unrelated,0,0.9598237334044287,0.9967529373898641,0.995228111743927,
NA0_LAG50_004,NA0_LAG50,0,50,1,4,root,unrelated,0,0.9580632130217664,0.9974991742482018,0.9904080629348755,
NA0_LAG50_004,NA0_LAG50,0,50,1,5,root,unrelated,0,0.9585837306319935,0.9971816198285918,0.9844443202018738,
NA0_LAG50_004,NA0_LAG50,0,50,1,6,root,unrelated,0,0.9585291855556031,0.9968292208350079,0.993950366973877,
NA0_LAG50_004,NA0_LAG50,0,50,2,3,unrelated,unrelated,0,0.9943141850880053,0.9944027378193873,0.9940532445907593,
NA0_LAG50_004,NA0_LAG50,0,50,2,4,unrelated,unrelated,0,0.9949332452585208,0.9949693330018141,0.9954967498779297,
NA0_LAG50_004,NA0_LAG50,0,50,2,5,unrelated,unrelated,0,0.9949846754061764,0.9948273499656891,0.9964979290962219,
NA0_LAG50_004,NA0_LAG50,0,50,2,6,unrelated,unrelated,0,0.9949112871287823,0.9948958237689427,0.9944705367088318,
NA0_LAG50_004,NA0_LAG50,0,50,3,4,unrelated,unrelated,0,0.9948873260631814,0.9950873189667832,0.9969619512557983,
NA0_LAG50_004,NA0_LAG50,0,50,3,5,unrelated,unrelated,0,0.9950246482180524,0.9952258788265621,0.9918715953826904,
NA0_LAG50_004,NA0_LAG50,0,50,3,6,unrelated,unrelated,0,0.9947643490508815,0.9944024840474773,0.995951771736145,
NA0_LAG50_004,NA0_LAG50,0,50,4,5,unrelated,unrelated,0,0.9950256430858304,0.9958573409546086,0.9960329532623291,
NA0_LAG50_004,NA0_LAG50,0,50,4,6,unrelated,unrelated,0,0.9951188642389274,0.9950357842998155,0.9938914775848389,
NA0_LAG50_004,NA0_LAG50,0,50,5,6,unrelated,unrelated,0,0.9947348552678658,0.9948973684407076,0.9900222420692444,
NA0_LAG50_005,NA0_LAG50,0,50,1,2,unrelated,unrelated,0,0.9955065307180293,0.9949225953552946,0.9952229857444763,
NA0_LAG50_005,NA0_LAG50,0,50,1,3,unrelated,unrelated,0,0.9949957012330041,0.9946047876955286,0.9925194978713989,
NA0_LAG50_005,NA0_LAG50,0,50,1,4,unrelated,unrelated,0,0.9947863712295291,0.9942980640694157,0.995235800743103,
NA0_LAG50_005,NA0_LAG50,0,50,1,5,unrelated,root,0,0.5707989909615486,0.048287374061137825,0.8521909713745117,
NA0_LAG50_005,NA0_LAG50,0,50,1,6,unrelated,unrelated,0,0.995535108042064,0.9953170427080171,0.9939415454864502,
NA0_LAG50_005,NA0_LAG50,0,50,2,3,unrelated,unrelated,0,0.9947154095355267,0.9940134233829231,0.9938529133796692,
NA0_LAG50_005,NA0_LAG50,0,50,2,4,unrelated,unrelated,0,0.9946548610823466,0.9942532878528862,0.9911699295043945,
NA0_LAG50_005,NA0_LAG50,0,50,2,5,unrelated,root,0,0.5734317918760716,0.05082550883293717,0.857835054397583,
NA0_LAG50_005,NA0_LAG50,0,50,2,6,unrelated,unrelated,0,0.9951863142727445,0.9949895907863762,0.9957378506660461,
NA0_LAG50_005,NA0_LAG50,0,50,3,4,unrelated,unrelated,0,0.9950636305219261,0.9950871430158612,0.9819560647010803,
NA0_LAG50_005,NA0_LAG50,0,50,3,5,unrelated,root,0,0.5695317115019111,0.06131171402779022,0.8737419843673706,
NA0_LAG50_005,NA0_LAG50,0,50,3,6,unrelated,unrelated,0,0.995253563052355,0.9951540231021503,0.9981527328491211,
NA0_LAG50_005,NA0_LAG50,0,50,4,5,unrelated,root,0,0.5673322797316642,0.05752031478383755,0.8283599615097046,
NA0_LAG50_005,NA0_LAG50,0,50,4,6,unrelated,unrelated,0,0.9953408137874189,0.9949602845581347,0.9840367436408997,
NA0_LAG50_005,NA0_LAG50,0,50,5,6,root,unrelated,0,0.564076856807899,0.06360700807769609,0.8769868016242981,
NA0_LAG50_006,NA0_LAG50,0,50,1,2,unrelated,root,0,0.8965944239062718,0.8469480246519364,0.991989254951477,
NA0_LAG50_006,NA0_LAG50,0,50,1,3,unrelated,unrelated,0,0.9944507059670283,0.9947287464345634,0.9803178906440735,
NA0_LAG50_006,NA0_LAG50,0,50,1,4,unrelated,unrelated,0,0.9946499147545926,0.9949887352078643,0.989194929599762,
NA0_LAG50_006,NA0_LAG50,0,50,1,5,unrelated,unrelated,0,0.994358940568851,0.9943343994474182,0.9790578484535217,
NA0_LAG50_006,NA0_LAG50,0,50,1,6,unrelated,unrelated,0,0.994623072728015,0.9946541537864085,0.9910123348236084,
NA0_LAG50_006,NA0_LAG50,0,50,2,3,root,unrelated,0,0.895924125948361,0.8452553288003486,0.9871435761451721,
NA0_LAG50_006,NA0_LAG50,0,50,2,4,root,unrelated,0,0.8977336926925508,0.8488322727512156,0.988608181476593,
NA0_LAG50_006,NA0_LAG50,0,50,2,5,root,unrelated,0,0.9003435140443781,0.8522383708511235,0.9714256525039673,
NA0_LAG50_006,NA0_LAG50,0,50,2,6,root,unrelated,0,0.8979115865854959,0.8485203746390599,0.9897896647453308,
NA0_LAG50_006,NA0_LAG50,0,50,3,4,unrelated,unrelated,0,0.9948926351622907,0.995305810295804,0.9957801699638367,
NA0_LAG50_006,NA0_LAG50,0,50,3,5,unrelated,unrelated,0,0.9952003869532957,0.9955796845969362,0.9869866967201233,
NA0_LAG50_006,NA0_LAG50,0,50,3,6,unrelated,unrelated,0,0.9944412904352584,0.9942875725223759,0.9941384196281433,
NA0_LAG50_006,NA0_LAG50,0,50,4,5,unrelated,unrelated,0,0.9955583226019152,0.9957433026648776,0.9917429089546204,
NA0_LAG50_006,NA0_LAG50,0,50,4,6,unrelated,unrelated,0,0.9942722190622284,0.9940393144262425,0.9957476258277893,
NA0_LAG50_006,NA0_LAG50,0,50,5,6,unrelated,unrelated,0,0.9950417145435951,0.9949107764169138,0.9886110424995422,
NA0_LAG50_007,NA0_LAG50,0,50,1,2,unrelated,unrelated,0,0.9944697135934918,0.9938767530826202,0.9962900876998901,
NA0_LAG50_007,NA0_LAG50,0,50,1,3,unrelated,unrelated,0,0.9945624007538216,0.9947389642026383,0.9944071769714355,
NA0_LAG50_007,NA0_LAG50,0,50,1,4,unrelated,root,0,0.8215533912532327,0.7336963856240708,0.992058515548706,
NA0_LAG50_007,NA0_LAG50,0,50,1,5,unrelated,unrelated,0,0.9942556384333036,0.9941285427175193,0.9961775541305542,
NA0_LAG50_007,NA0_LAG50,0,50,1,6,unrelated,unrelated,0,0.9948411529239621,0.9947135271027737,0.9984722137451172,
NA0_LAG50_007,NA0_LAG50,0,50,2,3,unrelated,unrelated,0,0.9947825135979537,0.9947494392923876,0.9910804629325867,
NA0_LAG50_007,NA0_LAG50,0,50,2,4,unrelated,root,0,0.8198197665859192,0.7317378923734736,0.9895350933074951,
NA0_LAG50_007,NA0_LAG50,0,50,2,5,unrelated,unrelated,0,0.9936270657551118,0.993861745986773,0.9970020055770874,
NA0_LAG50_007,NA0_LAG50,0,50,2,6,unrelated,unrelated,0,0.9951351433211298,0.9948530243539971,0.9970873594284058,
NA0_LAG50_007,NA0_LAG50,0,50,3,4,unrelated,root,0,0.8197968229863458,0.7332687202863016,0.9918735027313232,
NA0_LAG50_007,NA0_LAG50,0,50,3,5,unrelated,unrelated,0,0.9949695696563338,0.9955325067715067,0.9912827014923096,
NA0_LAG50_007,NA0_LAG50,0,50,3,6,unrelated,unrelated,0,0.9954495419473606,0.9957288660097924,0.9927606582641602,
NA0_LAG50_007,NA0_LAG50,0,50,4,5,root,unrelated,0,0.8212417353185247,0.7349716859536393,0.992522120475769,
NA0_LAG50_007,NA0_LAG50,0,50,4,6,root,unrelated,0,0.8206694564039463,0.7316936880567815,0.9887116551399231,
NA0_LAG50_007,NA0_LAG50,0,50,5,6,unrelated,unrelated,0,0.9952764815307418,0.9952292897626747,0.9951959848403931,
NA0_LAG50_008,NA0_LAG50,0,50,1,2,unrelated,unrelated,0,0.995240185653721,0.9951589517648871,0.9960277080535889,
NA0_LAG50_008,NA0_LAG50,0,50,1,3,unrelated,unrelated,0,0.9954859936762854,0.9956167279494692,0.9806157946586609,
NA0_LAG50_008,NA0_LAG50,0,50,1,4,unrelated,unrelated,0,0.9955150868026174,0.9952183822206186,0.9853343963623047,
NA0_LAG50_008,NA0_LAG50,0,50,1,5,unrelated,root,0,0.3274130002539523,0.9947785200983914,0.8067560791969299,
NA0_LAG50_008,NA0_LAG50,0,50,1,6,unrelated,unrelated,0,0.9956649437542363,0.9959246483459597,0.988167941570282,
NA0_LAG50_008,NA0_LAG50,0,50,2,3,unrelated,unrelated,0,0.995108434200871,0.9951863117166505,0.9906637072563171,
NA0_LAG50_008,NA0_LAG50,0,50,2,4,unrelated,unrelated,0,0.9944399225156825,0.9943139808923971,0.9940758347511292,
NA0_LAG50_008,NA0_LAG50,0,50,2,5,unrelated,root,0,0.32855482776269274,0.9948095373712719,0.8009551167488098,
NA0_LAG50_008,NA0_LAG50,0,50,2,6,unrelated,unrelated,0,0.9952860685605762,0.9954791969717712,0.9955418109893799,
NA0_LAG50_008,NA0_LAG50,0,50,3,4,unrelated,unrelated,0,0.9952880416666532,0.9949465494919096,0.9872316718101501,
NA0_LAG50_008,NA0_LAG50,0,50,3,5,unrelated,root,0,0.3318510044768973,0.9943353795383226,0.7842363119125366,
NA0_LAG50_008,NA0_LAG50,0,50,3,6,unrelated,unrelated,0,0.9955108325529296,0.9953301421886043,0.9974079132080078,
NA0_LAG50_008,NA0_LAG50,0,50,4,5,unrelated,root,0,0.3335859448540001,0.9950066295156857,0.7819564342498779,
NA0_LAG50_008,NA0_LAG50,0,50,4,6,unrelated,unrelated,0,0.9955264046982845,0.9957033507241022,0.991752564907074,
NA0_LAG50_008,NA0_LAG50,0,50,5,6,root,unrelated,0,0.32709871773849347,0.9951438650648293,0.7890186309814453,
NA0_LAG50_009,NA0_LAG50,0,50,1,2,unrelated,unrelated,0,0.9947276729350056,0.9947784795618445,0.9955657124519348,
NA0_LAG50_009,NA0_LAG50,0,50,1,3,unrelated,root,0,0.5729683408676494,0.032012005080231394,0.7986490726470947,
NA0_LAG50_009,NA0_LAG50,0,50,1,4,unrelated,unrelated,0,0.9945393331470127,0.9947057948781829,0.99741530418396,
NA0_LAG50_009,NA0_LAG50,0,50,1,5,unrelated,unrelated,0,0.9951822799460649,0.995141233928744,0.9954249262809753,
NA0_LAG50_009,NA0_LAG50,0,50,1,6,unrelated,unrelated,0,0.9951515423835645,0.9952331279250246,0.9866886138916016,
NA0_LAG50_009,NA0_LAG50,0,50,2,3,unrelated,root,0,0.5802201376994189,0.04361845575435844,0.8070550560951233,
NA0_LAG50_009,NA0_LAG50,0,50,2,4,unrelated,unrelated,0,0.9946598700613419,0.9949627621924761,0.9965857267379761,
NA0_LAG50_009,NA0_LAG50,0,50,2,5,unrelated,unrelated,0,0.9946364017447544,0.9948954866794824,0.9924951195716858,
NA0_LAG50_009,NA0_LAG50,0,50,2,6,unrelated,unrelated,0,0.995002218480656,0.9950596499646136,0.9874204397201538,
NA0_LAG50_009,NA0_LAG50,0,50,3,4,root,unrelated,0,0.5782359573901363,0.030293721003600307,0.7885209321975708,
NA0_LAG50_009,NA0_LAG50,0,50,3,5,root,unrelated,0,0.5722128468154112,0.03932506672563949,0.7991837859153748,
NA0_LAG50_009,NA0_LAG50,0,50,3,6,root,unrelated,0,0.5849370520210542,0.032716989974941234,0.784959077835083,
NA0_LAG50_009,NA0_LAG50,0,50,4,5,unrelated,unrelated,0,0.994345102099015,0.9942661155002055,0.9925991296768188,
NA0_LAG50_009,NA0_LAG50,0,50,4,6,unrelated,unrelated,0,0.9952290313599127,0.9956188949798974,0.985614001750946,
NA0_LAG50_009,NA0_LAG50,0,50,5,6,unrelated,unrelated,0,0.9952859809652237,0.9952741479609863,0.9946393966674805,
NA0_LAG50_010,NA0_LAG50,0,50,1,2,unrelated,root,0,0.5599741977148622,0.10146668084365354,0.8667256832122803,
NA0_LAG50_010,NA0_LAG50,0,50,1,3,unrelated,unrelated,0,0.9946283086754286,0.9948776850702755,0.9965811967849731,
NA0_LAG50_010,NA0_LAG50,0,50,1,4,unrelated,unrelated,0,0.9950541093277798,0.9948520073541673,0.99155592918396,
NA0_LAG50_010,NA0_LAG50,0,50,1,5,unrelated,unrelated,0,0.9950699621574712,0.9951637027133862,0.994208574295044,
NA0_LAG50_010,NA0_LAG50,0,50,1,6,unrelated,unrelated,0,0.9944037814399196,0.9944796329169212,0.9930635094642639,
NA0_LAG50_010,NA0_LAG50,0,50,2,3,root,unrelated,0,0.5632768653580301,0.10576771701976534,0.8647100925445557,
NA0_LAG50_010,NA0_LAG50,0,50,2,4,root,unrelated,0,0.5560441544674452,0.10388439693480285,0.8636406660079956,
NA0_LAG50_010,NA0_LAG50,0,50,2,5,root,unrelated,0,0.5550989822356335,0.11571310812202573,0.8720912933349609,
NA0_LAG50_010,NA0_LAG50,0,50,2,6,root,unrelated,0,0.5655462158069139,0.10446240210586297,0.8653717637062073,
NA0_LAG50_010,NA0_LAG50,0,50,3,4,unrelated,unrelated,0,0.9954874092869095,0.995808741258921,0.9917423725128174,
NA0_LAG50_010,NA0_LAG50,0,50,3,5,unrelated,unrelated,0,0.994582551953394,0.9949987834876999,0.9932873249053955,
NA0_LAG50_010,NA0_LAG50,0,50,3,6,unrelated,unrelated,0,0.9947259015647416,0.9949824101873451,0.9964787364006042,
NA0_LAG50_010,NA0_LAG50,0,50,4,5,unrelated,unrelated,0,0.9946765651966406,0.9945012287981071,0.9979068636894226,
NA0_LAG50_010,NA0_LAG50,0,50,4,6,unrelated,unrelated,0,0.9954430076978097,0.9955394415529435,0.9965580105781555,
NA0_LAG50_010,NA0_LAG50,0,50,5,6,unrelated,unrelated,0,0.9947715114985092,0.9949832386986299,0.9962227940559387,
NA0_LAG50_011,NA0_LAG50,0,50,1,2,root,unrelated,0,0.336759154463059,0.9947067380360353,0.7868526577949524,
NA0_LAG50_011,NA0_LAG50,0,50,1,3,root,unrelated,0,0.3406893595905154,0.9949378682576964,0.8047574758529663,
NA0_LAG50_011,NA0_LAG50,0,50,1,4,root,unrelated,0,0.3373805356134947,0.9956855426726774,0.7869390249252319,
NA0_LAG50_011,NA0_LAG50,0,50,1,5,root,unrelated,0,0.337944331193571,0.9953435461707504,0.7855460047721863,
NA0_LAG50_011,NA0_LAG50,0,50,1,6,root,unrelated,0,0.3407039725091592,0.9947472621084825,0.792648434638977,
NA0_LAG50_011,NA0_LAG50,0,50,2,3,unrelated,unrelated,0,0.994888953599206,0.995043335630685,0.9939237236976624,
NA0_LAG50_011,NA0_LAG50,0,50,2,4,unrelated,unrelated,0,0.9948149612357089,0.9944291183286758,0.9953016042709351,
NA0_LAG50_011,NA0_LAG50,0,50,2,5,unrelated,unrelated,0,0.994582448014883,0.9942796849563473,0.9947212338447571,
NA0_LAG50_011,NA0_LAG50,0,50,2,6,unrelated,unrelated,0,0.9943790043129217,0.9942383316481251,0.998077929019928,
NA0_LAG50_011,NA0_LAG50,0,50,3,4,unrelated,unrelated,0,0.995038928678419,0.994333018006601,0.9914271235466003,
NA0_LAG50_011,NA0_LAG50,0,50,3,5,unrelated,unrelated,0,0.9951778193129873,0.9948476894315512,0.9896107316017151,
NA0_LAG50_011,NA0_LAG50,0,50,3,6,unrelated,unrelated,0,0.9942609861455293,0.9942710377396091,0.9951786398887634,
NA0_LAG50_011,NA0_LAG50,0,50,4,5,unrelated,unrelated,0,0.9950189862870592,0.9950295108874542,0.9971762895584106,
NA0_LAG50_011,NA0_LAG50,0,50,4,6,unrelated,unrelated,0,0.9943222140003168,0.9947453411954604,0.9966866970062256,
NA0_LAG50_011,NA0_LAG50,0,50,5,6,unrelated,unrelated,0,0.9948235050265216,0.9948130858716829,0.9949760437011719,
NA0_LAG50_012,NA0_LAG50,0,50,1,2,unrelated,root,0,0.8921092267899117,0.8393755351039234,0.9942483901977539,
NA0_LAG50_012,NA0_LAG50,0,50,1,3,unrelated,unrelated,0,0.9953966892560573,0.9949539321716012,0.9958146810531616,
NA0_LAG50_012,NA0_LAG50,0,50,1,4,unrelated,unrelated,0,0.9958643357980071,0.9957309034214659,0.9890718460083008,
NA0_LAG50_012,NA0_LAG50,0,50,1,5,unrelated,unrelated,0,0.9958900630742716,0.9959574735656941,0.9863874316215515,
NA0_LAG50_012,NA0_LAG50,0,50,1,6,unrelated,unrelated,0,0.994883174989132,0.9948846595207362,0.9934729337692261,
NA0_LAG50_012,NA0_LAG50,0,50,2,3,root,unrelated,0,0.8915363746690386,0.8381499876240983,0.9922119975090027,
NA0_LAG50_012,NA0_LAG50,0,50,2,4,root,unrelated,0,0.8929287320288483,0.8401307729090997,0.9909794926643372,
NA0_LAG50_012,NA0_LAG50,0,50,2,5,root,unrelated,0,0.8920846149619595,0.840165244492283,0.9821363687515259,
NA0_LAG50_012,NA0_LAG50,0,50,2,6,root,unrelated,0,0.8909723551403987,0.8377190991947544,0.9889471530914307,
NA0_LAG50_012,NA0_LAG50,0,50,3,4,unrelated,unrelated,0,0.995625638565267,0.9953767726458624,0.9920830130577087,
NA0_LAG50_012,NA0_LAG50,0,50,3,5,unrelated,unrelated,0,0.99553807474794,0.9954750825918223,0.9951749444007874,
NA0_LAG50_012,NA0_LAG50,0,50,3,6,unrelated,unrelated,0,0.9948685235083344,0.9949651860602008,0.9981039762496948,
NA0_LAG50_012,NA0_LAG50,0,50,4,5,unrelated,unrelated,0,0.9953062570246642,0.9951327917770583,0.991049587726593,
NA0_LAG50_012,NA0_LAG50,0,50,4,6,unrelated,unrelated,0,0.9947287511646956,0.994216316649048,0.9897335171699524,
NA0_LAG50_012,NA0_LAG50,0,50,5,6,unrelated,unrelated,0,0.9954951684092311,0.9956204017549761,0.9960598945617676,
NA0_LAG50_013,NA0_LAG50,0,50,1,2,unrelated,root,0,0.4168469774811923,0.1260613137237513,0.9453086853027344,
NA0_LAG50_013,NA0_LAG50,0,50,1,3,unrelated,unrelated,0,0.9941819776277475,0.9948963740243336,0.9969555735588074,
NA0_LAG50_013,NA0_LAG50,0,50,1,4,unrelated,unrelated,0,0.9942804513309556,0.9948258014913337,0.9963322877883911,
NA0_LAG50_013,NA0_LAG50,0,50,1,5,unrelated,unrelated,0,0.9947430374553701,0.9955390175088182,0.9969836473464966,
NA0_LAG50_013,NA0_LAG50,0,50,1,6,unrelated,unrelated,0,0.9948402696349209,0.9952130400363772,0.9919962882995605,
NA0_LAG50_013,NA0_LAG50,0,50,2,3,root,unrelated,0,0.41567519022830207,0.12487452650240059,0.9374369978904724,
NA0_LAG50_013,NA0_LAG50,0,50,2,4,root,unrelated,0,0.4163198809806656,0.13066560430010737,0.957486093044281,
NA0_LAG50_013,NA0_LAG50,0,50,2,5,root,unrelated,0,0.41747915934737506,0.1246243706962845,0.9530386924743652,
NA0_LAG50_013,NA0_LAG50,0,50,2,6,root,unrelated,0,0.41273850956133123,0.12283474602782209,0.9512734413146973,
NA0_LAG50_013,NA0_LAG50,0,50,3,4,unrelated,unrelated,0,0.9947461477622451,0.9949258395873325,0.9953519701957703,
NA0_LAG50_013,NA0_LAG50,0,50,3,5,unrelated,unrelated,0,0.9955414973278657,0.995746554183828,0.9945239424705505,
NA0_LAG50_013,NA0_LAG50,0,50,3,6,unrelated,unrelated,0,0.9954407210834724,0.9957569135830503,0.9928575754165649,
NA0_LAG50_013,NA0_LAG50,0,50,4,5,unrelated,unrelated,0,0.9950221987040828,0.9948546663999784,0.9978448152542114,
NA0_LAG50_013,NA0_LAG50,0,50,4,6,unrelated,unrelated,0,0.9945646334872068,0.9945620055093384,0.9960399270057678,
NA0_LAG50_013,NA0_LAG50,0,50,5,6,unrelated,unrelated,0,0.9950495701449373,0.995160821869578,0.9946826100349426,
NA0_LAG50_014,NA0_LAG50,0,50,1,2,unrelated,unrelated,0,0.9946541791865056,0.9946921232621276,0.9831368923187256,
NA0_LAG50_014,NA0_LAG50,0,50,1,3,unrelated,root,0,0.4138414903985715,0.12047334574917834,0.959707498550415,
NA0_LAG50_014,NA0_LAG50,0,50,1,4,unrelated,unrelated,0,0.9943307110386771,0.994546730482253,0.9946886897087097,
NA0_LAG50_014,NA0_LAG50,0,50,1,5,unrelated,unrelated,0,0.9948465327351672,0.9946820253881709,0.9943653345108032,
NA0_LAG50_014,NA0_LAG50,0,50,1,6,unrelated,unrelated,0,0.9948007278108782,0.995364804933723,0.9857393503189087,
NA0_LAG50_014,NA0_LAG50,0,50,2,3,unrelated,root,0,0.4170646373627361,0.13033314139121746,0.950273334980011,
NA0_LAG50_014,NA0_LAG50,0,50,2,4,unrelated,unrelated,0,0.9956402138451722,0.9962379890398851,0.9845659136772156,
NA0_LAG50_014,NA0_LAG50,0,50,2,5,unrelated,unrelated,0,0.9948293660310976,0.9949070355500158,0.9837325215339661,
NA0_LAG50_014,NA0_LAG50,0,50,2,6,unrelated,unrelated,0,0.9948022637630296,0.9949483223255428,0.9976209998130798,
NA0_LAG50_014,NA0_LAG50,0,50,3,4,root,unrelated,0,0.41135652816808466,0.11973042574392631,0.9427768588066101,
NA0_LAG50_014,NA0_LAG50,0,50,3,5,root,unrelated,0,0.4148409501342276,0.12626085910333149,0.9403096437454224,
NA0_LAG50_014,NA0_LAG50,0,50,3,6,root,unrelated,0,0.41404402508858196,0.12172694555989984,0.9432315230369568,
NA0_LAG50_014,NA0_LAG50,0,50,4,5,unrelated,unrelated,0,0.9953675303943206,0.9957707531247635,0.9978039860725403,
NA0_LAG50_014,NA0_LAG50,0,50,4,6,unrelated,unrelated,0,0.994708301246889,0.9954464117504382,0.9887343049049377,
NA0_LAG50_014,NA0_LAG50,0,50,5,6,unrelated,unrelated,0,0.9954314517945629,0.9959160662256599,0.9883274435997009,
NA0_LAG50_015,NA0_LAG50,0,50,1,2,unrelated,unrelated,0,0.9946781540029982,0.9946107767625958,0.965634822845459,
NA0_LAG50_015,NA0_LAG50,0,50,1,3,unrelated,unrelated,0,0.9954038240051052,0.9956629708733185,0.9954407811164856,
NA0_LAG50_015,NA0_LAG50,0,50,1,4,unrelated,unrelated,0,0.9952477908580306,0.995144755211609,0.9915028214454651,
NA0_LAG50_015,NA0_LAG50,0,50,1,5,unrelated,unrelated,0,0.9952521891230586,0.9952114442115295,0.9878756403923035,
NA0_LAG50_015,NA0_LAG50,0,50,1,6,unrelated,root,0,0.5584984193033644,0.16297395493552713,0.8605854511260986,
NA0_LAG50_015,NA0_LAG50,0,50,2,3,unrelated,unrelated,0,0.9958783775894967,0.9959263418325398,0.9800886511802673,
NA0_LAG50_015,NA0_LAG50,0,50,2,4,unrelated,unrelated,0,0.995434194507455,0.995462090514313,0.9519698023796082,
NA0_LAG50_015,NA0_LAG50,0,50,2,5,unrelated,unrelated,0,0.9950779467303326,0.9955173456262282,0.9821639657020569,
NA0_LAG50_015,NA0_LAG50,0,50,2,6,unrelated,root,0,0.5557866811787454,0.16200090210114904,0.7766232490539551,
NA0_LAG50_015,NA0_LAG50,0,50,3,4,unrelated,unrelated,0,0.9956516367747045,0.9952601803101588,0.9875789880752563,
NA0_LAG50_015,NA0_LAG50,0,50,3,5,unrelated,unrelated,0,0.9950059396180608,0.9949476141665002,0.9946557283401489,
NA0_LAG50_015,NA0_LAG50,0,50,3,6,unrelated,root,0,0.5601187417243644,0.16509838395200424,0.8500403761863708,
NA0_LAG50_015,NA0_LAG50,0,50,4,5,unrelated,unrelated,0,0.9952842509772112,0.9950036942865687,0.9888414144515991,
NA0_LAG50_015,NA0_LAG50,0,50,4,6,unrelated,root,0,0.5622158516380575,0.15980727260763927,0.8773084878921509,
NA0_LAG50_015,NA0_LAG50,0,50,5,6,unrelated,root,0,0.5556236840870142,0.15848565330401804,0.8479803800582886,
NA0_LAG50_016,NA0_LAG50,0,50,1,2,unrelated,unrelated,0,0.9942832217164261,0.9947755794434429,0.9935333132743835,
NA0_LAG50_016,NA0_LAG50,0,50,1,3,unrelated,unrelated,0,0.9954539093212913,0.9952866882042443,0.9888683557510376,
NA0_LAG50_016,NA0_LAG50,0,50,1,4,unrelated,unrelated,0,0.9949502884980785,0.9950911178283122,0.9958356022834778,
NA0_LAG50_016,NA0_LAG50,0,50,1,5,unrelated,root,0,0.4238711150586777,0.13260779977061177,0.9050303101539612,
NA0_LAG50_016,NA0_LAG50,0,50,1,6,unrelated,unrelated,0,0.9951461438040733,0.9952111914000006,0.9963867664337158,
NA0_LAG50_016,NA0_LAG50,0,50,2,3,unrelated,unrelated,0,0.9947425871643715,0.9940146033491243,0.9950395822525024,
NA0_LAG50_016,NA0_LAG50,0,50,2,4,unrelated,unrelated,0,0.9953559656144276,0.9955546108754536,0.9850427508354187,
NA0_LAG50_016,NA0_LAG50,0,50,2,5,unrelated,root,0,0.42137503042463675,0.13104853797844176,0.9321924448013306,
NA0_LAG50_016,NA0_LAG50,0,50,2,6,unrelated,unrelated,0,0.9949984970479594,0.9948173049850302,0.9871887564659119,
NA0_LAG50_016,NA0_LAG50,0,50,3,4,unrelated,unrelated,0,0.9950977240993546,0.9946087927339928,0.9783247709274292,
NA0_LAG50_016,NA0_LAG50,0,50,3,5,unrelated,root,0,0.4235272409238122,0.12983340004648602,0.9151431322097778,
NA0_LAG50_016,NA0_LAG50,0,50,3,6,unrelated,unrelated,0,0.9955263197315851,0.9952198519397724,0.9818732738494873,
NA0_LAG50_016,NA0_LAG50,0,50,4,5,unrelated,root,0,0.415357554202137,0.12375159325000296,0.8917690515518188,
NA0_LAG50_016,NA0_LAG50,0,50,4,6,unrelated,unrelated,0,0.9949084315068957,0.9944811446359914,0.9985550045967102,
NA0_LAG50_016,NA0_LAG50,0,50,5,6,root,unrelated,0,0.4180056585856025,0.12885894798948588,0.8945658802986145,
NA0_LAG50_017,NA0_LAG50,0,50,1,2,root,unrelated,0,0.9590978819395619,0.9968943363543102,0.9830485582351685,
NA0_LAG50_017,NA0_LAG50,0,50,1,3,root,unrelated,0,0.9577334471760433,0.9969476745132483,0.9761658906936646,
NA0_LAG50_017,NA0_LAG50,0,50,1,4,root,unrelated,0,0.9589212940281719,0.996905887112737,0.9930386543273926,
NA0_LAG50_017,NA0_LAG50,0,50,1,5,root,unrelated,0,0.9600894481110364,0.996899319266163,0.9624894261360168,
NA0_LAG50_017,NA0_LAG50,0,50,1,6,root,unrelated,0,0.9580361048882828,0.9967528661122458,0.9633349776268005,
NA0_LAG50_017,NA0_LAG50,0,50,2,3,unrelated,unrelated,0,0.9947339195972618,0.9953712203188423,0.9945679903030396,
NA0_LAG50_017,NA0_LAG50,0,50,2,4,unrelated,unrelated,0,0.9951172325938648,0.9953944676820508,0.9960291981697083,
NA0_LAG50_017,NA0_LAG50,0,50,2,5,unrelated,unrelated,0,0.9949556782363159,0.99486636661331,0.9898012280464172,
NA0_LAG50_017,NA0_LAG50,0,50,2,6,unrelated,unrelated,0,0.9950062690780479,0.9949383774193278,0.9896221160888672,
NA0_LAG50_017,NA0_LAG50,0,50,3,4,unrelated,unrelated,0,0.9945005785536757,0.9948177010861546,0.9923018217086792,
NA0_LAG50_017,NA0_LAG50,0,50,3,5,unrelated,unrelated,0,0.9947457049097193,0.9951127521232965,0.9959850311279297,
NA0_LAG50_017,NA0_LAG50,0,50,3,6,unrelated,unrelated,0,0.9945810376692802,0.9946596301323007,0.9950066208839417,
NA0_LAG50_017,NA0_LAG50,0,50,4,5,unrelated,unrelated,0,0.9946660873475981,0.9952768341899106,0.9836182594299316,
NA0_LAG50_017,NA0_LAG50,0,50,4,6,unrelated,unrelated,0,0.994886095724624,0.9947371275208854,0.9835532903671265,
NA0_LAG50_017,NA0_LAG50,0,50,5,6,unrelated,unrelated,0,0.9952597376133041,0.9954256903352386,0.9983837604522705,
NA0_LAG50_018,NA0_LAG50,0,50,1,2,unrelated,unrelated,0,0.994648093890122,0.9943370791456372,0.9968196153640747,
NA0_LAG50_018,NA0_LAG50,0,50,1,3,unrelated,root,0,0.5778547488592718,0.05813614987003233,0.8338552117347717,
NA0_LAG50_018,NA0_LAG50,0,50,1,4,unrelated,unrelated,0,0.9951039366407981,0.9948998608348291,0.9963159561157227,
NA0_LAG50_018,NA0_LAG50,0,50,1,5,unrelated,unrelated,0,0.9950339628441467,0.994829589643364,0.9961466789245605,
NA0_LAG50_018,NA0_LAG50,0,50,1,6,unrelated,unrelated,0,0.9945472300309266,0.9949677116856198,0.9953237771987915,
NA0_LAG50_018,NA0_LAG50,0,50,2,3,unrelated,root,0,0.5734847926818023,0.04634538135236058,0.8389933109283447,
NA0_LAG50_018,NA0_LAG50,0,50,2,4,unrelated,unrelated,0,0.9949653424685106,0.9945867430438164,0.992336630821228,
NA0_LAG50_018,NA0_LAG50,0,50,2,5,unrelated,unrelated,0,0.9950003733259639,0.9947975236559137,0.9920784831047058,
NA0_LAG50_018,NA0_LAG50,0,50,2,6,unrelated,unrelated,0,0.9949592973379088,0.9948755823406962,0.9902060627937317,
NA0_LAG50_018,NA0_LAG50,0,50,3,4,root,unrelated,0,0.5806095220456774,0.0508415331871209,0.8330091238021851,
NA0_LAG50_018,NA0_LAG50,0,50,3,5,root,unrelated,0,0.5778659795833331,0.05231735578401966,0.8450927734375,
NA0_LAG50_018,NA0_LAG50,0,50,3,6,root,unrelated,0,0.5701173287199814,0.05083490299426643,0.8192703723907471,
NA0_LAG50_018,NA0_LAG50,0,50,4,5,unrelated,unrelated,0,0.9948274496831401,0.9949840281949274,0.9973577857017517,
NA0_LAG50_018,NA0_LAG50,0,50,4,6,unrelated,unrelated,0,0.995079314054679,0.9955822374315921,0.9973668456077576,
NA0_LAG50_018,NA0_LAG50,0,50,5,6,unrelated,unrelated,0,0.9945861145258016,0.9947171426014355,0.9953575134277344,
NA0_LAG50_019,NA0_LAG50,0,50,1,2,unrelated,root,0,0.9369905028330864,0.9082292722620615,0.9856181144714355,
NA0_LAG50_019,NA0_LAG50,0,50,1,3,unrelated,unrelated,0,0.9947795468089458,0.994994197437905,0.9973607659339905,
NA0_LAG50_019,NA0_LAG50,0,50,1,4,unrelated,unrelated,0,0.9952186416875849,0.995008012357156,0.9950434565544128,
NA0_LAG50_019,NA0_LAG50,0,50,1,5,unrelated,unrelated,0,0.9952073901104016,0.9953736590517245,0.9962877631187439,
NA0_LAG50_019,NA0_LAG50,0,50,1,6,unrelated,unrelated,0,0.9950093121852875,0.9949025453378665,0.9888561367988586,
NA0_LAG50_019,NA0_LAG50,0,50,2,3,root,unrelated,0,0.937537446735239,0.9080968741019305,0.9884476065635681,
NA0_LAG50_019,NA0_LAG50,0,50,2,4,root,unrelated,0,0.9354025430692184,0.9062457784391728,0.9901599287986755,
NA0_LAG50_019,NA0_LAG50,0,50,2,5,root,unrelated,0,0.9401625300783859,0.9122717423029568,0.9921614527702332,
NA0_LAG50_019,NA0_LAG50,0,50,2,6,root,unrelated,0,0.9387206274253241,0.9101239192094829,0.9913001656532288,
NA0_LAG50_019,NA0_LAG50,0,50,3,4,unrelated,unrelated,0,0.9945591116499198,0.994535063096149,0.9964386224746704,
NA0_LAG50_019,NA0_LAG50,0,50,3,5,unrelated,unrelated,0,0.9948469378542134,0.9953768790492956,0.9984564185142517,
NA0_LAG50_019,NA0_LAG50,0,50,3,6,unrelated,unrelated,0,0.9944800294938225,0.9947463906804177,0.9938700795173645,
NA0_LAG50_019,NA0_LAG50,0,50,4,5,unrelated,unrelated,0,0.9946993982827527,0.9947253948151652,0.9960640668869019,
NA0_LAG50_019,NA0_LAG50,0,50,4,6,unrelated,unrelated,0,0.9944667880415193,0.9944181582587528,0.9894905686378479,
NA0_LAG50_019,NA0_LAG50,0,50,5,6,unrelated,unrelated,0,0.9958951096341432,0.9963822057184484,0.9967057108879089,
NA0_LAG50_020,NA0_LAG50,0,50,1,2,unrelated,unrelated,0,0.9948764679388284,0.99512078371961,0.996728241443634,
NA0_LAG50_020,NA0_LAG50,0,50,1,3,unrelated,unrelated,0,0.9951275137214016,0.9953639927349228,0.9884290099143982,
NA0_LAG50_020,NA0_LAG50,0,50,1,4,unrelated,root,0,0.3391198407309314,0.9953939266861201,0.7925965785980225,
NA0_LAG50_020,NA0_LAG50,0,50,1,5,unrelated,unrelated,0,0.9956002503825613,0.9959619132740731,0.9886549711227417,
NA0_LAG50_020,NA0_LAG50,0,50,1,6,unrelated,unrelated,0,0.994696541154799,0.9952213517967852,0.9917287826538086,
NA0_LAG50_020,NA0_LAG50,0,50,2,3,unrelated,unrelated,0,0.9949374976699736,0.9949873359402512,0.9888665676116943,
NA0_LAG50_020,NA0_LAG50,0,50,2,4,unrelated,root,0,0.3330939191152763,0.9945381864072251,0.7934820652008057,
NA0_LAG50_020,NA0_LAG50,0,50,2,5,unrelated,unrelated,0,0.9947479334246964,0.9948796950006976,0.9947873950004578,
NA0_LAG50_020,NA0_LAG50,0,50,2,6,unrelated,unrelated,0,0.994877189662157,0.995320694682611,0.9955803155899048,
NA0_LAG50_020,NA0_LAG50,0,50,3,4,unrelated,root,0,0.3336980101210904,0.9953530019450977,0.789397656917572,
NA0_LAG50_020,NA0_LAG50,0,50,3,5,unrelated,unrelated,0,0.9954029983473539,0.9953629919617021,0.9917446970939636,
NA0_LAG50_020,NA0_LAG50,0,50,3,6,unrelated,unrelated,0,0.9947643318225778,0.9948201463332851,0.9900298118591309,
NA0_LAG50_020,NA0_LAG50,0,50,4,5,root,unrelated,0,0.331686960773464,0.995873042191074,0.7940913438796997,
NA0_LAG50_020,NA0_LAG50,0,50,4,6,root,unrelated,0,0.3364327726281775,0.9946875867954029,0.7843634486198425,
NA0_LAG50_020,NA0_LAG50,0,50,5,6,unrelated,unrelated,0,0.9956251185866911,0.9958047570563514,0.9952656626701355,
NA0_LAG50_021,NA0_LAG50,0,50,1,2,unrelated,unrelated,0,0.9945816134673967,0.9943087932121095,0.9796342849731445,
NA0_LAG50_021,NA0_LAG50,0,50,1,3,unrelated,root,0,0.3273682367083615,0.9934364555141479,0.7846801280975342,
NA0_LAG50_021,NA0_LAG50,0,50,1,4,unrelated,unrelated,0,0.9943942581455731,0.993559411426909,0.9972556829452515,
NA0_LAG50_021,NA0_LAG50,0,50,1,5,unrelated,unrelated,0,0.9946188737542923,0.9946670098282293,0.9963786602020264,
NA0_LAG50_021,NA0_LAG50,0,50,1,6,unrelated,unrelated,0,0.9953574837003085,0.9955363826368057,0.996208906173706,
NA0_LAG50_021,NA0_LAG50,0,50,2,3,unrelated,root,0,0.326377407695499,0.9940687987258662,0.8016296625137329,
NA0_LAG50_021,NA0_LAG50,0,50,2,4,unrelated,unrelated,0,0.994697293696749,0.9943350715006891,0.9703131914138794,
NA0_LAG50_021,NA0_LAG50,0,50,2,5,unrelated,unrelated,0,0.9946212082797375,0.9944068284703484,0.9804104566574097,
NA0_LAG50_021,NA0_LAG50,0,50,2,6,unrelated,unrelated,0,0.9952591512085838,0.995735069024997,0.98929363489151,
NA0_LAG50_021,NA0_LAG50,0,50,3,4,root,unrelated,0,0.3303711482621923,0.9947664919676018,0.7767705321311951,
NA0_LAG50_021,NA0_LAG50,0,50,3,5,root,unrelated,0,0.3333324014712823,0.9942595111351239,0.7881252765655518,
NA0_LAG50_021,NA0_LAG50,0,50,3,6,root,unrelated,0,0.3314782533946613,0.9947320846391533,0.7976244688034058,
NA0_LAG50_021,NA0_LAG50,0,50,4,5,unrelated,unrelated,0,0.9946293058841726,0.9942281965088138,0.992651104927063,
NA0_LAG50_021,NA0_LAG50,0,50,4,6,unrelated,unrelated,0,0.9954186265289104,0.9949844616650982,0.9914247989654541,
NA0_LAG50_021,NA0_LAG50,0,50,5,6,unrelated,unrelated,0,0.9949570199990381,0.994641360381729,0.9972769021987915,
NA0_LAG50_022,NA0_LAG50,0,50,1,2,root,unrelated,0,0.33748303146199155,0.9941731303277115,0.7959995269775391,
NA0_LAG50_022,NA0_LAG50,0,50,1,3,root,unrelated,0,0.3354145081857765,0.9949556843464519,0.7941919565200806,
NA0_LAG50_022,NA0_LAG50,0,50,1,4,root,unrelated,0,0.33101997150050794,0.9954489448061503,0.790362536907196,
NA0_LAG50_022,NA0_LAG50,0,50,1,5,root,unrelated,0,0.32307758254607416,0.9949659217346731,0.7996223568916321,
NA0_LAG50_022,NA0_LAG50,0,50,1,6,root,unrelated,0,0.33358938650070596,0.9955229132581057,0.7930919528007507,
NA0_LAG50_022,NA0_LAG50,0,50,2,3,unrelated,unrelated,0,0.9948033800427565,0.994551598212109,0.9935266375541687,
NA0_LAG50_022,NA0_LAG50,0,50,2,4,unrelated,unrelated,0,0.9953349341286706,0.994943405667696,0.9959190487861633,
NA0_LAG50_022,NA0_LAG50,0,50,2,5,unrelated,unrelated,0,0.9946523240054772,0.9947414608013203,0.9845840334892273,
NA0_LAG50_022,NA0_LAG50,0,50,2,6,unrelated,unrelated,0,0.9953185624720052,0.9953569022731867,0.9953953623771667,
NA0_LAG50_022,NA0_LAG50,0,50,3,4,unrelated,unrelated,0,0.9954101104794852,0.9958117223967887,0.9981170296669006,
NA0_LAG50_022,NA0_LAG50,0,50,3,5,unrelated,unrelated,0,0.9947950017040668,0.994443186231094,0.995823323726654,
NA0_LAG50_022,NA0_LAG50,0,50,3,6,unrelated,unrelated,0,0.9956728888638292,0.9957542729797427,0.9913685917854309,
NA0_LAG50_022,NA0_LAG50,0,50,4,5,unrelated,unrelated,0,0.9951971823367007,0.9953089252276738,0.9936513900756836,
NA0_LAG50_022,NA0_LAG50,0,50,4,6,unrelated,unrelated,0,0.9953826975522861,0.996053850079158,0.9922062158584595,
NA0_LAG50_022,NA0_LAG50,0,50,5,6,unrelated,unrelated,0,0.9947073657918997,0.9948525649048404,0.9823171496391296,
NA0_LAG50_023,NA0_LAG50,0,50,1,2,unrelated,root,0,0.9476161161711831,0.9240592288320317,0.994677722454071,
NA0_LAG50_023,NA0_LAG50,0,50,1,3,unrelated,unrelated,0,0.9947055905336516,0.9949253152569367,0.9972453713417053,
NA0_LAG50_023,NA0_LAG50,0,50,1,4,unrelated,unrelated,0,0.9949237592783913,0.9952102292190346,0.9826040267944336,
NA0_LAG50_023,NA0_LAG50,0,50,1,5,unrelated,unrelated,0,0.995816006603037,0.996456187632147,0.9919449090957642,
NA0_LAG50_023,NA0_LAG50,0,50,1,6,unrelated,unrelated,0,0.9950361201717539,0.995286921142085,0.9991298317909241,
NA0_LAG50_023,NA0_LAG50,0,50,2,3,root,unrelated,0,0.9469430973808657,0.9225738615358481,0.9915751814842224,
NA0_LAG50_023,NA0_LAG50,0,50,2,4,root,unrelated,0,0.946358994326721,0.9217890259341601,0.9737304449081421,
NA0_LAG50_023,NA0_LAG50,0,50,2,5,root,unrelated,0,0.9464988101008234,0.9226505778530844,0.9874590039253235,
NA0_LAG50_023,NA0_LAG50,0,50,2,6,root,unrelated,0,0.948584481065405,0.9248459727855988,0.9948186874389648,
NA0_LAG50_023,NA0_LAG50,0,50,3,4,unrelated,unrelated,0,0.9943527755523051,0.9947764433980303,0.9903254508972168,
NA0_LAG50_023,NA0_LAG50,0,50,3,5,unrelated,unrelated,0,0.9959407014172206,0.9957754177516014,0.996298611164093,
NA0_LAG50_023,NA0_LAG50,0,50,3,6,unrelated,unrelated,0,0.9949834600018213,0.9945423510070972,0.9969268441200256,
NA0_LAG50_023,NA0_LAG50,0,50,4,5,unrelated,unrelated,0,0.9952918162633576,0.9956050555991312,0.9954249858856201,
NA0_LAG50_023,NA0_LAG50,0,50,4,6,unrelated,unrelated,0,0.9952329677151258,0.9956356493683326,0.9816811084747314,
NA0_LAG50_023,NA0_LAG50,0,50,5,6,unrelated,unrelated,0,0.996177726680244,0.9959773729771074,0.9910828471183777,
NA0_LAG50_024,NA0_LAG50,0,50,1,2,root,unrelated,0,0.42907069082685023,0.1377867995279986,0.9502437114715576,
NA0_LAG50_024,NA0_LAG50,0,50,1,3,root,unrelated,0,0.43242692358266205,0.1438928585902596,0.9542443752288818,
NA0_LAG50_024,NA0_LAG50,0,50,1,4,root,unrelated,0,0.4272253030610211,0.1391643305465356,0.9583974480628967,
NA0_LAG50_024,NA0_LAG50,0,50,1,5,root,unrelated,0,0.42300016496842197,0.13421149224354462,0.9658907055854797,
NA0_LAG50_024,NA0_LAG50,0,50,1,6,root,unrelated,0,0.42213891129590414,0.13250678025333498,0.9618241190910339,
NA0_LAG50_024,NA0_LAG50,0,50,2,3,unrelated,unrelated,0,0.9941941605420425,0.9940927877289931,0.9971981644630432,
NA0_LAG50_024,NA0_LAG50,0,50,2,4,unrelated,unrelated,0,0.9951119699052929,0.9957394228783517,0.9909272193908691,
NA0_LAG50_024,NA0_LAG50,0,50,2,5,unrelated,unrelated,0,0.9942584165596942,0.9947816997143873,0.9932252764701843,
NA0_LAG50_024,NA0_LAG50,0,50,2,6,unrelated,unrelated,0,0.9947902860608753,0.9949583119318838,0.9971969723701477,
NA0_LAG50_024,NA0_LAG50,0,50,3,4,unrelated,unrelated,0,0.9953809621984152,0.9952141660936975,0.9845802187919617,
NA0_LAG50_024,NA0_LAG50,0,50,3,5,unrelated,unrelated,0,0.9944951920421162,0.9949848461396973,0.9887643456459045,
NA0_LAG50_024,NA0_LAG50,0,50,3,6,unrelated,unrelated,0,0.9950566345028438,0.9947649506934729,0.9942198395729065,
NA0_LAG50_024,NA0_LAG50,0,50,4,5,unrelated,unrelated,0,0.9944288599109445,0.9953156408525229,0.9972972869873047,
NA0_LAG50_024,NA0_LAG50,0,50,4,6,unrelated,unrelated,0,0.9948254913716646,0.9950228278635571,0.9958145022392273,
NA0_LAG50_024,NA0_LAG50,0,50,5,6,unrelated,unrelated,0,0.9943715708259792,0.9946772764633715,0.9978916645050049,
NA0_LAG50_025,NA0_LAG50,0,50,1,2,unrelated,unrelated,0,0.9952381171799134,0.9954655346798776,0.9970065951347351,
NA0_LAG50_025,NA0_LAG50,0,50,1,3,unrelated,unrelated,0,0.9947994590915302,0.9948700124209426,0.993499755859375,
NA0_LAG50_025,NA0_LAG50,0,50,1,4,unrelated,unrelated,0,0.9952368781359057,0.9954086033753803,0.9960867166519165,
NA0_LAG50_025,NA0_LAG50,0,50,1,5,unrelated,unrelated,0,0.9948843972502257,0.994407442413566,0.9902318120002747,
NA0_LAG50_025,NA0_LAG50,0,50,1,6,unrelated,root,0,0.9146370429229158,0.874238790620185,0.9910019040107727,
NA0_LAG50_025,NA0_LAG50,0,50,2,3,unrelated,unrelated,0,0.9950245535413585,0.9948274808307821,0.9903810620307922,
NA0_LAG50_025,NA0_LAG50,0,50,2,4,unrelated,unrelated,0,0.9956527990504169,0.995507156475862,0.9983019232749939,
NA0_LAG50_025,NA0_LAG50,0,50,2,5,unrelated,unrelated,0,0.9949380592514145,0.9946763433161996,0.9955255389213562,
NA0_LAG50_025,NA0_LAG50,0,50,2,6,unrelated,root,0,0.9159242802053739,0.8760080011495751,0.9909531474113464,
NA0_LAG50_025,NA0_LAG50,0,50,3,4,unrelated,unrelated,0,0.996169117851417,0.9958777268542335,0.9937410950660706,
NA0_LAG50_025,NA0_LAG50,0,50,3,5,unrelated,unrelated,0,0.9949921667438092,0.9948840655698559,0.9835245013237,
NA0_LAG50_025,NA0_LAG50,0,50,3,6,unrelated,root,0,0.9196259978727044,0.8816485954468126,0.9879633784294128,
NA0_LAG50_025,NA0_LAG50,0,50,4,5,unrelated,unrelated,0,0.9955567506768591,0.9953108978171219,0.9942966103553772,
NA0_LAG50_025,NA0_LAG50,0,50,4,6,unrelated,root,0,0.9158249950959788,0.8756024571449167,0.9916114807128906,
NA0_LAG50_025,NA0_LAG50,0,50,5,6,unrelated,root,0,0.9166008607978945,0.8760158959875946,0.9798462390899658,
NA0_LAG50_026,NA0_LAG50,0,50,1,2,root,unrelated,0,0.41749064860227,0.13207956197183127,0.9730486273765564,
NA0_LAG50_026,NA0_LAG50,0,50,1,3,root,unrelated,0,0.4158015267754811,0.12253510355061602,0.9564206004142761,
NA0_LAG50_026,NA0_LAG50,0,50,1,4,root,unrelated,0,0.42267531964302213,0.13405878698907814,0.9487463235855103,
NA0_LAG50_026,NA0_LAG50,0,50,1,5,root,unrelated,0,0.4153296626773735,0.12326367039109505,0.9632399082183838,
NA0_LAG50_026,NA0_LAG50,0,50,1,6,root,unrelated,0,0.4168008788110108,0.128493424700675,0.9335915446281433,
NA0_LAG50_026,NA0_LAG50,0,50,2,3,unrelated,unrelated,0,0.9947750852223591,0.9948545015255712,0.9736471176147461,
NA0_LAG50_026,NA0_LAG50,0,50,2,4,unrelated,unrelated,0,0.9949012075593003,0.9948911012728019,0.9682946801185608,
NA0_LAG50_026,NA0_LAG50,0,50,2,5,unrelated,unrelated,0,0.9953296589833786,0.9954253705549941,0.9804198145866394,
NA0_LAG50_026,NA0_LAG50,0,50,2,6,unrelated,unrelated,0,0.9946304230140335,0.9952836841463442,0.9676598310470581,
NA0_LAG50_026,NA0_LAG50,0,50,3,4,unrelated,unrelated,0,0.9944853768364161,0.9947405529415234,0.9982887506484985,
NA0_LAG50_026,NA0_LAG50,0,50,3,5,unrelated,unrelated,0,0.9951334488533408,0.9953383643104529,0.9974122047424316,
NA0_LAG50_026,NA0_LAG50,0,50,3,6,unrelated,unrelated,0,0.994606270150378,0.9951513109016558,0.9920351505279541,
NA0_LAG50_026,NA0_LAG50,0,50,4,5,unrelated,unrelated,0,0.9951075828291996,0.9950861457193277,0.9961984157562256,
NA0_LAG50_026,NA0_LAG50,0,50,4,6,unrelated,unrelated,0,0.9940660026686935,0.9944049783239806,0.9933778643608093,
NA0_LAG50_026,NA0_LAG50,0,50,5,6,unrelated,unrelated,0,0.9948963652169505,0.9954476739081974,0.988309919834137,
NA0_LAG50_027,NA0_LAG50,0,50,1,2,unrelated,unrelated,0,0.9952679351790822,0.9953077748324094,0.9941170811653137,
NA0_LAG50_027,NA0_LAG50,0,50,1,3,unrelated,unrelated,0,0.9944534097314329,0.9944567821596118,0.9969537854194641,
NA0_LAG50_027,NA0_LAG50,0,50,1,4,unrelated,root,0,0.5772225063997599,0.04220757263970825,0.8920938968658447,
NA0_LAG50_027,NA0_LAG50,0,50,1,5,unrelated,unrelated,0,0.9956565282508845,0.9959369206057269,0.994874894618988,
NA0_LAG50_027,NA0_LAG50,0,50,1,6,unrelated,unrelated,0,0.9955128619598739,0.9959101757039738,0.9951916933059692,
NA0_LAG50_027,NA0_LAG50,0,50,2,3,unrelated,unrelated,0,0.994772266397543,0.9941709775538633,0.9918802976608276,
NA0_LAG50_027,NA0_LAG50,0,50,2,4,unrelated,root,0,0.5797733696017162,0.04605585910357743,0.902219831943512,
NA0_LAG50_027,NA0_LAG50,0,50,2,5,unrelated,unrelated,0,0.9951444507669011,0.9953013237516359,0.9942627549171448,
NA0_LAG50_027,NA0_LAG50,0,50,2,6,unrelated,unrelated,0,0.9952823612248116,0.995162362314147,0.9868825674057007,
NA0_LAG50_027,NA0_LAG50,0,50,3,4,unrelated,root,0,0.5726890498728587,0.04109424043482342,0.9014953970909119,
NA0_LAG50_027,NA0_LAG50,0,50,3,5,unrelated,unrelated,0,0.9957169968307806,0.99618761100468,0.9926846623420715,
NA0_LAG50_027,NA0_LAG50,0,50,3,6,unrelated,unrelated,0,0.9951393582524287,0.9950918503223892,0.9977325797080994,
NA0_LAG50_027,NA0_LAG50,0,50,4,5,root,unrelated,0,0.5765593414183241,0.03590537120995768,0.8829253911972046,
NA0_LAG50_027,NA0_LAG50,0,50,4,6,root,unrelated,0,0.5745716077850459,0.041139588893601725,0.9047832489013672,
NA0_LAG50_027,NA0_LAG50,0,50,5,6,unrelated,unrelated,0,0.995605513270291,0.9959497283286849,0.9885005354881287,
NA0_LAG50_028,NA0_LAG50,0,50,1,2,unrelated,unrelated,0,0.9953238615793459,0.9953927517038552,0.9897093176841736,
NA0_LAG50_028,NA0_LAG50,0,50,1,3,unrelated,unrelated,0,0.9960706035999732,0.9960296007307797,0.9899731278419495,
NA0_LAG50_028,NA0_LAG50,0,50,1,4,unrelated,unrelated,0,0.9955860950378902,0.9954911302188185,0.9973206520080566,
NA0_LAG50_028,NA0_LAG50,0,50,1,5,unrelated,root,0,0.9389962072375645,0.9096615271848701,0.9900112748146057,
NA0_LAG50_028,NA0_LAG50,0,50,1,6,unrelated,unrelated,0,0.9956571139802597,0.9960082848465729,0.983664333820343,
NA0_LAG50_028,NA0_LAG50,0,50,2,3,unrelated,unrelated,0,0.9954021229605989,0.9952149429265701,0.995608925819397,
NA0_LAG50_028,NA0_LAG50,0,50,2,4,unrelated,unrelated,0,0.9955063090208182,0.9954002173494764,0.9898194670677185,
NA0_LAG50_028,NA0_LAG50,0,50,2,5,unrelated,root,0,0.9399677807105148,0.9107359098734502,0.9960823655128479,
NA0_LAG50_028,NA0_LAG50,0,50,2,6,unrelated,unrelated,0,0.9952813134186351,0.9949333394025153,0.9875150918960571,
NA0_LAG50_028,NA0_LAG50,0,50,3,4,unrelated,unrelated,0,0.9955372005542104,0.9951652349056128,0.9862367510795593,
NA0_LAG50_028,NA0_LAG50,0,50,3,5,unrelated,root,0,0.942368937933898,0.9148329822048746,0.9939990639686584,
NA0_LAG50_028,NA0_LAG50,0,50,3,6,unrelated,unrelated,0,0.9953026888254585,0.9951756351601464,0.9903361797332764,
NA0_LAG50_028,NA0_LAG50,0,50,4,5,unrelated,root,0,0.938562445165245,0.9091115101256935,0.9893221855163574,
NA0_LAG50_028,NA0_LAG50,0,50,4,6,unrelated,unrelated,0,0.9952256845164711,0.9954446943626881,0.9782304763793945,
NA0_LAG50_028,NA0_LAG50,0,50,5,6,root,unrelated,0,0.9417225590172036,0.9140424602817498,0.9832791686058044,
NA0_LAG50_029,NA0_LAG50,0,50,1,2,unrelated,unrelated,0,0.9948073102567996,0.9952098649804646,0.9625646471977234,
NA0_LAG50_029,NA0_LAG50,0,50,1,3,unrelated,unrelated,0,0.9951756726158398,0.9958196724268358,0.968104362487793,
NA0_LAG50_029,NA0_LAG50,0,50,1,4,unrelated,root,0,0.5694399092697663,0.032462682721574834,0.7851582765579224,
NA0_LAG50_029,NA0_LAG50,0,50,1,5,unrelated,unrelated,0,0.9947952025107892,0.995495329360277,0.9900903105735779,
NA0_LAG50_029,NA0_LAG50,0,50,1,6,unrelated,unrelated,0,0.9951860562542997,0.9950094083871368,0.9923547506332397,
NA0_LAG50_029,NA0_LAG50,0,50,2,3,unrelated,unrelated,0,0.9951264527389901,0.9950411248527118,0.9974903464317322,
NA0_LAG50_029,NA0_LAG50,0,50,2,4,unrelated,root,0,0.5689659946147209,0.035626787744170024,0.8615463972091675,
NA0_LAG50_029,NA0_LAG50,0,50,2,5,unrelated,unrelated,0,0.9946556985197944,0.9946569774987883,0.985220730304718,
NA0_LAG50_029,NA0_LAG50,0,50,2,6,unrelated,unrelated,0,0.9949051688600004,0.9947719560872468,0.9776167273521423,
NA0_LAG50_029,NA0_LAG50,0,50,3,4,unrelated,root,0,0.5650033743455147,0.02662738653689679,0.8557348251342773,
NA0_LAG50_029,NA0_LAG50,0,50,3,5,unrelated,unrelated,0,0.9951324929643163,0.9953768505790829,0.9891661405563354,
NA0_LAG50_029,NA0_LAG50,0,50,3,6,unrelated,unrelated,0,0.994859339054911,0.9950025567530187,0.9813409447669983,
NA0_LAG50_029,NA0_LAG50,0,50,4,5,root,unrelated,0,0.5686638182866707,0.03505729396634264,0.8346827030181885,
NA0_LAG50_029,NA0_LAG50,0,50,4,6,root,unrelated,0,0.5721867316777025,0.02705782507271499,0.8225808143615723,
NA0_LAG50_029,NA0_LAG50,0,50,5,6,unrelated,unrelated,0,0.9948919334900262,0.9947282527252028,0.9967249035835266,
NA1_LAG10_000,NA1_LAG10,1,10,1,2,unrelated,unrelated,0,0.9947904390738989,0.9947441111947746,0.99626624584198,
NA1_LAG10_000,NA1_LAG10,1,10,1,3,unrelated,cascade,0,0.44286860625313035,0.16345922396796803,0.8945983648300171,
NA1_LAG10_000,NA1_LAG10,1,10,1,4,unrelated,unrelated,0,0.9946832732749564,0.9945804507570953,0.9945021271705627,
NA1_LAG10_000,NA1_LAG10,1,10,1,5,unrelated,root,0,0.41355530067103125,0.12391068888267116,0.9327090382575989,
NA1_LAG10_000,NA1_LAG10,1,10,1,6,unrelated,unrelated,0,0.9952080509344161,0.9948567435993316,0.9954319596290588,
NA1_LAG10_000,NA1_LAG10,1,10,2,3,unrelated,cascade,0,0.43785944654565456,0.1574394185827878,0.8969221711158752,
NA1_LAG10_000,NA1_LAG10,1,10,2,4,unrelated,unrelated,0,0.9949997131858832,0.99548734240592,0.9896579384803772,
NA1_LAG10_000,NA1_LAG10,1,10,2,5,unrelated,root,0,0.40879323127204187,0.11857688834357742,0.9215593934059143,
NA1_LAG10_000,NA1_LAG10,1,10,2,6,unrelated,unrelated,0,0.9954971735314591,0.9956581041956823,0.9969459772109985,
NA1_LAG10_000,NA1_LAG10,1,10,3,4,cascade,unrelated,0,0.4449736126534498,0.16938463778021423,0.9164233803749084,
NA1_LAG10_000,NA1_LAG10,1,10,3,5,cascade,root,1,0.98926981445395,0.9860168033141105,0.966518223285675,True
NA1_LAG10_000,NA1_LAG10,1,10,3,6,cascade,unrelated,0,0.4463458219866719,0.16777608666989158,0.9122269749641418,
NA1_LAG10_000,NA1_LAG10,1,10,4,5,unrelated,root,0,0.4151879121450753,0.129790082478079,0.9569511413574219,
NA1_LAG10_000,NA1_LAG10,1,10,4,6,unrelated,unrelated,0,0.9952964976336165,0.9957320870096599,0.994372546672821,
NA1_LAG10_000,NA1_LAG10,1,10,5,6,root,unrelated,0,0.41717518607082094,0.1285212454708968,0.9386800527572632,
NA1_LAG10_001,NA1_LAG10,1,10,1,2,unrelated,mild,0,0.9884193723591731,0.9848754605353451,0.9970141649246216,
NA1_LAG10_001,NA1_LAG10,1,10,1,3,unrelated,unrelated,0,0.9950148768669483,0.9946064441778075,0.9961358308792114,
NA1_LAG10_001,NA1_LAG10,1,10,1,4,unrelated,root,0,0.9184059756805525,0.8789065119730515,0.9892944693565369,
NA1_LAG10_001,NA1_LAG10,1,10,1,5,unrelated,unrelated,0,0.9951356676905999,0.9948315096508303,0.9782742857933044,
NA1_LAG10_001,NA1_LAG10,1,10,1,6,unrelated,unrelated,0,0.9955500968935315,0.9951609434381301,0.9928897023200989,
NA1_LAG10_001,NA1_LAG10,1,10,2,3,mild,unrelated,0,0.9876644769625353,0.9843183243673798,0.9964383244514465,
NA1_LAG10_001,NA1_LAG10,1,10,2,4,mild,root,1,0.9563804745885653,0.935968381340316,0.9923503994941711,True
NA1_LAG10_001,NA1_LAG10,1,10,2,5,mild,unrelated,0,0.987549403803048,0.984025335045935,0.978360116481781,
NA1_LAG10_001,NA1_LAG10,1,10,2,6,mild,unrelated,0,0.9892027259216196,0.9863877265032395,0.9909325242042542,
NA1_LAG10_001,NA1_LAG10,1,10,3,4,unrelated,root,0,0.9186666841577985,0.8793894485802545,0.9844979643821716,
NA1_LAG10_001,NA1_LAG10,1,10,3,5,unrelated,unrelated,0,0.9948847060541942,0.9946806463976592,0.9895849227905273,
NA1_LAG10_001,NA1_LAG10,1,10,3,6,unrelated,unrelated,0,0.9952593711084041,0.994963105480566,0.9967182874679565,
NA1_LAG10_001,NA1_LAG10,1,10,4,5,root,unrelated,0,0.918679131391163,0.8794030825293085,0.956089198589325,
NA1_LAG10_001,NA1_LAG10,1,10,4,6,root,unrelated,0,0.9211548364100002,0.8830491433913902,0.9750417470932007,
NA1_LAG10_001,NA1_LAG10,1,10,5,6,unrelated,unrelated,0,0.9952584167220251,0.99467456284707,0.9937546253204346,
NA1_LAG10_002,NA1_LAG10,1,10,1,2,unrelated,mild,0,0.882024680242625,0.9065531876335509,0.904719889163971,
NA1_LAG10_002,NA1_LAG10,1,10,1,3,unrelated,unrelated,0,0.994873706759548,0.995276503495433,0.9909932613372803,
NA1_LAG10_002,NA1_LAG10,1,10,1,4,unrelated,unrelated,0,0.9954223323975039,0.9951738122581907,0.9961438775062561,
NA1_LAG10_002,NA1_LAG10,1,10,1,5,unrelated,root,0,0.3363433795735799,0.9948588620553558,0.7983977794647217,
NA1_LAG10_002,NA1_LAG10,1,10,1,6,unrelated,unrelated,0,0.9952311014090465,0.9948890546965979,0.9937527179718018,
NA1_LAG10_002,NA1_LAG10,1,10,2,3,mild,unrelated,0,0.8793800595712036,0.9049905488904006,0.9056593775749207,
NA1_LAG10_002,NA1_LAG10,1,10,2,4,mild,unrelated,0,0.8787519604937807,0.9019118082070784,0.9063169360160828,
NA1_LAG10_002,NA1_LAG10,1,10,2,5,mild,root,1,0.07997168690205703,0.901047228602645,0.936056911945343,True
NA1_LAG10_002,NA1_LAG10,1,10,2,6,mild,unrelated,0,0.8813664788596092,0.9039255709911719,0.9042583703994751,
NA1_LAG10_002,NA1_LAG10,1,10,3,4,unrelated,unrelated,0,0.9948671658949907,0.9950491153713744,0.9966145157814026,
NA1_LAG10_002,NA1_LAG10,1,10,3,5,unrelated,root,0,0.340385752317779,0.9948049408814738,0.8123141527175903,
NA1_LAG10_002,NA1_LAG10,1,10,3,6,unrelated,unrelated,0,0.9953279181975115,0.9953666320706565,0.9965888261795044,
NA1_LAG10_002,NA1_LAG10,1,10,4,5,unrelated,root,0,0.33995694218432615,0.995846262926925,0.8096341490745544,
NA1_LAG10_002,NA1_LAG10,1,10,4,6,unrelated,unrelated,0,0.9952820769893537,0.9951639315983083,0.9970022439956665,
NA1_LAG10_002,NA1_LAG10,1,10,5,6,root,unrelated,0,0.33626735440626865,0.9953576778584103,0.8056883215904236,
NA1_LAG10_003,NA1_LAG10,1,10,1,2,unrelated,unrelated,0,0.9953150295694404,0.9952338869495531,0.9956183433532715,
NA1_LAG10_003,NA1_LAG10,1,10,1,3,unrelated,mild,0,0.9296818693336454,0.897825140888238,0.9707986116409302,
NA1_LAG10_003,NA1_LAG10,1,10,1,4,unrelated,unrelated,0,0.9947924666909196,0.9951303180324862,0.987646222114563,
NA1_LAG10_003,NA1_LAG10,1,10,1,5,unrelated,unrelated,0,0.9951477038356135,0.9949086089469669,0.9970508813858032,
NA1_LAG10_003,NA1_LAG10,1,10,1,6,unrelated,root,0,0.41794684982740354,0.12264769745373212,0.9243737459182739,
NA1_LAG10_003,NA1_LAG10,1,10,2,3,unrelated,mild,0,0.9328125738870278,0.9018442089826465,0.9749404788017273,
NA1_LAG10_003,NA1_LAG10,1,10,2,4,unrelated,unrelated,0,0.9950364565313661,0.9947678760674038,0.9943905472755432,
NA1_LAG10_003,NA1_LAG10,1,10,2,5,unrelated,unrelated,0,0.9949270933070341,0.9946190194066477,0.9956305623054504,
NA1_LAG10_003,NA1_LAG10,1,10,2,6,unrelated,root,0,0.42622731458918545,0.13179543326533663,0.9328569769859314,
NA1_LAG10_003,NA1_LAG10,1,10,3,4,mild,unrelated,0,0.9315608393567675,0.8996444101501441,0.9692678451538086,
NA1_LAG10_003,NA1_LAG10,1,10,3,5,mild,unrelated,0,0.9303467069545518,0.8992580412309652,0.9767675399780273,
NA1_LAG10_003,NA1_LAG10,1,10,3,6,mild,root,1,0.7048795814944819,0.524842217624209,0.90299391746521,True
NA1_LAG10_003,NA1_LAG10,1,10,4,5,unrelated,unrelated,0,0.9950144281658159,0.995438500806573,0.9907614588737488,
NA1_LAG10_003,NA1_LAG10,1,10,4,6,unrelated,root,0,0.42251569826766827,0.12527670962616122,0.9499163031578064,
NA1_LAG10_003,NA1_LAG10,1,10,5,6,unrelated,root,0,0.41990069473550296,0.12552142775077765,0.9321512579917908,
NA1_LAG10_004,NA1_LAG10,1,10,1,2,unrelated,unrelated,0,0.9950865326047865,0.9948669575125512,0.9913640022277832,
NA1_LAG10_004,NA1_LAG10,1,10,1,3,unrelated,unrelated,0,0.9957128047452029,0.9952853533488336,0.993693470954895,
NA1_LAG10_004,NA1_LAG10,1,10,1,4,unrelated,mild,0,0.9861153124257979,0.9811181844522264,0.9964640140533447,
NA1_LAG10_004,NA1_LAG10,1,10,1,5,unrelated,unrelated,0,0.9956928819199642,0.9956932242628922,0.9691042304039001,
NA1_LAG10_004,NA1_LAG10,1,10,1,6,unrelated,root,0,0.9288026078442367,0.8947911747513777,0.9963638186454773,
NA1_LAG10_004,NA1_LAG10,1,10,2,3,unrelated,unrelated,0,0.9953401638616446,0.9953040052609297,0.9973041415214539,
NA1_LAG10_004,NA1_LAG10,1,10,2,4,unrelated,mild,0,0.9844862876905788,0.9792984852075219,0.9967097640037537,
NA1_LAG10_004,NA1_LAG10,1,10,2,5,unrelated,unrelated,0,0.9944643525143214,0.9948663371520662,0.9884781837463379,
NA1_LAG10_004,NA1_LAG10,1,10,2,6,unrelated,root,0,0.9269843174973474,0.8922135017135914,0.9878122806549072,
NA1_LAG10_004,NA1_LAG10,1,10,3,4,unrelated,mild,0,0.9852645796552422,0.9802478855066693,0.9968444108963013,
NA1_LAG10_004,NA1_LAG10,1,10,3,5,unrelated,unrelated,0,0.9946351676437735,0.9947824665333497,0.9860470294952393,
NA1_LAG10_004,NA1_LAG10,1,10,3,6,unrelated,root,0,0.9284465994659442,0.8939662334266147,0.9926143884658813,
NA1_LAG10_004,NA1_LAG10,1,10,4,5,mild,unrelated,0,0.9848573775488715,0.9800145604414525,0.9800177812576294,
NA1_LAG10_004,NA1_LAG10,1,10,4,6,mild,root,1,0.9695204588617864,0.9562912035023229,0.9943755269050598,True
NA1_LAG10_004,NA1_LAG10,1,10,5,6,unrelated,root,0,0.9269099390217737,0.8924941259622315,0.9693912863731384,
NA1_LAG10_005,NA1_LAG10,1,10,1,2,cascade,root,1,0.8339373849018781,0.836448531401,0.9842483401298523,False
NA1_LAG10_005,NA1_LAG10,1,10,1,3,cascade,unrelated,0,0.9572824854298302,0.9950426244710859,0.9932361245155334,
NA1_LAG10_005,NA1_LAG10,1,10,1,4,cascade,unrelated,0,0.9583023620570552,0.9949542694065405,0.9874361157417297,
NA1_LAG10_005,NA1_LAG10,1,10,1,5,cascade,unrelated,0,0.9588153041208385,0.9954282414432186,0.9806936979293823,
NA1_LAG10_005,NA1_LAG10,1,10,1,6,cascade,unrelated,0,0.9598441043536245,0.9954573838682701,0.9846668243408203,
NA1_LAG10_005,NA1_LAG10,1,10,2,3,root,unrelated,0,0.8909037637571444,0.838190960365827,0.9906217455863953,
NA1_LAG10_005,NA1_LAG10,1,10,2,4,root,unrelated,0,0.8898373442198594,0.8362525167473842,0.9904425144195557,
NA1_LAG10_005,NA1_LAG10,1,10,2,5,root,unrelated,0,0.8921199469632082,0.8405169337946805,0.991692841053009,
NA1_LAG10_005,NA1_LAG10,1,10,2,6,root,unrelated,0,0.8898196142203348,0.8372369033880983,0.993898332118988,
NA1_LAG10_005,NA1_LAG10,1,10,3,4,unrelated,unrelated,0,0.9952418958504571,0.9952004659072528,0.9861102104187012,
NA1_LAG10_005,NA1_LAG10,1,10,3,5,unrelated,unrelated,0,0.9949440405529237,0.994843896897116,0.9807634353637695,
NA1_LAG10_005,NA1_LAG10,1,10,3,6,unrelated,unrelated,0,0.9950263811305985,0.9947346826260824,0.989421010017395,
NA1_LAG10_005,NA1_LAG10,1,10,4,5,unrelated,unrelated,0,0.9951117937400258,0.994718999235351,0.9969157576560974,
NA1_LAG10_005,NA1_LAG10,1,10,4,6,unrelated,unrelated,0,0.995196735236038,0.9954083539967173,0.996404230594635,
NA1_LAG10_005,NA1_LAG10,1,10,5,6,unrelated,unrelated,0,0.9947070342228607,0.9949861188290793,0.9959310293197632,
NA1_LAG10_006,NA1_LAG10,1,10,1,2,unrelated,unrelated,0,0.9949776846035502,0.9952268873922895,0.9980947375297546,
NA1_LAG10_006,NA1_LAG10,1,10,1,3,unrelated,unrelated,0,0.9951464452294952,0.9953872116555118,0.9951538443565369,
NA1_LAG10_006,NA1_LAG10,1,10,1,4,unrelated,cascade,0,0.4515351316636857,0.17492144972696186,0.9669932126998901,
NA1_LAG10_006,NA1_LAG10,1,10,1,5,unrelated,unrelated,0,0.9949600224731999,0.9947576226376664,0.9958142638206482,
NA1_LAG10_006,NA1_LAG10,1,10,1,6,unrelated,root,0,0.9596332095283311,0.9966174040162575,0.9870834350585938,
NA1_LAG10_006,NA1_LAG10,1,10,2,3,unrelated,unrelated,0,0.9947238753022793,0.9946549369253855,0.9971408247947693,
NA1_LAG10_006,NA1_LAG10,1,10,2,4,unrelated,cascade,0,0.4520273974940034,0.17283319534394076,0.9680911302566528,
NA1_LAG10_006,NA1_LAG10,1,10,2,5,unrelated,unrelated,0,0.9944202261753925,0.9947650627604999,0.9973087310791016,
NA1_LAG10_006,NA1_LAG10,1,10,2,6,unrelated,root,0,0.9586163404007879,0.9970278610525446,0.9889358282089233,
NA1_LAG10_006,NA1_LAG10,1,10,3,4,unrelated,cascade,0,0.45984262049581226,0.1831304666083876,0.9663815498352051,
NA1_LAG10_006,NA1_LAG10,1,10,3,5,unrelated,unrelated,0,0.9943792168858465,0.9947282475270803,0.9952138662338257,
NA1_LAG10_006,NA1_LAG10,1,10,3,6,unrelated,root,0,0.9580236823962274,0.9967085557792522,0.9906620979309082,
NA1_LAG10_006,NA1_LAG10,1,10,4,5,cascade,unrelated,0,0.44880785138449875,0.16885681289404159,0.9596265554428101,
NA1_LAG10_006,NA1_LAG10,1,10,4,6,cascade,root,1,0.325342911960858,0.17087190257954046,0.9352183938026428,False
NA1_LAG10_006,NA1_LAG10,1,10,5,6,unrelated,root,0,0.9588489311342525,0.9970619528358535,0.9880443215370178,
NA1_LAG10_007,NA1_LAG10,1,10,1,2,unrelated,root,0,0.9604909666139156,0.996424363884523,0.9759828448295593,
NA1_LAG10_007,NA1_LAG10,1,10,1,3,unrelated,unrelated,0,0.9949626065613498,0.9948781163443774,0.9902279376983643,
NA1_LAG10_007,NA1_LAG10,1,10,1,4,unrelated,unrelated,0,0.9940463869784039,0.9937596487461823,0.992228627204895,
NA1_LAG10_007,NA1_LAG10,1,10,1,5,unrelated,unrelated,0,0.9948696002186226,0.9949474643409051,0.9786196947097778,
NA1_LAG10_007,NA1_LAG10,1,10,1,6,unrelated,cascade,0,0.9600379546368792,0.9944283691030216,0.9824507832527161,
NA1_LAG10_007,NA1_LAG10,1,10,2,3,root,unrelated,0,0.9605946071953376,0.9969944820310542,0.9769818186759949,
NA1_LAG10_007,NA1_LAG10,1,10,2,4,root,unrelated,0,0.9572459873063682,0.9962467477634971,0.9914624691009521,
NA1_LAG10_007,NA1_LAG10,1,10,2,5,root,unrelated,0,0.9604156923186928,0.9970592666595848,0.978519082069397,
NA1_LAG10_007,NA1_LAG10,1,10,2,6,root,cascade,1,0.9967264550579525,0.9970430100770848,0.9890249371528625,True
NA1_LAG10_007,NA1_LAG10,1,10,3,4,unrelated,unrelated,0,0.9944117888733853,0.9938649053007559,0.9837685227394104,
NA1_LAG10_007,NA1_LAG10,1,10,3,5,unrelated,unrelated,0,0.995006952142564,0.9952199575081556,0.9950443506240845,
NA1_LAG10_007,NA1_LAG10,1,10,3,6,unrelated,cascade,0,0.9597102322196798,0.9944793994345474,0.9939751625061035,
NA1_LAG10_007,NA1_LAG10,1,10,4,5,unrelated,unrelated,0,0.9942879046705626,0.9943424775050551,0.977669894695282,
NA1_LAG10_007,NA1_LAG10,1,10,4,6,unrelated,cascade,0,0.9571569381769054,0.9948581976803131,0.9861420392990112,
NA1_LAG10_007,NA1_LAG10,1,10,5,6,unrelated,cascade,0,0.9602227974513549,0.9952105202237805,0.9967182874679565,
NA1_LAG10_008,NA1_LAG10,1,10,1,2,mild,unrelated,0,0.9762554242373267,0.9670366896038218,0.9608827233314514,
NA1_LAG10_008,NA1_LAG10,1,10,1,3,mild,unrelated,0,0.9763778558406419,0.9673786934362152,0.9965140223503113,
NA1_LAG10_008,NA1_LAG10,1,10,1,4,mild,root,1,0.9485418417268145,0.9238499362011067,0.996242880821228,True
NA1_LAG10_008,NA1_LAG10,1,10,1,5,mild,unrelated,0,0.9764740292254599,0.9679009002259467,0.9940321445465088,
NA1_LAG10_008,NA1_LAG10,1,10,1,6,mild,unrelated,0,0.9762820183646185,0.9670179885862277,0.9879885315895081,
NA1_LAG10_008,NA1_LAG10,1,10,2,3,unrelated,unrelated,0,0.9951212652094611,0.9954330277751476,0.9553511142730713,
NA1_LAG10_008,NA1_LAG10,1,10,2,4,unrelated,root,0,0.873804794924428,0.8124338769589357,0.971526563167572,
NA1_LAG10_008,NA1_LAG10,1,10,2,5,unrelated,unrelated,0,0.9952218598080932,0.995609834752493,0.9781729578971863,
NA1_LAG10_008,NA1_LAG10,1,10,2,6,unrelated,unrelated,0,0.9945680011903356,0.9946439311147485,0.9884172677993774,
NA1_LAG10_008,NA1_LAG10,1,10,3,4,unrelated,root,0,0.8743116484611122,0.8140587132848853,0.9921524524688721,
NA1_LAG10_008,NA1_LAG10,1,10,3,5,unrelated,unrelated,0,0.9952079172837565,0.9955842253136148,0.9911718964576721,
NA1_LAG10_008,NA1_LAG10,1,10,3,6,unrelated,unrelated,0,0.9943812640152071,0.9948092564507,0.9837402105331421,
NA1_LAG10_008,NA1_LAG10,1,10,4,5,root,unrelated,0,0.8749222043978647,0.8149727340295188,0.9953217506408691,
NA1_LAG10_008,NA1_LAG10,1,10,4,6,root,unrelated,0,0.8736185578102458,0.8130874798216893,0.9917396903038025,
NA1_LAG10_008,NA1_LAG10,1,10,5,6,unrelated,unrelated,0,0.9945424692030587,0.995099124229982,0.9939783215522766,
NA1_LAG10_009,NA1_LAG10,1,10,1,2,unrelated,mild,0,0.9548177361193608,0.988977402940406,0.9916691780090332,
NA1_LAG10_009,NA1_LAG10,1,10,1,3,unrelated,unrelated,0,0.9947103962543277,0.9945529659262483,0.9953020215034485,
NA1_LAG10_009,NA1_LAG10,1,10,1,4,unrelated,unrelated,0,0.9948370708486051,0.9945540642278454,0.9949752688407898,
NA1_LAG10_009,NA1_LAG10,1,10,1,5,unrelated,root,0,0.9603778267449333,0.996807112469512,0.9790728688240051,
NA1_LAG10_009,NA1_LAG10,1,10,1,6,unrelated,unrelated,0,0.9939834384885382,0.9939712357630334,0.994510293006897,
NA1_LAG10_009,NA1_LAG10,1,10,2,3,mild,unrelated,0,0.9594572809870666,0.9914974150032063,0.995143711566925,
NA1_LAG10_009,NA1_LAG10,1,10,2,4,mild,unrelated,0,0.9566415441125193,0.9907135645780643,0.9917692542076111,
NA1_LAG10_009,NA1_LAG10,1,10,2,5,mild,root,1,0.8687251028202478,0.9915750696048047,0.9731519222259521,False
NA1_LAG10_009,NA1_LAG10,1,10,2,6,mild,unrelated,0,0.9594584187896332,0.989909292193782,0.9969022274017334,
NA1_LAG10_009,NA1_LAG10,1,10,3,4,unrelated,unrelated,0,0.9947706886030465,0.9950268402524819,0.9970781803131104,
NA1_LAG10_009,NA1_LAG10,1,10,3,5,unrelated,root,0,0.9576699593355512,0.9966523417877166,0.9873747229576111,
NA1_LAG10_009,NA1_LAG10,1,10,3,6,unrelated,unrelated,0,0.9947438652862213,0.9947695232358358,0.9973445534706116,
NA1_LAG10_009,NA1_LAG10,1,10,4,5,unrelated,root,0,0.9604993828663732,0.9967482386221191,0.9873154163360596,
NA1_LAG10_009,NA1_LAG10,1,10,4,6,unrelated,unrelated,0,0.9946127623978247,0.9949955787140257,0.9969855546951294,
NA1_LAG10_009,NA1_LAG10,1,10,5,6,root,unrelated,0,0.9577356575527693,0.9968048417956655,0.9827303886413574,
NA1_LAG10_010,NA1_LAG10,1,10,1,2,unrelated,cascade,0,0.9587141951859872,0.9959440563165931,0.9956981539726257,
NA1_LAG10_010,NA1_LAG10,1,10,1,3,unrelated,unrelated,0,0.9949569833090955,0.9943010145457537,0.9944041967391968,
NA1_LAG10_010,NA1_LAG10,1,10,1,4,unrelated,unrelated,0,0.9953101519273427,0.9951560675019223,0.9942642450332642,
NA1_LAG10_010,NA1_LAG10,1,10,1,5,unrelated,root,0,0.4161965301738123,0.12411259733319868,0.9419726133346558,
NA1_LAG10_010,NA1_LAG10,1,10,1,6,unrelated,unrelated,0,0.9953253978734183,0.9953914455156214,0.9946230053901672,
NA1_LAG10_010,NA1_LAG10,1,10,2,3,cascade,unrelated,0,0.9566665109850064,0.9950230245770463,0.98979651927948,
NA1_LAG10_010,NA1_LAG10,1,10,2,4,cascade,unrelated,0,0.9577544008712373,0.9952291379141234,0.9910678267478943,
NA1_LAG10_010,NA1_LAG10,1,10,2,5,cascade,root,1,0.2791556259751185,0.11217499224295853,0.9429683685302734,False
NA1_LAG10_010,NA1_LAG10,1,10,2,6,cascade,unrelated,0,0.9545973212556844,0.9947871484025445,0.9892501831054688,
NA1_LAG10_010,NA1_LAG10,1,10,3,4,unrelated,unrelated,0,0.9949674132622576,0.9945728593417626,0.9816426634788513,
NA1_LAG10_010,NA1_LAG10,1,10,3,5,unrelated,root,0,0.4192106480651926,0.1250763641265675,0.9115282893180847,
NA1_LAG10_010,NA1_LAG10,1,10,3,6,unrelated,unrelated,0,0.9943581739956631,0.994006738890959,0.9852179288864136,
NA1_LAG10_010,NA1_LAG10,1,10,4,5,unrelated,root,0,0.41680216593152,0.12365168610404827,0.9680373668670654,
NA1_LAG10_010,NA1_LAG10,1,10,4,6,unrelated,unrelated,0,0.9947763426936175,0.9948762474560023,0.9968193769454956,
NA1_LAG10_010,NA1_LAG10,1,10,5,6,root,unrelated,0,0.41894659707603205,0.12143563448098292,0.9620804190635681,
NA1_LAG10_011,NA1_LAG10,1,10,1,2,unrelated,unrelated,0,0.9952208277328664,0.9955745438865431,0.9863571524620056,
NA1_LAG10_011,NA1_LAG10,1,10,1,3,unrelated,unrelated,0,0.9956219500950807,0.9961100186004772,0.9875519275665283,
NA1_LAG10_011,NA1_LAG10,1,10,1,4,unrelated,unrelated,0,0.9941832451518541,0.9949663974860209,0.997992992401123,
NA1_LAG10_011,NA1_LAG10,1,10,1,5,unrelated,root,0,0.9567119459699304,0.9969179643772936,0.990894079208374,
NA1_LAG10_011,NA1_LAG10,1,10,1,6,unrelated,mild,0,0.9860377404818285,0.9938062003617224,0.994773805141449,
NA1_LAG10_011,NA1_LAG10,1,10,2,3,unrelated,unrelated,0,0.9956168087879741,0.9954918579088066,0.9982789158821106,
NA1_LAG10_011,NA1_LAG10,1,10,2,4,unrelated,unrelated,0,0.9945513816188501,0.9944132412140017,0.9839655160903931,
NA1_LAG10_011,NA1_LAG10,1,10,2,5,unrelated,root,0,0.9598052391507906,0.9966675534304491,0.9757311940193176,
NA1_LAG10_011,NA1_LAG10,1,10,2,6,unrelated,mild,0,0.9877460797395067,0.9937014032237258,0.9834703803062439,
NA1_LAG10_011,NA1_LAG10,1,10,3,4,unrelated,unrelated,0,0.9951944085307205,0.995346682422732,0.9851073026657104,
NA1_LAG10_011,NA1_LAG10,1,10,3,5,unrelated,root,0,0.9583326423060099,0.9970268653940668,0.9759277105331421,
NA1_LAG10_011,NA1_LAG10,1,10,3,6,unrelated,mild,0,0.9870493799171508,0.9941954166041078,0.9839913845062256,
NA1_LAG10_011,NA1_LAG10,1,10,4,5,unrelated,root,0,0.9600746009570881,0.996442206319743,0.9920604228973389,
NA1_LAG10_011,NA1_LAG10,1,10,4,6,unrelated,mild,0,0.9877189845169071,0.9937367687113319,0.9960360527038574,
NA1_LAG10_011,NA1_LAG10,1,10,5,6,root,mild,1,0.9827489387377221,0.9953279622060074,0.9928293824195862,True
NA1_LAG10_012,NA1_LAG10,1,10,1,2,unrelated,unrelated,0,0.9949965782668864,0.9954389095754251,0.9944528341293335,
NA1_LAG10_012,NA1_LAG10,1,10,1,3,unrelated,unrelated,0,0.9951698446730695,0.9954556280031741,0.995838463306427,
NA1_LAG10_012,NA1_LAG10,1,10,1,4,unrelated,unrelated,0,0.99530086160752,0.9953707171987094,0.9967125058174133,
NA1_LAG10_012,NA1_LAG10,1,10,1,5,unrelated,root,0,0.8950835459549943,0.8435887916724915,0.9907705187797546,
NA1_LAG10_012,NA1_LAG10,1,10,1,6,unrelated,cascade,0,0.8402794239040393,0.761853093661537,0.9933406114578247,
NA1_LAG10_012,NA1_LAG10,1,10,2,3,unrelated,unrelated,0,0.9948813261907776,0.9948545547887497,0.9964405298233032,
NA1_LAG10_012,NA1_LAG10,1,10,2,4,unrelated,unrelated,0,0.9952059408115785,0.995294281250872,0.9952945709228516,
NA1_LAG10_012,NA1_LAG10,1,10,2,5,unrelated,root,0,0.8945977688291457,0.8438552776782514,0.9784497022628784,
NA1_LAG10_012,NA1_LAG10,1,10,2,6,unrelated,cascade,0,0.8404140801929258,0.7633808119898657,0.9838481545448303,
NA1_LAG10_012,NA1_LAG10,1,10,3,4,unrelated,unrelated,0,0.9945724116379474,0.9950582049220669,0.9980508089065552,
NA1_LAG10_012,NA1_LAG10,1,10,3,5,unrelated,root,0,0.8953792269032806,0.8444830220664544,0.9797447919845581,
NA1_LAG10_012,NA1_LAG10,1,10,3,6,unrelated,cascade,0,0.8402787188466633,0.7636025075273157,0.9836000800132751,
NA1_LAG10_012,NA1_LAG10,1,10,4,5,unrelated,root,0,0.8978421893040298,0.84844787738346,0.9829922914505005,
NA1_LAG10_012,NA1_LAG10,1,10,4,6,unrelated,cascade,0,0.8431045603561352,0.767001685248028,0.9862640500068665,
NA1_LAG10_012,NA1_LAG10,1,10,5,6,root,cascade,1,0.9882255100791562,0.9849767324925454,0.9953812956809998,True
NA1_LAG10_013,NA1_LAG10,1,10,1,2,root,cascade,1,0.989052200758515,0.985918530436162,0.9845002293586731,True
NA1_LAG10_013,NA1_LAG10,1,10,1,3,root,unrelated,0,0.4097345947429004,0.1163547005527306,0.9137453436851501,
NA1_LAG10_013,NA1_LAG10,1,10,1,4,root,unrelated,0,0.41388930363133714,0.12415042745646225,0.9232136011123657,
NA1_LAG10_013,NA1_LAG10,1,10,1,5,root,unrelated,0,0.4208098797252699,0.12899582297008905,0.9651627540588379,
NA1_LAG10_013,NA1_LAG10,1,10,1,6,root,unrelated,0,0.4207205258015264,0.12598338945134036,0.950997531414032,
NA1_LAG10_013,NA1_LAG10,1,10,2,3,cascade,unrelated,0,0.439150582677862,0.1604883966171972,0.9088648557662964,
NA1_LAG10_013,NA1_LAG10,1,10,2,4,cascade,unrelated,0,0.4427350193291107,0.16740264233449423,0.9186831712722778,
NA1_LAG10_013,NA1_LAG10,1,10,2,5,cascade,unrelated,0,0.44853074241060364,0.17114986398546975,0.9341127276420593,
NA1_LAG10_013,NA1_LAG10,1,10,2,6,cascade,unrelated,0,0.45037214737276804,0.17111938472639754,0.945745587348938,
NA1_LAG10_013,NA1_LAG10,1,10,3,4,unrelated,unrelated,0,0.994519609505541,0.9943310770349513,0.9971088767051697,
NA1_LAG10_013,NA1_LAG10,1,10,3,5,unrelated,unrelated,0,0.9951284532120176,0.9947123351317154,0.9599847197532654,
NA1_LAG10_013,NA1_LAG10,1,10,3,6,unrelated,unrelated,0,0.9952886739653501,0.9954470489333477,0.987888514995575,
NA1_LAG10_013,NA1_LAG10,1,10,4,5,unrelated,unrelated,0,0.994880530878825,0.9945936988477053,0.9637525081634521,
NA1_LAG10_013,NA1_LAG10,1,10,4,6,unrelated,unrelated,0,0.9948226281264075,0.9951261110399783,0.9912986755371094,
NA1_LAG10_013,NA1_LAG10,1,10,5,6,unrelated,unrelated,0,0.9952562835843083,0.9952204769674364,0.9799141883850098,
NA1_LAG10_014,NA1_LAG10,1,10,1,2,unrelated,root,0,0.958367188297509,0.9970922177907829,0.9855791926383972,
NA1_LAG10_014,NA1_LAG10,1,10,1,3,unrelated,unrelated,0,0.9949409008242437,0.9947665629965782,0.9961212277412415,
NA1_LAG10_014,NA1_LAG10,1,10,1,4,unrelated,unrelated,0,0.9950027791171421,0.9947447260260331,0.9963020086288452,
NA1_LAG10_014,NA1_LAG10,1,10,1,5,unrelated,mild,0,0.9264055390518843,0.8932888339864351,0.9859139323234558,
NA1_LAG10_014,NA1_LAG10,1,10,1,6,unrelated,unrelated,0,0.9946305348269622,0.9948044843622448,0.9973580241203308,
NA1_LAG10_014,NA1_LAG10,1,10,2,3,root,unrelated,0,0.959214970665122,0.9969776999499254,0.9766830205917358,
NA1_LAG10_014,NA1_LAG10,1,10,2,4,root,unrelated,0,0.9579838286155798,0.9971227409338186,0.9819886684417725,
NA1_LAG10_014,NA1_LAG10,1,10,2,5,root,mild,1,0.8510140787509917,0.8981364703946849,0.9647669792175293,False
NA1_LAG10_014,NA1_LAG10,1,10,2,6,root,unrelated,0,0.9559757734583646,0.9967991377047275,0.9841923713684082,
NA1_LAG10_014,NA1_LAG10,1,10,3,4,unrelated,unrelated,0,0.9955254453962706,0.9953054738836659,0.9978577494621277,
NA1_LAG10_014,NA1_LAG10,1,10,3,5,unrelated,mild,0,0.9262130993072627,0.8938214140164419,0.9852402806282043,
NA1_LAG10_014,NA1_LAG10,1,10,3,6,unrelated,unrelated,0,0.9946583729633651,0.9946740629442239,0.9968450665473938,
NA1_LAG10_014,NA1_LAG10,1,10,4,5,unrelated,mild,0,0.9287658438553742,0.8962680445896117,0.9856882691383362,
NA1_LAG10_014,NA1_LAG10,1,10,4,6,unrelated,unrelated,0,0.995538123676645,0.995744965431537,0.9982802867889404,
NA1_LAG10_014,NA1_LAG10,1,10,5,6,mild,unrelated,0,0.9254883064430456,0.8906821416577997,0.9859073162078857,
NA1_LAG10_015,NA1_LAG10,1,10,1,2,unrelated,unrelated,0,0.9949256817373631,0.9946445266165267,0.984781801700592,
NA1_LAG10_015,NA1_LAG10,1,10,1,3,unrelated,unrelated,0,0.9956056073773656,0.9955445038370956,0.9899941682815552,
NA1_LAG10_015,NA1_LAG10,1,10,1,4,unrelated,mild,0,0.9583611599931248,0.9897472125698549,0.9828134775161743,
NA1_LAG10_015,NA1_LAG10,1,10,1,5,unrelated,root,0,0.5735096953993772,0.03940075609826717,0.8620966672897339,
NA1_LAG10_015,NA1_LAG10,1,10,1,6,unrelated,unrelated,0,0.9952326077982082,0.9952993528807434,0.9865874648094177,
NA1_LAG10_015,NA1_LAG10,1,10,2,3,unrelated,unrelated,0,0.9946086425823744,0.9945005515691161,0.9959051609039307,
NA1_LAG10_015,NA1_LAG10,1,10,2,4,unrelated,mild,0,0.9594766351389586,0.9884195277373482,0.9954113960266113,
NA1_LAG10_015,NA1_LAG10,1,10,2,5,unrelated,root,0,0.5758242875526355,0.026540995099329716,0.8856176733970642,
NA1_LAG10_015,NA1_LAG10,1,10,2,6,unrelated,unrelated,0,0.9946660180800249,0.9943501510802011,0.9921302199363708,
NA1_LAG10_015,NA1_LAG10,1,10,3,4,unrelated,mild,0,0.9586874889219186,0.9905000030086788,0.9934676289558411,
NA1_LAG10_015,NA1_LAG10,1,10,3,5,unrelated,root,0,0.573319084968346,0.04193317392365056,0.8724926114082336,
NA1_LAG10_015,NA1_LAG10,1,10,3,6,unrelated,unrelated,0,0.9949672705119954,0.9951664966416914,0.9951848387718201,
NA1_LAG10_015,NA1_LAG10,1,10,4,5,mild,root,1,0.7073604441450421,0.044561579565805004,0.8652075529098511,True
NA1_LAG10_015,NA1_LAG10,1,10,4,6,mild,unrelated,0,0.9574548886758636,0.9897299583180038,0.9956980347633362,
NA1_LAG10_015,NA1_LAG10,1,10,5,6,root,unrelated,0,0.5701168036442267,0.03610121731811658,0.8511948585510254,
NA1_LAG10_016,NA1_LAG10,1,10,1,2,unrelated,root,0,0.41140496725310344,0.12241650161986709,0.9755927324295044,
NA1_LAG10_016,NA1_LAG10,1,10,1,3,unrelated,unrelated,0,0.9954555697711487,0.9956031674099349,0.9910709857940674,
NA1_LAG10_016,NA1_LAG10,1,10,1,4,unrelated,unrelated,0,0.9953322698887356,0.9949780873491502,0.9818485379219055,
NA1_LAG10_016,NA1_LAG10,1,10,1,5,unrelated,cascade,0,0.9592413347856563,0.9952411311917613,0.9825599193572998,
NA1_LAG10_016,NA1_LAG10,1,10,1,6,unrelated,unrelated,0,0.9950456713778469,0.9949688138266675,0.9940600395202637,
NA1_LAG10_016,NA1_LAG10,1,10,2,3,root,unrelated,0,0.41232996293122587,0.12431947869720913,0.9469488263130188,
NA1_LAG10_016,NA1_LAG10,1,10,2,4,root,unrelated,0,0.4159813131368684,0.12864990593673892,0.9351058602333069,
NA1_LAG10_016,NA1_LAG10,1,10,2,5,root,cascade,1,0.28184127125703323,0.11617169802234266,0.9334621429443359,False
NA1_LAG10_016,NA1_LAG10,1,10,2,6,root,unrelated,0,0.41980756190363894,0.1317260579717717,0.9646369814872742,
NA1_LAG10_016,NA1_LAG10,1,10,3,4,unrelated,unrelated,0,0.9946922592082829,0.9944730407851647,0.9876976609230042,
NA1_LAG10_016,NA1_LAG10,1,10,3,5,unrelated,cascade,0,0.9594955704827565,0.9950943041431167,0.9905241131782532,
NA1_LAG10_016,NA1_LAG10,1,10,3,6,unrelated,unrelated,0,0.9951016430756306,0.9950645309692345,0.9935028553009033,
NA1_LAG10_016,NA1_LAG10,1,10,4,5,unrelated,cascade,0,0.9591569537436773,0.9953822628648754,0.9967219233512878,
NA1_LAG10_016,NA1_LAG10,1,10,4,6,unrelated,unrelated,0,0.9945662764159253,0.9943533215429463,0.9773716926574707,
NA1_LAG10_016,NA1_LAG10,1,10,5,6,cascade,unrelated,0,0.957517013694032,0.9950555491049169,0.9822438359260559,
NA1_LAG10_017,NA1_LAG10,1,10,1,2,mild,unrelated,0,0.9605798789030472,0.9892493665260536,0.9807383418083191,
NA1_LAG10_017,NA1_LAG10,1,10,1,3,mild,root,1,0.7104824486644318,0.003867736154471316,0.8633526563644409,True
NA1_LAG10_017,NA1_LAG10,1,10,1,4,mild,unrelated,0,0.9598221637172407,0.9885439407186811,0.9829384088516235,
NA1_LAG10_017,NA1_LAG10,1,10,1,5,mild,unrelated,0,0.9591056365295595,0.9885005075820081,0.9964268207550049,
NA1_LAG10_017,NA1_LAG10,1,10,1,6,mild,unrelated,0,0.9573221931343311,0.9888754603265807,0.985034704208374,
NA1_LAG10_017,NA1_LAG10,1,10,2,3,unrelated,root,0,0.576538733683542,0.026910819730484568,0.8190564513206482,
NA1_LAG10_017,NA1_LAG10,1,10,2,4,unrelated,unrelated,0,0.9955654561202486,0.995125842544941,0.9824780225753784,
NA1_LAG10_017,NA1_LAG10,1,10,2,5,unrelated,unrelated,0,0.9948725696824628,0.9948393810072259,0.9840898513793945,
NA1_LAG10_017,NA1_LAG10,1,10,2,6,unrelated,unrelated,0,0.9948104417740654,0.994868598531971,0.9882906675338745,
NA1_LAG10_017,NA1_LAG10,1,10,3,4,root,unrelated,0,0.5757457865120069,0.024566432587056906,0.8829827904701233,
NA1_LAG10_017,NA1_LAG10,1,10,3,5,root,unrelated,0,0.5696773311626075,0.025741488979854923,0.8682446479797363,
NA1_LAG10_017,NA1_LAG10,1,10,3,6,root,unrelated,0,0.5660755117915889,0.020087999531611223,0.8640883564949036,
NA1_LAG10_017,NA1_LAG10,1,10,4,5,unrelated,unrelated,0,0.995542254296502,0.9955571882793595,0.9909597635269165,
NA1_LAG10_017,NA1_LAG10,1,10,4,6,unrelated,unrelated,0,0.9952518119633861,0.9949072544674036,0.9965049028396606,
NA1_LAG10_017,NA1_LAG10,1,10,5,6,unrelated,unrelated,0,0.9948820392314057,0.9952211226955965,0.9933076500892639,
NA1_LAG10_018,NA1_LAG10,1,10,1,2,unrelated,root,0,0.4117600379569469,0.11897004741645216,0.8959895968437195,
NA1_LAG10_018,NA1_LAG10,1,10,1,3,unrelated,unrelated,0,0.9955801049619596,0.9954049330567298,0.9772884845733643,
NA1_LAG10_018,NA1_LAG10,1,10,1,4,unrelated,mild,0,0.9315305281235438,0.9016364573228611,0.9524570107460022,
NA1_LAG10_018,NA1_LAG10,1,10,1,5,unrelated,unrelated,0,0.9951319025544877,0.9952457638363886,0.997483491897583,
NA1_LAG10_018,NA1_LAG10,1,10,1,6,unrelated,unrelated,0,0.9943505535720528,0.9943546776733891,0.973796010017395,
NA1_LAG10_018,NA1_LAG10,1,10,2,3,root,unrelated,0,0.4144500536390585,0.1214067444471189,0.8476603031158447,
NA1_LAG10_018,NA1_LAG10,1,10,2,4,root,mild,1,0.6957456277789366,0.5132825245900201,0.8870503306388855,True
NA1_LAG10_018,NA1_LAG10,1,10,2,5,root,unrelated,0,0.4174984985161708,0.12241137059996618,0.8843956589698792,
NA1_LAG10_018,NA1_LAG10,1,10,2,6,root,unrelated,0,0.4102506011221183,0.11597155940992025,0.8806036710739136,
NA1_LAG10_018,NA1_LAG10,1,10,3,4,unrelated,mild,0,0.9319261389301032,0.9014311031581322,0.9398955702781677,
NA1_LAG10_018,NA1_LAG10,1,10,3,5,unrelated,unrelated,0,0.9950907584087122,0.9950299955833249,0.9766938090324402,
NA1_LAG10_018,NA1_LAG10,1,10,3,6,unrelated,unrelated,0,0.9949084619528478,0.9950658887269915,0.9922495484352112,
NA1_LAG10_018,NA1_LAG10,1,10,4,5,mild,unrelated,0,0.9339444560847016,0.9029308499149313,0.9477000832557678,
NA1_LAG10_018,NA1_LAG10,1,10,4,6,mild,unrelated,0,0.9299637535096349,0.8983347028130751,0.9481600522994995,
NA1_LAG10_018,NA1_LAG10,1,10,5,6,unrelated,unrelated,0,0.9951820475696536,0.9951669715168532,0.9689986109733582,
NA1_LAG10_019,NA1_LAG10,1,10,1,2,unrelated,mild,0,0.9888260732794548,0.9947163500701612,0.9886805415153503,
NA1_LAG10_019,NA1_LAG10,1,10,1,3,unrelated,unrelated,0,0.99547860788428,0.9955032353748994,0.9929599165916443,
NA1_LAG10_019,NA1_LAG10,1,10,1,4,unrelated,root,0,0.9322091645839046,0.9003842258179104,0.995270848274231,
NA1_LAG10_019,NA1_LAG10,1,10,1,5,unrelated,unrelated,0,0.9946861912678597,0.9948089007658438,0.996859073638916,
NA1_LAG10_019,NA1_LAG10,1,10,1,6,unrelated,unrelated,0,0.9951671445589947,0.9955430714132312,0.9812721610069275,
NA1_LAG10_019,NA1_LAG10,1,10,2,3,mild,unrelated,0,0.9881067270404538,0.9940809109519713,0.9925451278686523,
NA1_LAG10_019,NA1_LAG10,1,10,2,4,mild,root,1,0.914838891367593,0.8936053721371606,0.9764595031738281,False
NA1_LAG10_019,NA1_LAG10,1,10,2,5,mild,unrelated,0,0.9870896729633855,0.9935339572038908,0.9897951483726501,
NA1_LAG10_019,NA1_LAG10,1,10,2,6,mild,unrelated,0,0.9873491714942105,0.9938968060161737,0.9911601543426514,
NA1_LAG10_019,NA1_LAG10,1,10,3,4,unrelated,root,0,0.9309050134439335,0.8981908487826861,0.9838643670082092,
NA1_LAG10_019,NA1_LAG10,1,10,3,5,unrelated,unrelated,0,0.9953664011474245,0.9953568616217915,0.9966010451316833,
NA1_LAG10_019,NA1_LAG10,1,10,3,6,unrelated,unrelated,0,0.9955131825515988,0.9953163314176534,0.9925267100334167,
NA1_LAG10_019,NA1_LAG10,1,10,4,5,root,unrelated,0,0.9305934783557271,0.8973225581839132,0.991960883140564,
NA1_LAG10_019,NA1_LAG10,1,10,4,6,root,unrelated,0,0.9302662791656294,0.897061649150316,0.9659205675125122,
NA1_LAG10_019,NA1_LAG10,1,10,5,6,unrelated,unrelated,0,0.9945237274038852,0.9942735966155932,0.9855886101722717,
NA1_LAG10_020,NA1_LAG10,1,10,1,2,unrelated,root,0,0.3233583385678976,0.9938238821775207,0.8044053912162781,
NA1_LAG10_020,NA1_LAG10,1,10,1,3,unrelated,unrelated,0,0.9946305232058906,0.9948631544796416,0.996832013130188,
NA1_LAG10_020,NA1_LAG10,1,10,1,4,unrelated,unrelated,0,0.9947850846960911,0.995000963855088,0.9947230815887451,
NA1_LAG10_020,NA1_LAG10,1,10,1,5,unrelated,unrelated,0,0.993859280917185,0.9935355413505836,0.9917673468589783,
NA1_LAG10_020,NA1_LAG10,1,10,1,6,unrelated,cascade,0,0.45515062711857784,0.17637397552710032,0.9380730986595154,
NA1_LAG10_020,NA1_LAG10,1,10,2,3,root,unrelated,0,0.3229061613152439,0.9954830105289758,0.793380856513977,
NA1_LAG10_020,NA1_LAG10,1,10,2,4,root,unrelated,0,0.332906654966724,0.9952820032198436,0.7975378632545471,
NA1_LAG10_020,NA1_LAG10,1,10,2,5,root,unrelated,0,0.3299882399969127,0.9943574186747866,0.7920510768890381,
NA1_LAG10_020,NA1_LAG10,1,10,2,6,root,cascade,1,0.22747523118480686,0.16941814337210848,0.7331814169883728,False
NA1_LAG10_020,NA1_LAG10,1,10,3,4,unrelated,unrelated,0,0.9954422477739944,0.9958576783571985,0.9963535070419312,
NA1_LAG10_020,NA1_LAG10,1,10,3,5,unrelated,unrelated,0,0.9947010439970358,0.9946062563846362,0.9945635795593262,
NA1_LAG10_020,NA1_LAG10,1,10,3,6,unrelated,cascade,0,0.4518505260904775,0.17010200901310996,0.9218162894248962,
NA1_LAG10_020,NA1_LAG10,1,10,4,5,unrelated,unrelated,0,0.9945164770736366,0.9944255503150763,0.9969242215156555,
NA1_LAG10_020,NA1_LAG10,1,10,4,6,unrelated,cascade,0,0.4488671267903393,0.17302026808843698,0.9257450103759766,
NA1_LAG10_020,NA1_LAG10,1,10,5,6,unrelated,cascade,0,0.4451771798937786,0.16538913501298091,0.9229044318199158,
NA1_LAG10_021,NA1_LAG10,1,10,1,2,unrelated,cascade,0,0.47113303986170285,0.04086777614532833,0.8761165142059326,
NA1_LAG10_021,NA1_LAG10,1,10,1,3,unrelated,root,0,0.5707752218828465,0.04708952645755189,0.87245774269104,
NA1_LAG10_021,NA1_LAG10,1,10,1,4,unrelated,unrelated,0,0.9944762544162359,0.9945703148181306,0.9946329593658447,
NA1_LAG10_021,NA1_LAG10,1,10,1,5,unrelated,unrelated,0,0.9951818552313473,0.995412644955396,0.9967395663261414,
NA1_LAG10_021,NA1_LAG10,1,10,1,6,unrelated,unrelated,0,0.9947193042570829,0.9946785710918655,0.9947683215141296,
NA1_LAG10_021,NA1_LAG10,1,10,2,3,cascade,root,1,0.8107221560598146,0.045978582027220334,0.8793023824691772,True
NA1_LAG10_021,NA1_LAG10,1,10,2,4,cascade,unrelated,0,0.47147870384689206,0.046067360373092156,0.867608904838562,
NA1_LAG10_021,NA1_LAG10,1,10,2,5,cascade,unrelated,0,0.46935040677988055,0.04085626197621858,0.8581857681274414,
NA1_LAG10_021,NA1_LAG10,1,10,2,6,cascade,unrelated,0,0.46993053904919246,0.03257849445202543,0.8636892437934875,
NA1_LAG10_021,NA1_LAG10,1,10,3,4,root,unrelated,0,0.568852103657334,0.05937461267675886,0.8601610064506531,
NA1_LAG10_021,NA1_LAG10,1,10,3,5,root,unrelated,0,0.5641566471262383,0.0580415680585228,0.8503671288490295,
NA1_LAG10_021,NA1_LAG10,1,10,3,6,root,unrelated,0,0.5691922839919502,0.049061227093853285,0.8578211069107056,
NA1_LAG10_021,NA1_LAG10,1,10,4,5,unrelated,unrelated,0,0.9946107599866006,0.9946429039014987,0.993553638458252,
NA1_LAG10_021,NA1_LAG10,1,10,4,6,unrelated,unrelated,0,0.995278821027519,0.9950735940302265,0.9977600574493408,
NA1_LAG10_021,NA1_LAG10,1,10,5,6,unrelated,unrelated,0,0.995840737987979,0.9956961601949484,0.9957602024078369,
NA1_LAG10_022,NA1_LAG10,1,10,1,2,unrelated,unrelated,0,0.9953018100121104,0.9950350403732277,0.9964848756790161,
NA1_LAG10_022,NA1_LAG10,1,10,1,3,unrelated,unrelated,0,0.9949161348459721,0.9947199602348447,0.9916545748710632,
NA1_LAG10_022,NA1_LAG10,1,10,1,4,unrelated,unrelated,0,0.9954133688686914,0.9955037007210404,0.9907814860343933,
NA1_LAG10_022,NA1_LAG10,1,10,1,5,unrelated,root,0,0.5676740269253169,0.052126572965760086,0.9120780825614929,
NA1_LAG10_022,NA1_LAG10,1,10,1,6,unrelated,mild,0,0.9296888948077553,0.898779162572433,0.9843462705612183,
NA1_LAG10_022,NA1_LAG10,1,10,2,3,unrelated,unrelated,0,0.9950813685839677,0.9951343400692649,0.9929782152175903,
NA1_LAG10_022,NA1_LAG10,1,10,2,4,unrelated,unrelated,0,0.9952622171731919,0.9952160727637939,0.9828120470046997,
NA1_LAG10_022,NA1_LAG10,1,10,2,5,unrelated,root,0,0.5689489035942503,0.05501430947970571,0.925850510597229,
NA1_LAG10_022,NA1_LAG10,1,10,2,6,unrelated,mild,0,0.9305897752163979,0.899201402201245,0.9914331436157227,
NA1_LAG10_022,NA1_LAG10,1,10,3,4,unrelated,unrelated,0,0.9951116144599875,0.9950284644578035,0.9906452894210815,
NA1_LAG10_022,NA1_LAG10,1,10,3,5,unrelated,root,0,0.5645140509154303,0.06689943887061878,0.9306045770645142,
NA1_LAG10_022,NA1_LAG10,1,10,3,6,unrelated,mild,0,0.9317952653368082,0.901692320073463,0.9845423102378845,
NA1_LAG10_022,NA1_LAG10,1,10,4,5,unrelated,root,0,0.5625327940230525,0.06814851637101271,0.8965412378311157,
NA1_LAG10_022,NA1_LAG10,1,10,4,6,unrelated,mild,0,0.9283596972879387,0.8971768748867553,0.966987669467926,
NA1_LAG10_022,NA1_LAG10,1,10,5,6,root,mild,1,0.6529364541214785,0.07438384909759838,0.9121735692024231,False
NA1_LAG10_023,NA1_LAG10,1,10,1,2,unrelated,unrelated,0,0.9946522499858154,0.9950302829248038,0.9977482557296753,
NA1_LAG10_023,NA1_LAG10,1,10,1,3,unrelated,root,0,0.5756047421954905,0.06650514435555169,0.8469803333282471,
NA1_LAG10_023,NA1_LAG10,1,10,1,4,unrelated,unrelated,0,0.9954166610090972,0.9957917712006977,0.9865133166313171,
NA1_LAG10_023,NA1_LAG10,1,10,1,5,unrelated,unrelated,0,0.995394629957562,0.9953080788137972,0.9956777095794678,
NA1_LAG10_023,NA1_LAG10,1,10,1,6,unrelated,mild,0,0.9306250186824934,0.9004960721277183,0.9432753324508667,
NA1_LAG10_023,NA1_LAG10,1,10,2,3,unrelated,root,0,0.5769846541346321,0.07158474511201184,0.8460363745689392,
NA1_LAG10_023,NA1_LAG10,1,10,2,4,unrelated,unrelated,0,0.9947590264644244,0.995238149204383,0.98469477891922,
NA1_LAG10_023,NA1_LAG10,1,10,2,5,unrelated,unrelated,0,0.9944920238483482,0.9945147259205567,0.9963217973709106,
NA1_LAG10_023,NA1_LAG10,1,10,2,6,unrelated,mild,0,0.9336611129057778,0.9057162811307725,0.9499855041503906,
NA1_LAG10_023,NA1_LAG10,1,10,3,4,root,unrelated,0,0.5781086119710087,0.07047448728594118,0.8526501059532166,
NA1_LAG10_023,NA1_LAG10,1,10,3,5,root,unrelated,0,0.5753070672528336,0.06928932728868005,0.8626281023025513,
NA1_LAG10_023,NA1_LAG10,1,10,3,6,root,mild,1,0.6636570847087985,0.12769934309573164,0.9317511320114136,False
NA1_LAG10_023,NA1_LAG10,1,10,4,5,unrelated,unrelated,0,0.9948631091706925,0.9946611827277668,0.9858876466751099,
NA1_LAG10_023,NA1_LAG10,1,10,4,6,unrelated,mild,0,0.93196067745375,0.9014364563540231,0.9312241673469543,
NA1_LAG10_023,NA1_LAG10,1,10,5,6,unrelated,mild,0,0.9335924314863847,0.9053147333775283,0.947830080986023,
NA1_LAG10_024,NA1_LAG10,1,10,1,2,unrelated,root,0,0.3366962076233525,0.9950879730098277,0.7933735251426697,
NA1_LAG10_024,NA1_LAG10,1,10,1,3,unrelated,unrelated,0,0.9946920659402951,0.9942988892395953,0.9935473203659058,
NA1_LAG10_024,NA1_LAG10,1,10,1,4,unrelated,cascade,0,0.31668182500808895,0.9682343553781689,0.7950568199157715,
NA1_LAG10_024,NA1_LAG10,1,10,1,5,unrelated,unrelated,0,0.9955706522463758,0.9953068614773908,0.9964046478271484,
NA1_LAG10_024,NA1_LAG10,1,10,1,6,unrelated,unrelated,0,0.9949496709469356,0.9946721102098172,0.9947145581245422,
NA1_LAG10_024,NA1_LAG10,1,10,2,3,root,unrelated,0,0.33612496289617977,0.9946393876495232,0.7951871752738953,
NA1_LAG10_024,NA1_LAG10,1,10,2,4,root,cascade,1,0.9759004757027432,0.9666803545706754,0.9968793988227844,True
NA1_LAG10_024,NA1_LAG10,1,10,2,5,root,unrelated,0,0.332260836911971,0.9951267391676131,0.7979834675788879,
NA1_LAG10_024,NA1_LAG10,1,10,2,6,root,unrelated,0,0.3240815944920742,0.9947234084245006,0.8043950200080872,
NA1_LAG10_024,NA1_LAG10,1,10,3,4,unrelated,cascade,0,0.31558297604953633,0.9668647532667377,0.7970228791236877,
NA1_LAG10_024,NA1_LAG10,1,10,3,5,unrelated,unrelated,0,0.9952356474499175,0.9951798308890802,0.9937942028045654,
NA1_LAG10_024,NA1_LAG10,1,10,3,6,unrelated,unrelated,0,0.9945089949757734,0.9940388495541317,0.9946044087409973,
NA1_LAG10_024,NA1_LAG10,1,10,4,5,cascade,unrelated,0,0.31158412669189006,0.9673187718030021,0.7995225787162781,
NA1_LAG10_024,NA1_LAG10,1,10,4,6,cascade,unrelated,0,0.3051356690036608,0.9679581236135906,0.8064712882041931,
NA1_LAG10_024,NA1_LAG10,1,10,5,6,unrelated,unrelated,0,0.9944184598956688,0.9938946326204051,0.9893869757652283,
NA1_LAG10_025,NA1_LAG10,1,10,1,2,cascade,root,1,0.21185595223694653,0.8306285151485142,0.7953388094902039,False
NA1_LAG10_025,NA1_LAG10,1,10,1,3,cascade,unrelated,0,0.3141587955136582,0.967282757558483,0.7984055280685425,
NA1_LAG10_025,NA1_LAG10,1,10,1,4,cascade,unrelated,0,0.31340995153255763,0.9678963474076004,0.7954791188240051,
NA1_LAG10_025,NA1_LAG10,1,10,1,5,cascade,unrelated,0,0.31163245301759795,0.9680981602356521,0.7970567345619202,
NA1_LAG10_025,NA1_LAG10,1,10,1,6,cascade,unrelated,0,0.31467498404236705,0.9710025346138045,0.7956588864326477,
NA1_LAG10_025,NA1_LAG10,1,10,2,3,root,unrelated,0,0.9037005778017991,0.8561298902701205,0.9921653270721436,
NA1_LAG10_025,NA1_LAG10,1,10,2,4,root,unrelated,0,0.9051038419366162,0.8586318687539036,0.9896913170814514,
NA1_LAG10_025,NA1_LAG10,1,10,2,5,root,unrelated,0,0.9073513291592684,0.8621968219185909,0.9951602220535278,
NA1_LAG10_025,NA1_LAG10,1,10,2,6,root,unrelated,0,0.9003151346956385,0.8512701877305997,0.9924781322479248,
NA1_LAG10_025,NA1_LAG10,1,10,3,4,unrelated,unrelated,0,0.9954039160947555,0.9951035183601197,0.997161328792572,
NA1_LAG10_025,NA1_LAG10,1,10,3,5,unrelated,unrelated,0,0.995033801222016,0.9950586492159994,0.9955961108207703,
NA1_LAG10_025,NA1_LAG10,1,10,3,6,unrelated,unrelated,0,0.9947291415889169,0.9946015340214416,0.9968321919441223,
NA1_LAG10_025,NA1_LAG10,1,10,4,5,unrelated,unrelated,0,0.9957358753874074,0.9958383244096635,0.993911862373352,
NA1_LAG10_025,NA1_LAG10,1,10,4,6,unrelated,unrelated,0,0.9954823626169048,0.9955737247890067,0.9975965619087219,
NA1_LAG10_025,NA1_LAG10,1,10,5,6,unrelated,unrelated,0,0.9952029936100829,0.994914795033085,0.9969255328178406,
NA1_LAG10_026,NA1_LAG10,1,10,1,2,root,unrelated,0,0.9579356267574497,0.9964704653159852,0.9849305748939514,
NA1_LAG10_026,NA1_LAG10,1,10,1,3,root,mild,1,0.9820081210568024,0.9949578827825928,0.9908029437065125,True
NA1_LAG10_026,NA1_LAG10,1,10,1,4,root,unrelated,0,0.9580311268818178,0.996732668357626,0.994074285030365,
NA1_LAG10_026,NA1_LAG10,1,10,1,5,root,unrelated,0,0.9587054926924292,0.9970469162865302,0.9947046637535095,
NA1_LAG10_026,NA1_LAG10,1,10,1,6,root,unrelated,0,0.95773840850212,0.9966104318126545,0.9842897057533264,
NA1_LAG10_026,NA1_LAG10,1,10,2,3,unrelated,mild,0,0.9869264019404411,0.9934959501279294,0.9940680861473083,
NA1_LAG10_026,NA1_LAG10,1,10,2,4,unrelated,unrelated,0,0.9950125053214688,0.9948679013009936,0.9729358553886414,
NA1_LAG10_026,NA1_LAG10,1,10,2,5,unrelated,unrelated,0,0.9949793080517718,0.995278496980679,0.9903420805931091,
NA1_LAG10_026,NA1_LAG10,1,10,2,6,unrelated,unrelated,0,0.9948663394072792,0.9954344578238373,0.9976838231086731,
NA1_LAG10_026,NA1_LAG10,1,10,3,4,mild,unrelated,0,0.9866088794589499,0.9926100475972345,0.9844275712966919,
NA1_LAG10_026,NA1_LAG10,1,10,3,5,mild,unrelated,0,0.9874129497749423,0.9936819002031695,0.9930704832077026,
NA1_LAG10_026,NA1_LAG10,1,10,3,6,mild,unrelated,0,0.9868798161220734,0.9933767506293948,0.9914575815200806,
NA1_LAG10_026,NA1_LAG10,1,10,4,5,unrelated,unrelated,0,0.9950991666428642,0.9948007342962748,0.984653890132904,
NA1_LAG10_026,NA1_LAG10,1,10,4,6,unrelated,unrelated,0,0.9948997501689397,0.994759274706477,0.9689167141914368,
NA1_LAG10_026,NA1_LAG10,1,10,5,6,unrelated,unrelated,0,0.9945542713889232,0.994423913552941,0.9904661178588867,
NA1_LAG10_027,NA1_LAG10,1,10,1,2,unrelated,root,0,0.42204213637984134,0.13582965849999099,0.9158772826194763,
NA1_LAG10_027,NA1_LAG10,1,10,1,3,unrelated,cascade,0,0.3143782639760248,0.9675623997275457,0.8033901453018188,
NA1_LAG10_027,NA1_LAG10,1,10,1,4,unrelated,unrelated,0,0.9948291565072017,0.9947591695923305,0.994027316570282,
NA1_LAG10_027,NA1_LAG10,1,10,1,5,unrelated,unrelated,0,0.9951433721517221,0.9952437364454843,0.9943897724151611,
NA1_LAG10_027,NA1_LAG10,1,10,1,6,unrelated,unrelated,0,0.9948464184031555,0.9948824806336088,0.9952054619789124,
NA1_LAG10_027,NA1_LAG10,1,10,2,3,root,cascade,1,0.27320501718287227,0.08650593474731434,0.7405886054039001,False
NA1_LAG10_027,NA1_LAG10,1,10,2,4,root,unrelated,0,0.4230406376744452,0.13948355456610054,0.9346393942832947,
NA1_LAG10_027,NA1_LAG10,1,10,2,5,root,unrelated,0,0.418717886010108,0.1287760137552117,0.9138582348823547,
NA1_LAG10_027,NA1_LAG10,1,10,2,6,root,unrelated,0,0.4230212350839122,0.13752074303134115,0.9228309392929077,
NA1_LAG10_027,NA1_LAG10,1,10,3,4,cascade,unrelated,0,0.3179415543205339,0.9668206108665023,0.8075438737869263,
NA1_LAG10_027,NA1_LAG10,1,10,3,5,cascade,unrelated,0,0.3112993935288993,0.967610314472948,0.7997347116470337,
NA1_LAG10_027,NA1_LAG10,1,10,3,6,cascade,unrelated,0,0.3129376954458717,0.9656647430515906,0.8055561184883118,
NA1_LAG10_027,NA1_LAG10,1,10,4,5,unrelated,unrelated,0,0.9957369291008668,0.9962230548516434,0.9948450922966003,
NA1_LAG10_027,NA1_LAG10,1,10,4,6,unrelated,unrelated,0,0.9953386525350962,0.9956445735286963,0.9973337650299072,
NA1_LAG10_027,NA1_LAG10,1,10,5,6,unrelated,unrelated,0,0.9946376671160007,0.9949852683552545,0.9967741370201111,
NA1_LAG10_028,NA1_LAG10,1,10,1,2,unrelated,unrelated,0,0.9945276775329115,0.9941866057737704,0.9974647760391235,
NA1_LAG10_028,NA1_LAG10,1,10,1,3,unrelated,unrelated,0,0.9950395365095821,0.9947716182544105,0.9905006289482117,
NA1_LAG10_028,NA1_LAG10,1,10,1,4,unrelated,unrelated,0,0.9955109594024415,0.9951317694280736,0.9965652823448181,
NA1_LAG10_028,NA1_LAG10,1,10,1,5,unrelated,mild,0,0.9559825251195463,0.9876282816253574,0.9950154423713684,
NA1_LAG10_028,NA1_LAG10,1,10,1,6,unrelated,root,0,0.5717285109475749,0.07114514104723245,0.8561402559280396,
NA1_LAG10_028,NA1_LAG10,1,10,2,3,unrelated,unrelated,0,0.9949690809547159,0.9949206588176548,0.9952733516693115,
NA1_LAG10_028,NA1_LAG10,1,10,2,4,unrelated,unrelated,0,0.9953847965645729,0.9952229603555683,0.9949036836624146,
NA1_LAG10_028,NA1_LAG10,1,10,2,5,unrelated,mild,0,0.9526435778621888,0.9871585609781909,0.9895212054252625,
NA1_LAG10_028,NA1_LAG10,1,10,2,6,unrelated,root,0,0.560878979208692,0.06908029292828836,0.8445336818695068,
NA1_LAG10_028,NA1_LAG10,1,10,3,4,unrelated,unrelated,0,0.9954811302508254,0.9957060789981325,0.9904987215995789,
NA1_LAG10_028,NA1_LAG10,1,10,3,5,unrelated,mild,0,0.9567541495735686,0.9896716982821255,0.9767248630523682,
NA1_LAG10_028,NA1_LAG10,1,10,3,6,unrelated,root,0,0.5692916236248353,0.0695678891931053,0.8203029036521912,
NA1_LAG10_028,NA1_LAG10,1,10,4,5,unrelated,mild,0,0.957807304571593,0.9888509171955479,0.9926723837852478,
NA1_LAG10_028,NA1_LAG10,1,10,4,6,unrelated,root,0,0.5730055491586449,0.07056372805063746,0.8436334133148193,
NA1_LAG10_028,NA1_LAG10,1,10,5,6,mild,root,1,0.7162454865326296,0.08321725225920296,0.8678299784660339,True
NA1_LAG10_029,NA1_LAG10,1,10,1,2,unrelated,unrelated,0,0.9948763338174272,0.9952487306199296,0.9794681072235107,
NA1_LAG10_029,NA1_LAG10,1,10,1,3,unrelated,unrelated,0,0.9953413865421662,0.9954597210123354,0.9927597045898438,
NA1_LAG10_029,NA1_LAG10,1,10,1,4,unrelated,root,0,0.33696502257672184,0.9951997489913528,0.7933689951896667,
NA1_LAG10_029,NA1_LAG10,1,10,1,5,unrelated,unrelated,0,0.9944598987561711,0.9950637824718013,0.9944416880607605,
NA1_LAG10_029,NA1_LAG10,1,10,1,6,unrelated,mild,0,0.8831531685405922,0.9083230238173322,0.8655892014503479,
NA1_LAG10_029,NA1_LAG10,1,10,2,3,unrelated,unrelated,0,0.9948261115566128,0.9950104362546729,0.9889910221099854,
NA1_LAG10_029,NA1_LAG10,1,10,2,4,unrelated,root,0,0.3403246622770964,0.9951850953495114,0.7866258025169373,
NA1_LAG10_029,NA1_LAG10,1,10,2,5,unrelated,unrelated,0,0.9949655521372334,0.9949497231614357,0.9768733382225037,
NA1_LAG10_029,NA1_LAG10,1,10,2,6,unrelated,mild,0,0.8806406839534036,0.9063798031807708,0.8810069561004639,
NA1_LAG10_029,NA1_LAG10,1,10,3,4,unrelated,root,0,0.3377114294591163,0.9941818364650548,0.7985997200012207,
NA1_LAG10_029,NA1_LAG10,1,10,3,5,unrelated,unrelated,0,0.9947107274459364,0.9945712243747593,0.9865451455116272,
NA1_LAG10_029,NA1_LAG10,1,10,3,6,unrelated,mild,0,0.8807548567172425,0.90531432445587,0.8745240569114685,
NA1_LAG10_029,NA1_LAG10,1,10,4,5,root,unrelated,0,0.3353340282263404,0.995199807374033,0.7860146760940552,
NA1_LAG10_029,NA1_LAG10,1,10,4,6,root,mild,1,0.07684761934815354,0.9045649693058148,0.9358343482017517,True
NA1_LAG10_029,NA1_LAG10,1,10,5,6,unrelated,mild,0,0.8809944339780781,0.9018641831152499,0.8633388876914978,
NA1_LAG50_000,NA1_LAG50,1,50,1,2,root,mild,1,0.6656150841577361,0.010504313741641633,0.8333919048309326,True
NA1_LAG50_000,NA1_LAG50,1,50,1,3,root,unrelated,0,0.5743171691174226,0.0016754577939299808,0.8691139817237854,
NA1_LAG50_000,NA1_LAG50,1,50,1,4,root,unrelated,0,0.5721557090572558,0.002386057179244656,0.8637596964836121,
NA1_LAG50_000,NA1_LAG50,1,50,1,5,root,unrelated,0,0.5732693515896636,0.006133664101502475,0.8285424113273621,
NA1_LAG50_000,NA1_LAG50,1,50,1,6,root,unrelated,0,0.5695838059488135,0.0013467805876059174,0.87778639793396,
NA1_LAG50_000,NA1_LAG50,1,50,2,3,mild,unrelated,0,0.9769726323500918,0.9781816965661956,0.9298394918441772,
NA1_LAG50_000,NA1_LAG50,1,50,2,4,mild,unrelated,0,0.9779666194955063,0.9799768060445821,0.9261738061904907,
NA1_LAG50_000,NA1_LAG50,1,50,2,5,mild,unrelated,0,0.9776004027315793,0.9787626988501661,0.9198930263519287,
NA1_LAG50_000,NA1_LAG50,1,50,2,6,mild,unrelated,0,0.977641123631682,0.9800538745410812,0.9214000701904297,
NA1_LAG50_000,NA1_LAG50,1,50,3,4,unrelated,unrelated,0,0.9951941718250299,0.9946666943331762,0.9971998929977417,
NA1_LAG50_000,NA1_LAG50,1,50,3,5,unrelated,unrelated,0,0.9954451997503218,0.9954052119156095,0.9938315749168396,
NA1_LAG50_000,NA1_LAG50,1,50,3,6,unrelated,unrelated,0,0.9952758250544496,0.9950022976153321,0.9896212220191956,
NA1_LAG50_000,NA1_LAG50,1,50,4,5,unrelated,unrelated,0,0.9951398154124667,0.9953535713578227,0.9950896501541138,
NA1_LAG50_000,NA1_LAG50,1,50,4,6,unrelated,unrelated,0,0.9951161010604868,0.9949442722729918,0.9941884279251099,
NA1_LAG50_000,NA1_LAG50,1,50,5,6,unrelated,unrelated,0,0.9951048664937695,0.9952323985782524,0.9853829741477966,
NA1_LAG50_001,NA1_LAG50,1,50,1,2,unrelated,unrelated,0,0.9951031405983778,0.9950479521980761,0.9761379361152649,
NA1_LAG50_001,NA1_LAG50,1,50,1,3,unrelated,root,0,0.8616142773253407,0.794839477324399,0.9792882204055786,
NA1_LAG50_001,NA1_LAG50,1,50,1,4,unrelated,unrelated,0,0.9949650293083171,0.9947056934453843,0.9781835675239563,
NA1_LAG50_001,NA1_LAG50,1,50,1,5,unrelated,mild,0,0.9766756395587357,0.9782646029987487,0.9336207509040833,
NA1_LAG50_001,NA1_LAG50,1,50,1,6,unrelated,unrelated,0,0.9949722917837867,0.9945114254808686,0.9751232862472534,
NA1_LAG50_001,NA1_LAG50,1,50,2,3,unrelated,root,0,0.8597542438181625,0.7918011111869505,0.9812230467796326,
NA1_LAG50_001,NA1_LAG50,1,50,2,4,unrelated,unrelated,0,0.9954152630902801,0.9952677210889874,0.9962815046310425,
NA1_LAG50_001,NA1_LAG50,1,50,2,5,unrelated,mild,0,0.9765665413508516,0.9777720457654534,0.9565132260322571,
NA1_LAG50_001,NA1_LAG50,1,50,2,6,unrelated,unrelated,0,0.9949696585533098,0.9946196465845265,0.9985503554344177,
NA1_LAG50_001,NA1_LAG50,1,50,3,4,root,unrelated,0,0.8625105105447323,0.7949057415050932,0.9855262637138367,
NA1_LAG50_001,NA1_LAG50,1,50,3,5,root,mild,1,0.8787900009395965,0.8117689941489061,0.9520110487937927,False
NA1_LAG50_001,NA1_LAG50,1,50,3,6,root,unrelated,0,0.8629922356917165,0.7961183954832707,0.9796738028526306,
NA1_LAG50_001,NA1_LAG50,1,50,4,5,unrelated,mild,0,0.9773797222307202,0.9783954701820456,0.9558571577072144,
NA1_LAG50_001,NA1_LAG50,1,50,4,6,unrelated,unrelated,0,0.9948702991715482,0.9946628183471055,0.9962422847747803,
NA1_LAG50_001,NA1_LAG50,1,50,5,6,mild,unrelated,0,0.9765589143539379,0.9766766153593975,0.9535950422286987,
NA1_LAG50_002,NA1_LAG50,1,50,1,2,unrelated,mild,0,0.976529530087273,0.977726995046913,0.9148445129394531,
NA1_LAG50_002,NA1_LAG50,1,50,1,3,unrelated,unrelated,0,0.9942321990114413,0.9950071493364891,0.9862378835678101,
NA1_LAG50_002,NA1_LAG50,1,50,1,4,unrelated,unrelated,0,0.9948824437033684,0.9954907606856518,0.995082676410675,
NA1_LAG50_002,NA1_LAG50,1,50,1,5,unrelated,root,0,0.5714253175676842,0.012038803469800682,0.8814364671707153,
NA1_LAG50_002,NA1_LAG50,1,50,1,6,unrelated,unrelated,0,0.9946469009036518,0.9950908531841977,0.9862985014915466,
NA1_LAG50_002,NA1_LAG50,1,50,2,3,mild,unrelated,0,0.9770221504916671,0.9776121993225916,0.9122194647789001,
NA1_LAG50_002,NA1_LAG50,1,50,2,4,mild,unrelated,0,0.9763527089052825,0.976773480804568,0.9205575585365295,
NA1_LAG50_002,NA1_LAG50,1,50,2,5,mild,root,1,0.6661463827106946,0.01415787121715896,0.9553483128547668,True
NA1_LAG50_002,NA1_LAG50,1,50,2,6,mild,unrelated,0,0.9760184754602512,0.9762053856232439,0.9158759713172913,
NA1_LAG50_002,NA1_LAG50,1,50,3,4,unrelated,unrelated,0,0.9948496153646074,0.9947175743702745,0.9929907917976379,
NA1_LAG50_002,NA1_LAG50,1,50,3,5,unrelated,root,0,0.572259972397302,0.01005196421204208,0.8699188232421875,
NA1_LAG50_002,NA1_LAG50,1,50,3,6,unrelated,unrelated,0,0.9950522350526789,0.9949238993280307,0.9697895050048828,
NA1_LAG50_002,NA1_LAG50,1,50,4,5,unrelated,root,0,0.5687455597019383,0.009923840562551597,0.8731221556663513,
NA1_LAG50_002,NA1_LAG50,1,50,4,6,unrelated,unrelated,0,0.9952507310423504,0.9949102029362565,0.9868821501731873,
NA1_LAG50_002,NA1_LAG50,1,50,5,6,root,unrelated,0,0.5694141366786876,0.017991700174711984,0.8473514914512634,
NA1_LAG50_003,NA1_LAG50,1,50,1,2,root,cascade,1,0.8285584932743124,0.0004372446680749233,0.8955615162849426,True
NA1_LAG50_003,NA1_LAG50,1,50,1,3,root,unrelated,0,0.5665738832917581,0.01188666821651911,0.8137903809547424,
NA1_LAG50_003,NA1_LAG50,1,50,1,4,root,unrelated,0,0.5647542875441871,0.01692163405779853,0.8584854602813721,
NA1_LAG50_003,NA1_LAG50,1,50,1,5,root,unrelated,0,0.5752307960767029,0.012328681631014027,0.8701980113983154,
NA1_LAG50_003,NA1_LAG50,1,50,1,6,root,unrelated,0,0.5730339699547176,0.020924881110197555,0.8488879799842834,
NA1_LAG50_003,NA1_LAG50,1,50,2,3,cascade,unrelated,0,0.7172366413186947,0.5549696796859418,0.8306645750999451,
NA1_LAG50_003,NA1_LAG50,1,50,2,4,cascade,unrelated,0,0.7166517433771292,0.5550945399288084,0.8307652473449707,
NA1_LAG50_003,NA1_LAG50,1,50,2,5,cascade,unrelated,0,0.7209165513008644,0.5515619395030381,0.8292416334152222,
NA1_LAG50_003,NA1_LAG50,1,50,2,6,cascade,unrelated,0,0.71807467053757,0.5483396743777009,0.8291890621185303,
NA1_LAG50_003,NA1_LAG50,1,50,3,4,unrelated,unrelated,0,0.9954278245448955,0.9960060988654329,0.9863032698631287,
NA1_LAG50_003,NA1_LAG50,1,50,3,5,unrelated,unrelated,0,0.994890810890094,0.9947716783342636,0.985190749168396,
NA1_LAG50_003,NA1_LAG50,1,50,3,6,unrelated,unrelated,0,0.9946726410387651,0.9948875658580989,0.9922776818275452,
NA1_LAG50_003,NA1_LAG50,1,50,4,5,unrelated,unrelated,0,0.9951668814357701,0.9953162285869619,0.991473913192749,
NA1_LAG50_003,NA1_LAG50,1,50,4,6,unrelated,unrelated,0,0.9944255706840338,0.9944691030122719,0.9960259795188904,
NA1_LAG50_003,NA1_LAG50,1,50,5,6,unrelated,unrelated,0,0.9950599173704839,0.9946836812409151,0.9948263168334961,
NA1_LAG50_004,NA1_LAG50,1,50,1,2,unrelated,unrelated,0,0.9952676754844308,0.9955788481206502,0.9882201552391052,
NA1_LAG50_004,NA1_LAG50,1,50,1,3,unrelated,root,0,0.9592877705407351,0.9971010672442284,0.9750954508781433,
NA1_LAG50_004,NA1_LAG50,1,50,1,4,unrelated,unrelated,0,0.9956581758008012,0.9957058998842824,0.9959363341331482,
NA1_LAG50_004,NA1_LAG50,1,50,1,5,unrelated,mild,0,0.9473852470443057,0.9251694151767298,0.9740357995033264,
NA1_LAG50_004,NA1_LAG50,1,50,1,6,unrelated,unrelated,0,0.9951011900388208,0.9951612895238524,0.9964421391487122,
NA1_LAG50_004,NA1_LAG50,1,50,2,3,unrelated,root,0,0.958568515433959,0.9972429538358822,0.9918869137763977,
NA1_LAG50_004,NA1_LAG50,1,50,2,4,unrelated,unrelated,0,0.995764984862337,0.9963546981709822,0.9932244420051575,
NA1_LAG50_004,NA1_LAG50,1,50,2,5,unrelated,mild,0,0.9471426663506721,0.9250618457803582,0.9673560261726379,
NA1_LAG50_004,NA1_LAG50,1,50,2,6,unrelated,unrelated,0,0.9949148933134799,0.9951435680377487,0.988197386264801,
NA1_LAG50_004,NA1_LAG50,1,50,3,4,root,unrelated,0,0.9584444981986593,0.9970829817834829,0.9803204536437988,
NA1_LAG50_004,NA1_LAG50,1,50,3,5,root,mild,1,0.8810245013400442,0.9259628561329062,0.9513261318206787,False
NA1_LAG50_004,NA1_LAG50,1,50,3,6,root,unrelated,0,0.9586918428544869,0.9967590679939738,0.9782891869544983,
NA1_LAG50_004,NA1_LAG50,1,50,4,5,unrelated,mild,0,0.9455431300226291,0.9220384459027918,0.9761829376220703,
NA1_LAG50_004,NA1_LAG50,1,50,4,6,unrelated,unrelated,0,0.9947898017060592,0.9950507919297796,0.9941574931144714,
NA1_LAG50_004,NA1_LAG50,1,50,5,6,mild,unrelated,0,0.947036564945132,0.9239042912571109,0.969803512096405,
NA1_LAG50_005,NA1_LAG50,1,50,1,2,unrelated,unrelated,0,0.9955978106946783,0.9955523817555404,0.9940369129180908,
NA1_LAG50_005,NA1_LAG50,1,50,1,3,unrelated,unrelated,0,0.9948581112879142,0.9950186045768249,0.9940198063850403,
NA1_LAG50_005,NA1_LAG50,1,50,1,4,unrelated,unrelated,0,0.9948191245020729,0.9952960230711657,0.9972888827323914,
NA1_LAG50_005,NA1_LAG50,1,50,1,5,unrelated,cascade,0,0.9254498191325709,0.891197450850534,0.9903233647346497,
NA1_LAG50_005,NA1_LAG50,1,50,1,6,unrelated,root,0,0.5711343876052519,0.07552525799897507,0.8669643998146057,
NA1_LAG50_005,NA1_LAG50,1,50,2,3,unrelated,unrelated,0,0.995073617836637,0.9950183553493424,0.9976131916046143,
NA1_LAG50_005,NA1_LAG50,1,50,2,4,unrelated,unrelated,0,0.9946251668539706,0.9947902922184528,0.9948025941848755,
NA1_LAG50_005,NA1_LAG50,1,50,2,5,unrelated,cascade,0,0.927773591226736,0.8945328597835317,0.9925698041915894,
NA1_LAG50_005,NA1_LAG50,1,50,2,6,unrelated,root,0,0.5752757780271817,0.06726211167776447,0.8703270554542542,
NA1_LAG50_005,NA1_LAG50,1,50,3,4,unrelated,unrelated,0,0.9953879447513964,0.9953176109083666,0.9966738820075989,
NA1_LAG50_005,NA1_LAG50,1,50,3,5,unrelated,cascade,0,0.9278871937823093,0.8940071260637442,0.9940220713615417,
NA1_LAG50_005,NA1_LAG50,1,50,3,6,unrelated,root,0,0.5787588559688958,0.07500728984968037,0.8740887641906738,
NA1_LAG50_005,NA1_LAG50,1,50,4,5,unrelated,cascade,0,0.9265222610272061,0.8915887483690543,0.9912554621696472,
NA1_LAG50_005,NA1_LAG50,1,50,4,6,unrelated,root,0,0.5789378279903915,0.07793016866364694,0.8616994023323059,
NA1_LAG50_005,NA1_LAG50,1,50,5,6,cascade,root,1,0.5855489348847511,0.04680273905400196,0.8813296556472778,False
NA1_LAG50_006,NA1_LAG50,1,50,1,2,unrelated,mild,0,0.9786236908482342,0.9802533393045108,0.8902494311332703,
NA1_LAG50_006,NA1_LAG50,1,50,1,3,unrelated,root,0,0.32527094043677324,0.9949191876228736,0.7798599600791931,
NA1_LAG50_006,NA1_LAG50,1,50,1,4,unrelated,unrelated,0,0.9958272311668083,0.9960582732789531,0.980798602104187,
NA1_LAG50_006,NA1_LAG50,1,50,1,5,unrelated,unrelated,0,0.9950285463124836,0.9957076065709187,0.9868776798248291,
NA1_LAG50_006,NA1_LAG50,1,50,1,6,unrelated,unrelated,0,0.9942570166545508,0.9941014944255134,0.9859186410903931,
NA1_LAG50_006,NA1_LAG50,1,50,2,3,mild,root,1,0.20041327625937236,0.9791695945399423,0.940767228603363,False
NA1_LAG50_006,NA1_LAG50,1,50,2,4,mild,unrelated,0,0.9769980987159634,0.9777825336831213,0.892886221408844,
NA1_LAG50_006,NA1_LAG50,1,50,2,5,mild,unrelated,0,0.9762735134285365,0.9785358810861602,0.893471896648407,
NA1_LAG50_006,NA1_LAG50,1,50,2,6,mild,unrelated,0,0.9756460734768504,0.9771961513165637,0.8980363011360168,
NA1_LAG50_006,NA1_LAG50,1,50,3,4,root,unrelated,0,0.32808620460047344,0.9954206581269637,0.7956445813179016,
NA1_LAG50_006,NA1_LAG50,1,50,3,5,root,unrelated,0,0.3353645244192331,0.9958650544514613,0.7939945459365845,
NA1_LAG50_006,NA1_LAG50,1,50,3,6,root,unrelated,0,0.33220030498780756,0.9956185756368949,0.8014494776725769,
NA1_LAG50_006,NA1_LAG50,1,50,4,5,unrelated,unrelated,0,0.995793960833223,0.9962706771713529,0.9911568760871887,
NA1_LAG50_006,NA1_LAG50,1,50,4,6,unrelated,unrelated,0,0.994268901328848,0.9945761278603027,0.9952022433280945,
NA1_LAG50_006,NA1_LAG50,1,50,5,6,unrelated,unrelated,0,0.9946011152779319,0.9949464302388161,0.9969882965087891,
NA1_LAG50_007,NA1_LAG50,1,50,1,2,unrelated,mild,0,0.9051057844390663,0.8842080173433923,0.8778114914894104,
NA1_LAG50_007,NA1_LAG50,1,50,1,3,unrelated,unrelated,0,0.9951042270705354,0.9950685534945075,0.9935915470123291,
NA1_LAG50_007,NA1_LAG50,1,50,1,4,unrelated,root,0,0.95895477621017,0.9973637033625234,0.9800956845283508,
NA1_LAG50_007,NA1_LAG50,1,50,1,5,unrelated,unrelated,0,0.9950933046223349,0.9955496636165635,0.9958275556564331,
NA1_LAG50_007,NA1_LAG50,1,50,1,6,unrelated,unrelated,0,0.994870743142175,0.9954658354949562,0.9971237182617188,
NA1_LAG50_007,NA1_LAG50,1,50,2,3,mild,unrelated,0,0.9014545634708468,0.8790627939034982,0.8795050978660583,
NA1_LAG50_007,NA1_LAG50,1,50,2,4,mild,root,1,0.7923497394083275,0.8803793979655086,0.8750647306442261,False
NA1_LAG50_007,NA1_LAG50,1,50,2,5,mild,unrelated,0,0.9054993424087276,0.8855189564664637,0.8831915855407715,
NA1_LAG50_007,NA1_LAG50,1,50,2,6,mild,unrelated,0,0.9014372308724933,0.87889667170897,0.8785396814346313,
NA1_LAG50_007,NA1_LAG50,1,50,3,4,unrelated,root,0,0.9602759311898952,0.9972817802326351,0.9837807416915894,
NA1_LAG50_007,NA1_LAG50,1,50,3,5,unrelated,unrelated,0,0.9950976651546656,0.9950192685012588,0.9943987727165222,
NA1_LAG50_007,NA1_LAG50,1,50,3,6,unrelated,unrelated,0,0.9949072443318439,0.9952097134799026,0.9903014898300171,
NA1_LAG50_007,NA1_LAG50,1,50,4,5,root,unrelated,0,0.9600113249831261,0.9970756633609621,0.9759652614593506,
NA1_LAG50_007,NA1_LAG50,1,50,4,6,root,unrelated,0,0.9599042563354554,0.9967129650514996,0.9791053533554077,
NA1_LAG50_007,NA1_LAG50,1,50,5,6,unrelated,unrelated,0,0.9955286752882426,0.9955325581828518,0.9927303791046143,
NA1_LAG50_008,NA1_LAG50,1,50,1,2,root,mild,1,0.5077544392823017,0.19773782394073255,0.9228432774543762,False
NA1_LAG50_008,NA1_LAG50,1,50,1,3,root,unrelated,0,0.4246477662702218,0.1407254717165189,0.9644667506217957,
NA1_LAG50_008,NA1_LAG50,1,50,1,4,root,unrelated,0,0.42788498822188237,0.14267000125416093,0.9362406730651855,
NA1_LAG50_008,NA1_LAG50,1,50,1,5,root,unrelated,0,0.4221166547263288,0.13400399283567008,0.9553077816963196,
NA1_LAG50_008,NA1_LAG50,1,50,1,6,root,unrelated,0,0.4225605543831823,0.13208142532682735,0.9621824026107788,
NA1_LAG50_008,NA1_LAG50,1,50,2,3,mild,unrelated,0,0.976386009630378,0.9776336290934208,0.960630476474762,
NA1_LAG50_008,NA1_LAG50,1,50,2,4,mild,unrelated,0,0.9773110051965465,0.9781623231201053,0.9539788961410522,
NA1_LAG50_008,NA1_LAG50,1,50,2,5,mild,unrelated,0,0.9771703329183592,0.9778997366736922,0.9540595412254333,
NA1_LAG50_008,NA1_LAG50,1,50,2,6,mild,unrelated,0,0.9774157064315216,0.978169977596831,0.9581893682479858,
NA1_LAG50_008,NA1_LAG50,1,50,3,4,unrelated,unrelated,0,0.9943285711024856,0.9944135586372665,0.9931612610816956,
NA1_LAG50_008,NA1_LAG50,1,50,3,5,unrelated,unrelated,0,0.9946919354673345,0.9944596644388543,0.9892489910125732,
NA1_LAG50_008,NA1_LAG50,1,50,3,6,unrelated,unrelated,0,0.994231249928632,0.9938413165647165,0.9970585107803345,
NA1_LAG50_008,NA1_LAG50,1,50,4,5,unrelated,unrelated,0,0.9949852129192558,0.9953062999814489,0.9809059500694275,
NA1_LAG50_008,NA1_LAG50,1,50,4,6,unrelated,unrelated,0,0.9943126758039005,0.9940979117744354,0.992658257484436,
NA1_LAG50_008,NA1_LAG50,1,50,5,6,unrelated,unrelated,0,0.9948475780577738,0.9946864640276434,0.9796770215034485,
NA1_LAG50_009,NA1_LAG50,1,50,1,2,cascade,unrelated,0,0.5914640017674061,0.3879946895637668,0.9256821870803833,
NA1_LAG50_009,NA1_LAG50,1,50,1,3,cascade,unrelated,0,0.5956955750830066,0.39342724582577504,0.9211391806602478,
NA1_LAG50_009,NA1_LAG50,1,50,1,4,cascade,root,1,0.872864323752667,0.8108574176898673,0.9803525805473328,True
NA1_LAG50_009,NA1_LAG50,1,50,1,5,cascade,unrelated,0,0.5915039458589212,0.38830419625064316,0.9451953768730164,
NA1_LAG50_009,NA1_LAG50,1,50,1,6,cascade,unrelated,0,0.5901424360708195,0.3866629178172936,0.9346511363983154,
NA1_LAG50_009,NA1_LAG50,1,50,2,3,unrelated,unrelated,0,0.9950470309269871,0.994977666766987,0.9959800839424133,
NA1_LAG50_009,NA1_LAG50,1,50,2,4,unrelated,root,0,0.418457928214975,0.12475412264597774,0.9411217570304871,
NA1_LAG50_009,NA1_LAG50,1,50,2,5,unrelated,unrelated,0,0.9951672635729946,0.9952473099304228,0.9904035329818726,
NA1_LAG50_009,NA1_LAG50,1,50,2,6,unrelated,unrelated,0,0.995434570156391,0.995378313333512,0.9923960566520691,
NA1_LAG50_009,NA1_LAG50,1,50,3,4,unrelated,root,0,0.4226462352701495,0.12854637081050327,0.9308817982673645,
NA1_LAG50_009,NA1_LAG50,1,50,3,5,unrelated,unrelated,0,0.9947250756064987,0.9944011154177649,0.9889106154441833,
NA1_LAG50_009,NA1_LAG50,1,50,3,6,unrelated,unrelated,0,0.9954232209842683,0.9954796872862843,0.9940928816795349,
NA1_LAG50_009,NA1_LAG50,1,50,4,5,root,unrelated,0,0.420215457526008,0.12791021141399284,0.9530338644981384,
NA1_LAG50_009,NA1_LAG50,1,50,4,6,root,unrelated,0,0.41841582099906466,0.12558099269316955,0.9340018033981323,
NA1_LAG50_009,NA1_LAG50,1,50,5,6,unrelated,unrelated,0,0.9949193045960985,0.995025369271056,0.9913453459739685,
NA1_LAG50_010,NA1_LAG50,1,50,1,2,mild,root,1,0.6280693660560871,0.41301110263842006,0.9459768533706665,True
NA1_LAG50_010,NA1_LAG50,1,50,1,3,mild,unrelated,0,0.9497956268603676,0.9281126038015828,0.9930568933486938,
NA1_LAG50_010,NA1_LAG50,1,50,1,4,mild,unrelated,0,0.9468181580677864,0.9243807905062966,0.9881353974342346,
NA1_LAG50_010,NA1_LAG50,1,50,1,5,mild,unrelated,0,0.9474531437357308,0.9265934034560703,0.9903861284255981,
NA1_LAG50_010,NA1_LAG50,1,50,1,6,mild,unrelated,0,0.9492905676366646,0.9284011195347415,0.9908764362335205,
NA1_LAG50_010,NA1_LAG50,1,50,2,3,root,unrelated,0,0.41509837353656104,0.12244069109204117,0.9360906481742859,
NA1_LAG50_010,NA1_LAG50,1,50,2,4,root,unrelated,0,0.4078792158523859,0.11550872268668831,0.9204493761062622,
NA1_LAG50_010,NA1_LAG50,1,50,2,5,root,unrelated,0,0.41172778015554595,0.12420489807048085,0.9261108040809631,
NA1_LAG50_010,NA1_LAG50,1,50,2,6,root,unrelated,0,0.4178559776589215,0.12932071150912883,0.9516649842262268,
NA1_LAG50_010,NA1_LAG50,1,50,3,4,unrelated,unrelated,0,0.9950918949046181,0.995585782049019,0.9973092675209045,
NA1_LAG50_010,NA1_LAG50,1,50,3,5,unrelated,unrelated,0,0.9952909068889491,0.9953749184807299,0.9976959824562073,
NA1_LAG50_010,NA1_LAG50,1,50,3,6,unrelated,unrelated,0,0.9948589981094023,0.9950535245916573,0.9960228800773621,
NA1_LAG50_010,NA1_LAG50,1,50,4,5,unrelated,unrelated,0,0.994832690765055,0.9943078091860083,0.9964733719825745,
NA1_LAG50_010,NA1_LAG50,1,50,4,6,unrelated,unrelated,0,0.9946436455738554,0.9950043806752402,0.9918160438537598,
NA1_LAG50_010,NA1_LAG50,1,50,5,6,unrelated,unrelated,0,0.9949462523666023,0.9950629762521487,0.9950696229934692,
NA1_LAG50_011,NA1_LAG50,1,50,1,2,unrelated,root,0,0.9593909162640923,0.9961236324820721,0.9900496006011963,
NA1_LAG50_011,NA1_LAG50,1,50,1,3,unrelated,unrelated,0,0.9945254163942733,0.9942053505506679,0.9953660368919373,
NA1_LAG50_011,NA1_LAG50,1,50,1,4,unrelated,mild,0,0.9864891503188973,0.9896046704463237,0.9956713318824768,
NA1_LAG50_011,NA1_LAG50,1,50,1,5,unrelated,unrelated,0,0.9947151293127184,0.9946402112917093,0.9929447174072266,
NA1_LAG50_011,NA1_LAG50,1,50,1,6,unrelated,unrelated,0,0.9948364662088824,0.9948690865838415,0.9978440999984741,
NA1_LAG50_011,NA1_LAG50,1,50,2,3,root,unrelated,0,0.9599233497263585,0.9968021598476281,0.9854325652122498,
NA1_LAG50_011,NA1_LAG50,1,50,2,4,root,mild,1,0.9769520440511537,0.9920232654063196,0.986690104007721,True
NA1_LAG50_011,NA1_LAG50,1,50,2,5,root,unrelated,0,0.9588033688078325,0.9973141536007983,0.9801793098449707,
NA1_LAG50_011,NA1_LAG50,1,50,2,6,root,unrelated,0,0.9577085760381848,0.9965753519731048,0.9938921928405762,
NA1_LAG50_011,NA1_LAG50,1,50,3,4,unrelated,mild,0,0.9863123043700222,0.9894059454844236,0.9947636723518372,
NA1_LAG50_011,NA1_LAG50,1,50,3,5,unrelated,unrelated,0,0.9949421301661346,0.9945445323667833,0.9929192662239075,
NA1_LAG50_011,NA1_LAG50,1,50,3,6,unrelated,unrelated,0,0.994443595874303,0.9942217743047292,0.9940693974494934,
NA1_LAG50_011,NA1_LAG50,1,50,4,5,mild,unrelated,0,0.9865088048822507,0.9908664868833489,0.9935255646705627,
NA1_LAG50_011,NA1_LAG50,1,50,4,6,mild,unrelated,0,0.9859852639283222,0.9895463339679043,0.9939756393432617,
NA1_LAG50_011,NA1_LAG50,1,50,5,6,unrelated,unrelated,0,0.9947601956083544,0.995065383567925,0.9912087321281433,
NA1_LAG50_012,NA1_LAG50,1,50,1,2,cascade,unrelated,0,0.9402081053002052,0.9118731126539097,0.9877130389213562,
NA1_LAG50_012,NA1_LAG50,1,50,1,3,cascade,unrelated,0,0.9367833697426662,0.90856689015944,0.9808048605918884,
NA1_LAG50_012,NA1_LAG50,1,50,1,4,cascade,unrelated,0,0.9378492254085407,0.9084102217008886,0.9809485077857971,
NA1_LAG50_012,NA1_LAG50,1,50,1,5,cascade,root,1,0.9923830495091254,0.9912164113639332,0.9934706091880798,True
NA1_LAG50_012,NA1_LAG50,1,50,1,6,cascade,unrelated,0,0.9377530100175162,0.908885015186974,0.9583762884140015,
NA1_LAG50_012,NA1_LAG50,1,50,2,3,unrelated,unrelated,0,0.9952845249141467,0.9958453961215155,0.9942043423652649,
NA1_LAG50_012,NA1_LAG50,1,50,2,4,unrelated,unrelated,0,0.9956068611630038,0.9953404603284361,0.9909058809280396,
NA1_LAG50_012,NA1_LAG50,1,50,2,5,unrelated,root,0,0.9518317266855004,0.9294592805407552,0.9904263615608215,
NA1_LAG50_012,NA1_LAG50,1,50,2,6,unrelated,unrelated,0,0.9953846785566302,0.9955502477080286,0.983548104763031,
NA1_LAG50_012,NA1_LAG50,1,50,3,4,unrelated,unrelated,0,0.9945186833417918,0.9942721576270696,0.9930689930915833,
NA1_LAG50_012,NA1_LAG50,1,50,3,5,unrelated,root,0,0.9485264735063339,0.9255719033729678,0.9888044595718384,
NA1_LAG50_012,NA1_LAG50,1,50,3,6,unrelated,unrelated,0,0.9950929233071507,0.9950781060979281,0.9920800924301147,
NA1_LAG50_012,NA1_LAG50,1,50,4,5,unrelated,root,0,0.9493128692399379,0.9252530862635452,0.9929368495941162,
NA1_LAG50_012,NA1_LAG50,1,50,4,6,unrelated,unrelated,0,0.9955400240573838,0.9959705397982976,0.9904190301895142,
NA1_LAG50_012,NA1_LAG50,1,50,5,6,root,unrelated,0,0.9489067868874826,0.9256875230057753,0.9767225980758667,
NA1_LAG50_013,NA1_LAG50,1,50,1,2,unrelated,mild,0,0.9775371429188172,0.9777724938015092,0.9441031813621521,
NA1_LAG50_013,NA1_LAG50,1,50,1,3,unrelated,root,0,0.4252392165863365,0.14118651940338167,0.9547891616821289,
NA1_LAG50_013,NA1_LAG50,1,50,1,4,unrelated,unrelated,0,0.9956018648214884,0.9956474949669871,0.9970563054084778,
NA1_LAG50_013,NA1_LAG50,1,50,1,5,unrelated,unrelated,0,0.9954737219671874,0.9953014704836973,0.9865149259567261,
NA1_LAG50_013,NA1_LAG50,1,50,1,6,unrelated,unrelated,0,0.9950101276117405,0.9947617543978834,0.9908175468444824,
NA1_LAG50_013,NA1_LAG50,1,50,2,3,mild,root,1,0.4970482799468922,0.18329085661078504,0.8973691463470459,False
NA1_LAG50_013,NA1_LAG50,1,50,2,4,mild,unrelated,0,0.9773561653010602,0.9773553574651256,0.9459112286567688,
NA1_LAG50_013,NA1_LAG50,1,50,2,5,mild,unrelated,0,0.976913360660449,0.9774936804197859,0.9346073269844055,
NA1_LAG50_013,NA1_LAG50,1,50,2,6,mild,unrelated,0,0.9782124820636005,0.9773001144752308,0.9388012290000916,
NA1_LAG50_013,NA1_LAG50,1,50,3,4,root,unrelated,0,0.42357941772825985,0.1356530246910473,0.947261393070221,
NA1_LAG50_013,NA1_LAG50,1,50,3,5,root,unrelated,0,0.42365067017533586,0.13946713406091535,0.9105173945426941,
NA1_LAG50_013,NA1_LAG50,1,50,3,6,root,unrelated,0,0.42360653240141954,0.13424839857981802,0.9375404119491577,
NA1_LAG50_013,NA1_LAG50,1,50,4,5,unrelated,unrelated,0,0.9957946953912339,0.9957528308951792,0.9921557307243347,
NA1_LAG50_013,NA1_LAG50,1,50,4,6,unrelated,unrelated,0,0.9949330075848809,0.9950734392099596,0.9964554309844971,
NA1_LAG50_013,NA1_LAG50,1,50,5,6,unrelated,unrelated,0,0.9949392787702857,0.9948507994843141,0.9940493106842041,
NA1_LAG50_014,NA1_LAG50,1,50,1,2,unrelated,unrelated,0,0.9953677942741532,0.9953606806712247,0.9751765727996826,
NA1_LAG50_014,NA1_LAG50,1,50,1,3,unrelated,root,0,0.5672862627608048,0.05430713129396766,0.8675044775009155,
NA1_LAG50_014,NA1_LAG50,1,50,1,4,unrelated,unrelated,0,0.9955756055261094,0.9954168622030426,0.9874758124351501,
NA1_LAG50_014,NA1_LAG50,1,50,1,5,unrelated,cascade,0,0.7153454311232292,0.5433053185890734,0.8275349736213684,
NA1_LAG50_014,NA1_LAG50,1,50,1,6,unrelated,unrelated,0,0.995231307170684,0.9955103074668104,0.9951823949813843,
NA1_LAG50_014,NA1_LAG50,1,50,2,3,unrelated,root,0,0.562488279117942,0.04403929764206695,0.8496143817901611,
NA1_LAG50_014,NA1_LAG50,1,50,2,4,unrelated,unrelated,0,0.9945606530084002,0.9945584442010829,0.9958754777908325,
NA1_LAG50_014,NA1_LAG50,1,50,2,5,unrelated,cascade,0,0.7139426909699816,0.5482190443453303,0.8316558599472046,
NA1_LAG50_014,NA1_LAG50,1,50,2,6,unrelated,unrelated,0,0.9947550349627037,0.9945898746881101,0.9870410561561584,
NA1_LAG50_014,NA1_LAG50,1,50,3,4,root,unrelated,0,0.5729924887620479,0.05070728603675577,0.8539471626281738,
NA1_LAG50_014,NA1_LAG50,1,50,3,5,root,cascade,1,0.8236256455202717,0.023575783687014285,0.9566313624382019,True
NA1_LAG50_014,NA1_LAG50,1,50,3,6,root,unrelated,0,0.5684506058001662,0.04649673026570331,0.8719533085823059,
NA1_LAG50_014,NA1_LAG50,1,50,4,5,unrelated,cascade,0,0.7216774474228613,0.552881787657216,0.8308767080307007,
NA1_LAG50_014,NA1_LAG50,1,50,4,6,unrelated,unrelated,0,0.994995132256114,0.9953351524447429,0.9934396147727966,
NA1_LAG50_014,NA1_LAG50,1,50,5,6,cascade,unrelated,0,0.711776364253937,0.5366492302317167,0.8396937847137451,
NA1_LAG50_015,NA1_LAG50,1,50,1,2,root,mild,1,0.8789211938122397,0.8276428820601857,0.898131251335144,False
NA1_LAG50_015,NA1_LAG50,1,50,1,3,root,unrelated,0,0.907297381214553,0.8622591035702578,0.9827136993408203,
NA1_LAG50_015,NA1_LAG50,1,50,1,4,root,unrelated,0,0.9112186555471975,0.8682594180097429,0.9711787700653076,
NA1_LAG50_015,NA1_LAG50,1,50,1,5,root,unrelated,0,0.9099504109666319,0.8667182667135538,0.9773326516151428,
NA1_LAG50_015,NA1_LAG50,1,50,1,6,root,unrelated,0,0.909274815943371,0.8648426863940857,0.9858525395393372,
NA1_LAG50_015,NA1_LAG50,1,50,2,3,mild,unrelated,0,0.9096902859321742,0.8921029069262371,0.9160453677177429,
NA1_LAG50_015,NA1_LAG50,1,50,2,4,mild,unrelated,0,0.907848255860609,0.8906763498370097,0.9148359298706055,
NA1_LAG50_015,NA1_LAG50,1,50,2,5,mild,unrelated,0,0.9078514368699149,0.8900219393131185,0.9224610328674316,
NA1_LAG50_015,NA1_LAG50,1,50,2,6,mild,unrelated,0,0.9095813929456518,0.8889629738936784,0.9121283888816833,
NA1_LAG50_015,NA1_LAG50,1,50,3,4,unrelated,unrelated,0,0.9952730821069595,0.9950950737213757,0.9882705807685852,
NA1_LAG50_015,NA1_LAG50,1,50,3,5,unrelated,unrelated,0,0.9947104761745508,0.9942889115326389,0.9961128830909729,
NA1_LAG50_015,NA1_LAG50,1,50,3,6,unrelated,unrelated,0,0.9950332366835937,0.995226389495158,0.9969536066055298,
NA1_LAG50_015,NA1_LAG50,1,50,4,5,unrelated,unrelated,0,0.9950315288789995,0.9950654057468838,0.9914711713790894,
NA1_LAG50_015,NA1_LAG50,1,50,4,6,unrelated,unrelated,0,0.9955639740086538,0.9957946070672685,0.9847288727760315,
NA1_LAG50_015,NA1_LAG50,1,50,5,6,unrelated,unrelated,0,0.9946204581461432,0.9942168179982519,0.9954302310943604,
NA1_LAG50_016,NA1_LAG50,1,50,1,2,root,unrelated,0,0.9013522813346575,0.8543102701900338,0.9917361736297607,
NA1_LAG50_016,NA1_LAG50,1,50,1,3,root,unrelated,0,0.9024304677326507,0.8554996504924492,0.9926907420158386,
NA1_LAG50_016,NA1_LAG50,1,50,1,4,root,unrelated,0,0.9026981176675487,0.8559345039201957,0.9869475960731506,
NA1_LAG50_016,NA1_LAG50,1,50,1,5,root,mild,1,0.9471013480502959,0.9217485451684377,0.995438277721405,True
NA1_LAG50_016,NA1_LAG50,1,50,1,6,root,unrelated,0,0.9017806981911995,0.8545898545642067,0.9844775795936584,
NA1_LAG50_016,NA1_LAG50,1,50,2,3,unrelated,unrelated,0,0.9951239985187391,0.9948696515999353,0.9887245893478394,
NA1_LAG50_016,NA1_LAG50,1,50,2,4,unrelated,unrelated,0,0.9948770436350972,0.9953768800558299,0.9896950125694275,
NA1_LAG50_016,NA1_LAG50,1,50,2,5,unrelated,mild,0,0.986391262972769,0.9817160003456162,0.991600513458252,
NA1_LAG50_016,NA1_LAG50,1,50,2,6,unrelated,unrelated,0,0.9952228820604911,0.9957205826358418,0.99545818567276,
NA1_LAG50_016,NA1_LAG50,1,50,3,4,unrelated,unrelated,0,0.9945933490265394,0.9948319102839975,0.9905397891998291,
NA1_LAG50_016,NA1_LAG50,1,50,3,5,unrelated,mild,0,0.9862824769487264,0.9819174817134352,0.9949464201927185,
NA1_LAG50_016,NA1_LAG50,1,50,3,6,unrelated,unrelated,0,0.9955859089967117,0.9955527727295278,0.9865479469299316,
NA1_LAG50_016,NA1_LAG50,1,50,4,5,unrelated,mild,0,0.9872983480537056,0.9832317368970199,0.9930112361907959,
NA1_LAG50_016,NA1_LAG50,1,50,4,6,unrelated,unrelated,0,0.9954074080256782,0.9959661991483848,0.9889198541641235,
NA1_LAG50_016,NA1_LAG50,1,50,5,6,mild,unrelated,0,0.9859379244807964,0.9811740190395322,0.9864485859870911,
NA1_LAG50_017,NA1_LAG50,1,50,1,2,unrelated,root,0,0.9589834534746579,0.9969074244199363,0.9834360480308533,
NA1_LAG50_017,NA1_LAG50,1,50,1,3,unrelated,unrelated,0,0.9948271822855521,0.9949126939517767,0.9828518629074097,
NA1_LAG50_017,NA1_LAG50,1,50,1,4,unrelated,unrelated,0,0.9948112847443781,0.9946889855728998,0.9787668585777283,
NA1_LAG50_017,NA1_LAG50,1,50,1,5,unrelated,mild,0,0.9872309126121082,0.9895651281497371,0.9962522387504578,
NA1_LAG50_017,NA1_LAG50,1,50,1,6,unrelated,unrelated,0,0.995179058638445,0.9953724627648369,0.9904320240020752,
NA1_LAG50_017,NA1_LAG50,1,50,2,3,root,unrelated,0,0.9585682074343204,0.9962386610035466,0.9626433253288269,
NA1_LAG50_017,NA1_LAG50,1,50,2,4,root,unrelated,0,0.9590082815194559,0.9967348076476621,0.97701495885849,
NA1_LAG50_017,NA1_LAG50,1,50,2,5,root,mild,1,0.9747642395984608,0.991615290358943,0.9766626954078674,True
NA1_LAG50_017,NA1_LAG50,1,50,2,6,root,unrelated,0,0.9611961355864502,0.9970786993905684,0.9722007513046265,
NA1_LAG50_017,NA1_LAG50,1,50,3,4,unrelated,unrelated,0,0.9946593506110909,0.9945528367517722,0.9921633005142212,
NA1_LAG50_017,NA1_LAG50,1,50,3,5,unrelated,mild,0,0.9869572788327605,0.9889898825133724,0.9859108328819275,
NA1_LAG50_017,NA1_LAG50,1,50,3,6,unrelated,unrelated,0,0.9949429187130443,0.9946251754685842,0.9965174794197083,
NA1_LAG50_017,NA1_LAG50,1,50,4,5,unrelated,mild,0,0.9874551599452387,0.9897535489346658,0.9813132286071777,
NA1_LAG50_017,NA1_LAG50,1,50,4,6,unrelated,unrelated,0,0.9956254169732418,0.995737445193183,0.993080735206604,
NA1_LAG50_017,NA1_LAG50,1,50,5,6,mild,unrelated,0,0.9876324294092449,0.9892507770296688,0.9925642609596252,
NA1_LAG50_018,NA1_LAG50,1,50,1,2,cascade,unrelated,0,0.9350965531927588,0.9046196516105683,0.9791368842124939,
NA1_LAG50_018,NA1_LAG50,1,50,1,3,cascade,unrelated,0,0.9356913057368167,0.9053853396035758,0.971528947353363,
NA1_LAG50_018,NA1_LAG50,1,50,1,4,cascade,unrelated,0,0.9383454559317014,0.908674243508687,0.9781564474105835,
NA1_LAG50_018,NA1_LAG50,1,50,1,5,cascade,root,1,0.9876722391213618,0.9843314530657427,0.9972585439682007,True
NA1_LAG50_018,NA1_LAG50,1,50,1,6,cascade,unrelated,0,0.9344895103366276,0.9035587491915134,0.9913210868835449,
NA1_LAG50_018,NA1_LAG50,1,50,2,3,unrelated,unrelated,0,0.9951620714768338,0.9951974017003086,0.9929218292236328,
NA1_LAG50_018,NA1_LAG50,1,50,2,4,unrelated,unrelated,0,0.9955709414907404,0.9956052602043952,0.9970276355743408,
NA1_LAG50_018,NA1_LAG50,1,50,2,5,unrelated,root,0,0.9062260901686245,0.861493284629777,0.9756880402565002,
NA1_LAG50_018,NA1_LAG50,1,50,2,6,unrelated,unrelated,0,0.9951870927960096,0.9953978464324384,0.9942577481269836,
NA1_LAG50_018,NA1_LAG50,1,50,3,4,unrelated,unrelated,0,0.995061307517603,0.9952687137651768,0.9869158864021301,
NA1_LAG50_018,NA1_LAG50,1,50,3,5,unrelated,root,0,0.9074052275253284,0.862626815497685,0.9671623706817627,
NA1_LAG50_018,NA1_LAG50,1,50,3,6,unrelated,unrelated,0,0.9949432999181612,0.995018509427712,0.9884439706802368,
NA1_LAG50_018,NA1_LAG50,1,50,4,5,unrelated,root,0,0.910618589654104,0.8676755281734625,0.9733824133872986,
NA1_LAG50_018,NA1_LAG50,1,50,4,6,unrelated,unrelated,0,0.9959224797485169,0.9963752936609257,0.9934133291244507,
NA1_LAG50_018,NA1_LAG50,1,50,5,6,root,unrelated,0,0.9056921612527671,0.8609639805404522,0.9890984296798706,
NA1_LAG50_019,NA1_LAG50,1,50,1,2,cascade,unrelated,0,4.215713543759556e-05,0.5604006991560228,0.8003823757171631,
NA1_LAG50_019,NA1_LAG50,1,50,1,3,cascade,unrelated,0,0.0018141812853711549,0.5642742372895063,0.7985089421272278,
NA1_LAG50_019,NA1_LAG50,1,50,1,4,cascade,root,1,0.5966323954654956,0.031627513991775304,0.8993485569953918,False
NA1_LAG50_019,NA1_LAG50,1,50,1,5,cascade,unrelated,0,0.005027161802306049,0.5525409415481866,0.8060205578804016,
NA1_LAG50_019,NA1_LAG50,1,50,1,6,cascade,unrelated,0,0.0001267842267435952,0.5510669171463669,0.7952256798744202,
NA1_LAG50_019,NA1_LAG50,1,50,2,3,unrelated,unrelated,0,0.9955011646571144,0.9952347151112058,0.9893649220466614,
NA1_LAG50_019,NA1_LAG50,1,50,2,4,unrelated,root,0,0.5700099121932968,0.041245906202431445,0.8450276851654053,
NA1_LAG50_019,NA1_LAG50,1,50,2,5,unrelated,unrelated,0,0.99560102738145,0.9955984420239185,0.9980764389038086,
NA1_LAG50_019,NA1_LAG50,1,50,2,6,unrelated,unrelated,0,0.9956919965422967,0.9957909988747977,0.992881715297699,
NA1_LAG50_019,NA1_LAG50,1,50,3,4,unrelated,root,0,0.5738826255090664,0.04317231125006959,0.8115096092224121,
NA1_LAG50_019,NA1_LAG50,1,50,3,5,unrelated,unrelated,0,0.9952424048957882,0.9948652496124774,0.9876050353050232,
NA1_LAG50_019,NA1_LAG50,1,50,3,6,unrelated,unrelated,0,0.994975384321946,0.9952112326627188,0.9865694642066956,
NA1_LAG50_019,NA1_LAG50,1,50,4,5,root,unrelated,0,0.5675308507362316,0.04567763091618761,0.8474945425987244,
NA1_LAG50_019,NA1_LAG50,1,50,4,6,root,unrelated,0,0.5641249341069217,0.04890982812950359,0.845379650592804,
NA1_LAG50_019,NA1_LAG50,1,50,5,6,unrelated,unrelated,0,0.995049489878726,0.9952995944466676,0.9883437752723694,
NA1_LAG50_020,NA1_LAG50,1,50,1,2,unrelated,unrelated,0,0.9952791844847095,0.9954558309746551,0.9954516887664795,
NA1_LAG50_020,NA1_LAG50,1,50,1,3,unrelated,unrelated,0,0.9947910472050274,0.9943498943017978,0.9987630844116211,
NA1_LAG50_020,NA1_LAG50,1,50,1,4,unrelated,unrelated,0,0.9948790963560492,0.9954471629664623,0.9922359585762024,
NA1_LAG50_020,NA1_LAG50,1,50,1,5,unrelated,mild,0,0.9788541659775895,0.9794443874835927,0.9617253541946411,
NA1_LAG50_020,NA1_LAG50,1,50,1,6,unrelated,root,0,0.5712889663839485,0.030942655731144724,0.7621938586235046,
NA1_LAG50_020,NA1_LAG50,1,50,2,3,unrelated,unrelated,0,0.994865761487907,0.9947560190718143,0.9952173233032227,
NA1_LAG50_020,NA1_LAG50,1,50,2,4,unrelated,unrelated,0,0.995533291190056,0.9952914974634418,0.9968093037605286,
NA1_LAG50_020,NA1_LAG50,1,50,2,5,unrelated,mild,0,0.9776598677907599,0.9786829679758374,0.9667366743087769,
NA1_LAG50_020,NA1_LAG50,1,50,2,6,unrelated,root,0,0.5697943516207755,0.023538232413690803,0.7784523963928223,
NA1_LAG50_020,NA1_LAG50,1,50,3,4,unrelated,unrelated,0,0.9951067407326006,0.9954435846137233,0.992455244064331,
NA1_LAG50_020,NA1_LAG50,1,50,3,5,unrelated,mild,0,0.977587278439977,0.9778195233222261,0.965076744556427,
NA1_LAG50_020,NA1_LAG50,1,50,3,6,unrelated,root,0,0.5704714360790765,0.020545094146631908,0.7728710174560547,
NA1_LAG50_020,NA1_LAG50,1,50,4,5,unrelated,mild,0,0.9773782798465566,0.9786247653836221,0.9651680588722229,
NA1_LAG50_020,NA1_LAG50,1,50,4,6,unrelated,root,0,0.5665270354810648,0.03151350677956887,0.7771328687667847,
NA1_LAG50_020,NA1_LAG50,1,50,5,6,mild,root,1,0.6604036061349094,0.010467827114249722,0.8736621737480164,True
NA1_LAG50_021,NA1_LAG50,1,50,1,2,unrelated,unrelated,0,0.9948631496051124,0.9949315764739407,0.9910027384757996,
NA1_LAG50_021,NA1_LAG50,1,50,1,3,unrelated,unrelated,0,0.9948017110161563,0.9947998541229541,0.987205445766449,
NA1_LAG50_021,NA1_LAG50,1,50,1,4,unrelated,unrelated,0,0.9954933953068528,0.9956074945450779,0.9949415922164917,
NA1_LAG50_021,NA1_LAG50,1,50,1,5,unrelated,root,0,0.41869615988156716,0.13027914406517757,0.953041136264801,
NA1_LAG50_021,NA1_LAG50,1,50,1,6,unrelated,cascade,0,0.5889010438130049,0.3871768430139178,0.9837566018104553,
NA1_LAG50_021,NA1_LAG50,1,50,2,3,unrelated,unrelated,0,0.9942080857209513,0.9945754456970258,0.9943097233772278,
NA1_LAG50_021,NA1_LAG50,1,50,2,4,unrelated,unrelated,0,0.9951815204884374,0.9949024425745971,0.993577241897583,
NA1_LAG50_021,NA1_LAG50,1,50,2,5,unrelated,root,0,0.42580015071652594,0.13735023274353392,0.9163391590118408,
NA1_LAG50_021,NA1_LAG50,1,50,2,6,unrelated,cascade,0,0.5903194880754967,0.3860238263581893,0.963302493095398,
NA1_LAG50_021,NA1_LAG50,1,50,3,4,unrelated,unrelated,0,0.9952882053847429,0.9954084081379762,0.9889279007911682,
NA1_LAG50_021,NA1_LAG50,1,50,3,5,unrelated,root,0,0.426984019176242,0.14089205559742418,0.9205118417739868,
NA1_LAG50_021,NA1_LAG50,1,50,3,6,unrelated,cascade,0,0.590710743219986,0.38867711908251307,0.9672243595123291,
NA1_LAG50_021,NA1_LAG50,1,50,4,5,unrelated,root,0,0.42033833042736607,0.12794660471511607,0.9357381463050842,
NA1_LAG50_021,NA1_LAG50,1,50,4,6,unrelated,cascade,0,0.5887779431574028,0.3829856711868038,0.9728349447250366,
NA1_LAG50_021,NA1_LAG50,1,50,5,6,root,cascade,1,0.8767743630162,0.8158446637868446,0.9853324890136719,True
NA1_LAG50_022,NA1_LAG50,1,50,1,2,mild,unrelated,0,0.9437853807221795,0.9192782385100582,0.9589017629623413,
NA1_LAG50_022,NA1_LAG50,1,50,1,3,mild,unrelated,0,0.9446264100253883,0.9192164730710051,0.9585289359092712,
NA1_LAG50_022,NA1_LAG50,1,50,1,4,mild,unrelated,0,0.9453160051875856,0.9221077799675476,0.9550490975379944,
NA1_LAG50_022,NA1_LAG50,1,50,1,5,mild,root,1,0.879942398441379,0.9223697231880813,0.9486245512962341,False
NA1_LAG50_022,NA1_LAG50,1,50,1,6,mild,unrelated,0,0.9457623168840217,0.9228571504479581,0.9538807272911072,
NA1_LAG50_022,NA1_LAG50,1,50,2,3,unrelated,unrelated,0,0.9949259435430294,0.9953752950699685,0.9898669719696045,
NA1_LAG50_022,NA1_LAG50,1,50,2,4,unrelated,unrelated,0,0.9956289100452818,0.9956573866998777,0.9849435091018677,
NA1_LAG50_022,NA1_LAG50,1,50,2,5,unrelated,root,0,0.9593536163141795,0.9967254014827269,0.9828406572341919,
NA1_LAG50_022,NA1_LAG50,1,50,2,6,unrelated,unrelated,0,0.9946287271961006,0.9943840229289055,0.9854006171226501,
NA1_LAG50_022,NA1_LAG50,1,50,3,4,unrelated,unrelated,0,0.9952522246790234,0.9955747764810179,0.9976829886436462,
NA1_LAG50_022,NA1_LAG50,1,50,3,5,unrelated,root,0,0.9577551758327352,0.9970462218248388,0.9910906553268433,
NA1_LAG50_022,NA1_LAG50,1,50,3,6,unrelated,unrelated,0,0.9944005926580141,0.99461284558002,0.9968211054801941,
NA1_LAG50_022,NA1_LAG50,1,50,4,5,unrelated,root,0,0.9605386417673852,0.9973324820790371,0.9842774868011475,
NA1_LAG50_022,NA1_LAG50,1,50,4,6,unrelated,unrelated,0,0.9950874355274766,0.9950194126457842,0.9950961470603943,
NA1_LAG50_022,NA1_LAG50,1,50,5,6,root,unrelated,0,0.9597993785461179,0.9965132309310198,0.9929402470588684,
NA1_LAG50_023,NA1_LAG50,1,50,1,2,mild,unrelated,0,0.8939382922944061,0.867891445776748,0.8848264813423157,
NA1_LAG50_023,NA1_LAG50,1,50,1,3,mild,unrelated,0,0.8987215162736545,0.8721811639518862,0.8796998262405396,
NA1_LAG50_023,NA1_LAG50,1,50,1,4,mild,root,1,0.8295766210158428,0.7345346422250051,0.8781954050064087,False
NA1_LAG50_023,NA1_LAG50,1,50,1,5,mild,unrelated,0,0.8953368429209768,0.8706572187402017,0.8853169679641724,
NA1_LAG50_023,NA1_LAG50,1,50,1,6,mild,unrelated,0,0.8917966011360755,0.8666782520847386,0.8857549428939819,
NA1_LAG50_023,NA1_LAG50,1,50,2,3,unrelated,unrelated,0,0.9945395707121215,0.994362407355093,0.9958372116088867,
NA1_LAG50_023,NA1_LAG50,1,50,2,4,unrelated,root,0,0.8272827407239428,0.7428524034598176,0.9937583208084106,
NA1_LAG50_023,NA1_LAG50,1,50,2,5,unrelated,unrelated,0,0.994651065577395,0.9948926231774,0.9950035810470581,
NA1_LAG50_023,NA1_LAG50,1,50,2,6,unrelated,unrelated,0,0.9947374893275558,0.9945673644543996,0.9853262305259705,
NA1_LAG50_023,NA1_LAG50,1,50,3,4,unrelated,root,0,0.8346737634943419,0.7522441166213691,0.991418719291687,
NA1_LAG50_023,NA1_LAG50,1,50,3,5,unrelated,unrelated,0,0.9953206431017955,0.995427637923108,0.9963472485542297,
NA1_LAG50_023,NA1_LAG50,1,50,3,6,unrelated,unrelated,0,0.9949481370713813,0.9948825436422435,0.9910222291946411,
NA1_LAG50_023,NA1_LAG50,1,50,4,5,root,unrelated,0,0.8300557932186798,0.7469789861770448,0.9858091473579407,
NA1_LAG50_023,NA1_LAG50,1,50,4,6,root,unrelated,0,0.8255401831707605,0.7412516151914568,0.9751148819923401,
NA1_LAG50_023,NA1_LAG50,1,50,5,6,unrelated,unrelated,0,0.99464892706583,0.9945412561612269,0.9941762089729309,
NA1_LAG50_024,NA1_LAG50,1,50,1,2,root,unrelated,0,0.9633674343853462,0.9973046814370171,0.9904385805130005,
NA1_LAG50_024,NA1_LAG50,1,50,1,3,root,mild,1,0.9764545335811128,0.9918575116291807,0.9902275204658508,True
NA1_LAG50_024,NA1_LAG50,1,50,1,4,root,unrelated,0,0.9581716160589375,0.9966153836691607,0.9955351948738098,
NA1_LAG50_024,NA1_LAG50,1,50,1,5,root,unrelated,0,0.959094044870559,0.997141401900882,0.990764319896698,
NA1_LAG50_024,NA1_LAG50,1,50,1,6,root,unrelated,0,0.9592143877513095,0.9969223147682229,0.9869248270988464,
NA1_LAG50_024,NA1_LAG50,1,50,2,3,unrelated,mild,0,0.9877956876463186,0.989560188315718,0.9938381910324097,
NA1_LAG50_024,NA1_LAG50,1,50,2,4,unrelated,unrelated,0,0.9951255250878509,0.9952433946260287,0.9866975545883179,
NA1_LAG50_024,NA1_LAG50,1,50,2,5,unrelated,unrelated,0,0.9946060725720768,0.9950774905740405,0.996993899345398,
NA1_LAG50_024,NA1_LAG50,1,50,2,6,unrelated,unrelated,0,0.9952834599134464,0.9951986045719303,0.9944167137145996,
NA1_LAG50_024,NA1_LAG50,1,50,3,4,mild,unrelated,0,0.9864334746005139,0.9901877184574691,0.9903632998466492,
NA1_LAG50_024,NA1_LAG50,1,50,3,5,mild,unrelated,0,0.98671266813858,0.9907076565090304,0.9974017143249512,
NA1_LAG50_024,NA1_LAG50,1,50,3,6,mild,unrelated,0,0.986700419602803,0.9898427707327998,0.9976258277893066,
NA1_LAG50_024,NA1_LAG50,1,50,4,5,unrelated,unrelated,0,0.9947654486561182,0.9948890878998428,0.9897301197052002,
NA1_LAG50_024,NA1_LAG50,1,50,4,6,unrelated,unrelated,0,0.9952087997379035,0.9950206622027943,0.988765299320221,
NA1_LAG50_024,NA1_LAG50,1,50,5,6,unrelated,unrelated,0,0.9949358684915708,0.9951152386450939,0.9977793097496033,
NA1_LAG50_025,NA1_LAG50,1,50,1,2,unrelated,cascade,0,0.9498676489881356,0.9749298355501046,0.9685818552970886,
NA1_LAG50_025,NA1_LAG50,1,50,1,3,unrelated,root,0,0.40990000577438845,0.11783772884454571,0.9294348359107971,
NA1_LAG50_025,NA1_LAG50,1,50,1,4,unrelated,unrelated,0,0.9952366060091355,0.9949374655469412,0.9971900582313538,
NA1_LAG50_025,NA1_LAG50,1,50,1,5,unrelated,unrelated,0,0.995513239708708,0.9952111130662085,0.9942693710327148,
NA1_LAG50_025,NA1_LAG50,1,50,1,6,unrelated,unrelated,0,0.9946485542592707,0.9951323797037329,0.9899244904518127,
NA1_LAG50_025,NA1_LAG50,1,50,2,3,cascade,root,1,0.267896418883987,0.07737826831590659,0.8499417901039124,False
NA1_LAG50_025,NA1_LAG50,1,50,2,4,cascade,unrelated,0,0.9502330608494687,0.9761274813061648,0.9747662544250488,
NA1_LAG50_025,NA1_LAG50,1,50,2,5,cascade,unrelated,0,0.9506214566772236,0.9748125706035908,0.9816904067993164,
NA1_LAG50_025,NA1_LAG50,1,50,2,6,cascade,unrelated,0,0.9513003204675994,0.9746667623618037,0.9789032936096191,
NA1_LAG50_025,NA1_LAG50,1,50,3,4,root,unrelated,0,0.416889389212775,0.1273532727652978,0.9256415367126465,
NA1_LAG50_025,NA1_LAG50,1,50,3,5,root,unrelated,0,0.42217630084982155,0.13797978237845548,0.900000810623169,
NA1_LAG50_025,NA1_LAG50,1,50,3,6,root,unrelated,0,0.40692960739570433,0.11931042022167279,0.9104452133178711,
NA1_LAG50_025,NA1_LAG50,1,50,4,5,unrelated,unrelated,0,0.995728532625528,0.9958964584591882,0.9947128295898438,
NA1_LAG50_025,NA1_LAG50,1,50,4,6,unrelated,unrelated,0,0.9953690717940076,0.9959424808531118,0.9911695122718811,
NA1_LAG50_025,NA1_LAG50,1,50,5,6,unrelated,unrelated,0,0.9950952445634855,0.9952797735911052,0.9927388429641724,
NA1_LAG50_026,NA1_LAG50,1,50,1,2,unrelated,mild,0,0.9856687462379974,0.9889622060350113,0.9891859292984009,
NA1_LAG50_026,NA1_LAG50,1,50,1,3,unrelated,root,0,0.3239847942683716,0.994778967894492,0.7839210033416748,
NA1_LAG50_026,NA1_LAG50,1,50,1,4,unrelated,unrelated,0,0.994589530669051,0.9944019214230714,0.9881362318992615,
NA1_LAG50_026,NA1_LAG50,1,50,1,5,unrelated,unrelated,0,0.9943513919138929,0.9943257884300833,0.9979934692382812,
NA1_LAG50_026,NA1_LAG50,1,50,1,6,unrelated,unrelated,0,0.9954526795439659,0.9951360373006122,0.9956645965576172,
NA1_LAG50_026,NA1_LAG50,1,50,2,3,mild,root,1,0.40997231655780636,0.9893391476021376,0.7718285918235779,False
NA1_LAG50_026,NA1_LAG50,1,50,2,4,mild,unrelated,0,0.9876543542828975,0.9906939030298799,0.9926207661628723,
NA1_LAG50_026,NA1_LAG50,1,50,2,5,mild,unrelated,0,0.9869466807202805,0.9894458504241723,0.9890126585960388,
NA1_LAG50_026,NA1_LAG50,1,50,2,6,mild,unrelated,0,0.9870494292584208,0.9903550562962333,0.9946919083595276,
NA1_LAG50_026,NA1_LAG50,1,50,3,4,root,unrelated,0,0.3272547796726779,0.9952895857954395,0.8029093742370605,
NA1_LAG50_026,NA1_LAG50,1,50,3,5,root,unrelated,0,0.3304251533162066,0.9952139331636635,0.7780373692512512,
NA1_LAG50_026,NA1_LAG50,1,50,3,6,root,unrelated,0,0.32680516492341155,0.9944897745904053,0.7852005362510681,
NA1_LAG50_026,NA1_LAG50,1,50,4,5,unrelated,unrelated,0,0.9949639082651835,0.9947478383848504,0.9881883859634399,
NA1_LAG50_026,NA1_LAG50,1,50,4,6,unrelated,unrelated,0,0.9946944888579985,0.9944925648875456,0.9945818185806274,
NA1_LAG50_026,NA1_LAG50,1,50,5,6,unrelated,unrelated,0,0.9942601331022514,0.9945096557556936,0.996152937412262,
NA1_LAG50_027,NA1_LAG50,1,50,1,2,unrelated,unrelated,0,0.9952000991992002,0.9950171643946505,0.9909032583236694,
NA1_LAG50_027,NA1_LAG50,1,50,1,3,unrelated,unrelated,0,0.9953233558287213,0.9953595650106958,0.9810096621513367,
NA1_LAG50_027,NA1_LAG50,1,50,1,4,unrelated,unrelated,0,0.9949230534348202,0.994800344919058,0.9874721765518188,
NA1_LAG50_027,NA1_LAG50,1,50,1,5,unrelated,mild,0,0.9852338869491336,0.9892565027353737,0.9647464752197266,
NA1_LAG50_027,NA1_LAG50,1,50,1,6,unrelated,root,0,0.9608881393509815,0.996912835683541,0.9901391267776489,
NA1_LAG50_027,NA1_LAG50,1,50,2,3,unrelated,unrelated,0,0.9947672810104451,0.9942876692880699,0.9952108263969421,
NA1_LAG50_027,NA1_LAG50,1,50,2,4,unrelated,unrelated,0,0.9952149399934749,0.9954070778571886,0.9971656203269958,
NA1_LAG50_027,NA1_LAG50,1,50,2,5,unrelated,mild,0,0.9853432945870988,0.9890735302778315,0.9781509041786194,
NA1_LAG50_027,NA1_LAG50,1,50,2,6,unrelated,root,0,0.9612324375780006,0.9966851536347632,0.9834292531013489,
NA1_LAG50_027,NA1_LAG50,1,50,3,4,unrelated,unrelated,0,0.9949466763708368,0.9947948432016687,0.9947953224182129,
NA1_LAG50_027,NA1_LAG50,1,50,3,5,unrelated,mild,0,0.9864456714602583,0.9906613076326088,0.9786196947097778,
NA1_LAG50_027,NA1_LAG50,1,50,3,6,unrelated,root,0,0.9605058755976394,0.9967339024035913,0.9702126383781433,
NA1_LAG50_027,NA1_LAG50,1,50,4,5,unrelated,mild,0,0.9864086925036882,0.9905008362383939,0.9869878888130188,
NA1_LAG50_027,NA1_LAG50,1,50,4,6,unrelated,root,0,0.9607217082701839,0.9969519003113662,0.9850051999092102,
NA1_LAG50_027,NA1_LAG50,1,50,5,6,mild,root,1,0.978398223178355,0.9923807288498836,0.9796778559684753,True
NA1_LAG50_028,NA1_LAG50,1,50,1,2,unrelated,unrelated,0,0.9948945736532862,0.994759749304546,0.9935232400894165,
NA1_LAG50_028,NA1_LAG50,1,50,1,3,unrelated,unrelated,0,0.9949662128873153,0.994887633409795,0.996776819229126,
NA1_LAG50_028,NA1_LAG50,1,50,1,4,unrelated,cascade,0,0.9518430096498658,0.9764426017350327,0.9658668637275696,
NA1_LAG50_028,NA1_LAG50,1,50,1,5,unrelated,root,0,0.9590568709565251,0.9967423517633751,0.9754599928855896,
NA1_LAG50_028,NA1_LAG50,1,50,1,6,unrelated,unrelated,0,0.9951116998739785,0.9952571787600859,0.9806902408599854,
NA1_LAG50_028,NA1_LAG50,1,50,2,3,unrelated,unrelated,0,0.9951169034980676,0.9950036916667498,0.9951672554016113,
NA1_LAG50_028,NA1_LAG50,1,50,2,4,unrelated,cascade,0,0.9516349444434355,0.9754469088031107,0.9735581874847412,
NA1_LAG50_028,NA1_LAG50,1,50,2,5,unrelated,root,0,0.9599621231609887,0.9968462061131903,0.9699152708053589,
NA1_LAG50_028,NA1_LAG50,1,50,2,6,unrelated,unrelated,0,0.9948143803322131,0.9951374221871828,0.9739211201667786,
NA1_LAG50_028,NA1_LAG50,1,50,3,4,unrelated,cascade,0,0.9505866419418887,0.9740538300367297,0.9625140428543091,
NA1_LAG50_028,NA1_LAG50,1,50,3,5,unrelated,root,0,0.9595455484310236,0.996941904644128,0.974083423614502,
NA1_LAG50_028,NA1_LAG50,1,50,3,6,unrelated,unrelated,0,0.9951590663682846,0.9951588858218655,0.9827622175216675,
NA1_LAG50_028,NA1_LAG50,1,50,4,5,cascade,root,1,0.9759668374676089,0.976845644205733,0.980866014957428,True
NA1_LAG50_028,NA1_LAG50,1,50,4,6,cascade,unrelated,0,0.9504619826603767,0.9764057534281525,0.9683478474617004,
NA1_LAG50_028,NA1_LAG50,1,50,5,6,root,unrelated,0,0.9570974367389743,0.9964981141056808,0.9949296712875366,
NA1_LAG50_029,NA1_LAG50,1,50,1,2,root,unrelated,0,0.340369022989517,0.9951138616445981,0.7929368019104004,
NA1_LAG50_029,NA1_LAG50,1,50,1,3,root,unrelated,0,0.34203393901673823,0.9948642722946073,0.785413920879364,
NA1_LAG50_029,NA1_LAG50,1,50,1,4,root,unrelated,0,0.33881971231106417,0.9948723235495126,0.7854943871498108,
NA1_LAG50_029,NA1_LAG50,1,50,1,5,root,mild,1,0.22178732562962003,0.9788460223416438,0.936568021774292,False
NA1_LAG50_029,NA1_LAG50,1,50,1,6,root,unrelated,0,0.3428885360883754,0.9947364094001975,0.7896571159362793,
NA1_LAG50_029,NA1_LAG50,1,50,2,3,unrelated,unrelated,0,0.9948722085167612,0.9947337515926762,0.9917616248130798,
NA1_LAG50_029,NA1_LAG50,1,50,2,4,unrelated,unrelated,0,0.995532995341747,0.9947869466577051,0.9968977570533752,
NA1_LAG50_029,NA1_LAG50,1,50,2,5,unrelated,mild,0,0.9797301232611398,0.9804519683759447,0.9160404205322266,
NA1_LAG50_029,NA1_LAG50,1,50,2,6,unrelated,unrelated,0,0.995046910482181,0.9948903542755227,0.9976254105567932,
NA1_LAG50_029,NA1_LAG50,1,50,3,4,unrelated,unrelated,0,0.9955265548684444,0.9956968895165375,0.9966763854026794,
NA1_LAG50_029,NA1_LAG50,1,50,3,5,unrelated,mild,0,0.9783777726975809,0.9793084129925876,0.9042326807975769,
NA1_LAG50_029,NA1_LAG50,1,50,3,6,unrelated,unrelated,0,0.9951427909502963,0.9954621092393067,0.9957081079483032,
NA1_LAG50_029,NA1_LAG50,1,50,4,5,unrelated,mild,0,0.9784850090126975,0.9778923623244188,0.9083207845687866,
NA1_LAG50_029,NA1_LAG50,1,50,4,6,unrelated,unrelated,0,0.995818965824439,0.9958128658717531,0.9982671737670898,
NA1_LAG50_029,NA1_LAG50,1,50,5,6,mild,unrelated,0,0.9781589193485141,0.979358076861479,0.9103664755821228,
NA2_LAG10_000,NA2_LAG10,2,10,1,2,unrelated,mild,0,0.9304484496868652,0.9001610280849653,0.9964879155158997,
NA2_LAG10_000,NA2_LAG10,2,10,1,3,unrelated,unrelated,0,0.9944283609021433,0.9943205690478069,0.9940460324287415,
NA2_LAG10_000,NA2_LAG10,2,10,1,4,unrelated,root,0,0.3382178341431865,0.9955715425529783,0.7849565148353577,
NA2_LAG10_000,NA2_LAG10,2,10,1,5,unrelated,unrelated,0,0.9952774911991759,0.995494727892158,0.9965279698371887,
NA2_LAG10_000,NA2_LAG10,2,10,1,6,unrelated,mild,0,0.9776043585177121,0.9693893825768807,0.996163010597229,
NA2_LAG10_000,NA2_LAG10,2,10,2,3,mild,unrelated,0,0.9342789714779601,0.9077427013000882,0.992749035358429,
NA2_LAG10_000,NA2_LAG10,2,10,2,4,mild,root,1,0.17055086864310665,0.8998501612678155,0.7814960479736328,False
NA2_LAG10_000,NA2_LAG10,2,10,2,5,mild,unrelated,0,0.933555382446037,0.90397397912518,0.9927751421928406,
NA2_LAG10_000,NA2_LAG10,2,10,2,6,mild,mild,1,0.9717261609020323,0.9607500626194458,0.9974936842918396,False
NA2_LAG10_000,NA2_LAG10,2,10,3,4,unrelated,root,0,0.33961598882769045,0.9941800338137929,0.7780365943908691,
NA2_LAG10_000,NA2_LAG10,2,10,3,5,unrelated,unrelated,0,0.9951598612191497,0.9952892102519076,0.9872092008590698,
NA2_LAG10_000,NA2_LAG10,2,10,3,6,unrelated,mild,0,0.9801297410875253,0.9735789971448331,0.9934026002883911,
NA2_LAG10_000,NA2_LAG10,2,10,4,5,root,unrelated,0,0.33129240580360736,0.9948356221226273,0.7933911085128784,
NA2_LAG10_000,NA2_LAG10,2,10,4,6,root,mild,1,0.2876434416599068,0.969626797674955,0.7859159111976624,False
NA2_LAG10_000,NA2_LAG10,2,10,5,6,unrelated,mild,0,0.978759335416553,0.970799937758727,0.9921205639839172,
NA2_LAG10_001,NA2_LAG10,2,10,1,2,root,unrelated,0,0.3307273741173039,0.9947096497914469,0.7920527458190918,
NA2_LAG10_001,NA2_LAG10,2,10,1,3,root,unrelated,0,0.33014924894911807,0.9952379233883527,0.7837347984313965,
NA2_LAG10_001,NA2_LAG10,2,10,1,4,root,cascade,1,0.19425045958285525,0.8012717141127954,0.783138632774353,False
NA2_LAG10_001,NA2_LAG10,2,10,1,5,root,mild,1,0.16407600772726547,0.898854015186084,0.8258406519889832,False
NA2_LAG10_001,NA2_LAG10,2,10,1,6,root,unrelated,0,0.33065733609341874,0.9954194559430781,0.7828403115272522,
NA2_LAG10_001,NA2_LAG10,2,10,2,3,unrelated,unrelated,0,0.9952762706348445,0.9952041878924452,0.9952434301376343,
NA2_LAG10_001,NA2_LAG10,2,10,2,4,unrelated,cascade,0,0.8653675762105845,0.7999454045302578,0.9848987460136414,
NA2_LAG10_001,NA2_LAG10,2,10,2,5,unrelated,mild,0,0.929753439726851,0.8983245728085207,0.9868487119674683,
NA2_LAG10_001,NA2_LAG10,2,10,2,6,unrelated,unrelated,0,0.9945523850812085,0.9942579881222293,0.9948095083236694,
NA2_LAG10_001,NA2_LAG10,2,10,3,4,unrelated,cascade,0,0.8673650208144814,0.8027213555679668,0.9934086799621582,
NA2_LAG10_001,NA2_LAG10,2,10,3,5,unrelated,mild,0,0.9329587853383593,0.9033555146333694,0.9911706447601318,
NA2_LAG10_001,NA2_LAG10,2,10,3,6,unrelated,unrelated,0,0.9951310293557081,0.9949677748646267,0.9982314705848694,
NA2_LAG10_001,NA2_LAG10,2,10,4,5,cascade,mild,1,0.9619060834480408,0.9489422459959131,0.990373969078064,False
NA2_LAG10_001,NA2_LAG10,2,10,4,6,cascade,unrelated,0,0.8668061089980915,0.8018620207869422,0.993990421295166,
NA2_LAG10_001,NA2_LAG10,2,10,5,6,mild,unrelated,0,0.9313345130325817,0.9013166861478363,0.9927277565002441,
NA2_LAG10_002,NA2_LAG10,2,10,1,2,unrelated,root,0,0.9584850041703714,0.9970072832716855,0.9852092862129211,
NA2_LAG10_002,NA2_LAG10,2,10,1,3,unrelated,cascade,0,0.9560158570725287,0.9954226185960819,0.9814640879631042,
NA2_LAG10_002,NA2_LAG10,2,10,1,4,unrelated,unrelated,0,0.9949254912682599,0.9951936187846555,0.9967519640922546,
NA2_LAG10_002,NA2_LAG10,2,10,1,5,unrelated,unrelated,0,0.9946715018658344,0.9949477020294062,0.9911116361618042,
NA2_LAG10_002,NA2_LAG10,2,10,1,6,unrelated,cascade,0,0.9548807491111079,0.9952614815944311,0.9808639883995056,
NA2_LAG10_002,NA2_LAG10,2,10,2,3,root,cascade,1,0.9969764713661422,0.9973240230548427,0.9979674816131592,True
NA2_LAG10_002,NA2_LAG10,2,10,2,4,root,unrelated,0,0.9578087696779902,0.9970423984050278,0.9922072291374207,
NA2_LAG10_002,NA2_LAG10,2,10,2,5,root,unrelated,0,0.9604206608675122,0.997011765314227,0.9842540621757507,
NA2_LAG10_002,NA2_LAG10,2,10,2,6,root,cascade,1,0.9965948057128928,0.996875206786133,0.9972584843635559,True
NA2_LAG10_002,NA2_LAG10,2,10,3,4,cascade,unrelated,0,0.9551680810346755,0.9949664001754722,0.9898136854171753,
NA2_LAG10_002,NA2_LAG10,2,10,3,5,cascade,unrelated,0,0.9579220077892702,0.9950793469611108,0.9840764999389648,
NA2_LAG10_002,NA2_LAG10,2,10,3,6,cascade,cascade,1,0.9983052411691278,0.9986584214656502,0.9943873882293701,True
NA2_LAG10_002,NA2_LAG10,2,10,4,5,unrelated,unrelated,0,0.9947258165358883,0.9945827608450876,0.9908345937728882,
NA2_LAG10_002,NA2_LAG10,2,10,4,6,unrelated,cascade,0,0.9545083802510542,0.995405652920112,0.9868689179420471,
NA2_LAG10_002,NA2_LAG10,2,10,5,6,unrelated,cascade,0,0.9568472744735387,0.9947914699886393,0.9777102470397949,
NA2_LAG10_003,NA2_LAG10,2,10,1,2,mild,root,1,0.43412279884913985,0.9940261493018805,0.7773899435997009,False
NA2_LAG10_003,NA2_LAG10,2,10,1,3,mild,unrelated,0,0.9869271660671837,0.9934106874777371,0.989767849445343,
NA2_LAG10_003,NA2_LAG10,2,10,1,4,mild,unrelated,0,0.9876883435554069,0.9937932624857646,0.9780033826828003,
NA2_LAG10_003,NA2_LAG10,2,10,1,5,mild,unrelated,0,0.98770055428192,0.9937440391667424,0.9957476258277893,
NA2_LAG10_003,NA2_LAG10,2,10,1,6,mild,mild,1,0.9700330657104339,0.9718537357952716,0.9944520592689514,False
NA2_LAG10_003,NA2_LAG10,2,10,2,3,root,unrelated,0,0.3269084036302464,0.9948632995483297,0.7988526225090027,
NA2_LAG10_003,NA2_LAG10,2,10,2,4,root,unrelated,0,0.3287357113670368,0.9950713538581525,0.7950530648231506,
NA2_LAG10_003,NA2_LAG10,2,10,2,5,root,unrelated,0,0.3312780205047882,0.9945511548357387,0.7823554873466492,
NA2_LAG10_003,NA2_LAG10,2,10,2,6,root,mild,1,0.3026846375456145,0.9760548872540123,0.7776364684104919,False
NA2_LAG10_003,NA2_LAG10,2,10,3,4,unrelated,unrelated,0,0.9949593253617568,0.9946693428065718,0.9918559193611145,
NA2_LAG10_003,NA2_LAG10,2,10,3,5,unrelated,unrelated,0,0.9957594828694779,0.9958494987906984,0.9861551523208618,
NA2_LAG10_003,NA2_LAG10,2,10,3,6,unrelated,mild,0,0.9838524053289683,0.9779506753456721,0.9885439872741699,
NA2_LAG10_003,NA2_LAG10,2,10,4,5,unrelated,unrelated,0,0.9949220395192298,0.9950776024547381,0.9680522084236145,
NA2_LAG10_003,NA2_LAG10,2,10,4,6,unrelated,mild,0,0.9836148697809106,0.978060425821759,0.971709132194519,
NA2_LAG10_003,NA2_LAG10,2,10,5,6,unrelated,mild,0,0.9820157087747075,0.9761046577023195,0.9929349422454834,
NA2_LAG10_004,NA2_LAG10,2,10,1,2,cascade,unrelated,0,0.4705922929066912,0.062027463304043615,0.8754367232322693,
NA2_LAG10_004,NA2_LAG10,2,10,1,3,cascade,unrelated,0,0.46581511485822596,0.07098152347854801,0.8533269762992859,
NA2_LAG10_004,NA2_LAG10,2,10,1,4,cascade,unrelated,0,0.46690315308808317,0.06624011612485117,0.8861086368560791,
NA2_LAG10_004,NA2_LAG10,2,10,1,5,cascade,root,1,0.8248686931012666,0.09918291353464055,0.8769325017929077,True
NA2_LAG10_004,NA2_LAG10,2,10,1,6,cascade,mild,1,0.5569451322961315,0.07196949839200671,0.8373146057128906,False
NA2_LAG10_004,NA2_LAG10,2,10,2,3,unrelated,unrelated,0,0.9953048052410864,0.9952663478857521,0.990843653678894,
NA2_LAG10_004,NA2_LAG10,2,10,2,4,unrelated,unrelated,0,0.9944432757614011,0.9943742494540196,0.9949407577514648,
NA2_LAG10_004,NA2_LAG10,2,10,2,5,unrelated,root,0,0.5770408030383825,0.06771638922371032,0.871618390083313,
NA2_LAG10_004,NA2_LAG10,2,10,2,6,unrelated,mild,0,0.9279175394303052,0.8965097968623291,0.9831960201263428,
NA2_LAG10_004,NA2_LAG10,2,10,3,4,unrelated,unrelated,0,0.9952614690893905,0.9955371145618135,0.9819267988204956,
NA2_LAG10_004,NA2_LAG10,2,10,3,5,unrelated,root,0,0.5794913563142188,0.06267574028428283,0.8502941727638245,
NA2_LAG10_004,NA2_LAG10,2,10,3,6,unrelated,mild,0,0.9319678228669529,0.9020182023910678,0.9901163578033447,
NA2_LAG10_004,NA2_LAG10,2,10,4,5,unrelated,root,0,0.5773697800207682,0.06379536641747728,0.8832908272743225,
NA2_LAG10_004,NA2_LAG10,2,10,4,6,unrelated,mild,0,0.9290473707582099,0.8979878524222827,0.9731128215789795,
NA2_LAG10_004,NA2_LAG10,2,10,5,6,root,mild,1,0.6711870117797073,0.07481215238534063,0.8399096131324768,False
NA2_LAG10_005,NA2_LAG10,2,10,1,2,mild,unrelated,0,0.9268877533855333,0.8944862454162342,0.9737693667411804,
NA2_LAG10_005,NA2_LAG10,2,10,1,3,mild,root,1,0.7004290739717578,0.5150530647336498,0.9487297534942627,True
NA2_LAG10_005,NA2_LAG10,2,10,1,4,mild,unrelated,0,0.9327366109276211,0.9043410500536495,0.981927216053009,
NA2_LAG10_005,NA2_LAG10,2,10,1,5,mild,unrelated,0,0.9315555083156658,0.9025803241091215,0.9771863222122192,
NA2_LAG10_005,NA2_LAG10,2,10,1,6,mild,cascade,1,0.7265381363704025,0.5599090395018842,0.9389793872833252,True
NA2_LAG10_005,NA2_LAG10,2,10,2,3,unrelated,root,0,0.40543501746749167,0.10546221018052226,0.95945805311203,
NA2_LAG10_005,NA2_LAG10,2,10,2,4,unrelated,unrelated,0,0.9944583192224127,0.9939797892914987,0.9946908950805664,
NA2_LAG10_005,NA2_LAG10,2,10,2,5,unrelated,unrelated,0,0.9945068752841849,0.9941051705522401,0.9983283281326294,
NA2_LAG10_005,NA2_LAG10,2,10,2,6,unrelated,cascade,0,0.4331154028297968,0.1484467639712382,0.9079837799072266,
NA2_LAG10_005,NA2_LAG10,2,10,3,4,root,unrelated,0,0.42175700362257046,0.12969513796371263,0.9462276697158813,
NA2_LAG10_005,NA2_LAG10,2,10,3,5,root,unrelated,0,0.4173014052070292,0.12358998633557393,0.9568775296211243,
NA2_LAG10_005,NA2_LAG10,2,10,3,6,root,cascade,1,0.9887830731678935,0.9855182216101207,0.9712590575218201,True
NA2_LAG10_005,NA2_LAG10,2,10,4,5,unrelated,unrelated,0,0.9946480796626618,0.9947905793717811,0.9961662292480469,
NA2_LAG10_005,NA2_LAG10,2,10,4,6,unrelated,cascade,0,0.4489200076131933,0.17201946632904982,0.907310962677002,
NA2_LAG10_005,NA2_LAG10,2,10,5,6,unrelated,cascade,0,0.44474113493549833,0.16657030306458354,0.9101436138153076,
NA2_LAG10_006,NA2_LAG10,2,10,1,2,unrelated,unrelated,0,0.9947918341724341,0.9947794005522758,0.9927253127098083,
NA2_LAG10_006,NA2_LAG10,2,10,1,3,unrelated,root,0,0.848422236904742,0.7748608261058099,0.9852025508880615,
NA2_LAG10_006,NA2_LAG10,2,10,1,4,unrelated,cascade,0,0.44078275162278646,0.15817029225512536,0.9574598670005798,
NA2_LAG10_006,NA2_LAG10,2,10,1,5,unrelated,unrelated,0,0.9944611594359577,0.9946662520088205,0.9872728586196899,
NA2_LAG10_006,NA2_LAG10,2,10,1,6,unrelated,cascade,0,0.32560574661217695,0.9695067660005564,0.7897213101387024,
NA2_LAG10_006,NA2_LAG10,2,10,2,3,unrelated,root,0,0.8533093550891279,0.7814628322397088,0.9863074421882629,
NA2_LAG10_006,NA2_LAG10,2,10,2,4,unrelated,cascade,0,0.4507634493070105,0.1730104863068183,0.9314513206481934,
NA2_LAG10_006,NA2_LAG10,2,10,2,5,unrelated,unrelated,0,0.9945889410529416,0.9947930152354008,0.9908902049064636,
NA2_LAG10_006,NA2_LAG10,2,10,2,6,unrelated,cascade,0,0.32707441659673236,0.9712532702482634,0.8039600253105164,
NA2_LAG10_006,NA2_LAG10,2,10,3,4,root,cascade,1,0.7922016910253517,0.6851647019301857,0.9471742510795593,False
NA2_LAG10_006,NA2_LAG10,2,10,3,5,root,unrelated,0,0.8527444822187994,0.7804546127247808,0.9953085780143738,
NA2_LAG10_006,NA2_LAG10,2,10,3,6,root,cascade,1,0.168314626619653,0.7520860055635574,0.7903121113777161,False
NA2_LAG10_006,NA2_LAG10,2,10,4,5,cascade,unrelated,0,0.4491136818444312,0.16677990035501594,0.9358083605766296,
NA2_LAG10_006,NA2_LAG10,2,10,4,6,cascade,cascade,1,0.23793764461003417,0.1433958347441335,0.7342831492424011,False
NA2_LAG10_006,NA2_LAG10,2,10,5,6,unrelated,cascade,0,0.32131725846979825,0.9713264355161049,0.7818898558616638,
NA2_LAG10_007,NA2_LAG10,2,10,1,2,unrelated,unrelated,0,0.9950996285659908,0.994965307009037,0.9972664713859558,
NA2_LAG10_007,NA2_LAG10,2,10,1,3,unrelated,cascade,0,0.4635862574487638,0.063471100356324,0.8398255705833435,
NA2_LAG10_007,NA2_LAG10,2,10,1,4,unrelated,unrelated,0,0.99525570898626,0.9955885641086237,0.9962453842163086,
NA2_LAG10_007,NA2_LAG10,2,10,1,5,unrelated,root,0,0.5616491208156734,0.11860549210343296,0.8756902813911438,
NA2_LAG10_007,NA2_LAG10,2,10,1,6,unrelated,mild,0,0.9579679351773006,0.9889396145999977,0.9833145141601562,
NA2_LAG10_007,NA2_LAG10,2,10,2,3,unrelated,cascade,0,0.4716636589381436,0.06172475782156594,0.8508617877960205,
NA2_LAG10_007,NA2_LAG10,2,10,2,4,unrelated,unrelated,0,0.9945323732940949,0.9945850344334003,0.9971007704734802,
NA2_LAG10_007,NA2_LAG10,2,10,2,5,unrelated,root,0,0.5677978016867158,0.12648805298142712,0.8611199259757996,
NA2_LAG10_007,NA2_LAG10,2,10,2,6,unrelated,mild,0,0.9596557473844192,0.9878010850947679,0.9867165088653564,
NA2_LAG10_007,NA2_LAG10,2,10,3,4,cascade,unrelated,0,0.47046239147790947,0.061591347056173584,0.8602426052093506,
NA2_LAG10_007,NA2_LAG10,2,10,3,5,cascade,root,1,0.8102367067908293,0.02410208682513252,0.7342073321342468,True
NA2_LAG10_007,NA2_LAG10,2,10,3,6,cascade,mild,1,0.6763635897189487,0.005444212032673701,0.8507575392723083,True
NA2_LAG10_007,NA2_LAG10,2,10,4,5,unrelated,root,0,0.5676022537260401,0.11948178814090764,0.8696564435958862,
NA2_LAG10_007,NA2_LAG10,2,10,4,6,unrelated,mild,0,0.9592160527310553,0.9880393195723435,0.9822470545768738,
NA2_LAG10_007,NA2_LAG10,2,10,5,6,root,mild,1,0.6958728672314729,0.09925481985761947,0.8422572016716003,True
NA2_LAG10_008,NA2_LAG10,2,10,1,2,cascade,unrelated,0,0.8759623664997183,0.8169827024231964,0.9966283440589905,
NA2_LAG10_008,NA2_LAG10,2,10,1,3,cascade,unrelated,0,0.8683302500016017,0.8051227408816781,0.993058979511261,
NA2_LAG10_008,NA2_LAG10,2,10,1,4,cascade,mild,1,0.9207358688735372,0.8823822433500284,0.9942489266395569,True
NA2_LAG10_008,NA2_LAG10,2,10,1,5,cascade,unrelated,0,0.8717569598658805,0.8089151675331293,0.995973527431488,
NA2_LAG10_008,NA2_LAG10,2,10,1,6,cascade,root,1,0.992727094834637,0.9921197641058992,0.9966521263122559,True
NA2_LAG10_008,NA2_LAG10,2,10,2,3,unrelated,unrelated,0,0.9951694267172263,0.9947973543663948,0.9952807426452637,
NA2_LAG10_008,NA2_LAG10,2,10,2,4,unrelated,mild,0,0.9893522812767597,0.9863678118696582,0.9962363243103027,
NA2_LAG10_008,NA2_LAG10,2,10,2,5,unrelated,unrelated,0,0.9946791175086853,0.9942993078768034,0.9981488585472107,
NA2_LAG10_008,NA2_LAG10,2,10,2,6,unrelated,root,0,0.8507543661809167,0.7792178264885288,0.9942290186882019,
NA2_LAG10_008,NA2_LAG10,2,10,3,4,unrelated,mild,0,0.987766973607727,0.9844897636629746,0.9878588318824768,
NA2_LAG10_008,NA2_LAG10,2,10,3,5,unrelated,unrelated,0,0.99497650291446,0.9952823622632818,0.998012125492096,
NA2_LAG10_008,NA2_LAG10,2,10,3,6,unrelated,root,0,0.8424815867157495,0.7666159240421007,0.9941942095756531,
NA2_LAG10_008,NA2_LAG10,2,10,4,5,mild,unrelated,0,0.9880716052359012,0.9840910738030676,0.9930683374404907,
NA2_LAG10_008,NA2_LAG10,2,10,4,6,mild,root,1,0.9002615043947423,0.8512920068047176,0.9910918474197388,True
NA2_LAG10_008,NA2_LAG10,2,10,5,6,unrelated,root,0,0.84621995804394,0.7703241583327639,0.9955155253410339,
NA2_LAG10_009,NA2_LAG10,2,10,1,2,unrelated,mild,0,0.9891642894993541,0.9866269421048042,0.9941970109939575,
NA2_LAG10_009,NA2_LAG10,2,10,1,3,unrelated,root,0,0.944039008453708,0.9183176364466685,0.9897909164428711,
NA2_LAG10_009,NA2_LAG10,2,10,1,4,unrelated,unrelated,0,0.9949364735257767,0.9948837873528433,0.9922911524772644,
NA2_LAG10_009,NA2_LAG10,2,10,1,5,unrelated,cascade,0,0.4709270842154977,0.056845770525903276,0.8962621688842773,
NA2_LAG10_009,NA2_LAG10,2,10,1,6,unrelated,unrelated,0,0.9945486978506066,0.9944314599762017,0.9965657591819763,
NA2_LAG10_009,NA2_LAG10,2,10,2,3,mild,root,1,0.9731641039573944,0.9614011347576449,0.9972856640815735,True
NA2_LAG10_009,NA2_LAG10,2,10,2,4,mild,unrelated,0,0.9892571270139322,0.9859616773568091,0.9944735169410706,
NA2_LAG10_009,NA2_LAG10,2,10,2,5,mild,cascade,1,0.4740988022733172,0.05777820419256631,0.8735000491142273,False
NA2_LAG10_009,NA2_LAG10,2,10,2,6,mild,unrelated,0,0.9893957129682595,0.986270550225315,0.9960294961929321,
NA2_LAG10_009,NA2_LAG10,2,10,3,4,root,unrelated,0,0.9448202533683866,0.9195684569866103,0.990838348865509,
NA2_LAG10_009,NA2_LAG10,2,10,3,5,root,cascade,1,0.47414808927800595,0.05654478284807555,0.8751853704452515,False
NA2_LAG10_009,NA2_LAG10,2,10,3,6,root,unrelated,0,0.9451129504869584,0.919485404277924,0.9924089908599854,
NA2_LAG10_009,NA2_LAG10,2,10,4,5,unrelated,cascade,0,0.4640771573411424,0.05462029501325395,0.8660176396369934,
NA2_LAG10_009,NA2_LAG10,2,10,4,6,unrelated,unrelated,0,0.9951584451142927,0.9951646965377094,0.9964670538902283,
NA2_LAG10_009,NA2_LAG10,2,10,5,6,cascade,unrelated,0,0.46622427801332317,0.05729078406906403,0.8768488764762878,
NA2_LAG10_010,NA2_LAG10,2,10,1,2,unrelated,unrelated,0,0.9951860946880294,0.9950767846137305,0.991969108581543,
NA2_LAG10_010,NA2_LAG10,2,10,1,3,unrelated,mild,0,0.9822809664309875,0.975603575280252,0.9948281645774841,
NA2_LAG10_010,NA2_LAG10,2,10,1,4,unrelated,root,0,0.9354428591691542,0.9052248551295613,0.9849598407745361,
NA2_LAG10_010,NA2_LAG10,2,10,1,5,unrelated,unrelated,0,0.9945441350343937,0.993994498890315,0.9785927534103394,
NA2_LAG10_010,NA2_LAG10,2,10,1,6,unrelated,cascade,0,0.30913457162590624,0.9670708519638832,0.8060590028762817,
NA2_LAG10_010,NA2_LAG10,2,10,2,3,unrelated,mild,0,0.9821743841865667,0.9753086996544699,0.9960697889328003,
NA2_LAG10_010,NA2_LAG10,2,10,2,4,unrelated,root,0,0.9348009229685686,0.9039365342217478,0.9945821166038513,
NA2_LAG10_010,NA2_LAG10,2,10,2,5,unrelated,unrelated,0,0.9949511094315984,0.9945341388661454,0.9881462454795837,
NA2_LAG10_010,NA2_LAG10,2,10,2,6,unrelated,cascade,0,0.31128542257199526,0.9685826984726454,0.7976148724555969,
NA2_LAG10_010,NA2_LAG10,2,10,3,4,mild,root,1,0.9778060068612152,0.9687641361745516,0.9948819279670715,True
NA2_LAG10_010,NA2_LAG10,2,10,3,5,mild,unrelated,0,0.9812447845044374,0.9742728542308112,0.9784819483757019,
NA2_LAG10_010,NA2_LAG10,2,10,3,6,mild,cascade,1,0.2772337725401594,0.9456353108896681,0.7936578989028931,False
NA2_LAG10_010,NA2_LAG10,2,10,4,5,root,unrelated,0,0.9342685577718752,0.9028237942007131,0.9799507260322571,
NA2_LAG10_010,NA2_LAG10,2,10,4,6,root,cascade,1,0.23537921270830892,0.8732759595436266,0.7916489243507385,False
NA2_LAG10_010,NA2_LAG10,2,10,5,6,unrelated,cascade,0,0.31158444861282003,0.9672385935061174,0.815739095211029,
NA2_LAG10_011,NA2_LAG10,2,10,1,2,root,mild,1,0.34431267655927966,0.09681812825380993,0.9338006973266602,False
NA2_LAG10_011,NA2_LAG10,2,10,1,3,root,unrelated,0,0.4088922252802943,0.11812713050091486,0.9413896203041077,
NA2_LAG10_011,NA2_LAG10,2,10,1,4,root,unrelated,0,0.4117189465165967,0.1200048136007481,0.938450038433075,
NA2_LAG10_011,NA2_LAG10,2,10,1,5,root,cascade,1,0.2839929228703491,0.11703626909253427,0.9294477701187134,False
NA2_LAG10_011,NA2_LAG10,2,10,1,6,root,unrelated,0,0.4133599354227898,0.12447177837787408,0.9352788329124451,
NA2_LAG10_011,NA2_LAG10,2,10,2,3,mild,unrelated,0,0.9881848537565092,0.9944266602342718,0.9974015355110168,
NA2_LAG10_011,NA2_LAG10,2,10,2,4,mild,unrelated,0,0.987864447312347,0.9947838635471876,0.9942662119865417,
NA2_LAG10_011,NA2_LAG10,2,10,2,5,mild,cascade,1,0.9829414560793237,0.9948888319941872,0.997188150882721,True
NA2_LAG10_011,NA2_LAG10,2,10,2,6,mild,unrelated,0,0.9876754051910398,0.9933482442265505,0.9979661107063293,
NA2_LAG10_011,NA2_LAG10,2,10,3,4,unrelated,unrelated,0,0.9952770761691146,0.9953678452077623,0.9951679706573486,
NA2_LAG10_011,NA2_LAG10,2,10,3,5,unrelated,cascade,0,0.9609134727439343,0.9957042674497038,0.9962116479873657,
NA2_LAG10_011,NA2_LAG10,2,10,3,6,unrelated,unrelated,0,0.9951993222236232,0.9951300859180615,0.9976766705513,
NA2_LAG10_011,NA2_LAG10,2,10,4,5,unrelated,cascade,0,0.9594802396413079,0.9955216906000723,0.9902647137641907,
NA2_LAG10_011,NA2_LAG10,2,10,4,6,unrelated,unrelated,0,0.99485054209335,0.9948824883143723,0.9928233623504639,
NA2_LAG10_011,NA2_LAG10,2,10,5,6,cascade,unrelated,0,0.9597116795351428,0.9945232388489897,0.9971211552619934,
NA2_LAG10_012,NA2_LAG10,2,10,1,2,mild,root,1,0.6065022083339172,0.2740638631746384,0.8406928777694702,False
NA2_LAG10_012,NA2_LAG10,2,10,1,3,mild,unrelated,0,0.8783262664191579,0.9048407639429967,0.8940613269805908,
NA2_LAG10_012,NA2_LAG10,2,10,1,4,mild,cascade,1,0.6245178519414709,0.30394876842676355,0.8803948760032654,False
NA2_LAG10_012,NA2_LAG10,2,10,1,5,mild,unrelated,0,0.8772561849888463,0.9025247912748703,0.8957289457321167,
NA2_LAG10_012,NA2_LAG10,2,10,1,6,mild,unrelated,0,0.8826680406031507,0.9031534650646973,0.8921497464179993,
NA2_LAG10_012,NA2_LAG10,2,10,2,3,root,unrelated,0,0.416035269843443,0.1253242191246768,0.9221878051757812,
NA2_LAG10_012,NA2_LAG10,2,10,2,4,root,cascade,1,0.9890445126416572,0.9862588652352731,0.9554895758628845,True
NA2_LAG10_012,NA2_LAG10,2,10,2,5,root,unrelated,0,0.4197537220191736,0.1310709577017692,0.9370341300964355,
NA2_LAG10_012,NA2_LAG10,2,10,2,6,root,unrelated,0,0.4265415431194107,0.13372452333541604,0.9074147939682007,
NA2_LAG10_012,NA2_LAG10,2,10,3,4,unrelated,cascade,0,0.4417159769235058,0.16048682354499322,0.9785469174385071,
NA2_LAG10_012,NA2_LAG10,2,10,3,5,unrelated,unrelated,0,0.995476110132763,0.9956053568332598,0.9971476793289185,
NA2_LAG10_012,NA2_LAG10,2,10,3,6,unrelated,unrelated,0,0.9956649217821397,0.9961354874611995,0.9979642033576965,
NA2_LAG10_012,NA2_LAG10,2,10,4,5,cascade,unrelated,0,0.44546430160313033,0.16674405902486034,0.9828785061836243,
NA2_LAG10_012,NA2_LAG10,2,10,4,6,cascade,unrelated,0,0.45156179548958064,0.1685827795889283,0.9759289026260376,
NA2_LAG10_012,NA2_LAG10,2,10,5,6,unrelated,unrelated,0,0.9956388279240755,0.995573195489859,0.9938284754753113,
NA2_LAG10_013,NA2_LAG10,2,10,1,2,unrelated,root,0,0.4205295565302991,0.1323458238272215,0.9364604949951172,
NA2_LAG10_013,NA2_LAG10,2,10,1,3,unrelated,mild,0,0.9814131801877546,0.9748920851170065,0.9920272827148438,
NA2_LAG10_013,NA2_LAG10,2,10,1,4,unrelated,unrelated,0,0.9940541297597971,0.9939061683615197,0.9958330392837524,
NA2_LAG10_013,NA2_LAG10,2,10,1,5,unrelated,unrelated,0,0.9941655803001718,0.9943354980743738,0.9948595762252808,
NA2_LAG10_013,NA2_LAG10,2,10,1,6,unrelated,cascade,0,0.4529564706550473,0.17882857941854685,0.9249938130378723,
NA2_LAG10_013,NA2_LAG10,2,10,2,3,root,mild,1,0.5428306068590321,0.30446897416463226,0.9411771297454834,False
NA2_LAG10_013,NA2_LAG10,2,10,2,4,root,unrelated,0,0.418157045942555,0.12707756037530557,0.9340009093284607,
NA2_LAG10_013,NA2_LAG10,2,10,2,5,root,unrelated,0,0.42033516355855643,0.12735130084336757,0.9327311515808105,
NA2_LAG10_013,NA2_LAG10,2,10,2,6,root,cascade,1,0.9886690545937932,0.9852467469591424,0.9940890669822693,True
NA2_LAG10_013,NA2_LAG10,2,10,3,4,mild,unrelated,0,0.9799382911877401,0.9723016428199187,0.9873934984207153,
NA2_LAG10_013,NA2_LAG10,2,10,3,5,mild,unrelated,0,0.9812449714957242,0.9741777102247147,0.9921875596046448,
NA2_LAG10_013,NA2_LAG10,2,10,3,6,mild,cascade,1,0.574131691034649,0.35003325641688415,0.9364451766014099,False
NA2_LAG10_013,NA2_LAG10,2,10,4,5,unrelated,unrelated,0,0.9945706888708591,0.9945038887571116,0.995265007019043,
NA2_LAG10_013,NA2_LAG10,2,10,4,6,unrelated,cascade,0,0.44746321489871294,0.16939039880553042,0.9167435169219971,
NA2_LAG10_013,NA2_LAG10,2,10,5,6,unrelated,cascade,0,0.4511113601632756,0.1720347157651114,0.9215227961540222,
NA2_LAG10_014,NA2_LAG10,2,10,1,2,root,cascade,1,0.6642880040918866,0.48837753685440505,0.916808545589447,False
NA2_LAG10_014,NA2_LAG10,2,10,1,3,root,unrelated,0,0.9469140873706562,0.9218019264552652,0.9950687885284424,
NA2_LAG10_014,NA2_LAG10,2,10,1,4,root,cascade,1,0.9947436577867608,0.9943307685516298,0.9955856800079346,True
NA2_LAG10_014,NA2_LAG10,2,10,1,5,root,unrelated,0,0.9482817773318024,0.9238411943878418,0.9766474962234497,
NA2_LAG10_014,NA2_LAG10,2,10,1,6,root,unrelated,0,0.950516636770587,0.9272542564902385,0.9917463064193726,
NA2_LAG10_014,NA2_LAG10,2,10,2,3,cascade,unrelated,0,0.4485371509413085,0.16686607801294134,0.9166165590286255,
NA2_LAG10_014,NA2_LAG10,2,10,2,4,cascade,cascade,1,0.6565814430145247,0.48015542091687885,0.8897221088409424,False
NA2_LAG10_014,NA2_LAG10,2,10,2,5,cascade,unrelated,0,0.44730934778805553,0.1631429672824631,0.9110700488090515,
NA2_LAG10_014,NA2_LAG10,2,10,2,6,cascade,unrelated,0,0.45279319877184027,0.1735702361733507,0.8983122706413269,
NA2_LAG10_014,NA2_LAG10,2,10,3,4,unrelated,cascade,0,0.9478332498037295,0.9235535657440094,0.991295337677002,
NA2_LAG10_014,NA2_LAG10,2,10,3,5,unrelated,unrelated,0,0.9949275976486065,0.9948600464208484,0.98968505859375,
NA2_LAG10_014,NA2_LAG10,2,10,3,6,unrelated,unrelated,0,0.9952323214660499,0.9950780275010254,0.9972813129425049,
NA2_LAG10_014,NA2_LAG10,2,10,4,5,cascade,unrelated,0,0.9485367522773072,0.9248300470731704,0.9698315262794495,
NA2_LAG10_014,NA2_LAG10,2,10,4,6,cascade,unrelated,0,0.9520545394811752,0.9297765054872139,0.9918572306632996,
NA2_LAG10_014,NA2_LAG10,2,10,5,6,unrelated,unrelated,0,0.9958337583585114,0.9956143267528829,0.9904035329818726,
NA2_LAG10_015,NA2_LAG10,2,10,1,2,unrelated,unrelated,0,0.9948600301248343,0.9939570656959467,0.9980801343917847,
NA2_LAG10_015,NA2_LAG10,2,10,1,3,unrelated,root,0,0.9588808343225291,0.9970405076332686,0.9831305742263794,
NA2_LAG10_015,NA2_LAG10,2,10,1,4,unrelated,cascade,0,0.9584012926163029,0.9948398171466315,0.9916666746139526,
NA2_LAG10_015,NA2_LAG10,2,10,1,5,unrelated,unrelated,0,0.9954839712020399,0.9950419583430505,0.9923695921897888,
NA2_LAG10_015,NA2_LAG10,2,10,1,6,unrelated,mild,0,0.9555309462821066,0.9891176710008212,0.9763129949569702,
NA2_LAG10_015,NA2_LAG10,2,10,2,3,unrelated,root,0,0.9572236398765744,0.9958897657343411,0.986219584941864,
NA2_LAG10_015,NA2_LAG10,2,10,2,4,unrelated,cascade,0,0.957364695305444,0.9940466918504554,0.9930793046951294,
NA2_LAG10_015,NA2_LAG10,2,10,2,5,unrelated,unrelated,0,0.9944827235907352,0.9938865910655749,0.991081714630127,
NA2_LAG10_015,NA2_LAG10,2,10,2,6,unrelated,mild,0,0.9553048056521857,0.9886600365717481,0.9784749746322632,
NA2_LAG10_015,NA2_LAG10,2,10,3,4,root,cascade,1,0.9962599177604763,0.9965604996750284,0.9956308603286743,True
NA2_LAG10_015,NA2_LAG10,2,10,3,5,root,unrelated,0,0.9577861977291355,0.9969180958842165,0.9909522533416748,
NA2_LAG10_015,NA2_LAG10,2,10,3,6,root,mild,1,0.866194475823858,0.9911293527493246,0.9898988604545593,False
NA2_LAG10_015,NA2_LAG10,2,10,4,5,cascade,unrelated,0,0.95756187557292,0.9948364894585424,0.9931114315986633,
NA2_LAG10_015,NA2_LAG10,2,10,4,6,cascade,mild,1,0.8667802233113704,0.9911614110239096,0.9919341206550598,False
NA2_LAG10_015,NA2_LAG10,2,10,5,6,unrelated,mild,0,0.9549701968433252,0.9891327519964453,0.9807950258255005,
NA2_LAG10_016,NA2_LAG10,2,10,1,2,mild,cascade,1,0.12076390594668243,0.8511255407701277,0.9423238635063171,True
NA2_LAG10_016,NA2_LAG10,2,10,1,3,mild,unrelated,0,0.8752938924537366,0.9068331948723957,0.8855223059654236,
NA2_LAG10_016,NA2_LAG10,2,10,1,4,mild,root,1,0.10037960607544032,0.9068685585464242,0.9364229440689087,True
NA2_LAG10_016,NA2_LAG10,2,10,1,5,mild,unrelated,0,0.8754069816576959,0.9045926091240618,0.8870909214019775,
NA2_LAG10_016,NA2_LAG10,2,10,1,6,mild,unrelated,0,0.8784940138435615,0.9078500291941122,0.8702346086502075,
NA2_LAG10_016,NA2_LAG10,2,10,2,3,cascade,unrelated,0,0.31168237466731796,0.9624125555928958,0.8033188581466675,
NA2_LAG10_016,NA2_LAG10,2,10,2,4,cascade,root,1,0.9759212421940129,0.9664473083309221,0.9973461627960205,True
NA2_LAG10_016,NA2_LAG10,2,10,2,5,cascade,unrelated,0,0.3116654357625972,0.9642831059564367,0.8021501302719116,
NA2_LAG10_016,NA2_LAG10,2,10,2,6,cascade,unrelated,0,0.30857040341643677,0.9646763028906845,0.7769867181777954,
NA2_LAG10_016,NA2_LAG10,2,10,3,4,unrelated,root,0,0.32811777511772483,0.9945825151473601,0.7971665859222412,
NA2_LAG10_016,NA2_LAG10,2,10,3,5,unrelated,unrelated,0,0.9950382934668027,0.9948863793543017,0.9938009977340698,
NA2_LAG10_016,NA2_LAG10,2,10,3,6,unrelated,unrelated,0,0.9940338830229241,0.9940162260906158,0.9750894904136658,
NA2_LAG10_016,NA2_LAG10,2,10,4,5,root,unrelated,0,0.3269551173235026,0.9948740918469058,0.7961728572845459,
NA2_LAG10_016,NA2_LAG10,2,10,4,6,root,unrelated,0,0.32367678870421257,0.9946285807424132,0.7717657685279846,
NA2_LAG10_016,NA2_LAG10,2,10,5,6,unrelated,unrelated,0,0.9952854882877331,0.9947904321868202,0.9891014099121094,
NA2_LAG10_017,NA2_LAG10,2,10,1,2,root,mild,1,0.5921472469900773,0.029423641711013488,0.8473387360572815,False
NA2_LAG10_017,NA2_LAG10,2,10,1,3,root,unrelated,0,0.5694605501286104,0.034200670341351304,0.8519684076309204,
NA2_LAG10_017,NA2_LAG10,2,10,1,4,root,cascade,1,0.8227566388692107,0.10072741198237485,0.8453644514083862,True
NA2_LAG10_017,NA2_LAG10,2,10,1,5,root,unrelated,0,0.5733499528358242,0.028167294608542077,0.8677976727485657,
NA2_LAG10_017,NA2_LAG10,2,10,1,6,root,unrelated,0,0.5721565307818798,0.027009668357307396,0.8600220084190369,
NA2_LAG10_017,NA2_LAG10,2,10,2,3,mild,unrelated,0,0.9774365049401543,0.9691440466906897,0.9908788204193115,
NA2_LAG10_017,NA2_LAG10,2,10,2,4,mild,cascade,1,0.49484632467817546,0.025569877074346447,0.8640142679214478,False
NA2_LAG10_017,NA2_LAG10,2,10,2,5,mild,unrelated,0,0.9759783566252973,0.966221069047241,0.9809417724609375,
NA2_LAG10_017,NA2_LAG10,2,10,2,6,mild,unrelated,0,0.9753420282945345,0.966384105963241,0.989057183265686,
NA2_LAG10_017,NA2_LAG10,2,10,3,4,unrelated,cascade,0,0.46964211340286705,0.02611185766992355,0.8771136403083801,
NA2_LAG10_017,NA2_LAG10,2,10,3,5,unrelated,unrelated,0,0.9945280163315265,0.9943245774707011,0.9949539303779602,
NA2_LAG10_017,NA2_LAG10,2,10,3,6,unrelated,unrelated,0,0.9950356182404961,0.9946293826668148,0.9974594712257385,
NA2_LAG10_017,NA2_LAG10,2,10,4,5,cascade,unrelated,0,0.47657993743212135,0.023983100646186827,0.8944271206855774,
NA2_LAG10_017,NA2_LAG10,2,10,4,6,cascade,unrelated,0,0.4712215288436617,0.01534070051363466,0.8911417126655579,
NA2_LAG10_017,NA2_LAG10,2,10,5,6,unrelated,unrelated,0,0.9952994651416535,0.9955776031188763,0.9972502589225769,
NA2_LAG10_018,NA2_LAG10,2,10,1,2,mild,unrelated,0,0.9836853366676749,0.977833862942223,0.9951911568641663,
NA2_LAG10_018,NA2_LAG10,2,10,1,3,mild,unrelated,0,0.9829661905980146,0.9768266515147281,0.9966109395027161,
NA2_LAG10_018,NA2_LAG10,2,10,1,4,mild,mild,1,0.9645702527187863,0.9510408838441857,0.9880143404006958,False
NA2_LAG10_018,NA2_LAG10,2,10,1,5,mild,unrelated,0,0.9829747576521637,0.9768538826771566,0.9931461215019226,
NA2_LAG10_018,NA2_LAG10,2,10,1,6,mild,root,1,0.5872541490018319,0.06595282557973672,0.9169440865516663,False
NA2_LAG10_018,NA2_LAG10,2,10,2,3,unrelated,unrelated,0,0.9948447953365092,0.9944113437349569,0.993816077709198,
NA2_LAG10_018,NA2_LAG10,2,10,2,4,unrelated,mild,0,0.9306593957024316,0.8998620963186807,0.987683892250061,
NA2_LAG10_018,NA2_LAG10,2,10,2,5,unrelated,unrelated,0,0.9943175472768412,0.9940476827133641,0.9937437772750854,
NA2_LAG10_018,NA2_LAG10,2,10,2,6,unrelated,root,0,0.5696539659677674,0.04963955775358189,0.9230740070343018,
NA2_LAG10_018,NA2_LAG10,2,10,3,4,unrelated,mild,0,0.9279241092435054,0.8953120340484466,0.9886665940284729,
NA2_LAG10_018,NA2_LAG10,2,10,3,5,unrelated,unrelated,0,0.9948151313017747,0.9949875408634323,0.9911403656005859,
NA2_LAG10_018,NA2_LAG10,2,10,3,6,unrelated,root,0,0.5692692353785008,0.061545452408217016,0.9122848510742188,
NA2_LAG10_018,NA2_LAG10,2,10,4,5,mild,unrelated,0,0.9278134284063573,0.8956245288021728,0.9819310307502747,
NA2_LAG10_018,NA2_LAG10,2,10,4,6,mild,root,1,0.6593852429872592,0.07209125021587416,0.9481995105743408,False
NA2_LAG10_018,NA2_LAG10,2,10,5,6,unrelated,root,0,0.5680364853373169,0.060577626460404176,0.9000421166419983,
NA2_LAG10_019,NA2_LAG10,2,10,1,2,unrelated,unrelated,0,0.9946691448586638,0.99442186917906,0.995365560054779,
NA2_LAG10_019,NA2_LAG10,2,10,1,3,unrelated,root,0,0.5760522144698592,0.08099959509951199,0.8519307971000671,
NA2_LAG10_019,NA2_LAG10,2,10,1,4,unrelated,mild,0,0.9559400767966592,0.9905950228689002,0.9620298147201538,
NA2_LAG10_019,NA2_LAG10,2,10,1,5,unrelated,unrelated,0,0.995560494442182,0.9956584924690843,0.9980769753456116,
NA2_LAG10_019,NA2_LAG10,2,10,1,6,unrelated,mild,0,0.9544331263526307,0.9894049387008857,0.9845313429832458,
NA2_LAG10_019,NA2_LAG10,2,10,2,3,unrelated,root,0,0.5776401672893462,0.07379078402996683,0.850458025932312,
NA2_LAG10_019,NA2_LAG10,2,10,2,4,unrelated,mild,0,0.9560433317758725,0.9902090438146712,0.9752359986305237,
NA2_LAG10_019,NA2_LAG10,2,10,2,5,unrelated,unrelated,0,0.9952872257071141,0.9952391429986158,0.9962531328201294,
NA2_LAG10_019,NA2_LAG10,2,10,2,6,unrelated,mild,0,0.9543291726612351,0.9887355523696413,0.9925575852394104,
NA2_LAG10_019,NA2_LAG10,2,10,3,4,root,mild,1,0.7190262467153051,0.08449484835576708,0.8343625068664551,True
NA2_LAG10_019,NA2_LAG10,2,10,3,5,root,unrelated,0,0.5728504681857713,0.07946184086020093,0.8453153967857361,
NA2_LAG10_019,NA2_LAG10,2,10,3,6,root,mild,1,0.7237038404889864,0.07572542162810961,0.8314908742904663,True
NA2_LAG10_019,NA2_LAG10,2,10,4,5,mild,unrelated,0,0.956192424091452,0.9903088063748305,0.9627526998519897,
NA2_LAG10_019,NA2_LAG10,2,10,4,6,mild,mild,1,0.9938187560519267,0.9914602808318198,0.989246129989624,True
NA2_LAG10_019,NA2_LAG10,2,10,5,6,unrelated,mild,0,0.9550170930766595,0.9901658588059431,0.9858262538909912,
NA2_LAG10_020,NA2_LAG10,2,10,1,2,unrelated,unrelated,0,0.9949494784896689,0.9947220147033822,0.9907358288764954,
NA2_LAG10_020,NA2_LAG10,2,10,1,3,unrelated,mild,0,0.9875468933985242,0.9929505819599935,0.9975236654281616,
NA2_LAG10_020,NA2_LAG10,2,10,1,4,unrelated,mild,0,0.9564915959043916,0.9876953871851565,0.9905425906181335,
NA2_LAG10_020,NA2_LAG10,2,10,1,5,unrelated,unrelated,0,0.9947998764066665,0.9943030395311541,0.9950965046882629,
NA2_LAG10_020,NA2_LAG10,2,10,1,6,unrelated,root,0,0.5631794491000717,0.05148285788175273,0.8999413847923279,
NA2_LAG10_020,NA2_LAG10,2,10,2,3,unrelated,mild,0,0.9861234799499177,0.9921868761187708,0.9883401393890381,
NA2_LAG10_020,NA2_LAG10,2,10,2,4,unrelated,mild,0,0.958937339349338,0.9887596366106377,0.9922243356704712,
NA2_LAG10_020,NA2_LAG10,2,10,2,5,unrelated,unrelated,0,0.9946868717506037,0.9942575788646626,0.9807701706886292,
NA2_LAG10_020,NA2_LAG10,2,10,2,6,unrelated,root,0,0.5670523208919591,0.04983401476433517,0.9138309359550476,
NA2_LAG10_020,NA2_LAG10,2,10,3,4,mild,mild,1,0.9228486810144522,0.9827372691079899,0.9901902675628662,False
NA2_LAG10_020,NA2_LAG10,2,10,3,5,mild,unrelated,0,0.9867072328995958,0.9921999697481028,0.9959144592285156,
NA2_LAG10_020,NA2_LAG10,2,10,3,6,mild,root,1,0.46883828908569686,0.06184520500777568,0.8995459079742432,False
NA2_LAG10_020,NA2_LAG10,2,10,4,5,mild,unrelated,0,0.9580685517926868,0.9878659171262373,0.9873396754264832,
NA2_LAG10_020,NA2_LAG10,2,10,4,6,mild,root,1,0.7058056277453306,0.04770181820708814,0.9381181001663208,True
NA2_LAG10_020,NA2_LAG10,2,10,5,6,unrelated,root,0,0.5662628142496111,0.053778329535059545,0.9074093699455261,
NA2_LAG10_021,NA2_LAG10,2,10,1,2,mild,unrelated,0,0.9881281885729188,0.9848705680073543,0.9956642985343933,
NA2_LAG10_021,NA2_LAG10,2,10,1,3,mild,cascade,1,0.9131332235399757,0.8707888029290138,0.9918075799942017,True
NA2_LAG10_021,NA2_LAG10,2,10,1,4,mild,unrelated,0,0.9876287959370413,0.9842362745156452,0.9959722757339478,
NA2_LAG10_021,NA2_LAG10,2,10,1,5,mild,root,1,0.9489692471827565,0.924706272886728,0.9839305281639099,True
NA2_LAG10_021,NA2_LAG10,2,10,1,6,mild,unrelated,0,0.9874567307684127,0.9839900464869991,0.9921743273735046,
NA2_LAG10_021,NA2_LAG10,2,10,2,3,unrelated,cascade,0,0.8575801436658599,0.7884315340451132,0.9946323037147522,
NA2_LAG10_021,NA2_LAG10,2,10,2,4,unrelated,unrelated,0,0.9953679840224194,0.9951874636304983,0.9920702576637268,
NA2_LAG10_021,NA2_LAG10,2,10,2,5,unrelated,root,0,0.9050950467660164,0.8592841024863805,0.9926199316978455,
NA2_LAG10_021,NA2_LAG10,2,10,2,6,unrelated,unrelated,0,0.9951957880517538,0.9952924037235968,0.9871336817741394,
NA2_LAG10_021,NA2_LAG10,2,10,3,4,cascade,unrelated,0,0.8585305809017447,0.7906090578962595,0.9834002256393433,
NA2_LAG10_021,NA2_LAG10,2,10,3,5,cascade,root,1,0.9888736106255537,0.9859181942173727,0.9917904734611511,True
NA2_LAG10_021,NA2_LAG10,2,10,3,6,cascade,unrelated,0,0.8572123836395302,0.7876703106418735,0.9831210970878601,
NA2_LAG10_021,NA2_LAG10,2,10,4,5,unrelated,root,0,0.9065665351731985,0.8620418601505668,0.9778925776481628,
NA2_LAG10_021,NA2_LAG10,2,10,4,6,unrelated,unrelated,0,0.9943392531938762,0.9937850616813688,0.9941351413726807,
NA2_LAG10_021,NA2_LAG10,2,10,5,6,root,unrelated,0,0.9051664698728121,0.859280436449155,0.9770649671554565,
NA2_LAG10_022,NA2_LAG10,2,10,1,2,mild,unrelated,0,0.9768171211634356,0.9677077883767387,0.9909104108810425,
NA2_LAG10_022,NA2_LAG10,2,10,1,3,mild,mild,1,0.9939441462888716,0.9935700666824099,0.9978916645050049,True
NA2_LAG10_022,NA2_LAG10,2,10,1,4,mild,unrelated,0,0.9776452452461688,0.969229712337292,0.9850058555603027,
NA2_LAG10_022,NA2_LAG10,2,10,1,5,mild,root,1,0.9732996314617265,0.9616729743788015,0.9933322072029114,True
NA2_LAG10_022,NA2_LAG10,2,10,1,6,mild,unrelated,0,0.9771551265523014,0.9674248075377828,0.9954965710639954,
NA2_LAG10_022,NA2_LAG10,2,10,2,3,unrelated,mild,0,0.9837375566176754,0.9776664920779957,0.995625376701355,
NA2_LAG10_022,NA2_LAG10,2,10,2,4,unrelated,unrelated,0,0.9944231255384657,0.9948952935547111,0.9969987273216248,
NA2_LAG10_022,NA2_LAG10,2,10,2,5,unrelated,root,0,0.9161692263148703,0.8764795159870225,0.9947333931922913,
NA2_LAG10_022,NA2_LAG10,2,10,2,6,unrelated,unrelated,0,0.9950931129254618,0.9949007446687068,0.9976894855499268,
NA2_LAG10_022,NA2_LAG10,2,10,3,4,mild,unrelated,0,0.9840241985072714,0.979456189507291,0.990894079208374,
NA2_LAG10_022,NA2_LAG10,2,10,3,5,mild,root,1,0.96413059060553,0.9478436563176135,0.9966317415237427,True
NA2_LAG10_022,NA2_LAG10,2,10,3,6,mild,unrelated,0,0.9841837851415686,0.9783778483303108,0.9982949495315552,
NA2_LAG10_022,NA2_LAG10,2,10,4,5,unrelated,root,0,0.9171996697518048,0.8788912914480166,0.9900251626968384,
NA2_LAG10_022,NA2_LAG10,2,10,4,6,unrelated,unrelated,0,0.9952650762584162,0.9954011197255481,0.9932887554168701,
NA2_LAG10_022,NA2_LAG10,2,10,5,6,root,unrelated,0,0.9165740145512719,0.8758954056634031,0.9955282807350159,
NA2_LAG10_023,NA2_LAG10,2,10,1,2,root,unrelated,0,0.4154131841246211,0.12900225174835786,0.954666793346405,
NA2_LAG10_023,NA2_LAG10,2,10,1,3,root,cascade,1,0.9879786020078865,0.9846571906756787,0.9940465688705444,True
NA2_LAG10_023,NA2_LAG10,2,10,1,4,root,cascade,1,0.2816706046315633,0.1136315122848086,0.9061138033866882,False
NA2_LAG10_023,NA2_LAG10,2,10,1,5,root,unrelated,0,0.41891442231853876,0.12699284439669117,0.886335015296936,
NA2_LAG10_023,NA2_LAG10,2,10,1,6,root,unrelated,0,0.41611070190210625,0.12524078149998502,0.9495400190353394,
NA2_LAG10_023,NA2_LAG10,2,10,2,3,unrelated,cascade,0,0.44791717220398414,0.17513127742459056,0.9511983394622803,
NA2_LAG10_023,NA2_LAG10,2,10,2,4,unrelated,cascade,0,0.9612107752993695,0.994714524660165,0.98333740234375,
NA2_LAG10_023,NA2_LAG10,2,10,2,5,unrelated,unrelated,0,0.9951652119014918,0.9951301574818308,0.9785656929016113,
NA2_LAG10_023,NA2_LAG10,2,10,2,6,unrelated,unrelated,0,0.9949113663965189,0.9948880740743823,0.9971596598625183,
NA2_LAG10_023,NA2_LAG10,2,10,3,4,cascade,cascade,1,0.32012970703221305,0.1630278604066001,0.9057331681251526,False
NA2_LAG10_023,NA2_LAG10,2,10,3,5,cascade,unrelated,0,0.4519181261201248,0.17389567062925654,0.8875564336776733,
NA2_LAG10_023,NA2_LAG10,2,10,3,6,cascade,unrelated,0,0.4476044276179891,0.17039652781951092,0.9454243183135986,
NA2_LAG10_023,NA2_LAG10,2,10,4,5,cascade,unrelated,0,0.9588628197863591,0.995410383255337,0.9910112619400024,
NA2_LAG10_023,NA2_LAG10,2,10,4,6,cascade,unrelated,0,0.9591283219508331,0.9947076679505582,0.9845144748687744,
NA2_LAG10_023,NA2_LAG10,2,10,5,6,unrelated,unrelated,0,0.9954934242134446,0.9955637029733742,0.9828628301620483,
NA2_LAG10_024,NA2_LAG10,2,10,1,2,root,unrelated,0,0.5630799634232778,0.057321649906078985,0.8522037863731384,
NA2_LAG10_024,NA2_LAG10,2,10,1,3,root,cascade,1,0.8100938720265849,0.06561366138591207,0.7887988090515137,True
NA2_LAG10_024,NA2_LAG10,2,10,1,4,root,mild,1,0.830315012456221,0.04937216658944281,0.9598860740661621,False
NA2_LAG10_024,NA2_LAG10,2,10,1,5,root,unrelated,0,0.5679881349345782,0.05779940954549616,0.8328660726547241,
NA2_LAG10_024,NA2_LAG10,2,10,1,6,root,unrelated,0,0.5694219191065669,0.059431934992327656,0.8494207859039307,
NA2_LAG10_024,NA2_LAG10,2,10,2,3,unrelated,cascade,0,0.4670483301145915,0.016243505147396024,0.8825745582580566,
NA2_LAG10_024,NA2_LAG10,2,10,2,4,unrelated,mild,0,0.8737185332733731,0.8977683456715235,0.8788315057754517,
NA2_LAG10_024,NA2_LAG10,2,10,2,5,unrelated,unrelated,0,0.9950553112630639,0.9949736785345124,0.9926163554191589,
NA2_LAG10_024,NA2_LAG10,2,10,2,6,unrelated,unrelated,0,0.994090647528968,0.9945300430448786,0.9984434247016907,
NA2_LAG10_024,NA2_LAG10,2,10,3,4,cascade,mild,1,0.7261477158836649,0.006905125026376358,0.8065059185028076,False
NA2_LAG10_024,NA2_LAG10,2,10,3,5,cascade,unrelated,0,0.4725894206944375,0.016960050476145308,0.8757065534591675,
NA2_LAG10_024,NA2_LAG10,2,10,3,6,cascade,unrelated,0,0.4774359240333143,0.010387685605686836,0.8736099600791931,
NA2_LAG10_024,NA2_LAG10,2,10,4,5,mild,unrelated,0,0.8777837642735814,0.8990666946016044,0.8822665214538574,
NA2_LAG10_024,NA2_LAG10,2,10,4,6,mild,unrelated,0,0.8777992586936115,0.8977689767448802,0.8798184990882874,
NA2_LAG10_024,NA2_LAG10,2,10,5,6,unrelated,unrelated,0,0.9956238783625763,0.9955408820162405,0.9935981631278992,
NA2_LAG10_025,NA2_LAG10,2,10,1,2,cascade,unrelated,0,0.9205163677128545,0.8833441530357857,0.9911702871322632,
NA2_LAG10_025,NA2_LAG10,2,10,1,3,cascade,cascade,1,0.8687170667940824,0.8817474465058587,0.9804785251617432,False
NA2_LAG10_025,NA2_LAG10,2,10,1,4,cascade,unrelated,0,0.9187471434647625,0.8805751796962358,0.9834719896316528,
NA2_LAG10_025,NA2_LAG10,2,10,1,5,cascade,unrelated,0,0.9163174058495284,0.876585561185125,0.976322591304779,
NA2_LAG10_025,NA2_LAG10,2,10,1,6,cascade,root,1,0.2473839856968446,0.8808446359222565,0.7905306220054626,False
NA2_LAG10_025,NA2_LAG10,2,10,2,3,unrelated,cascade,0,0.9581556809102273,0.9956472700362642,0.9876418113708496,
NA2_LAG10_025,NA2_LAG10,2,10,2,4,unrelated,unrelated,0,0.9948587561323703,0.9946133797502381,0.9941772222518921,
NA2_LAG10_025,NA2_LAG10,2,10,2,5,unrelated,unrelated,0,0.9956649772215873,0.9957857789542975,0.9924148321151733,
NA2_LAG10_025,NA2_LAG10,2,10,2,6,unrelated,root,0,0.3315056307010415,0.9960292257024086,0.7911394834518433,
NA2_LAG10_025,NA2_LAG10,2,10,3,4,cascade,unrelated,0,0.9580410010234895,0.9951131030716268,0.9943673610687256,
NA2_LAG10_025,NA2_LAG10,2,10,3,5,cascade,unrelated,0,0.9598731149387701,0.9960919592073133,0.9880247116088867,
NA2_LAG10_025,NA2_LAG10,2,10,3,6,cascade,root,1,0.5730317627107061,0.996098358466179,0.7817907333374023,False
NA2_LAG10_025,NA2_LAG10,2,10,4,5,unrelated,unrelated,0,0.9953343968284325,0.9954184553575669,0.9963212013244629,
NA2_LAG10_025,NA2_LAG10,2,10,4,6,unrelated,root,0,0.3307035967694795,0.9945043224740012,0.7987617254257202,
NA2_LAG10_025,NA2_LAG10,2,10,5,6,unrelated,root,0,0.3346539934990786,0.9951745235900137,0.7921068668365479,
NA2_LAG10_026,NA2_LAG10,2,10,1,2,unrelated,unrelated,0,0.994964780817457,0.9950838177317324,0.9959450364112854,
NA2_LAG10_026,NA2_LAG10,2,10,1,3,unrelated,cascade,0,0.30966924741685087,0.9651553504651936,0.785638153553009,
NA2_LAG10_026,NA2_LAG10,2,10,1,4,unrelated,mild,0,0.9872263817299317,0.9834461947622483,0.9918145537376404,
NA2_LAG10_026,NA2_LAG10,2,10,1,5,unrelated,root,0,0.8231403359680166,0.7361633523653157,0.9877021908760071,
NA2_LAG10_026,NA2_LAG10,2,10,1,6,unrelated,unrelated,0,0.9950251356676171,0.995270514700884,0.9915418028831482,
NA2_LAG10_026,NA2_LAG10,2,10,2,3,unrelated,cascade,0,0.3112879430927455,0.9692104229862228,0.7972362041473389,
NA2_LAG10_026,NA2_LAG10,2,10,2,4,unrelated,mild,0,0.9880700308352176,0.9838612426539938,0.9959596991539001,
NA2_LAG10_026,NA2_LAG10,2,10,2,5,unrelated,root,0,0.8241071168534699,0.7366139097193991,0.9922556281089783,
NA2_LAG10_026,NA2_LAG10,2,10,2,6,unrelated,unrelated,0,0.9954563817776532,0.9955835140892113,0.9963868856430054,
NA2_LAG10_026,NA2_LAG10,2,10,3,4,cascade,mild,1,0.2952622928484379,0.9586220710326254,0.7925083637237549,False
NA2_LAG10_026,NA2_LAG10,2,10,3,5,cascade,root,1,0.13304756726248035,0.7101299592006722,0.7952162623405457,False
NA2_LAG10_026,NA2_LAG10,2,10,3,6,cascade,unrelated,0,0.3167769478986931,0.9685302449669041,0.8011119961738586,
NA2_LAG10_026,NA2_LAG10,2,10,4,5,mild,root,1,0.8836687131799106,0.8261136810969205,0.9957073926925659,True
NA2_LAG10_026,NA2_LAG10,2,10,4,6,mild,unrelated,0,0.9873788650581968,0.983485073952983,0.9918646812438965,
NA2_LAG10_026,NA2_LAG10,2,10,5,6,root,unrelated,0,0.8225796513552331,0.7363405822590446,0.9892405271530151,
NA2_LAG10_027,NA2_LAG10,2,10,1,2,unrelated,mild,0,0.9311408092700065,0.9017996656584537,0.977104902267456,
NA2_LAG10_027,NA2_LAG10,2,10,1,3,unrelated,unrelated,0,0.9950470631222885,0.99553946445161,0.9923737645149231,
NA2_LAG10_027,NA2_LAG10,2,10,1,4,unrelated,cascade,0,0.9589561264549945,0.9960431223501011,0.9913538694381714,
NA2_LAG10_027,NA2_LAG10,2,10,1,5,unrelated,root,0,0.9282422295860707,0.8949852281137995,0.9806435108184814,
NA2_LAG10_027,NA2_LAG10,2,10,1,6,unrelated,unrelated,0,0.9947926392918407,0.9949649125222022,0.9969834089279175,
NA2_LAG10_027,NA2_LAG10,2,10,2,3,mild,unrelated,0,0.9326988792253972,0.9043794554353531,0.9847046136856079,
NA2_LAG10_027,NA2_LAG10,2,10,2,4,mild,cascade,1,0.8553770726601,0.9013644039646178,0.9682372808456421,False
NA2_LAG10_027,NA2_LAG10,2,10,2,5,mild,root,1,0.9767067816977756,0.9749333372807535,0.9890576601028442,False
NA2_LAG10_027,NA2_LAG10,2,10,2,6,mild,unrelated,0,0.9317840517619632,0.9021495498750348,0.9840319752693176,
NA2_LAG10_027,NA2_LAG10,2,10,3,4,unrelated,cascade,0,0.9594330988109133,0.9954948672652615,0.9919981956481934,
NA2_LAG10_027,NA2_LAG10,2,10,3,5,unrelated,root,0,0.9293985720878788,0.8971671316821683,0.9868984818458557,
NA2_LAG10_027,NA2_LAG10,2,10,3,6,unrelated,unrelated,0,0.9947943211292225,0.9950413148411502,0.9967415928840637,
NA2_LAG10_027,NA2_LAG10,2,10,4,5,cascade,root,1,0.8795301189529634,0.8940308752815922,0.9726186394691467,False
NA2_LAG10_027,NA2_LAG10,2,10,4,6,cascade,unrelated,0,0.958496713117622,0.9950493757345988,0.9905349612236023,
NA2_LAG10_027,NA2_LAG10,2,10,5,6,root,unrelated,0,0.9267395507665271,0.8923585617986681,0.9867517352104187,
NA2_LAG10_028,NA2_LAG10,2,10,1,2,unrelated,cascade,0,0.4562527098180321,0.1791202308071656,0.931927502155304,
NA2_LAG10_028,NA2_LAG10,2,10,1,3,unrelated,cascade,0,0.9583976222153486,0.9949359683408951,0.9786365032196045,
NA2_LAG10_028,NA2_LAG10,2,10,1,4,unrelated,root,0,0.9581012882254638,0.9965405031728122,0.9842461943626404,
NA2_LAG10_028,NA2_LAG10,2,10,1,5,unrelated,unrelated,0,0.9942357797612063,0.9948182396509313,0.9803493618965149,
NA2_LAG10_028,NA2_LAG10,2,10,1,6,unrelated,unrelated,0,0.9941745689332206,0.9945383804549346,0.9810420870780945,
NA2_LAG10_028,NA2_LAG10,2,10,2,3,cascade,cascade,1,0.3268533719138367,0.16951544783256078,0.8772467970848083,False
NA2_LAG10_028,NA2_LAG10,2,10,2,4,cascade,root,1,0.3284385334808611,0.1749921705189897,0.9084053039550781,False
NA2_LAG10_028,NA2_LAG10,2,10,2,5,cascade,unrelated,0,0.45074560667485625,0.173178221355859,0.944340169429779,
NA2_LAG10_028,NA2_LAG10,2,10,2,6,cascade,unrelated,0,0.45311779924828277,0.17629699283269928,0.9250600337982178,
NA2_LAG10_028,NA2_LAG10,2,10,3,4,cascade,root,1,0.9971093886473662,0.9973580981530604,0.9925641417503357,True
NA2_LAG10_028,NA2_LAG10,2,10,3,5,cascade,unrelated,0,0.9593864922331957,0.9950583169786611,0.9794705510139465,
NA2_LAG10_028,NA2_LAG10,2,10,3,6,cascade,unrelated,0,0.9597357097597524,0.9958561200094945,0.9866249561309814,
NA2_LAG10_028,NA2_LAG10,2,10,4,5,root,unrelated,0,0.9590537204783135,0.9968890865778294,0.9903798699378967,
NA2_LAG10_028,NA2_LAG10,2,10,4,6,root,unrelated,0,0.959201820490033,0.9972802862292443,0.9943847060203552,
NA2_LAG10_028,NA2_LAG10,2,10,5,6,unrelated,unrelated,0,0.9951676127553991,0.9954287837712681,0.9960922002792358,
NA2_LAG10_029,NA2_LAG10,2,10,1,2,unrelated,mild,0,0.9870482048952052,0.9938266440011484,0.9796366095542908,
NA2_LAG10_029,NA2_LAG10,2,10,1,3,unrelated,unrelated,0,0.9949617401135091,0.9950678532559929,0.9858161211013794,
NA2_LAG10_029,NA2_LAG10,2,10,1,4,unrelated,unrelated,0,0.9946411857530264,0.9944837046621521,0.9818102121353149,
NA2_LAG10_029,NA2_LAG10,2,10,1,5,unrelated,root,0,0.3292933450016993,0.9951990848182212,0.7592788934707642,
NA2_LAG10_029,NA2_LAG10,2,10,1,6,unrelated,mild,0,0.9819290121396602,0.9746873136243598,0.984042227268219,
NA2_LAG10_029,NA2_LAG10,2,10,2,3,mild,unrelated,0,0.9864821301874569,0.9934615673202792,0.9930448532104492,
NA2_LAG10_029,NA2_LAG10,2,10,2,4,mild,unrelated,0,0.9872260914865859,0.9929380547803978,0.9900029301643372,
NA2_LAG10_029,NA2_LAG10,2,10,2,5,mild,root,1,0.4377718010211751,0.9937187615578679,0.7824519276618958,False
NA2_LAG10_029,NA2_LAG10,2,10,2,6,mild,mild,1,0.9728579124862531,0.9759147968280037,0.9871906042098999,False
NA2_LAG10_029,NA2_LAG10,2,10,3,4,unrelated,unrelated,0,0.9947188678416682,0.9947087749689525,0.9920378923416138,
NA2_LAG10_029,NA2_LAG10,2,10,3,5,unrelated,root,0,0.3285812297704055,0.9953574260144528,0.7799200415611267,
NA2_LAG10_029,NA2_LAG10,2,10,3,6,unrelated,mild,0,0.9832259424203604,0.9777854665540413,0.9897730946540833,
NA2_LAG10_029,NA2_LAG10,2,10,4,5,unrelated,root,0,0.3372127696872027,0.9947158331997605,0.7810372114181519,
NA2_LAG10_029,NA2_LAG10,2,10,4,6,unrelated,mild,0,0.9823504458982864,0.9759254294773114,0.9973171353340149,
NA2_LAG10_029,NA2_LAG10,2,10,5,6,root,mild,1,0.30656620108359073,0.9768353587373194,0.7835031151771545,False
NA2_LAG50_000,NA2_LAG50,2,50,1,2,unrelated,root,0,0.4180857933256179,0.13522663141368724,0.935443639755249,
NA2_LAG50_000,NA2_LAG50,2,50,1,3,unrelated,unrelated,0,0.995835865546627,0.9954631885302222,0.9906042814254761,
NA2_LAG50_000,NA2_LAG50,2,50,1,4,unrelated,unrelated,0,0.9955050488908411,0.9959031368582969,0.984045147895813,
NA2_LAG50_000,NA2_LAG50,2,50,1,5,unrelated,mild,0,0.9868205993454631,0.9893340665185087,0.9851861000061035,
NA2_LAG50_000,NA2_LAG50,2,50,1,6,unrelated,mild,0,0.9452246514297201,0.9220260675009898,0.9349790215492249,
NA2_LAG50_000,NA2_LAG50,2,50,2,3,root,unrelated,0,0.4131831272910564,0.13031251997546572,0.9658033847808838,
NA2_LAG50_000,NA2_LAG50,2,50,2,4,root,unrelated,0,0.41990157808986034,0.13203335383407322,0.9715409874916077,
NA2_LAG50_000,NA2_LAG50,2,50,2,5,root,mild,1,0.34929916074746487,0.09281878796352819,0.9716143608093262,False
NA2_LAG50_000,NA2_LAG50,2,50,2,6,root,mild,1,0.6364267123477897,0.42816553075379715,0.9376806616783142,True
NA2_LAG50_000,NA2_LAG50,2,50,3,4,unrelated,unrelated,0,0.9956176017457277,0.9961321026838564,0.9940319657325745,
NA2_LAG50_000,NA2_LAG50,2,50,3,5,unrelated,mild,0,0.9869910862063985,0.9892331512241149,0.9960631728172302,
NA2_LAG50_000,NA2_LAG50,2,50,3,6,unrelated,mild,0,0.9432850968795348,0.91978408849629,0.9573673009872437,
NA2_LAG50_000,NA2_LAG50,2,50,4,5,unrelated,mild,0,0.9861431911769273,0.9900416366990318,0.992252767086029,
NA2_LAG50_000,NA2_LAG50,2,50,4,6,unrelated,mild,0,0.9451272670152627,0.9202723025525585,0.9578481316566467,
NA2_LAG50_000,NA2_LAG50,2,50,5,6,mild,mild,1,0.9104237376374108,0.8925468545311929,0.9537120461463928,False
NA2_LAG50_001,NA2_LAG50,2,50,1,2,unrelated,root,0,0.9108465937150002,0.8674991132991556,0.9913358688354492,
NA2_LAG50_001,NA2_LAG50,2,50,1,3,unrelated,unrelated,0,0.9947853600056407,0.9949720662403254,0.9910227656364441,
NA2_LAG50_001,NA2_LAG50,2,50,1,4,unrelated,cascade,0,0.9409219367943703,0.913771866463644,0.9897807240486145,
NA2_LAG50_001,NA2_LAG50,2,50,1,5,unrelated,unrelated,0,0.994686182728709,0.9947629998002516,0.9967917203903198,
NA2_LAG50_001,NA2_LAG50,2,50,1,6,unrelated,cascade,0,0.0009867747618933834,0.563936821027173,0.7966426014900208,
NA2_LAG50_001,NA2_LAG50,2,50,2,3,root,unrelated,0,0.9102352875011025,0.8668902479921979,0.9954613447189331,
NA2_LAG50_001,NA2_LAG50,2,50,2,4,root,cascade,1,0.9873030054635233,0.9831813705445546,0.997437596321106,True
NA2_LAG50_001,NA2_LAG50,2,50,2,5,root,unrelated,0,0.9075489040374889,0.8641089631277962,0.9920452833175659,
NA2_LAG50_001,NA2_LAG50,2,50,2,6,root,cascade,1,0.07929277443124726,0.4476121872285474,0.7948740720748901,False
NA2_LAG50_001,NA2_LAG50,2,50,3,4,unrelated,cascade,0,0.9408078390586937,0.9140347536358963,0.9962008595466614,
NA2_LAG50_001,NA2_LAG50,2,50,3,5,unrelated,unrelated,0,0.99484930647234,0.9947755890256222,0.9907658100128174,
NA2_LAG50_001,NA2_LAG50,2,50,3,6,unrelated,cascade,0,0.005941831679759154,0.5558652380269287,0.8059005737304688,
NA2_LAG50_001,NA2_LAG50,2,50,4,5,cascade,unrelated,0,0.937885151217183,0.9109247987515466,0.9922928214073181,
NA2_LAG50_001,NA2_LAG50,2,50,4,6,cascade,cascade,1,0.059116893661069016,0.48326218190756076,0.8006634712219238,False
NA2_LAG50_001,NA2_LAG50,2,50,5,6,unrelated,cascade,0,0.004532233372317622,0.5599378665443596,0.7966201901435852,
NA2_LAG50_002,NA2_LAG50,2,50,1,2,unrelated,cascade,0,0.010470203381011164,0.5584326674022284,0.8009029030799866,
NA2_LAG50_002,NA2_LAG50,2,50,1,3,unrelated,root,0,0.3411933965218433,0.9937518959027634,0.7986471652984619,
NA2_LAG50_002,NA2_LAG50,2,50,1,4,unrelated,mild,0,0.9868265401288344,0.9894561220291644,0.9963110089302063,
NA2_LAG50_002,NA2_LAG50,2,50,1,5,unrelated,unrelated,0,0.995305507265994,0.995476466516791,0.9970819354057312,
NA2_LAG50_002,NA2_LAG50,2,50,1,6,unrelated,unrelated,0,0.9951151465537176,0.994922613773798,0.9980154037475586,
NA2_LAG50_002,NA2_LAG50,2,50,2,3,cascade,root,1,0.691370840466193,0.5537238675642797,0.9968356490135193,True
NA2_LAG50_002,NA2_LAG50,2,50,2,4,cascade,mild,1,0.13412857600445546,0.6365666653072585,0.7799665927886963,False
NA2_LAG50_002,NA2_LAG50,2,50,2,5,cascade,unrelated,0,0.003228673678152784,0.562003534698587,0.8009182214736938,
NA2_LAG50_002,NA2_LAG50,2,50,2,6,cascade,unrelated,0,0.01122672402168981,0.5675428224644737,0.7998928427696228,
NA2_LAG50_002,NA2_LAG50,2,50,3,4,root,mild,1,0.41982427083315393,0.9885496142871005,0.7777205109596252,False
NA2_LAG50_002,NA2_LAG50,2,50,3,5,root,unrelated,0,0.3285220929144807,0.9949856377937428,0.7983683347702026,
NA2_LAG50_002,NA2_LAG50,2,50,3,6,root,unrelated,0,0.3349045998194195,0.9950551814299422,0.7978266477584839,
NA2_LAG50_002,NA2_LAG50,2,50,4,5,mild,unrelated,0,0.9863990512390512,0.990809239768935,0.9934557676315308,
NA2_LAG50_002,NA2_LAG50,2,50,4,6,mild,unrelated,0,0.986437362896183,0.9902599590977458,0.9938471913337708,
NA2_LAG50_002,NA2_LAG50,2,50,5,6,unrelated,unrelated,0,0.9950416721806631,0.995351516954215,0.99696284532547,
NA2_LAG50_003,NA2_LAG50,2,50,1,2,unrelated,cascade,0,0.7203512681893898,0.5575137666821537,0.8276127576828003,
NA2_LAG50_003,NA2_LAG50,2,50,1,3,unrelated,mild,0,0.9886892351509996,0.9858323130069152,0.9789168238639832,
NA2_LAG50_003,NA2_LAG50,2,50,1,4,unrelated,unrelated,0,0.994888586383494,0.9946630558136343,0.9768244028091431,
NA2_LAG50_003,NA2_LAG50,2,50,1,5,unrelated,unrelated,0,0.9953116787492756,0.9949452636461981,0.9704009294509888,
NA2_LAG50_003,NA2_LAG50,2,50,1,6,unrelated,root,0,0.9597943284400479,0.9969920283751678,0.9846500158309937,
NA2_LAG50_003,NA2_LAG50,2,50,2,3,cascade,mild,1,0.7271481512202229,0.556386854397992,0.8453820943832397,False
NA2_LAG50_003,NA2_LAG50,2,50,2,4,cascade,unrelated,0,0.720690106803877,0.556341752548127,0.8558624386787415,
NA2_LAG50_003,NA2_LAG50,2,50,2,5,cascade,unrelated,0,0.7193680181200693,0.5559139159342925,0.8545450568199158,
NA2_LAG50_003,NA2_LAG50,2,50,2,6,cascade,root,1,0.5585444468756983,0.556560989422837,0.8472614884376526,False
NA2_LAG50_003,NA2_LAG50,2,50,3,4,mild,unrelated,0,0.9878431905266557,0.9845552465678455,0.9949628114700317,
NA2_LAG50_003,NA2_LAG50,2,50,3,5,mild,unrelated,0,0.9890207081399617,0.9861446252562079,0.9935939908027649,
NA2_LAG50_003,NA2_LAG50,2,50,3,6,mild,root,1,0.949081531683988,0.9880076297725179,0.9817253947257996,False
NA2_LAG50_003,NA2_LAG50,2,50,4,5,unrelated,unrelated,0,0.9948081804430913,0.9948713914916546,0.9977465867996216,
NA2_LAG50_003,NA2_LAG50,2,50,4,6,unrelated,root,0,0.958903269302299,0.9967572071789217,0.9902819991111755,
NA2_LAG50_003,NA2_LAG50,2,50,5,6,unrelated,root,0,0.9598839168831317,0.9969212881894782,0.9870625734329224,
NA2_LAG50_004,NA2_LAG50,2,50,1,2,unrelated,mild,0,0.9755150398322154,0.9758331742755691,0.9011164307594299,
NA2_LAG50_004,NA2_LAG50,2,50,1,3,unrelated,cascade,0,0.9508954379722555,0.9750898130536463,0.9500457644462585,
NA2_LAG50_004,NA2_LAG50,2,50,1,4,unrelated,unrelated,0,0.9954227972110146,0.9953366029027046,0.9934855699539185,
NA2_LAG50_004,NA2_LAG50,2,50,1,5,unrelated,root,0,0.566055011799596,0.04747867515250031,0.8700173497200012,
NA2_LAG50_004,NA2_LAG50,2,50,1,6,unrelated,unrelated,0,0.9954600449807903,0.995076419256326,0.983824610710144,
NA2_LAG50_004,NA2_LAG50,2,50,2,3,mild,cascade,1,0.876760804132322,0.9214324282685598,0.8567899465560913,False
NA2_LAG50_004,NA2_LAG50,2,50,2,4,mild,unrelated,0,0.9744103651968137,0.9751879397757625,0.9068906307220459,
NA2_LAG50_004,NA2_LAG50,2,50,2,5,mild,root,1,0.6615816429972465,0.05927317985513305,0.9558659791946411,True
NA2_LAG50_004,NA2_LAG50,2,50,2,6,mild,unrelated,0,0.9763537495256523,0.976014813802393,0.906175434589386,
NA2_LAG50_004,NA2_LAG50,2,50,3,4,cascade,unrelated,0,0.9516813331734559,0.9745122604279179,0.9683021306991577,
NA2_LAG50_004,NA2_LAG50,2,50,3,5,cascade,root,1,0.3619683088254707,0.02445136375873206,0.8005101680755615,False
NA2_LAG50_004,NA2_LAG50,2,50,3,6,cascade,unrelated,0,0.9497879703147071,0.9754081587581368,0.9657213091850281,
NA2_LAG50_004,NA2_LAG50,2,50,4,5,unrelated,root,0,0.5598270198920627,0.04997635032661224,0.8776535987854004,
NA2_LAG50_004,NA2_LAG50,2,50,4,6,unrelated,unrelated,0,0.9948953585535817,0.9944303000393262,0.9958210587501526,
NA2_LAG50_004,NA2_LAG50,2,50,5,6,root,unrelated,0,0.5691364071796046,0.04448496743139335,0.8863485455513,
NA2_LAG50_005,NA2_LAG50,2,50,1,2,root,mild,1,0.48009474085362674,0.21732755726961264,0.9466186165809631,False
NA2_LAG50_005,NA2_LAG50,2,50,1,3,root,unrelated,0,0.41415801095408994,0.12532535206188178,0.9538726210594177,
NA2_LAG50_005,NA2_LAG50,2,50,1,4,root,unrelated,0,0.4136795608461968,0.12421566527000151,0.955884575843811,
NA2_LAG50_005,NA2_LAG50,2,50,1,5,root,unrelated,0,0.41875517857326927,0.1326837021390047,0.9537135362625122,
NA2_LAG50_005,NA2_LAG50,2,50,1,6,root,mild,1,0.46990199928407395,0.20471483284357156,0.9455811977386475,False
NA2_LAG50_005,NA2_LAG50,2,50,2,3,mild,unrelated,0,0.9904937161548322,0.9880454151277165,0.997528076171875,
NA2_LAG50_005,NA2_LAG50,2,50,2,4,mild,unrelated,0,0.9909004095830278,0.9888287715286087,0.9954240322113037,
NA2_LAG50_005,NA2_LAG50,2,50,2,5,mild,unrelated,0,0.9908537844458846,0.9894455275677371,0.9968992471694946,
NA2_LAG50_005,NA2_LAG50,2,50,2,6,mild,mild,1,0.9951348044516893,0.9952224719924396,0.9986252784729004,True
NA2_LAG50_005,NA2_LAG50,2,50,3,4,unrelated,unrelated,0,0.9948391238191955,0.9946107508988473,0.9946058988571167,
NA2_LAG50_005,NA2_LAG50,2,50,3,5,unrelated,unrelated,0,0.9948941162091,0.9948488742360265,0.99624103307724,
NA2_LAG50_005,NA2_LAG50,2,50,3,6,unrelated,mild,0,0.9903844890898411,0.9881884761343348,0.9961280226707458,
NA2_LAG50_005,NA2_LAG50,2,50,4,5,unrelated,unrelated,0,0.9954079040499713,0.9956265826816317,0.9981331825256348,
NA2_LAG50_005,NA2_LAG50,2,50,4,6,unrelated,mild,0,0.9908775185025179,0.9889657364957389,0.9963151216506958,
NA2_LAG50_005,NA2_LAG50,2,50,5,6,unrelated,mild,0,0.9914405639046384,0.9896083257301734,0.9972992539405823,
NA2_LAG50_006,NA2_LAG50,2,50,1,2,mild,unrelated,0,0.9789467374192563,0.9787768732945723,0.9312405586242676,
NA2_LAG50_006,NA2_LAG50,2,50,1,3,mild,root,1,0.6585001915706306,0.07317079942484114,0.9603646397590637,True
NA2_LAG50_006,NA2_LAG50,2,50,1,4,mild,unrelated,0,0.9777591672665648,0.9788169152204075,0.9378133416175842,
NA2_LAG50_006,NA2_LAG50,2,50,1,5,mild,unrelated,0,0.9775331872488611,0.9787188373209093,0.9356260299682617,
NA2_LAG50_006,NA2_LAG50,2,50,1,6,mild,cascade,1,0.16587127526435458,0.42858416398152277,0.9286940097808838,False
NA2_LAG50_006,NA2_LAG50,2,50,2,3,unrelated,root,0,0.5672648715136259,0.09540060177135003,0.8385888338088989,
NA2_LAG50_006,NA2_LAG50,2,50,2,4,unrelated,unrelated,0,0.9954571714339325,0.9953077743024757,0.9912498593330383,
NA2_LAG50_006,NA2_LAG50,2,50,2,5,unrelated,unrelated,0,0.9954779894627672,0.9956664967826839,0.994313657283783,
NA2_LAG50_006,NA2_LAG50,2,50,2,6,unrelated,cascade,0,0.001258186320563425,0.5605504875645022,0.800603449344635,
NA2_LAG50_006,NA2_LAG50,2,50,3,4,root,unrelated,0,0.5646337584979295,0.08873676426047541,0.848405122756958,
NA2_LAG50_006,NA2_LAG50,2,50,3,5,root,unrelated,0,0.5643136000127441,0.09327153226930932,0.8410199880599976,
NA2_LAG50_006,NA2_LAG50,2,50,3,6,root,cascade,1,0.6025961502740109,0.05773240475183644,0.9230983257293701,False
NA2_LAG50_006,NA2_LAG50,2,50,4,5,unrelated,unrelated,0,0.9957973750315524,0.9955787706100062,0.9960689544677734,
NA2_LAG50_006,NA2_LAG50,2,50,4,6,unrelated,cascade,0,0.0022849974740978816,0.5600553671139573,0.8139057159423828,
NA2_LAG50_006,NA2_LAG50,2,50,5,6,unrelated,cascade,0,0.0007187776441950838,0.5555358662265601,0.8167073726654053,
NA2_LAG50_007,NA2_LAG50,2,50,1,2,cascade,unrelated,0,0.0037440469365348466,0.5581134428674613,0.7908359169960022,
NA2_LAG50_007,NA2_LAG50,2,50,1,3,cascade,root,1,0.6990402228518465,0.5628760713698872,0.996679961681366,True
NA2_LAG50_007,NA2_LAG50,2,50,1,4,cascade,unrelated,0,0.0017346896536616415,0.5581127364946458,0.7786016464233398,
NA2_LAG50_007,NA2_LAG50,2,50,1,5,cascade,unrelated,0,0.0016395343403221383,0.5576971585680426,0.787428081035614,
NA2_LAG50_007,NA2_LAG50,2,50,1,6,cascade,mild,1,0.02436936608628538,0.5386405119169277,0.780534029006958,False
NA2_LAG50_007,NA2_LAG50,2,50,2,3,unrelated,root,0,0.33281997939854346,0.9947636375778993,0.7907696962356567,
NA2_LAG50_007,NA2_LAG50,2,50,2,4,unrelated,unrelated,0,0.9950193045951354,0.9947466414222345,0.9886825680732727,
NA2_LAG50_007,NA2_LAG50,2,50,2,5,unrelated,unrelated,0,0.9955494304059116,0.9951002165032722,0.997481644153595,
NA2_LAG50_007,NA2_LAG50,2,50,2,6,unrelated,mild,0,0.9864110454188322,0.9822866282795283,0.9948214888572693,
NA2_LAG50_007,NA2_LAG50,2,50,3,4,root,unrelated,0,0.33526689517664243,0.9953411333893195,0.7777218818664551,
NA2_LAG50_007,NA2_LAG50,2,50,3,5,root,unrelated,0,0.34006612497284844,0.9953223332574903,0.7873460650444031,
NA2_LAG50_007,NA2_LAG50,2,50,3,6,root,mild,1,0.31612900960733203,0.9830941987744218,0.7808598875999451,False
NA2_LAG50_007,NA2_LAG50,2,50,4,5,unrelated,unrelated,0,0.9955676896735074,0.9951620663872841,0.9838739633560181,
NA2_LAG50_007,NA2_LAG50,2,50,4,6,unrelated,mild,0,0.9873878345485402,0.9838116349854711,0.9764373302459717,
NA2_LAG50_007,NA2_LAG50,2,50,5,6,unrelated,mild,0,0.9870850940216546,0.9828442274682623,0.9958333373069763,
NA2_LAG50_008,NA2_LAG50,2,50,1,2,mild,unrelated,0,0.9016171410244218,0.8798933969965392,0.8610518574714661,
NA2_LAG50_008,NA2_LAG50,2,50,1,3,mild,root,1,0.03226247111757727,0.878933756662254,0.9644080400466919,True
NA2_LAG50_008,NA2_LAG50,2,50,1,4,mild,mild,1,0.8344343177036273,0.8238180344592909,0.8639190793037415,False
NA2_LAG50_008,NA2_LAG50,2,50,1,5,mild,unrelated,0,0.9024568358107644,0.8781932525717933,0.8612503409385681,
NA2_LAG50_008,NA2_LAG50,2,50,1,6,mild,unrelated,0,0.9034081226832209,0.8787379177625458,0.867776095867157,
NA2_LAG50_008,NA2_LAG50,2,50,2,3,unrelated,root,0,0.33382720495691115,0.9951772795119012,0.7735021710395813,
NA2_LAG50_008,NA2_LAG50,2,50,2,4,unrelated,mild,0,0.9849531027444145,0.9887504039327194,0.9920890927314758,
NA2_LAG50_008,NA2_LAG50,2,50,2,5,unrelated,unrelated,0,0.9949281126525159,0.9946669198842212,0.9932330250740051,
NA2_LAG50_008,NA2_LAG50,2,50,2,6,unrelated,unrelated,0,0.9951343518745441,0.9951834677507638,0.9968457221984863,
NA2_LAG50_008,NA2_LAG50,2,50,3,4,root,mild,1,0.4250635614257316,0.9896427562001405,0.7751466035842896,False
NA2_LAG50_008,NA2_LAG50,2,50,3,5,root,unrelated,0,0.33034707259296064,0.9954326892772707,0.771255373954773,
NA2_LAG50_008,NA2_LAG50,2,50,3,6,root,unrelated,0,0.3308025639398935,0.9952791353066837,0.7847737073898315,
NA2_LAG50_008,NA2_LAG50,2,50,4,5,mild,unrelated,0,0.9851663177253259,0.9898426792123098,0.9962849020957947,
NA2_LAG50_008,NA2_LAG50,2,50,4,6,mild,unrelated,0,0.9846496263787287,0.989127537347042,0.9944075345993042,
NA2_LAG50_008,NA2_LAG50,2,50,5,6,unrelated,unrelated,0,0.9950974336243529,0.9949677280244578,0.994927704334259,
NA2_LAG50_009,NA2_LAG50,2,50,1,2,unrelated,cascade,0,0.9501431291443737,0.9759043426124402,0.9725828766822815,
NA2_LAG50_009,NA2_LAG50,2,50,1,3,unrelated,cascade,0,0.9336636674675205,0.9024752503673817,0.9926993250846863,
NA2_LAG50_009,NA2_LAG50,2,50,1,4,unrelated,unrelated,0,0.9944768562399373,0.9938631105856525,0.9856146574020386,
NA2_LAG50_009,NA2_LAG50,2,50,1,5,unrelated,unrelated,0,0.9957318960607139,0.9958876720615243,0.9968001842498779,
NA2_LAG50_009,NA2_LAG50,2,50,1,6,unrelated,root,0,0.9581125127990792,0.996474901532886,0.9731614589691162,
NA2_LAG50_009,NA2_LAG50,2,50,2,3,cascade,cascade,1,0.8697742778621627,0.8757117735442763,0.9728045463562012,False
NA2_LAG50_009,NA2_LAG50,2,50,2,4,cascade,unrelated,0,0.9487481154147622,0.9727734141328661,0.9879527688026428,
NA2_LAG50_009,NA2_LAG50,2,50,2,5,cascade,unrelated,0,0.9506345449735876,0.9742497626299911,0.9758487939834595,
NA2_LAG50_009,NA2_LAG50,2,50,2,6,cascade,root,1,0.9755667679864289,0.9759823456378077,0.9930592179298401,True
NA2_LAG50_009,NA2_LAG50,2,50,3,4,cascade,unrelated,0,0.9359733679197435,0.906609500569671,0.9925529956817627,
NA2_LAG50_009,NA2_LAG50,2,50,3,5,cascade,unrelated,0,0.9331631428463267,0.9025929002672416,0.9962236881256104,
NA2_LAG50_009,NA2_LAG50,2,50,3,6,cascade,root,1,0.8826753837892514,0.9024106751288677,0.9666313529014587,False
NA2_LAG50_009,NA2_LAG50,2,50,4,5,unrelated,unrelated,0,0.9954362501970411,0.9955321681067336,0.9905738234519958,
NA2_LAG50_009,NA2_LAG50,2,50,4,6,unrelated,root,0,0.9599044268925587,0.9967288111271482,0.9781551361083984,
NA2_LAG50_009,NA2_LAG50,2,50,5,6,unrelated,root,0,0.9606543450920417,0.9969399257054373,0.9737875461578369,
NA2_LAG50_010,NA2_LAG50,2,50,1,2,unrelated,cascade,0,0.5854297235936504,0.3802258629616632,0.9256508350372314,
NA2_LAG50_010,NA2_LAG50,2,50,1,3,unrelated,unrelated,0,0.995078328718639,0.995099592007573,0.989793598651886,
NA2_LAG50_010,NA2_LAG50,2,50,1,4,unrelated,unrelated,0,0.9951071539321028,0.9957474363926345,0.9950432181358337,
NA2_LAG50_010,NA2_LAG50,2,50,1,5,unrelated,root,0,0.4162122056166089,0.12545411907658865,0.9123007655143738,
NA2_LAG50_010,NA2_LAG50,2,50,1,6,unrelated,mild,0,0.9869803763101686,0.9901525932507579,0.9926853775978088,
NA2_LAG50_010,NA2_LAG50,2,50,2,3,cascade,unrelated,0,0.5816154973899093,0.37543419222964763,0.9394240975379944,
NA2_LAG50_010,NA2_LAG50,2,50,2,4,cascade,unrelated,0,0.5847652372101431,0.37247937397289427,0.925530195236206,
NA2_LAG50_010,NA2_LAG50,2,50,2,5,cascade,root,1,0.8749074913301994,0.813904363236385,0.9575591087341309,True
NA2_LAG50_010,NA2_LAG50,2,50,2,6,cascade,mild,1,0.5129735764566756,0.32118116078061093,0.9108363389968872,False
NA2_LAG50_010,NA2_LAG50,2,50,3,4,unrelated,unrelated,0,0.9944735657366713,0.9945260194719766,0.986103355884552,
NA2_LAG50_010,NA2_LAG50,2,50,3,5,unrelated,root,0,0.41187800850242595,0.12207661260150841,0.9038366079330444,
NA2_LAG50_010,NA2_LAG50,2,50,3,6,unrelated,mild,0,0.9880301407607465,0.9909465410909611,0.9829764366149902,
NA2_LAG50_010,NA2_LAG50,2,50,4,5,unrelated,root,0,0.413824415061087,0.11511181137525352,0.8977668285369873,
NA2_LAG50_010,NA2_LAG50,2,50,4,6,unrelated,mild,0,0.9863062077143193,0.9909442634777855,0.9964936971664429,
NA2_LAG50_010,NA2_LAG50,2,50,5,6,root,mild,1,0.34781399733272844,0.08617043741877414,0.8818930983543396,False
NA2_LAG50_011,NA2_LAG50,2,50,1,2,cascade,root,1,0.48048641514552975,0.37687870193703005,0.9289650321006775,False
NA2_LAG50_011,NA2_LAG50,2,50,1,3,cascade,mild,1,0.5100233822468633,0.3185093846600546,0.9405866861343384,False
NA2_LAG50_011,NA2_LAG50,2,50,1,4,cascade,unrelated,0,0.5837712961116075,0.3765754391728882,0.9433015584945679,
NA2_LAG50_011,NA2_LAG50,2,50,1,5,cascade,unrelated,0,0.5864675902973246,0.3824947207947297,0.9616750478744507,
NA2_LAG50_011,NA2_LAG50,2,50,1,6,cascade,unrelated,0,0.585653308235838,0.38287499930668434,0.9491112232208252,
NA2_LAG50_011,NA2_LAG50,2,50,2,3,root,mild,1,0.9755770389570552,0.9917800520982722,0.9871302247047424,True
NA2_LAG50_011,NA2_LAG50,2,50,2,4,root,unrelated,0,0.9583318299481566,0.9973199551956982,0.9842309951782227,
NA2_LAG50_011,NA2_LAG50,2,50,2,5,root,unrelated,0,0.9593978414488596,0.9970974759641735,0.9772688746452332,
NA2_LAG50_011,NA2_LAG50,2,50,2,6,root,unrelated,0,0.9597625601228527,0.9967892110875863,0.9735407829284668,
NA2_LAG50_011,NA2_LAG50,2,50,3,4,mild,unrelated,0,0.9872802184914156,0.9910792975207556,0.9981197714805603,
NA2_LAG50_011,NA2_LAG50,2,50,3,5,mild,unrelated,0,0.986288163789682,0.9892071231298186,0.994800865650177,
NA2_LAG50_011,NA2_LAG50,2,50,3,6,mild,unrelated,0,0.9865408865811428,0.9893111873983701,0.9949016571044922,
NA2_LAG50_011,NA2_LAG50,2,50,4,5,unrelated,unrelated,0,0.9950661314557571,0.9952978001126037,0.9952523112297058,
NA2_LAG50_011,NA2_LAG50,2,50,4,6,unrelated,unrelated,0,0.9948245730081771,0.9950546661598931,0.9960086941719055,
NA2_LAG50_011,NA2_LAG50,2,50,5,6,unrelated,unrelated,0,0.995180517821822,0.995353555709298,0.9968923330307007,
NA2_LAG50_012,NA2_LAG50,2,50,1,2,cascade,unrelated,0,0.5835861902736758,0.38013788411844324,0.9038947820663452,
NA2_LAG50_012,NA2_LAG50,2,50,1,3,cascade,unrelated,0,0.5838214981890286,0.3834497164893621,0.9289703965187073,
NA2_LAG50_012,NA2_LAG50,2,50,1,4,cascade,unrelated,0,0.5784968393685029,0.3737064302677076,0.8941295742988586,
NA2_LAG50_012,NA2_LAG50,2,50,1,5,cascade,root,1,0.48490020927992683,0.37888101344192804,0.8543718457221985,False
NA2_LAG50_012,NA2_LAG50,2,50,1,6,cascade,mild,1,0.8019318352975803,0.6917642554248161,0.9255918264389038,True
NA2_LAG50_012,NA2_LAG50,2,50,2,3,unrelated,unrelated,0,0.9955905053505252,0.9953795341746647,0.9803853034973145,
NA2_LAG50_012,NA2_LAG50,2,50,2,4,unrelated,unrelated,0,0.9953945549875179,0.9955348639129423,0.9876585602760315,
NA2_LAG50_012,NA2_LAG50,2,50,2,5,unrelated,root,0,0.960497472389606,0.9967867264451832,0.9789485335350037,
NA2_LAG50_012,NA2_LAG50,2,50,2,6,unrelated,mild,0,0.9470250692077267,0.9240012989703357,0.9688674211502075,
NA2_LAG50_012,NA2_LAG50,2,50,3,4,unrelated,unrelated,0,0.9953041883147694,0.9952661034682257,0.98942631483078,
NA2_LAG50_012,NA2_LAG50,2,50,3,5,unrelated,root,0,0.9621599644423885,0.9971403312722594,0.975210428237915,
NA2_LAG50_012,NA2_LAG50,2,50,3,6,unrelated,mild,0,0.9480571269313375,0.9264574669602273,0.9831368923187256,
NA2_LAG50_012,NA2_LAG50,2,50,4,5,unrelated,root,0,0.9610636088449598,0.9973833867557947,0.9933043718338013,
NA2_LAG50_012,NA2_LAG50,2,50,4,6,unrelated,mild,0,0.9451293330156819,0.921767424942423,0.9770935773849487,
NA2_LAG50_012,NA2_LAG50,2,50,5,6,root,mild,1,0.8829126933525682,0.9253537107068499,0.9565747976303101,False
NA2_LAG50_013,NA2_LAG50,2,50,1,2,root,unrelated,0,0.9592493426391981,0.9964525951050218,0.9925308227539062,
NA2_LAG50_013,NA2_LAG50,2,50,1,3,root,unrelated,0,0.9577479087674091,0.9967698283538451,0.978020966053009,
NA2_LAG50_013,NA2_LAG50,2,50,1,4,root,unrelated,0,0.9577888477635629,0.9958785989540818,0.9822817444801331,
NA2_LAG50_013,NA2_LAG50,2,50,1,5,root,mild,1,0.9771784097377341,0.9919255728189161,0.9799633622169495,True
NA2_LAG50_013,NA2_LAG50,2,50,1,6,root,cascade,1,0.9763188360362699,0.9769245707308517,0.9899470806121826,True
NA2_LAG50_013,NA2_LAG50,2,50,2,3,unrelated,unrelated,0,0.9950231627756153,0.9947012127623964,0.9871272444725037,
NA2_LAG50_013,NA2_LAG50,2,50,2,4,unrelated,unrelated,0,0.9938998121878924,0.9933428632583104,0.992240309715271,
NA2_LAG50_013,NA2_LAG50,2,50,2,5,unrelated,mild,0,0.9852580089078106,0.9889444359198057,0.9914954900741577,
NA2_LAG50_013,NA2_LAG50,2,50,2,6,unrelated,cascade,0,0.9484857586239318,0.9736008847864694,0.9805272817611694,
NA2_LAG50_013,NA2_LAG50,2,50,3,4,unrelated,unrelated,0,0.9942862992118843,0.9933244972639057,0.9902306199073792,
NA2_LAG50_013,NA2_LAG50,2,50,3,5,unrelated,mild,0,0.9853802371959184,0.9896580426674184,0.9957305788993835,
NA2_LAG50_013,NA2_LAG50,2,50,3,6,unrelated,cascade,0,0.9487012152967091,0.9748061313836534,0.9796844124794006,
NA2_LAG50_013,NA2_LAG50,2,50,4,5,unrelated,mild,0,0.9850411093573151,0.988394635968733,0.9923579096794128,
NA2_LAG50_013,NA2_LAG50,2,50,4,6,unrelated,cascade,0,0.948219732561565,0.9731836755218078,0.9692559242248535,
NA2_LAG50_013,NA2_LAG50,2,50,5,6,mild,cascade,1,0.9800703231712876,0.9893710409130779,0.9761644005775452,True
NA2_LAG50_014,NA2_LAG50,2,50,1,2,root,unrelated,0,0.959400305196052,0.9967058996208127,0.9813541769981384,
NA2_LAG50_014,NA2_LAG50,2,50,1,3,root,mild,1,0.9522096068016034,0.990339080541618,0.9779179096221924,False
NA2_LAG50_014,NA2_LAG50,2,50,1,4,root,unrelated,0,0.9600398157271384,0.9969509211057668,0.9765390157699585,
NA2_LAG50_014,NA2_LAG50,2,50,1,5,root,cascade,1,0.9771155831166062,0.9779417710577114,0.9967095255851746,True
NA2_LAG50_014,NA2_LAG50,2,50,1,6,root,unrelated,0,0.9592950673660557,0.9961162067334287,0.9613676071166992,
NA2_LAG50_014,NA2_LAG50,2,50,2,3,unrelated,mild,0,0.9901875233076792,0.9883967012734873,0.9926431775093079,
NA2_LAG50_014,NA2_LAG50,2,50,2,4,unrelated,unrelated,0,0.9950476886784082,0.9948979471667327,0.9851692914962769,
NA2_LAG50_014,NA2_LAG50,2,50,2,5,unrelated,cascade,0,0.9495177475381814,0.975319579192661,0.9833897948265076,
NA2_LAG50_014,NA2_LAG50,2,50,2,6,unrelated,unrelated,0,0.9950562360364327,0.9950844637893935,0.9917001724243164,
NA2_LAG50_014,NA2_LAG50,2,50,3,4,mild,unrelated,0,0.9903671805574118,0.9878826486282326,0.9958667159080505,
NA2_LAG50_014,NA2_LAG50,2,50,3,5,mild,cascade,1,0.9421359441132617,0.9680967889020544,0.9784243702888489,False
NA2_LAG50_014,NA2_LAG50,2,50,3,6,mild,unrelated,0,0.9894109407988788,0.9870195602018765,0.9937763214111328,
NA2_LAG50_014,NA2_LAG50,2,50,4,5,unrelated,cascade,0,0.9503033857499511,0.9754413413107458,0.975037157535553,
NA2_LAG50_014,NA2_LAG50,2,50,4,6,unrelated,unrelated,0,0.9952418465084691,0.9948377162244637,0.9889365434646606,
NA2_LAG50_014,NA2_LAG50,2,50,5,6,cascade,unrelated,0,0.9489066184231225,0.9728231246208618,0.965606689453125,
NA2_LAG50_015,NA2_LAG50,2,50,1,2,unrelated,cascade,0,0.009479330938573099,0.5414329027661432,0.8090873956680298,
NA2_LAG50_015,NA2_LAG50,2,50,1,3,unrelated,unrelated,0,0.994904424145061,0.9949608844958421,0.9888946413993835,
NA2_LAG50_015,NA2_LAG50,2,50,1,4,unrelated,mild,0,0.9856390004847208,0.9883143854801151,0.9945093393325806,
NA2_LAG50_015,NA2_LAG50,2,50,1,5,unrelated,root,0,0.9591031145643029,0.9966942913835574,0.9879390597343445,
NA2_LAG50_015,NA2_LAG50,2,50,1,6,unrelated,unrelated,0,0.9948834017712832,0.9951876008720323,0.9957053065299988,
NA2_LAG50_015,NA2_LAG50,2,50,2,3,cascade,unrelated,0,0.00711863676542384,0.551907105613492,0.8177931904792786,
NA2_LAG50_015,NA2_LAG50,2,50,2,4,cascade,mild,1,0.12453943791364204,0.6321666959343691,0.7970367670059204,False
NA2_LAG50_015,NA2_LAG50,2,50,2,5,cascade,root,1,0.1979699800746898,0.553493188015387,0.8024090528488159,False
NA2_LAG50_015,NA2_LAG50,2,50,2,6,cascade,unrelated,0,0.00629323702230017,0.5563503268817007,0.8088433146476746,
NA2_LAG50_015,NA2_LAG50,2,50,3,4,unrelated,mild,0,0.9858934983695864,0.9895601450171274,0.9925869703292847,
NA2_LAG50_015,NA2_LAG50,2,50,3,5,unrelated,root,0,0.9571873614407069,0.9968485207621379,0.9934543967247009,
NA2_LAG50_015,NA2_LAG50,2,50,3,6,unrelated,unrelated,0,0.9950719584320459,0.9951110130037363,0.996289849281311,
NA2_LAG50_015,NA2_LAG50,2,50,4,5,mild,root,1,0.9755455283165024,0.9917395086212222,0.9948749542236328,True
NA2_LAG50_015,NA2_LAG50,2,50,4,6,mild,unrelated,0,0.9858463894896757,0.9900979092996732,0.9973463416099548,
NA2_LAG50_015,NA2_LAG50,2,50,5,6,root,unrelated,0,0.9567887550194437,0.9966640379317919,0.9954399466514587,
NA2_LAG50_016,NA2_LAG50,2,50,1,2,unrelated,unrelated,0,0.995427638674038,0.9954526679592636,0.9946396350860596,
NA2_LAG50_016,NA2_LAG50,2,50,1,3,unrelated,mild,0,0.9771442168784689,0.9790878306022331,0.9305563569068909,
NA2_LAG50_016,NA2_LAG50,2,50,1,4,unrelated,mild,0,0.8985374713696651,0.8805121899372174,0.883162260055542,
NA2_LAG50_016,NA2_LAG50,2,50,1,5,unrelated,unrelated,0,0.9946722938315019,0.9949815328685068,0.9913784861564636,
NA2_LAG50_016,NA2_LAG50,2,50,1,6,unrelated,root,0,0.552250549080707,0.1339758435509699,0.8845775127410889,
NA2_LAG50_016,NA2_LAG50,2,50,2,3,unrelated,mild,0,0.978544545853937,0.9798355947667473,0.9362165927886963,
NA2_LAG50_016,NA2_LAG50,2,50,2,4,unrelated,mild,0,0.9027099812992223,0.8843735948294883,0.8906493186950684,
NA2_LAG50_016,NA2_LAG50,2,50,2,5,unrelated,unrelated,0,0.9950964168951085,0.9948008640117492,0.994507372379303,
NA2_LAG50_016,NA2_LAG50,2,50,2,6,unrelated,root,0,0.5590961850439059,0.1290452988399044,0.8873770833015442,
NA2_LAG50_016,NA2_LAG50,2,50,3,4,mild,mild,1,0.9610795276429197,0.9437842307046709,0.9866867661476135,False
NA2_LAG50_016,NA2_LAG50,2,50,3,5,mild,unrelated,0,0.9775671592515115,0.9774771493641773,0.9334973096847534,
NA2_LAG50_016,NA2_LAG50,2,50,3,6,mild,root,1,0.6514798021909408,0.14018940045796985,0.9698489308357239,True
NA2_LAG50_016,NA2_LAG50,2,50,4,5,mild,unrelated,0,0.9022096291040037,0.8803464935125128,0.8812523484230042,
NA2_LAG50_016,NA2_LAG50,2,50,4,6,mild,root,1,0.7463632785550101,0.11895673334555185,0.9518777132034302,False
NA2_LAG50_016,NA2_LAG50,2,50,5,6,unrelated,root,0,0.562548258726092,0.1321734938573068,0.8962959051132202,
NA2_LAG50_017,NA2_LAG50,2,50,1,2,unrelated,mild,0,0.9780693944587681,0.9786549051553461,0.8969681859016418,
NA2_LAG50_017,NA2_LAG50,2,50,1,3,unrelated,cascade,0,0.00424143006825861,0.5506427601892727,0.7938496470451355,
NA2_LAG50_017,NA2_LAG50,2,50,1,4,unrelated,unrelated,0,0.9947808015965836,0.9943171012375547,0.9829220175743103,
NA2_LAG50_017,NA2_LAG50,2,50,1,5,unrelated,root,0,0.42090365014860637,0.12886383140707688,0.9284024238586426,
NA2_LAG50_017,NA2_LAG50,2,50,1,6,unrelated,unrelated,0,0.9946040148270824,0.9945505544046898,0.9869383573532104,
NA2_LAG50_017,NA2_LAG50,2,50,2,3,mild,cascade,1,0.17256100735454,0.4149759404478349,0.944014310836792,False
NA2_LAG50_017,NA2_LAG50,2,50,2,4,mild,unrelated,0,0.9787573370351061,0.9784934819734333,0.9052958488464355,
NA2_LAG50_017,NA2_LAG50,2,50,2,5,mild,root,1,0.5020640302796526,0.18901111845032365,0.8672348260879517,False
NA2_LAG50_017,NA2_LAG50,2,50,2,6,mild,unrelated,0,0.9768649981800018,0.9777940598189315,0.9089167714118958,
NA2_LAG50_017,NA2_LAG50,2,50,3,4,cascade,unrelated,0,0.005107105900563871,0.555718237804766,0.7987357974052429,
NA2_LAG50_017,NA2_LAG50,2,50,3,5,cascade,root,1,0.4208031822726538,0.10583998876953359,0.753131628036499,False
NA2_LAG50_017,NA2_LAG50,2,50,3,6,cascade,unrelated,0,0.0035733289385063752,0.5600695196455304,0.8120589852333069,
NA2_LAG50_017,NA2_LAG50,2,50,4,5,unrelated,root,0,0.4223131896016104,0.12929628306929924,0.9559774398803711,
NA2_LAG50_017,NA2_LAG50,2,50,4,6,unrelated,unrelated,0,0.9955153321693003,0.9953321019945498,0.9953020811080933,
NA2_LAG50_017,NA2_LAG50,2,50,5,6,root,unrelated,0,0.4173197602251793,0.12563134221373043,0.9348573684692383,
NA2_LAG50_018,NA2_LAG50,2,50,1,2,unrelated,cascade,0,0.9729615403640922,0.9620864611578221,0.9827980995178223,
NA2_LAG50_018,NA2_LAG50,2,50,1,3,unrelated,mild,0,0.9751153487613685,0.9747949684348357,0.8903041481971741,
NA2_LAG50_018,NA2_LAG50,2,50,1,4,unrelated,unrelated,0,0.9957297694789513,0.9957499608623188,0.9950954914093018,
NA2_LAG50_018,NA2_LAG50,2,50,1,5,unrelated,root,0,0.875206433489318,0.8151697120999059,0.9920333623886108,
NA2_LAG50_018,NA2_LAG50,2,50,1,6,unrelated,unrelated,0,0.9951548074805274,0.9955602584716569,0.9907412528991699,
NA2_LAG50_018,NA2_LAG50,2,50,2,3,cascade,mild,1,0.9627211817097479,0.9515004017806066,0.8951735496520996,False
NA2_LAG50_018,NA2_LAG50,2,50,2,4,cascade,unrelated,0,0.9749206633580598,0.9643231222092598,0.9784190058708191,
NA2_LAG50_018,NA2_LAG50,2,50,2,5,cascade,root,1,0.9497623083076101,0.9259788321703917,0.9919605851173401,True
NA2_LAG50_018,NA2_LAG50,2,50,2,6,cascade,unrelated,0,0.9732177992105507,0.9615365607249616,0.9809698462486267,
NA2_LAG50_018,NA2_LAG50,2,50,3,4,mild,unrelated,0,0.9764672479390156,0.9762523921968395,0.8811492919921875,
NA2_LAG50_018,NA2_LAG50,2,50,3,5,mild,root,1,0.8881275933582465,0.8277218071317188,0.891636312007904,False
NA2_LAG50_018,NA2_LAG50,2,50,3,6,mild,unrelated,0,0.9766763014077751,0.9752223002829098,0.8985975980758667,
NA2_LAG50_018,NA2_LAG50,2,50,4,5,unrelated,root,0,0.8785308993317575,0.8193357533000906,0.9877128601074219,
NA2_LAG50_018,NA2_LAG50,2,50,4,6,unrelated,unrelated,0,0.9950856155286892,0.9949605535049664,0.9822836518287659,
NA2_LAG50_018,NA2_LAG50,2,50,5,6,root,unrelated,0,0.876404683445804,0.8158072718684853,0.980501115322113,
NA2_LAG50_019,NA2_LAG50,2,50,1,2,unrelated,unrelated,0,0.9956895732869792,0.9954253849716604,0.9961693286895752,
NA2_LAG50_019,NA2_LAG50,2,50,1,3,unrelated,cascade,0,0.003516618385113009,0.564381350809565,0.7894964218139648,
NA2_LAG50_019,NA2_LAG50,2,50,1,4,unrelated,unrelated,0,0.9951303526731905,0.995317216354441,0.9979000091552734,
NA2_LAG50_019,NA2_LAG50,2,50,1,5,unrelated,cascade,0,0.00483008257302863,0.5613681463251575,0.7978993654251099,
NA2_LAG50_019,NA2_LAG50,2,50,1,6,unrelated,root,0,0.4193239716403047,0.12473594789598347,0.9540684819221497,
NA2_LAG50_019,NA2_LAG50,2,50,2,3,unrelated,cascade,0,0.0008142147436475967,0.560714422516713,0.7964489459991455,
NA2_LAG50_019,NA2_LAG50,2,50,2,4,unrelated,unrelated,0,0.9955573508239889,0.9952362165023199,0.9946334958076477,
NA2_LAG50_019,NA2_LAG50,2,50,2,5,unrelated,cascade,0,0.001927538273641029,0.5576847411244704,0.804873526096344,
NA2_LAG50_019,NA2_LAG50,2,50,2,6,unrelated,root,0,0.42709816297616426,0.13563189596237843,0.9706761837005615,
NA2_LAG50_019,NA2_LAG50,2,50,3,4,cascade,unrelated,0,0.0067740259387328965,0.5588021900192732,0.795884370803833,
NA2_LAG50_019,NA2_LAG50,2,50,3,5,cascade,cascade,1,0.994690068610877,0.9939560373239155,0.9979950189590454,True
NA2_LAG50_019,NA2_LAG50,2,50,3,6,cascade,root,1,0.4181610014205697,0.09376745237039433,0.7562560439109802,False
NA2_LAG50_019,NA2_LAG50,2,50,4,5,unrelated,cascade,0,0.0052755196221885015,0.5563320458567022,0.8039258718490601,
NA2_LAG50_019,NA2_LAG50,2,50,4,6,unrelated,root,0,0.43080125861103824,0.13574976756866414,0.9482893347740173,
NA2_LAG50_019,NA2_LAG50,2,50,5,6,cascade,root,1,0.4200600263663321,0.09916473078715991,0.7642965912818909,False
NA2_LAG50_020,NA2_LAG50,2,50,1,2,cascade,unrelated,0,0.5801238988795133,0.372543749648037,0.951433002948761,
NA2_LAG50_020,NA2_LAG50,2,50,1,3,cascade,unrelated,0,0.5767203584059375,0.36972550873419885,0.9437626004219055,
NA2_LAG50_020,NA2_LAG50,2,50,1,4,cascade,mild,1,0.8031365178461624,0.6930956128772742,0.929121732711792,True
NA2_LAG50_020,NA2_LAG50,2,50,1,5,cascade,root,1,0.8759740685704728,0.8152222208836467,0.9890010356903076,True
NA2_LAG50_020,NA2_LAG50,2,50,1,6,cascade,unrelated,0,0.5813469361618904,0.3740225529023982,0.9548541903495789,
NA2_LAG50_020,NA2_LAG50,2,50,2,3,unrelated,unrelated,0,0.9950140314461026,0.9950799567955869,0.998008668422699,
NA2_LAG50_020,NA2_LAG50,2,50,2,4,unrelated,mild,0,0.9440728690330414,0.9198158584929407,0.9697102904319763,
NA2_LAG50_020,NA2_LAG50,2,50,2,5,unrelated,root,0,0.4135734751025381,0.11902404436624342,0.9118425846099854,
NA2_LAG50_020,NA2_LAG50,2,50,2,6,unrelated,unrelated,0,0.9946716406094613,0.994978563872996,0.9912475943565369,
NA2_LAG50_020,NA2_LAG50,2,50,3,4,unrelated,mild,0,0.9435409412838299,0.919506405531298,0.9710072875022888,
NA2_LAG50_020,NA2_LAG50,2,50,3,5,unrelated,root,0,0.4131591449143359,0.12072790737605649,0.901225745677948,
NA2_LAG50_020,NA2_LAG50,2,50,3,6,unrelated,unrelated,0,0.9951485531146377,0.9953486386384183,0.9916734099388123,
NA2_LAG50_020,NA2_LAG50,2,50,4,5,mild,root,1,0.6346283732141961,0.42212481519182676,0.8770801424980164,True
NA2_LAG50_020,NA2_LAG50,2,50,4,6,mild,unrelated,0,0.9448491151687192,0.9206270637638613,0.9864044189453125,
NA2_LAG50_020,NA2_LAG50,2,50,5,6,root,unrelated,0,0.4136959769441345,0.11926906691088002,0.9115739464759827,
NA2_LAG50_021,NA2_LAG50,2,50,1,2,unrelated,root,0,0.9592739031759964,0.9964160724944392,0.982653021812439,
NA2_LAG50_021,NA2_LAG50,2,50,1,3,unrelated,cascade,0,0.948053144849672,0.9735593417543835,0.9786893725395203,
NA2_LAG50_021,NA2_LAG50,2,50,1,4,unrelated,cascade,0,0.9492177939237795,0.9736226779914364,0.9779863357543945,
NA2_LAG50_021,NA2_LAG50,2,50,1,5,unrelated,unrelated,0,0.9946510131848978,0.9944966554873705,0.9966464042663574,
NA2_LAG50_021,NA2_LAG50,2,50,1,6,unrelated,unrelated,0,0.9946320495052392,0.9944153581994358,0.996067464351654,
NA2_LAG50_021,NA2_LAG50,2,50,2,3,root,cascade,1,0.9760042057035431,0.9761494955483414,0.9876866936683655,True
NA2_LAG50_021,NA2_LAG50,2,50,2,4,root,cascade,1,0.9758815377585042,0.976239726468199,0.9924554824829102,True
NA2_LAG50_021,NA2_LAG50,2,50,2,5,root,unrelated,0,0.958955676970854,0.9965309157672775,0.9841437935829163,
NA2_LAG50_021,NA2_LAG50,2,50,2,6,root,unrelated,0,0.959803289768551,0.9970194855273172,0.9877609014511108,
NA2_LAG50_021,NA2_LAG50,2,50,3,4,cascade,cascade,1,0.9978864165463854,0.9983211436767941,0.9982014894485474,True
NA2_LAG50_021,NA2_LAG50,2,50,3,5,cascade,unrelated,0,0.9481748477259699,0.9744544716327042,0.9737815856933594,
NA2_LAG50_021,NA2_LAG50,2,50,3,6,cascade,unrelated,0,0.9487122686379403,0.9747616578507509,0.9765214920043945,
NA2_LAG50_021,NA2_LAG50,2,50,4,5,cascade,unrelated,0,0.9492566896552249,0.9745968006413284,0.9760362505912781,
NA2_LAG50_021,NA2_LAG50,2,50,4,6,cascade,unrelated,0,0.9494265487311293,0.9742511104635818,0.9796335101127625,
NA2_LAG50_021,NA2_LAG50,2,50,5,6,unrelated,unrelated,0,0.9953679139299023,0.9946767137293613,0.9982722401618958,
NA2_LAG50_022,NA2_LAG50,2,50,1,2,cascade,unrelated,0,0.7170048860971721,0.5547628515622107,0.820574164390564,
NA2_LAG50_022,NA2_LAG50,2,50,1,3,cascade,mild,1,0.7864822304198564,0.6217785478984648,0.8668102025985718,False
NA2_LAG50_022,NA2_LAG50,2,50,1,4,cascade,unrelated,0,0.718512825553268,0.5526463739694717,0.8202179074287415,
NA2_LAG50_022,NA2_LAG50,2,50,1,5,cascade,root,1,0.8283452656695848,0.02931720766470377,0.8086728453636169,True
NA2_LAG50_022,NA2_LAG50,2,50,1,6,cascade,unrelated,0,0.7140876623020399,0.5462225822996173,0.8233423829078674,
NA2_LAG50_022,NA2_LAG50,2,50,2,3,unrelated,mild,0,0.9464726407257777,0.9234547516396114,0.9887480139732361,
NA2_LAG50_022,NA2_LAG50,2,50,2,4,unrelated,unrelated,0,0.9950809786826843,0.9947774397722848,0.9906659126281738,
NA2_LAG50_022,NA2_LAG50,2,50,2,5,unrelated,root,0,0.5771670481710379,0.08492839177512007,0.8018385171890259,
NA2_LAG50_022,NA2_LAG50,2,50,2,6,unrelated,unrelated,0,0.9946474218429734,0.9945314457812079,0.9978504180908203,
NA2_LAG50_022,NA2_LAG50,2,50,3,4,mild,unrelated,0,0.949261560167498,0.9269429000779005,0.9844693541526794,
NA2_LAG50_022,NA2_LAG50,2,50,3,5,mild,root,1,0.6362085506544183,0.06407275531331397,0.8208779096603394,False
NA2_LAG50_022,NA2_LAG50,2,50,3,6,mild,unrelated,0,0.9465561157049043,0.9234520451750039,0.985598087310791,
NA2_LAG50_022,NA2_LAG50,2,50,4,5,unrelated,root,0,0.5792305466382042,0.08193567026878595,0.789259672164917,
NA2_LAG50_022,NA2_LAG50,2,50,4,6,unrelated,unrelated,0,0.9951148313699678,0.9952093601796735,0.9866319894790649,
NA2_LAG50_022,NA2_LAG50,2,50,5,6,root,unrelated,0,0.5755660242883094,0.0767701455879999,0.8113694190979004,
NA2_LAG50_023,NA2_LAG50,2,50,1,2,unrelated,cascade,0,0.9441603886498843,0.918404542774037,0.996245801448822,
NA2_LAG50_023,NA2_LAG50,2,50,1,3,unrelated,unrelated,0,0.9944695323620347,0.9947852608927681,0.9874688982963562,
NA2_LAG50_023,NA2_LAG50,2,50,1,4,unrelated,unrelated,0,0.9940346421621911,0.9935207967519465,0.9875545501708984,
NA2_LAG50_023,NA2_LAG50,2,50,1,5,unrelated,cascade,0,0.9482273649762173,0.9749817636595485,0.974925696849823,
NA2_LAG50_023,NA2_LAG50,2,50,1,6,unrelated,root,0,0.9582451671352331,0.996698832460142,0.9644954204559326,
NA2_LAG50_023,NA2_LAG50,2,50,2,3,cascade,unrelated,0,0.9438853717985314,0.9182408995758916,0.9845764636993408,
NA2_LAG50_023,NA2_LAG50,2,50,2,4,cascade,unrelated,0,0.9447946092894327,0.9196367561360106,0.9840377569198608,
NA2_LAG50_023,NA2_LAG50,2,50,2,5,cascade,cascade,1,0.8827081912186173,0.8929676133964125,0.9703618884086609,False
NA2_LAG50_023,NA2_LAG50,2,50,2,6,cascade,root,1,0.8988422733171394,0.9213653438037935,0.9618721008300781,False
NA2_LAG50_023,NA2_LAG50,2,50,3,4,unrelated,unrelated,0,0.9947897892700176,0.9945885608642144,0.9970160722732544,
NA2_LAG50_023,NA2_LAG50,2,50,3,5,unrelated,cascade,0,0.9500556007284019,0.9776965318701838,0.9954177737236023,
NA2_LAG50_023,NA2_LAG50,2,50,3,6,unrelated,root,0,0.9576712505687127,0.9966883244568912,0.9911651611328125,
NA2_LAG50_023,NA2_LAG50,2,50,4,5,unrelated,cascade,0,0.9503575316304369,0.9768197707341513,0.9935414791107178,
NA2_LAG50_023,NA2_LAG50,2,50,4,6,unrelated,root,0,0.959306638715989,0.9968780026699355,0.9904068112373352,
NA2_LAG50_023,NA2_LAG50,2,50,5,6,cascade,root,1,0.9781517387790438,0.9793248999299782,0.9952536821365356,True
NA2_LAG50_024,NA2_LAG50,2,50,1,2,cascade,unrelated,0,0.575981795282184,0.36912843399384426,0.983474850654602,
NA2_LAG50_024,NA2_LAG50,2,50,1,3,cascade,unrelated,0,0.5826918700027328,0.37944198217561914,0.9779467582702637,
NA2_LAG50_024,NA2_LAG50,2,50,1,4,cascade,mild,1,0.736533787403888,0.5656317496136389,0.8538788557052612,False
NA2_LAG50_024,NA2_LAG50,2,50,1,5,cascade,root,1,0.08764503085958453,0.3697984364509097,0.7577697038650513,False
NA2_LAG50_024,NA2_LAG50,2,50,1,6,cascade,unrelated,0,0.5785351626796466,0.37422680449638107,0.9784321784973145,
NA2_LAG50_024,NA2_LAG50,2,50,2,3,unrelated,unrelated,0,0.9955358417154216,0.995573418366184,0.9858161211013794,
NA2_LAG50_024,NA2_LAG50,2,50,2,4,unrelated,mild,0,0.9036628623804925,0.87956719669306,0.8841268420219421,
NA2_LAG50_024,NA2_LAG50,2,50,2,5,unrelated,root,0,0.32744476982030707,0.9950634294622445,0.7980052828788757,
NA2_LAG50_024,NA2_LAG50,2,50,2,6,unrelated,unrelated,0,0.9953002236232251,0.9955751779482139,0.9887887835502625,
NA2_LAG50_024,NA2_LAG50,2,50,3,4,unrelated,mild,0,0.90453553359545,0.8813038685088432,0.8766334652900696,
NA2_LAG50_024,NA2_LAG50,2,50,3,5,unrelated,root,0,0.3268862774085764,0.9948291286970619,0.7675914764404297,
NA2_LAG50_024,NA2_LAG50,2,50,3,6,unrelated,unrelated,0,0.9951211334660819,0.9957988096645144,0.9961816668510437,
NA2_LAG50_024,NA2_LAG50,2,50,4,5,mild,root,1,0.03491835511656468,0.877002759989889,0.9398955702781677,True
NA2_LAG50_024,NA2_LAG50,2,50,4,6,mild,unrelated,0,0.9027187773156387,0.8792274870539155,0.8832391500473022,
NA2_LAG50_024,NA2_LAG50,2,50,5,6,root,unrelated,0,0.3283889372400238,0.9953070208943026,0.7872655987739563,
NA2_LAG50_025,NA2_LAG50,2,50,1,2,root,unrelated,0,0.41305918685440174,0.11596918561609193,0.9490478038787842,
NA2_LAG50_025,NA2_LAG50,2,50,1,3,root,unrelated,0,0.41101007700116504,0.11749754478834705,0.9639859199523926,
NA2_LAG50_025,NA2_LAG50,2,50,1,4,root,cascade,1,0.872301825803675,0.8111052672553062,0.9778615236282349,True
NA2_LAG50_025,NA2_LAG50,2,50,1,5,root,unrelated,0,0.40825336539571994,0.11742022042553332,0.9644892811775208,
NA2_LAG50_025,NA2_LAG50,2,50,1,6,root,cascade,1,0.6165453911757713,0.42294078476295816,0.9099891185760498,False
NA2_LAG50_025,NA2_LAG50,2,50,2,3,unrelated,unrelated,0,0.9950495399283925,0.9945916483688569,0.9928632974624634,
NA2_LAG50_025,NA2_LAG50,2,50,2,4,unrelated,cascade,0,0.5906765704910648,0.3851946686818446,0.9293026924133301,
NA2_LAG50_025,NA2_LAG50,2,50,2,5,unrelated,unrelated,0,0.99445492826956,0.9944601226791454,0.9852942824363708,
NA2_LAG50_025,NA2_LAG50,2,50,2,6,unrelated,cascade,0,0.9365070483872837,0.9071882732432166,0.9914237260818481,
NA2_LAG50_025,NA2_LAG50,2,50,3,4,unrelated,cascade,0,0.5867836017885748,0.3816098418588435,0.946265697479248,
NA2_LAG50_025,NA2_LAG50,2,50,3,5,unrelated,unrelated,0,0.9953376523382025,0.9952964690438587,0.9931541085243225,
NA2_LAG50_025,NA2_LAG50,2,50,3,6,unrelated,cascade,0,0.9362174667688192,0.9067415501976406,0.9784157872200012,
NA2_LAG50_025,NA2_LAG50,2,50,4,5,cascade,unrelated,0,0.5849034660097443,0.382258683222418,0.9516072273254395,
NA2_LAG50_025,NA2_LAG50,2,50,4,6,cascade,cascade,1,0.7891319279102296,0.6837638870813565,0.8936595916748047,False
NA2_LAG50_025,NA2_LAG50,2,50,5,6,unrelated,cascade,0,0.9352302477682329,0.9061832410350719,0.9667144417762756,
NA2_LAG50_026,NA2_LAG50,2,50,1,2,root,unrelated,0,0.4238985250929826,0.1348091644940432,0.9628674387931824,
NA2_LAG50_026,NA2_LAG50,2,50,1,3,root,unrelated,0,0.4264130224475344,0.1408328488929092,0.9419025182723999,
NA2_LAG50_026,NA2_LAG50,2,50,1,4,root,mild,1,0.5775990347947901,0.2662284739004419,0.8304184675216675,False
NA2_LAG50_026,NA2_LAG50,2,50,1,5,root,unrelated,0,0.42114015800859667,0.12909061475304415,0.9712381958961487,
NA2_LAG50_026,NA2_LAG50,2,50,1,6,root,cascade,1,0.5962449780556194,0.2531825730724215,0.7656317353248596,False
NA2_LAG50_026,NA2_LAG50,2,50,2,3,unrelated,unrelated,0,0.9948719496082503,0.994680860427136,0.9935452342033386,
NA2_LAG50_026,NA2_LAG50,2,50,2,4,unrelated,mild,0,0.9078181471398145,0.8859769288189522,0.8879667520523071,
NA2_LAG50_026,NA2_LAG50,2,50,2,5,unrelated,unrelated,0,0.9950938512389665,0.9950081206529824,0.9958486557006836,
NA2_LAG50_026,NA2_LAG50,2,50,2,6,unrelated,cascade,0,0.7161294041023197,0.5423446016645564,0.834105372428894,
NA2_LAG50_026,NA2_LAG50,2,50,3,4,unrelated,mild,0,0.9067604606930113,0.8864655183546557,0.8854037523269653,
NA2_LAG50_026,NA2_LAG50,2,50,3,5,unrelated,unrelated,0,0.9951927300664634,0.994971225201912,0.9847085475921631,
NA2_LAG50_026,NA2_LAG50,2,50,3,6,unrelated,cascade,0,0.7129985023853092,0.5396597923326517,0.8436270952224731,
NA2_LAG50_026,NA2_LAG50,2,50,4,5,mild,unrelated,0,0.9048873493378953,0.8795219715381453,0.887250542640686,
NA2_LAG50_026,NA2_LAG50,2,50,4,6,mild,cascade,1,0.9126437328178154,0.8014171287662046,0.9690845608711243,False
NA2_LAG50_026,NA2_LAG50,2,50,5,6,unrelated,cascade,0,0.7138041703784901,0.5337773852504236,0.8316500782966614,
NA2_LAG50_027,NA2_LAG50,2,50,1,2,cascade,cascade,1,0.4753272947339846,0.36278586275385666,0.830459713935852,False
NA2_LAG50_027,NA2_LAG50,2,50,1,3,cascade,unrelated,0,0.9490558526126092,0.9737730154284474,0.9711666703224182,
NA2_LAG50_027,NA2_LAG50,2,50,1,4,cascade,root,1,0.5275811822250827,0.9753902876655789,0.79048091173172,False
NA2_LAG50_027,NA2_LAG50,2,50,1,5,cascade,unrelated,0,0.9515624197200908,0.9769691236991502,0.991192102432251,
NA2_LAG50_027,NA2_LAG50,2,50,1,6,cascade,unrelated,0,0.9486098501912607,0.9737232224043093,0.9828757643699646,
NA2_LAG50_027,NA2_LAG50,2,50,2,3,cascade,unrelated,0,0.7177209233556328,0.5483915351217504,0.8339276909828186,
NA2_LAG50_027,NA2_LAG50,2,50,2,4,cascade,root,1,0.23488239197576039,0.5424649602443222,0.9678624272346497,False
NA2_LAG50_027,NA2_LAG50,2,50,2,5,cascade,unrelated,0,0.7116768331452347,0.5372066318315641,0.8329559564590454,
NA2_LAG50_027,NA2_LAG50,2,50,2,6,cascade,unrelated,0,0.7179036315539647,0.5487051816942716,0.8474175930023193,
NA2_LAG50_027,NA2_LAG50,2,50,3,4,unrelated,root,0,0.33359354865812146,0.9954941506753989,0.7912920117378235,
NA2_LAG50_027,NA2_LAG50,2,50,3,5,unrelated,unrelated,0,0.9949431465436007,0.9950926143845003,0.9884844422340393,
NA2_LAG50_027,NA2_LAG50,2,50,3,6,unrelated,unrelated,0,0.9946696969810405,0.9944647849649642,0.9889411926269531,
NA2_LAG50_027,NA2_LAG50,2,50,4,5,root,unrelated,0,0.33473607355313717,0.9949881229378201,0.7856267690658569,
NA2_LAG50_027,NA2_LAG50,2,50,4,6,root,unrelated,0,0.3330950072965528,0.9950864562599301,0.7948084473609924,
NA2_LAG50_027,NA2_LAG50,2,50,5,6,unrelated,unrelated,0,0.9947238636620732,0.9947066088453184,0.9912991523742676,
NA2_LAG50_028,NA2_LAG50,2,50,1,2,cascade,unrelated,0,0.9708694541978252,0.9590251001771606,0.9825580716133118,
NA2_LAG50_028,NA2_LAG50,2,50,1,3,cascade,unrelated,0,0.9740154021323272,0.9635906488342328,0.9929073452949524,
NA2_LAG50_028,NA2_LAG50,2,50,1,4,cascade,root,1,0.9206655767881814,0.882353984210199,0.9946209788322449,True
NA2_LAG50_028,NA2_LAG50,2,50,1,5,cascade,unrelated,0,0.9699707344834587,0.9573779749168795,0.9900820255279541,
NA2_LAG50_028,NA2_LAG50,2,50,1,6,cascade,cascade,1,0.9890564771199063,0.9860399047209769,0.9963275790214539,True
NA2_LAG50_028,NA2_LAG50,2,50,2,3,unrelated,unrelated,0,0.9949497346809886,0.9947370506945958,0.9847105145454407,
NA2_LAG50_028,NA2_LAG50,2,50,2,4,unrelated,root,0,0.8261417593630278,0.7394351851337785,0.9821072816848755,
NA2_LAG50_028,NA2_LAG50,2,50,2,5,unrelated,unrelated,0,0.99478041243805,0.9948404211121277,0.9964636564254761,
NA2_LAG50_028,NA2_LAG50,2,50,2,6,unrelated,cascade,0,0.9407840436124224,0.9135254423872328,0.973984956741333,
NA2_LAG50_028,NA2_LAG50,2,50,3,4,unrelated,root,0,0.8334925655280027,0.7490677596723531,0.9947190284729004,
NA2_LAG50_028,NA2_LAG50,2,50,3,5,unrelated,unrelated,0,0.9948463458620064,0.9948852205296634,0.9938129186630249,
NA2_LAG50_028,NA2_LAG50,2,50,3,6,unrelated,cascade,0,0.9454502387105473,0.9202551777577487,0.9916719794273376,
NA2_LAG50_028,NA2_LAG50,2,50,4,5,root,unrelated,0,0.8240073447355288,0.7352868055116487,0.9909697771072388,
NA2_LAG50_028,NA2_LAG50,2,50,4,6,root,cascade,1,0.9541058552341362,0.932216742058285,0.9943021535873413,True
NA2_LAG50_028,NA2_LAG50,2,50,5,6,unrelated,cascade,0,0.9388025380154948,0.9100389917108693,0.9846640825271606,
NA2_LAG50_029,NA2_LAG50,2,50,1,2,mild,unrelated,0,0.9915031196644349,0.9901337029411416,0.9957869052886963,
NA2_LAG50_029,NA2_LAG50,2,50,1,3,mild,unrelated,0,0.992389447291372,0.9909300350376476,0.9874007105827332,
NA2_LAG50_029,NA2_LAG50,2,50,1,4,mild,unrelated,0,0.9925801080431007,0.9913824726684267,0.9906075596809387,
NA2_LAG50_029,NA2_LAG50,2,50,1,5,mild,cascade,1,0.6415909036705515,0.4613121051272222,0.9660197496414185,False
NA2_LAG50_029,NA2_LAG50,2,50,1,6,mild,root,1,0.9156907843060881,0.8755401194002945,0.9950279593467712,True
NA2_LAG50_029,NA2_LAG50,2,50,2,3,unrelated,unrelated,0,0.9953668393828201,0.9954690194653617,0.9951887726783752,
NA2_LAG50_029,NA2_LAG50,2,50,2,4,unrelated,unrelated,0,0.9956666045714655,0.9953191492141054,0.9908542633056641,
NA2_LAG50_029,NA2_LAG50,2,50,2,5,unrelated,cascade,0,0.5830318285627677,0.3791229225517914,0.9467177391052246,
NA2_LAG50_029,NA2_LAG50,2,50,2,6,unrelated,root,0,0.8811722297580205,0.8235801843514392,0.9971195459365845,
NA2_LAG50_029,NA2_LAG50,2,50,3,4,unrelated,unrelated,0,0.9949739070293437,0.9948148467167844,0.9913909435272217,
NA2_LAG50_029,NA2_LAG50,2,50,3,5,unrelated,cascade,0,0.5933526325295074,0.39155628745136606,0.9269008636474609,
NA2_LAG50_029,NA2_LAG50,2,50,3,6,unrelated,root,0,0.8865185991636257,0.8306657095729973,0.9937638640403748,
NA2_LAG50_029,NA2_LAG50,2,50,4,5,unrelated,cascade,0,0.594146559010823,0.39362172403635115,0.9542405605316162,
NA2_LAG50_029,NA2_LAG50,2,50,4,6,unrelated,root,0,0.8877151061190989,0.8327863420865216,0.9927820563316345,
NA2_LAG50_029,NA2_LAG50,2,50,5,6,cascade,root,1,0.8606060934646755,0.7921077190414781,0.9515870213508606,False
NA3_LAG10_000,NA3_LAG10,3,10,1,2,cascade,unrelated,0,0.45949697237911424,0.04507335184438856,0.8809685111045837,
NA3_LAG10_000,NA3_LAG10,3,10,1,3,cascade,mild,1,0.6857119263800872,0.020460184805682447,0.8543956875801086,True
NA3_LAG10_000,NA3_LAG10,3,10,1,4,cascade,root,1,0.8212373941984152,0.11398984015772785,0.8561487793922424,True
NA3_LAG10_000,NA3_LAG10,3,10,1,5,cascade,mild,1,0.7123621593924762,0.07987646395248295,0.7760387659072876,False
NA3_LAG10_000,NA3_LAG10,3,10,1,6,cascade,unrelated,0,0.46340853815819727,0.045287185718460354,0.8502048850059509,
NA3_LAG10_000,NA3_LAG10,3,10,2,3,unrelated,mild,0,0.9549048922544585,0.9897798073654202,0.9748674631118774,
NA3_LAG10_000,NA3_LAG10,3,10,2,4,unrelated,root,0,0.5667275571277874,0.007985797153029047,0.8602687120437622,
NA3_LAG10_000,NA3_LAG10,3,10,2,5,unrelated,mild,0,0.8797304126341724,0.9083137688246653,0.8771936893463135,
NA3_LAG10_000,NA3_LAG10,3,10,2,6,unrelated,unrelated,0,0.9947446296001038,0.9946881628335476,0.9767308831214905,
NA3_LAG10_000,NA3_LAG10,3,10,3,4,mild,root,1,0.7121720518154456,0.00938458628235398,0.8309608697891235,True
NA3_LAG10_000,NA3_LAG10,3,10,3,5,mild,mild,1,0.9432244549869767,0.9175126007244541,0.8921306133270264,False
NA3_LAG10_000,NA3_LAG10,3,10,3,6,mild,unrelated,0,0.9557638084124684,0.989352534814253,0.9967243075370789,
NA3_LAG10_000,NA3_LAG10,3,10,4,5,root,mild,1,0.8332322765604209,0.016030325503188503,0.9243417382240295,False
NA3_LAG10_000,NA3_LAG10,3,10,4,6,root,unrelated,0,0.5666874448822204,0.008406699359836439,0.8269594311714172,
NA3_LAG10_000,NA3_LAG10,3,10,5,6,mild,unrelated,0,0.8810426438597674,0.9109976068220882,0.8920518159866333,
NA3_LAG10_001,NA3_LAG10,3,10,1,2,unrelated,root,0,0.960405032814492,0.9971444042632035,0.9818087816238403,
NA3_LAG10_001,NA3_LAG10,3,10,1,3,unrelated,cascade,0,0.45350326109224137,0.17739049465572712,0.9538053870201111,
NA3_LAG10_001,NA3_LAG10,3,10,1,4,unrelated,mild,0,0.9875476614771694,0.9941816553964787,0.9974170327186584,
NA3_LAG10_001,NA3_LAG10,3,10,1,5,unrelated,mild,0,0.9871315597024591,0.9946275159809816,0.9924783110618591,
NA3_LAG10_001,NA3_LAG10,3,10,1,6,unrelated,unrelated,0,0.9952888502786733,0.9953707299079557,0.9932151436805725,
NA3_LAG10_001,NA3_LAG10,3,10,2,3,root,cascade,1,0.337175272660414,0.18416610253114538,0.9475306868553162,False
NA3_LAG10_001,NA3_LAG10,3,10,2,4,root,mild,1,0.9835628351492094,0.9955624047132419,0.9777603149414062,True
NA3_LAG10_001,NA3_LAG10,3,10,2,5,root,mild,1,0.9842298404860136,0.9957067760526401,0.9818843603134155,True
NA3_LAG10_001,NA3_LAG10,3,10,2,6,root,unrelated,0,0.9601502163814366,0.9971154376967256,0.9744934439659119,
NA3_LAG10_001,NA3_LAG10,3,10,3,4,cascade,mild,1,0.3910036445873323,0.15855391516209913,0.9609460830688477,False
NA3_LAG10_001,NA3_LAG10,3,10,3,5,cascade,mild,1,0.3903297794568878,0.15988935208165952,0.9759396910667419,False
NA3_LAG10_001,NA3_LAG10,3,10,3,6,cascade,unrelated,0,0.4541674634715818,0.17646010068960713,0.9726581573486328,
NA3_LAG10_001,NA3_LAG10,3,10,4,5,mild,mild,1,0.9969415830908858,0.9973261546995967,0.9931644201278687,True
NA3_LAG10_001,NA3_LAG10,3,10,4,6,mild,unrelated,0,0.986840440830934,0.9929855013981373,0.9958058595657349,
NA3_LAG10_001,NA3_LAG10,3,10,5,6,mild,unrelated,0,0.9866938210839197,0.9934420312750015,0.9938423037528992,
NA3_LAG10_002,NA3_LAG10,3,10,1,2,cascade,mild,1,0.7159747306603155,0.10991085560716596,0.9632572531700134,False
NA3_LAG10_002,NA3_LAG10,3,10,1,3,cascade,unrelated,0,0.4568557899124966,0.09127029673617001,0.7981336712837219,
NA3_LAG10_002,NA3_LAG10,3,10,1,4,cascade,root,1,0.8103850700323615,0.03088865922544367,0.8038153052330017,True
NA3_LAG10_002,NA3_LAG10,3,10,1,5,cascade,unrelated,0,0.46154186581865,0.08969302533435229,0.8336995840072632,
NA3_LAG10_002,NA3_LAG10,3,10,1,6,cascade,mild,1,0.4838647748015996,0.08818968737042882,0.8280982375144958,False
NA3_LAG10_002,NA3_LAG10,3,10,2,3,mild,unrelated,0,0.8769460824793823,0.9010374882122865,0.8756901621818542,
NA3_LAG10_002,NA3_LAG10,3,10,2,4,mild,root,1,0.8299782634187283,0.02777134480851982,0.8452058434486389,False
NA3_LAG10_002,NA3_LAG10,3,10,2,5,mild,unrelated,0,0.8819915604863078,0.9050921725349586,0.892082154750824,
NA3_LAG10_002,NA3_LAG10,3,10,2,6,mild,mild,1,0.886002832811796,0.8956394245084818,0.886378824710846,False
NA3_LAG10_002,NA3_LAG10,3,10,3,4,unrelated,root,0,0.567193216956992,0.00729855011880524,0.9095356464385986,
NA3_LAG10_002,NA3_LAG10,3,10,3,5,unrelated,unrelated,0,0.9947225645260528,0.9946029728170982,0.9893063306808472,
NA3_LAG10_002,NA3_LAG10,3,10,3,6,unrelated,mild,0,0.9753328574559245,0.9662532175242797,0.9861366748809814,
NA3_LAG10_002,NA3_LAG10,3,10,4,5,root,unrelated,0,0.5736688368464463,0.013316683914066018,0.9316495060920715,
NA3_LAG10_002,NA3_LAG10,3,10,4,6,root,mild,1,0.5903317628981964,0.005600517836343631,0.944388210773468,False
NA3_LAG10_002,NA3_LAG10,3,10,5,6,unrelated,mild,0,0.9773737880300515,0.9682493411382126,0.9954968690872192,
NA3_LAG10_003,NA3_LAG10,3,10,1,2,cascade,unrelated,0,0.4670961648502333,0.0354691589831738,0.8722292184829712,
NA3_LAG10_003,NA3_LAG10,3,10,1,3,cascade,mild,1,0.4889263644862656,0.026886688755678068,0.8707557916641235,False
NA3_LAG10_003,NA3_LAG10,3,10,1,4,cascade,unrelated,0,0.4634283001758055,0.031002957776137516,0.893486499786377,
NA3_LAG10_003,NA3_LAG10,3,10,1,5,cascade,mild,1,0.6788214448907476,0.023498394577042298,0.8902112245559692,True
NA3_LAG10_003,NA3_LAG10,3,10,1,6,cascade,root,1,0.48210889093494513,0.03626193886224532,0.8857808113098145,False
NA3_LAG10_003,NA3_LAG10,3,10,2,3,unrelated,mild,0,0.9789142552680674,0.9704683340491411,0.9949694871902466,
NA3_LAG10_003,NA3_LAG10,3,10,2,4,unrelated,unrelated,0,0.996043744862805,0.996305629587651,0.9950582981109619,
NA3_LAG10_003,NA3_LAG10,3,10,2,5,unrelated,mild,0,0.9590324920828657,0.9893873417268393,0.9947773814201355,
NA3_LAG10_003,NA3_LAG10,3,10,2,6,unrelated,root,0,0.8749375990090081,0.8133462861512941,0.9924712777137756,
NA3_LAG10_003,NA3_LAG10,3,10,3,4,mild,unrelated,0,0.9783787935422068,0.9702422881689732,0.9952947497367859,
NA3_LAG10_003,NA3_LAG10,3,10,3,5,mild,mild,1,0.9520264100372258,0.9652901033981689,0.9957274794578552,False
NA3_LAG10_003,NA3_LAG10,3,10,3,6,mild,root,1,0.9462080133251204,0.9201628075281381,0.996168315410614,True
NA3_LAG10_003,NA3_LAG10,3,10,4,5,unrelated,mild,0,0.9584500011462416,0.9903875692788544,0.9978479743003845,
NA3_LAG10_003,NA3_LAG10,3,10,4,6,unrelated,root,0,0.8725638095206197,0.8113216097102559,0.9954157471656799,
NA3_LAG10_003,NA3_LAG10,3,10,5,6,mild,root,1,0.8641416683207552,0.8085591606934966,0.9948394298553467,False
NA3_LAG10_004,NA3_LAG10,3,10,1,2,cascade,unrelated,0,0.9516737261566325,0.9299563095374743,0.9921308159828186,
NA3_LAG10_004,NA3_LAG10,3,10,1,3,cascade,cascade,1,0.6463929535789643,0.46213799433286057,0.9745393395423889,False
NA3_LAG10_004,NA3_LAG10,3,10,1,4,cascade,unrelated,0,0.9495171332177996,0.9266110429296068,0.996131181716919,
NA3_LAG10_004,NA3_LAG10,3,10,1,5,cascade,cascade,1,0.9949049608185265,0.9949077428011744,0.9873009920120239,True
NA3_LAG10_004,NA3_LAG10,3,10,1,6,cascade,root,1,0.9697112591270856,0.9569329469468767,0.9887354373931885,True
NA3_LAG10_004,NA3_LAG10,3,10,2,3,unrelated,cascade,0,0.448846411429708,0.1685965963274724,0.9685491919517517,
NA3_LAG10_004,NA3_LAG10,3,10,2,4,unrelated,unrelated,0,0.9952384854862314,0.9950561677587112,0.9972390532493591,
NA3_LAG10_004,NA3_LAG10,3,10,2,5,unrelated,cascade,0,0.9469601936393756,0.9223598659152833,0.9811323285102844,
NA3_LAG10_004,NA3_LAG10,3,10,2,6,unrelated,root,0,0.866876233203526,0.8018626761787289,0.9856162667274475,
NA3_LAG10_004,NA3_LAG10,3,10,3,4,cascade,unrelated,0,0.4427954306171625,0.16114775274286564,0.9689726233482361,
NA3_LAG10_004,NA3_LAG10,3,10,3,5,cascade,cascade,1,0.6564886656308545,0.47640679439801764,0.9371298551559448,False
NA3_LAG10_004,NA3_LAG10,3,10,3,6,cascade,root,1,0.7776281697048035,0.6631411388199583,0.9437230825424194,False
NA3_LAG10_004,NA3_LAG10,3,10,4,5,unrelated,cascade,0,0.9454358324208374,0.9200481588155794,0.9875088930130005,
NA3_LAG10_004,NA3_LAG10,3,10,4,6,unrelated,root,0,0.8630829541232149,0.796663739798852,0.9900438785552979,
NA3_LAG10_004,NA3_LAG10,3,10,5,6,cascade,root,1,0.9743310398324636,0.9632304791480283,0.9973472952842712,True
NA3_LAG10_005,NA3_LAG10,3,10,1,2,unrelated,cascade,0,0.9098642082803845,0.8665142442668433,0.9748252630233765,
NA3_LAG10_005,NA3_LAG10,3,10,1,3,unrelated,mild,0,0.9327693777753303,0.9043265530267233,0.9595094919204712,
NA3_LAG10_005,NA3_LAG10,3,10,1,4,unrelated,cascade,0,0.46791301908955074,0.034797528368107546,0.8509801626205444,
NA3_LAG10_005,NA3_LAG10,3,10,1,5,unrelated,unrelated,0,0.9937937764514928,0.9937249144683862,0.9946000576019287,
NA3_LAG10_005,NA3_LAG10,3,10,1,6,unrelated,root,0,0.9422769315587791,0.9152542361234844,0.9648275971412659,
NA3_LAG10_005,NA3_LAG10,3,10,2,3,cascade,mild,1,0.9732327692952839,0.9675638868520104,0.9816831350326538,False
NA3_LAG10_005,NA3_LAG10,3,10,2,4,cascade,cascade,1,0.4873938169506412,0.041405069905103786,0.8285544514656067,False
NA3_LAG10_005,NA3_LAG10,3,10,2,5,cascade,unrelated,0,0.9038398774895241,0.8558464928409273,0.9690513014793396,
NA3_LAG10_005,NA3_LAG10,3,10,2,6,cascade,root,1,0.9908315607731512,0.9887825526096066,0.9958498477935791,True
NA3_LAG10_005,NA3_LAG10,3,10,3,4,mild,cascade,1,0.5546138358029371,0.056343923446534834,0.8776733875274658,False
NA3_LAG10_005,NA3_LAG10,3,10,3,5,mild,unrelated,0,0.9295672024845417,0.8965203272800506,0.9647185802459717,
NA3_LAG10_005,NA3_LAG10,3,10,3,6,mild,root,1,0.9776341977796558,0.9757797404491642,0.9725435972213745,False
NA3_LAG10_005,NA3_LAG10,3,10,4,5,cascade,unrelated,0,0.47570259817367994,0.03419884633360454,0.8670797348022461,
NA3_LAG10_005,NA3_LAG10,3,10,4,6,cascade,root,1,0.47966379064369513,0.051374056348011087,0.8008676767349243,False
NA3_LAG10_005,NA3_LAG10,3,10,5,6,unrelated,root,0,0.9365346435041458,0.9062434453304177,0.9565284252166748,
NA3_LAG10_006,NA3_LAG10,3,10,1,2,unrelated,mild,0,0.8767404637568172,0.8996967484006237,0.8960195779800415,
NA3_LAG10_006,NA3_LAG10,3,10,1,3,unrelated,root,0,0.9582669488546842,0.9962953787482203,0.9792176485061646,
NA3_LAG10_006,NA3_LAG10,3,10,1,4,unrelated,cascade,0,0.9325531703775778,0.9003639163052924,0.9933103919029236,
NA3_LAG10_006,NA3_LAG10,3,10,1,5,unrelated,mild,0,0.9312321580458188,0.9001649404249594,0.9877187013626099,
NA3_LAG10_006,NA3_LAG10,3,10,1,6,unrelated,unrelated,0,0.9938666355808099,0.9933676692509424,0.995184600353241,
NA3_LAG10_006,NA3_LAG10,3,10,2,3,mild,root,1,0.7326023925291378,0.9000117975506974,0.8859280943870544,False
NA3_LAG10_006,NA3_LAG10,3,10,2,4,mild,cascade,1,0.8558567227959617,0.841038195500634,0.8926506638526917,False
NA3_LAG10_006,NA3_LAG10,3,10,2,5,mild,mild,1,0.9089423546446119,0.8814401768815092,0.9447458982467651,False
NA3_LAG10_006,NA3_LAG10,3,10,2,6,mild,unrelated,0,0.87302636778096,0.8952053748826072,0.8908973932266235,
NA3_LAG10_006,NA3_LAG10,3,10,3,4,root,cascade,1,0.88390569955313,0.9021053145471605,0.9668585658073425,False
NA3_LAG10_006,NA3_LAG10,3,10,3,5,root,mild,1,0.8559505026966975,0.9006769920643114,0.9720195531845093,False
NA3_LAG10_006,NA3_LAG10,3,10,3,6,root,unrelated,0,0.9593893689825875,0.996724592794834,0.9833441376686096,
NA3_LAG10_006,NA3_LAG10,3,10,4,5,cascade,mild,1,0.9775796768303265,0.9738970328376655,0.9867722392082214,False
NA3_LAG10_006,NA3_LAG10,3,10,4,6,cascade,unrelated,0,0.9327728696692558,0.9010184510735424,0.9939730167388916,
NA3_LAG10_006,NA3_LAG10,3,10,5,6,mild,unrelated,0,0.9297892309069915,0.8989229118504848,0.9859066009521484,
NA3_LAG10_007,NA3_LAG10,3,10,1,2,mild,unrelated,0,0.956649757687611,0.9886906209678491,0.991901159286499,
NA3_LAG10_007,NA3_LAG10,3,10,1,3,mild,mild,1,0.9219461159105522,0.9861475980022496,0.9877039194107056,False
NA3_LAG10_007,NA3_LAG10,3,10,1,4,mild,mild,1,0.920454867332171,0.9844606212457632,0.9969006776809692,False
NA3_LAG10_007,NA3_LAG10,3,10,1,5,mild,unrelated,0,0.9556800652332763,0.9892379514767247,0.9924077987670898,
NA3_LAG10_007,NA3_LAG10,3,10,1,6,mild,root,1,0.7029852324628242,0.06843061095481523,0.9252453446388245,True
NA3_LAG10_007,NA3_LAG10,3,10,2,3,unrelated,mild,0,0.9872674527448154,0.9946391626223662,0.9910469651222229,
NA3_LAG10_007,NA3_LAG10,3,10,2,4,unrelated,mild,0,0.9863962291068581,0.9935182573837673,0.9948180913925171,
NA3_LAG10_007,NA3_LAG10,3,10,2,5,unrelated,unrelated,0,0.9947717889194551,0.9946468693373668,0.9947804808616638,
NA3_LAG10_007,NA3_LAG10,3,10,2,6,unrelated,root,0,0.567700609824721,0.06715571093770127,0.9001520872116089,
NA3_LAG10_007,NA3_LAG10,3,10,3,4,mild,mild,1,0.9964855308608682,0.9970173866140511,0.993949830532074,True
NA3_LAG10_007,NA3_LAG10,3,10,3,5,mild,unrelated,0,0.9872978103131191,0.9935641179162371,0.9816123843193054,
NA3_LAG10_007,NA3_LAG10,3,10,3,6,mild,root,1,0.46690702560710584,0.06053834408688679,0.8831190466880798,False
NA3_LAG10_007,NA3_LAG10,3,10,4,5,mild,unrelated,0,0.9866286803199025,0.9933022968186352,0.9923785328865051,
NA3_LAG10_007,NA3_LAG10,3,10,4,6,mild,root,1,0.4670532021628748,0.0634092211503947,0.9113388061523438,False
NA3_LAG10_007,NA3_LAG10,3,10,5,6,unrelated,root,0,0.5653686386634416,0.06789516465803866,0.9200382828712463,
NA3_LAG10_008,NA3_LAG10,3,10,1,2,root,cascade,1,0.9763437693496406,0.967127829185141,0.9974797964096069,True
NA3_LAG10_008,NA3_LAG10,3,10,1,3,root,mild,1,0.30076629016588624,0.9779598792703612,0.7929522395133972,False
NA3_LAG10_008,NA3_LAG10,3,10,1,4,root,unrelated,0,0.325525410770222,0.9960190059240586,0.7889741063117981,
NA3_LAG10_008,NA3_LAG10,3,10,1,5,root,unrelated,0,0.3314460936303838,0.9953274347483408,0.8127041459083557,
NA3_LAG10_008,NA3_LAG10,3,10,1,6,root,mild,1,0.4299754730939297,0.993568711449695,0.7883790135383606,False
NA3_LAG10_008,NA3_LAG10,3,10,2,3,cascade,mild,1,0.28503894591126383,0.9499613629813237,0.7935280203819275,False
NA3_LAG10_008,NA3_LAG10,3,10,2,4,cascade,unrelated,0,0.30997466086102415,0.9681632866646198,0.7900266051292419,
NA3_LAG10_008,NA3_LAG10,3,10,2,5,cascade,unrelated,0,0.31648657161444876,0.9694774962419475,0.8145614862442017,
NA3_LAG10_008,NA3_LAG10,3,10,2,6,cascade,mild,1,0.4164157370484238,0.970605042839714,0.7898221611976624,False
NA3_LAG10_008,NA3_LAG10,3,10,3,4,mild,unrelated,0,0.9849532640384119,0.9792408598841305,0.9967741370201111,
NA3_LAG10_008,NA3_LAG10,3,10,3,5,mild,unrelated,0,0.9837580019302143,0.9782436799046399,0.9849845767021179,
NA3_LAG10_008,NA3_LAG10,3,10,3,6,mild,mild,1,0.9740875858359141,0.9771174518249272,0.9902510046958923,False
NA3_LAG10_008,NA3_LAG10,3,10,4,5,unrelated,unrelated,0,0.9950246242072134,0.9953402645161249,0.985427975654602,
NA3_LAG10_008,NA3_LAG10,3,10,4,6,unrelated,mild,0,0.9870995855436498,0.9935795900040887,0.9907580018043518,
NA3_LAG10_008,NA3_LAG10,3,10,5,6,unrelated,mild,0,0.9881885833645,0.9942084036991632,0.9916142225265503,
NA3_LAG10_009,NA3_LAG10,3,10,1,2,unrelated,root,0,0.33484967959545964,0.9940658610425567,0.7810305953025818,
NA3_LAG10_009,NA3_LAG10,3,10,1,3,unrelated,cascade,0,0.9583809714682308,0.9949023440752596,0.9829210042953491,
NA3_LAG10_009,NA3_LAG10,3,10,1,4,unrelated,unrelated,0,0.9946614806752668,0.9947316540614416,0.9881394505500793,
NA3_LAG10_009,NA3_LAG10,3,10,1,5,unrelated,cascade,0,0.45876021482822416,0.08434201222580881,0.8240743279457092,
NA3_LAG10_009,NA3_LAG10,3,10,1,6,unrelated,mild,0,0.8759613673045098,0.8999701916529683,0.8889796137809753,
NA3_LAG10_009,NA3_LAG10,3,10,2,3,root,cascade,1,0.5741024401896565,0.9949594725619889,0.7838022708892822,False
NA3_LAG10_009,NA3_LAG10,3,10,2,4,root,unrelated,0,0.34010319409481665,0.9952331478281885,0.7974417209625244,
NA3_LAG10_009,NA3_LAG10,3,10,2,5,root,cascade,1,0.4805312498430769,0.09058781788250213,0.7505029439926147,False
NA3_LAG10_009,NA3_LAG10,3,10,2,6,root,mild,1,0.08649780181368995,0.8977819682999425,0.9500529766082764,True
NA3_LAG10_009,NA3_LAG10,3,10,3,4,cascade,unrelated,0,0.9598736016493226,0.9951759500174893,0.9964978694915771,
NA3_LAG10_009,NA3_LAG10,3,10,3,5,cascade,cascade,1,0.2641687131257208,0.06572359063868209,0.874662458896637,False
NA3_LAG10_009,NA3_LAG10,3,10,3,6,cascade,mild,1,0.7327781501171701,0.8941364104431861,0.8953110575675964,False
NA3_LAG10_009,NA3_LAG10,3,10,4,5,unrelated,cascade,0,0.46220585865925484,0.08059240427658827,0.8756770491600037,
NA3_LAG10_009,NA3_LAG10,3,10,4,6,unrelated,mild,0,0.8742414843579207,0.8977203806023216,0.9044867157936096,
NA3_LAG10_009,NA3_LAG10,3,10,5,6,cascade,mild,1,0.7204995002173387,0.10632043774857222,0.8244315981864929,False
NA3_LAG10_010,NA3_LAG10,3,10,1,2,unrelated,root,0,0.4245793525386314,0.1322916526089904,0.9012320041656494,
NA3_LAG10_010,NA3_LAG10,3,10,1,3,unrelated,cascade,0,0.4528462753342508,0.17202718154746235,0.9309566617012024,
NA3_LAG10_010,NA3_LAG10,3,10,1,4,unrelated,mild,0,0.8791208585269306,0.9063351810633808,0.8776549696922302,
NA3_LAG10_010,NA3_LAG10,3,10,1,5,unrelated,unrelated,0,0.9949258213636367,0.9946850172993077,0.9959856271743774,
NA3_LAG10_010,NA3_LAG10,3,10,1,6,unrelated,cascade,0,0.9561880279771047,0.9953845998944181,0.984017014503479,
NA3_LAG10_010,NA3_LAG10,3,10,2,3,root,cascade,1,0.9876061814655733,0.9840178049640259,0.9886727333068848,True
NA3_LAG10_010,NA3_LAG10,3,10,2,4,root,mild,1,0.600363096629343,0.24978877487911513,0.7995842695236206,False
NA3_LAG10_010,NA3_LAG10,3,10,2,5,root,unrelated,0,0.42173965760821336,0.12939108645670558,0.9116018414497375,
NA3_LAG10_010,NA3_LAG10,3,10,2,6,root,cascade,1,0.2821010831752936,0.11577021333608525,0.9050381183624268,False
NA3_LAG10_010,NA3_LAG10,3,10,3,4,cascade,mild,1,0.6203458107427257,0.28567600206689603,0.8535492420196533,False
NA3_LAG10_010,NA3_LAG10,3,10,3,5,cascade,unrelated,0,0.44905303401599506,0.16767180456297415,0.9417129158973694,
NA3_LAG10_010,NA3_LAG10,3,10,3,6,cascade,cascade,1,0.3160387316207517,0.15921724415438157,0.9254608750343323,False
NA3_LAG10_010,NA3_LAG10,3,10,4,5,mild,unrelated,0,0.8782384548896152,0.9061554481711782,0.874326229095459,
NA3_LAG10_010,NA3_LAG10,3,10,4,6,mild,cascade,1,0.728211233014554,0.8983835368392609,0.8616693019866943,False
NA3_LAG10_010,NA3_LAG10,3,10,5,6,unrelated,cascade,0,0.956600286264229,0.9945016912511772,0.9791736006736755,
NA3_LAG10_011,NA3_LAG10,3,10,1,2,cascade,unrelated,0,0.31379429026843786,0.9696604250455217,0.7976514101028442,
NA3_LAG10_011,NA3_LAG10,3,10,1,3,cascade,mild,1,0.14959335881337876,0.8750542230193831,0.906446635723114,False
NA3_LAG10_011,NA3_LAG10,3,10,1,4,cascade,cascade,1,0.24089319286274544,0.13702152538739099,0.757192075252533,False
NA3_LAG10_011,NA3_LAG10,3,10,1,5,cascade,unrelated,0,0.31131085126826835,0.9694885792720872,0.7861104607582092,
NA3_LAG10_011,NA3_LAG10,3,10,1,6,cascade,root,1,0.2676642121818822,0.10089225544139518,0.7707550525665283,False
NA3_LAG10_011,NA3_LAG10,3,10,2,3,unrelated,mild,0,0.9329941778300215,0.903497341499142,0.9573682546615601,
NA3_LAG10_011,NA3_LAG10,3,10,2,4,unrelated,cascade,0,0.4375248797633857,0.15605905113451188,0.9410537481307983,
NA3_LAG10_011,NA3_LAG10,3,10,2,5,unrelated,unrelated,0,0.9952769971238035,0.9950647514905931,0.9955748319625854,
NA3_LAG10_011,NA3_LAG10,3,10,2,6,unrelated,root,0,0.4249131798250954,0.13318310553717874,0.9289600253105164,
NA3_LAG10_011,NA3_LAG10,3,10,3,4,mild,cascade,1,0.718860054619319,0.5498819320410056,0.9243677258491516,True
NA3_LAG10_011,NA3_LAG10,3,10,3,5,mild,unrelated,0,0.9313910221167904,0.9009100799453282,0.9573907852172852,
NA3_LAG10_011,NA3_LAG10,3,10,3,6,mild,root,1,0.7017436205504195,0.5188254178559398,0.9318469166755676,True
NA3_LAG10_011,NA3_LAG10,3,10,4,5,cascade,unrelated,0,0.43318585722485126,0.14830827687413511,0.9516885280609131,
NA3_LAG10_011,NA3_LAG10,3,10,4,6,cascade,root,1,0.9876504159597292,0.9836294245491055,0.9723424911499023,True
NA3_LAG10_011,NA3_LAG10,3,10,5,6,unrelated,root,0,0.4191698954746699,0.1234167632665053,0.9467684030532837,
NA3_LAG10_012,NA3_LAG10,3,10,1,2,unrelated,unrelated,0,0.9950489161748222,0.9950254366423311,0.9958497285842896,
NA3_LAG10_012,NA3_LAG10,3,10,1,3,unrelated,root,0,0.4151758426064317,0.1280763783924178,0.9401187896728516,
NA3_LAG10_012,NA3_LAG10,3,10,1,4,unrelated,mild,0,0.9579351140732786,0.9881773477004765,0.9661288857460022,
NA3_LAG10_012,NA3_LAG10,3,10,1,5,unrelated,mild,0,0.9281306265908048,0.8962845637859118,0.9711136221885681,
NA3_LAG10_012,NA3_LAG10,3,10,1,6,unrelated,mild,0,0.9868692382756092,0.9935156060718494,0.9897861480712891,
NA3_LAG10_012,NA3_LAG10,3,10,2,3,unrelated,root,0,0.4037467205871939,0.1116379914733274,0.9288215041160583,
NA3_LAG10_012,NA3_LAG10,3,10,2,4,unrelated,mild,0,0.9562853688816889,0.9877039129338344,0.964840292930603,
NA3_LAG10_012,NA3_LAG10,3,10,2,5,unrelated,mild,0,0.9244473378286258,0.8904393067566785,0.9790284037590027,
NA3_LAG10_012,NA3_LAG10,3,10,2,6,unrelated,mild,0,0.988145623448569,0.9949812467740766,0.9959321022033691,
NA3_LAG10_012,NA3_LAG10,3,10,3,4,root,mild,1,0.48842092652399793,0.1331685415405746,0.8987919688224792,False
NA3_LAG10_012,NA3_LAG10,3,10,3,5,root,mild,1,0.705437800953989,0.5307732320907095,0.898335337638855,True
NA3_LAG10_012,NA3_LAG10,3,10,3,6,root,mild,1,0.3404893614585078,0.09493947384468689,0.9161786437034607,False
NA3_LAG10_012,NA3_LAG10,3,10,4,5,mild,mild,1,0.9327125372570196,0.8973905382865283,0.9852699041366577,False
NA3_LAG10_012,NA3_LAG10,3,10,4,6,mild,mild,1,0.9216848913559924,0.9838645432679378,0.9544723629951477,False
NA3_LAG10_012,NA3_LAG10,3,10,5,6,mild,mild,1,0.8929718657823946,0.8816783549500964,0.9727475643157959,False
NA3_LAG10_013,NA3_LAG10,3,10,1,2,cascade,unrelated,0,0.44861855031834896,0.17076433803009164,0.9422863721847534,
NA3_LAG10_013,NA3_LAG10,3,10,1,3,cascade,root,1,0.79436803162266,0.6924514026122912,0.8825855255126953,False
NA3_LAG10_013,NA3_LAG10,3,10,1,4,cascade,cascade,1,0.24086111744341016,0.14991125790451904,0.7477681040763855,False
NA3_LAG10_013,NA3_LAG10,3,10,1,5,cascade,cascade,1,0.7923717335285579,0.6871833522565987,0.9053047299385071,False
NA3_LAG10_013,NA3_LAG10,3,10,1,6,cascade,unrelated,0,0.44921559579117826,0.17309177169601497,0.9408240914344788,
NA3_LAG10_013,NA3_LAG10,3,10,2,3,unrelated,root,0,0.8479818442089845,0.7748205101491161,0.9814597964286804,
NA3_LAG10_013,NA3_LAG10,3,10,2,4,unrelated,cascade,0,0.3089933258842707,0.9695409557867957,0.7913344502449036,
NA3_LAG10_013,NA3_LAG10,3,10,2,5,unrelated,cascade,0,0.8451469382099535,0.7698587649383577,0.9892330169677734,
NA3_LAG10_013,NA3_LAG10,3,10,2,6,unrelated,unrelated,0,0.9956483968456981,0.9957624378624546,0.9939731359481812,
NA3_LAG10_013,NA3_LAG10,3,10,3,4,root,cascade,1,0.16467309133877417,0.7512391328997181,0.7863572835922241,False
NA3_LAG10_013,NA3_LAG10,3,10,3,5,root,cascade,1,0.9949277978218154,0.9942431418484035,0.9944193959236145,True
NA3_LAG10_013,NA3_LAG10,3,10,3,6,root,unrelated,0,0.8503691415170922,0.7784563354382787,0.974909782409668,
NA3_LAG10_013,NA3_LAG10,3,10,4,5,cascade,cascade,1,0.15702035754954985,0.7495310464242786,0.7878614664077759,False
NA3_LAG10_013,NA3_LAG10,3,10,4,6,cascade,unrelated,0,0.31081538693295,0.9703247924823712,0.7969293594360352,
NA3_LAG10_013,NA3_LAG10,3,10,5,6,cascade,unrelated,0,0.8475026091053307,0.7734752418555964,0.9782640337944031,
NA3_LAG10_014,NA3_LAG10,3,10,1,2,unrelated,cascade,0,0.44857315515101887,0.170804222015157,0.9585044384002686,
NA3_LAG10_014,NA3_LAG10,3,10,1,3,unrelated,unrelated,0,0.9950288580984187,0.9948554452369773,0.9874525666236877,
NA3_LAG10_014,NA3_LAG10,3,10,1,4,unrelated,root,0,0.4109641768015299,0.11672743598615552,0.9456154704093933,
NA3_LAG10_014,NA3_LAG10,3,10,1,5,unrelated,mild,0,0.9887920723926644,0.9862866341944078,0.9909358024597168,
NA3_LAG10_014,NA3_LAG10,3,10,1,6,unrelated,mild,0,0.8749491229121399,0.89633369705889,0.8864246606826782,
NA3_LAG10_014,NA3_LAG10,3,10,2,3,cascade,unrelated,0,0.44675105502481444,0.1702689323766477,0.9338114261627197,
NA3_LAG10_014,NA3_LAG10,3,10,2,4,cascade,root,1,0.9873253380198252,0.9838575803997539,0.9544427990913391,True
NA3_LAG10_014,NA3_LAG10,3,10,2,5,cascade,mild,1,0.5238845561837837,0.27949806421065265,0.9395862221717834,False
NA3_LAG10_014,NA3_LAG10,3,10,2,6,cascade,mild,1,0.6187881707748196,0.28926230617439885,0.8372530937194824,False
NA3_LAG10_014,NA3_LAG10,3,10,3,4,unrelated,root,0,0.41136251787216255,0.11891320977954307,0.9005905389785767,
NA3_LAG10_014,NA3_LAG10,3,10,3,5,unrelated,mild,0,0.9883393452093016,0.9855058650440734,0.9919966459274292,
NA3_LAG10_014,NA3_LAG10,3,10,3,6,unrelated,mild,0,0.8738412409387533,0.8974956714284336,0.8934069871902466,
NA3_LAG10_014,NA3_LAG10,3,10,4,5,root,mild,1,0.4864608096853794,0.22414248051334404,0.9082276821136475,False
NA3_LAG10_014,NA3_LAG10,3,10,4,6,root,mild,1,0.5944418996953488,0.24011343893647694,0.8234443068504333,False
NA3_LAG10_014,NA3_LAG10,3,10,5,6,mild,mild,1,0.8783481632516517,0.8934469967747773,0.8798723816871643,False
NA3_LAG10_015,NA3_LAG10,3,10,1,2,root,mild,1,0.9635529546231041,0.9468593215992765,0.9850403070449829,True
NA3_LAG10_015,NA3_LAG10,3,10,1,3,root,mild,1,0.8947946918698367,0.8643783277530991,0.9932132959365845,False
NA3_LAG10_015,NA3_LAG10,3,10,1,4,root,unrelated,0,0.9078598989823146,0.8633749461966037,0.9966961145401001,
NA3_LAG10_015,NA3_LAG10,3,10,1,5,root,mild,1,0.9545663878212789,0.9333896867918042,0.9941331148147583,True
NA3_LAG10_015,NA3_LAG10,3,10,1,6,root,unrelated,0,0.9084933764492157,0.8641671606145995,0.989557683467865,
NA3_LAG10_015,NA3_LAG10,3,10,2,3,mild,mild,1,0.9545208397738301,0.9697726033050476,0.9936217069625854,False
NA3_LAG10_015,NA3_LAG10,3,10,2,4,mild,unrelated,0,0.9799943410400213,0.9726564368555068,0.9906305074691772,
NA3_LAG10_015,NA3_LAG10,3,10,2,5,mild,mild,1,0.9938282132411559,0.993584113952457,0.9940034747123718,True
NA3_LAG10_015,NA3_LAG10,3,10,2,6,mild,unrelated,0,0.9803741742245831,0.9731947148610502,0.9958818554878235,
NA3_LAG10_015,NA3_LAG10,3,10,3,4,mild,unrelated,0,0.9606520138021157,0.9892039742812276,0.9972344040870667,
NA3_LAG10_015,NA3_LAG10,3,10,3,5,mild,mild,1,0.9560309386401566,0.9759997334376351,0.9961734414100647,False
NA3_LAG10_015,NA3_LAG10,3,10,3,6,mild,unrelated,0,0.9606365593024876,0.9890139017934493,0.9979736804962158,
NA3_LAG10_015,NA3_LAG10,3,10,4,5,unrelated,mild,0,0.9866424733096802,0.9820146885986197,0.9966570138931274,
NA3_LAG10_015,NA3_LAG10,3,10,4,6,unrelated,unrelated,0,0.9950626509129402,0.995088844739399,0.9952144026756287,
NA3_LAG10_015,NA3_LAG10,3,10,5,6,mild,unrelated,0,0.9858834971425114,0.9816360327589732,0.9953023195266724,
NA3_LAG10_016,NA3_LAG10,3,10,1,2,root,unrelated,0,0.5785538306279092,0.08716431048395495,0.9555476903915405,
NA3_LAG10_016,NA3_LAG10,3,10,1,3,root,cascade,1,0.8129344288337755,0.008992293897399202,0.8152608275413513,True
NA3_LAG10_016,NA3_LAG10,3,10,1,4,root,mild,1,0.7135443580949299,0.08432640923618905,0.9526711106300354,True
NA3_LAG10_016,NA3_LAG10,3,10,1,5,root,unrelated,0,0.5765773827714643,0.0798161270819586,0.9323049187660217,
NA3_LAG10_016,NA3_LAG10,3,10,1,6,root,cascade,1,0.8234523263306239,0.025834790552613538,0.8805058598518372,True
NA3_LAG10_016,NA3_LAG10,3,10,2,3,unrelated,cascade,0,0.46117327154319854,0.049049496193928205,0.8343936800956726,
NA3_LAG10_016,NA3_LAG10,3,10,2,4,unrelated,mild,0,0.9549970685356445,0.9869244356870238,0.9967682361602783,
NA3_LAG10_016,NA3_LAG10,3,10,2,5,unrelated,unrelated,0,0.9954329485029121,0.9956842932514668,0.9945721626281738,
NA3_LAG10_016,NA3_LAG10,3,10,2,6,unrelated,cascade,0,0.4730509546438367,0.0034951582658922435,0.8766195774078369,
NA3_LAG10_016,NA3_LAG10,3,10,3,4,cascade,mild,1,0.6796723161088742,0.01154914782621697,0.8320803642272949,True
NA3_LAG10_016,NA3_LAG10,3,10,3,5,cascade,unrelated,0,0.46101683168172225,0.047564726877650336,0.8296274542808533,
NA3_LAG10_016,NA3_LAG10,3,10,3,6,cascade,cascade,1,0.9883208739975013,0.6771704561647359,0.8329092860221863,True
NA3_LAG10_016,NA3_LAG10,3,10,4,5,mild,unrelated,0,0.9557923222048024,0.9878250550584656,0.9925817847251892,
NA3_LAG10_016,NA3_LAG10,3,10,4,6,mild,cascade,1,0.6903956180142207,0.06313600038087729,0.8770132064819336,True
NA3_LAG10_016,NA3_LAG10,3,10,5,6,unrelated,cascade,0,0.47325302564523963,0.0027250616966771933,0.8599791526794434,
NA3_LAG10_017,NA3_LAG10,3,10,1,2,mild,mild,1,0.964919443378668,0.954169418948735,0.9780495762825012,False
NA3_LAG10_017,NA3_LAG10,3,10,1,3,mild,cascade,1,0.8563574542669363,0.8994300452101506,0.9566947221755981,False
NA3_LAG10_017,NA3_LAG10,3,10,1,4,mild,unrelated,0,0.9343300673875679,0.9062693814614706,0.968991756439209,
NA3_LAG10_017,NA3_LAG10,3,10,1,5,mild,root,1,0.6623301725719206,0.08871934147581466,0.964091956615448,False
NA3_LAG10_017,NA3_LAG10,3,10,1,6,mild,unrelated,0,0.9330610973203429,0.9033172848823169,0.9549381136894226,
NA3_LAG10_017,NA3_LAG10,3,10,2,3,mild,cascade,1,0.944290725994388,0.978926162763424,0.9795092344284058,False
NA3_LAG10_017,NA3_LAG10,3,10,2,4,mild,unrelated,0,0.9858624563402986,0.981131873040028,0.9955901503562927,
NA3_LAG10_017,NA3_LAG10,3,10,2,5,mild,root,1,0.5896275390844277,0.14414863741011175,0.9141029119491577,False
NA3_LAG10_017,NA3_LAG10,3,10,2,6,mild,unrelated,0,0.9847450320703173,0.9797169855160867,0.9858952164649963,
NA3_LAG10_017,NA3_LAG10,3,10,3,4,cascade,unrelated,0,0.9598525485479961,0.995897948631406,0.9888683557510376,
NA3_LAG10_017,NA3_LAG10,3,10,3,5,cascade,root,1,0.3485951860414675,0.1518088729609724,0.8706257343292236,False
NA3_LAG10_017,NA3_LAG10,3,10,3,6,cascade,unrelated,0,0.958709010758523,0.995436703447547,0.9835233092308044,
NA3_LAG10_017,NA3_LAG10,3,10,4,5,unrelated,root,0,0.5824022545085431,0.1493710856434604,0.8962605595588684,
NA3_LAG10_017,NA3_LAG10,3,10,4,6,unrelated,unrelated,0,0.9953566630129388,0.9956860361632728,0.9932626485824585,
NA3_LAG10_017,NA3_LAG10,3,10,5,6,root,unrelated,0,0.5853977106591011,0.15513793066590878,0.8777631521224976,
NA3_LAG10_018,NA3_LAG10,3,10,1,2,unrelated,root,0,0.9593072056781892,0.9964054101672241,0.9923709034919739,
NA3_LAG10_018,NA3_LAG10,3,10,1,3,unrelated,cascade,0,0.9587093806295047,0.9953426823037174,0.9901139140129089,
NA3_LAG10_018,NA3_LAG10,3,10,1,4,unrelated,mild,0,0.8786560122443675,0.9122396846590698,0.8843114972114563,
NA3_LAG10_018,NA3_LAG10,3,10,1,5,unrelated,mild,0,0.9855837786727175,0.9920472805839042,0.9944965839385986,
NA3_LAG10_018,NA3_LAG10,3,10,1,6,unrelated,unrelated,0,0.9948637555244007,0.9945615403252516,0.9924622774124146,
NA3_LAG10_018,NA3_LAG10,3,10,2,3,root,cascade,1,0.996870786799146,0.9971677046269968,0.9924257397651672,True
NA3_LAG10_018,NA3_LAG10,3,10,2,4,root,mild,1,0.7350152179738532,0.9116738794072881,0.8755730390548706,False
NA3_LAG10_018,NA3_LAG10,3,10,2,5,root,mild,1,0.9829537890455923,0.9946667665532981,0.9886326789855957,True
NA3_LAG10_018,NA3_LAG10,3,10,2,6,root,unrelated,0,0.9583699632627899,0.9971133633438397,0.9872305393218994,
NA3_LAG10_018,NA3_LAG10,3,10,3,4,cascade,mild,1,0.7317538663716977,0.9038407221081748,0.8761879205703735,False
NA3_LAG10_018,NA3_LAG10,3,10,3,5,cascade,mild,1,0.9831962100113898,0.9946644699162002,0.9895469546318054,True
NA3_LAG10_018,NA3_LAG10,3,10,3,6,cascade,unrelated,0,0.9576678720585007,0.9956018038996396,0.9931785464286804,
NA3_LAG10_018,NA3_LAG10,3,10,4,5,mild,mild,1,0.8056850891139014,0.8784992102713066,0.8775348663330078,False
NA3_LAG10_018,NA3_LAG10,3,10,4,6,mild,unrelated,0,0.8805133555384864,0.9098257481202706,0.8829268217086792,
NA3_LAG10_018,NA3_LAG10,3,10,5,6,mild,unrelated,0,0.9857583783396594,0.9932354526519577,0.9862364530563354,
NA3_LAG10_019,NA3_LAG10,3,10,1,2,cascade,root,1,0.8154583442437062,0.05712848128717152,0.802686870098114,True
NA3_LAG10_019,NA3_LAG10,3,10,1,3,cascade,unrelated,0,0.4705285791931721,0.0064714056253347375,0.8450884222984314,
NA3_LAG10_019,NA3_LAG10,3,10,1,4,cascade,cascade,1,0.4861210434598652,0.048219602910345494,0.8337011337280273,False
NA3_LAG10_019,NA3_LAG10,3,10,1,5,cascade,unrelated,0,0.47372057676918783,0.011572960631320935,0.8636789321899414,
NA3_LAG10_019,NA3_LAG10,3,10,1,6,cascade,mild,1,0.7141642837676077,0.06325187616447406,0.7942519187927246,False
NA3_LAG10_019,NA3_LAG10,3,10,2,3,root,unrelated,0,0.574635463300302,0.05293745053998086,0.9077930450439453,
NA3_LAG10_019,NA3_LAG10,3,10,2,4,root,cascade,1,0.5861803602982433,0.12301249885079203,0.9103056788444519,False
NA3_LAG10_019,NA3_LAG10,3,10,2,5,root,unrelated,0,0.5773659051017606,0.06297048173502136,0.8945332765579224,
NA3_LAG10_019,NA3_LAG10,3,10,2,6,root,mild,1,0.8345563988955744,0.04308644152048016,0.7977296113967896,False
NA3_LAG10_019,NA3_LAG10,3,10,3,4,unrelated,cascade,0,0.8585162167320609,0.7901349693801921,0.9941980242729187,
NA3_LAG10_019,NA3_LAG10,3,10,3,5,unrelated,unrelated,0,0.9945503026487752,0.9947691185619981,0.9948880076408386,
NA3_LAG10_019,NA3_LAG10,3,10,3,6,unrelated,mild,0,0.8777601435437836,0.8981141326138313,0.8838261961936951,
NA3_LAG10_019,NA3_LAG10,3,10,4,5,cascade,unrelated,0,0.8625678619617863,0.7963297462730887,0.9902227520942688,
NA3_LAG10_019,NA3_LAG10,3,10,4,6,cascade,mild,1,0.8191240284965231,0.752908672516859,0.8805192112922668,False
NA3_LAG10_019,NA3_LAG10,3,10,5,6,unrelated,mild,0,0.8784250452575965,0.8970155262212561,0.8871188759803772,
NA3_LAG10_020,NA3_LAG10,3,10,1,2,mild,root,1,0.12915350000040518,0.9881870717380898,0.7842947840690613,False
NA3_LAG10_020,NA3_LAG10,3,10,1,3,mild,cascade,1,0.6892132523308165,0.05886191878355537,0.8941376209259033,True
NA3_LAG10_020,NA3_LAG10,3,10,1,4,mild,unrelated,0,0.9571945055736466,0.988762663277287,0.963275671005249,
NA3_LAG10_020,NA3_LAG10,3,10,1,5,mild,unrelated,0,0.9584347147795134,0.9896329546687677,0.9785469770431519,
NA3_LAG10_020,NA3_LAG10,3,10,1,6,mild,mild,1,0.9411123557494859,0.9116379145204472,0.9201329946517944,False
NA3_LAG10_020,NA3_LAG10,3,10,2,3,root,cascade,1,0.48136512395611136,0.00015404821824821578,0.7316983342170715,False
NA3_LAG10_020,NA3_LAG10,3,10,2,4,root,unrelated,0,0.32953337523926335,0.9945403636522043,0.8032810091972351,
NA3_LAG10_020,NA3_LAG10,3,10,2,5,root,unrelated,0,0.32128969859865547,0.9945539746993507,0.7958780527114868,
NA3_LAG10_020,NA3_LAG10,3,10,2,6,root,mild,1,0.09426780033236024,0.9070550272956452,0.9280059337615967,True
NA3_LAG10_020,NA3_LAG10,3,10,3,4,cascade,unrelated,0,0.4754326226372065,0.0033158662420586737,0.8432584404945374,
NA3_LAG10_020,NA3_LAG10,3,10,3,5,cascade,unrelated,0,0.47971390655226287,0.009953800326584146,0.8735498189926147,
NA3_LAG10_020,NA3_LAG10,3,10,3,6,cascade,mild,1,0.7315021441465152,0.006950560851302162,0.8474692106246948,False
NA3_LAG10_020,NA3_LAG10,3,10,4,5,unrelated,unrelated,0,0.9950705002175055,0.9947584719681679,0.9937936663627625,
NA3_LAG10_020,NA3_LAG10,3,10,4,6,unrelated,mild,0,0.8752917937920582,0.8993942844199756,0.9154743552207947,
NA3_LAG10_020,NA3_LAG10,3,10,5,6,unrelated,mild,0,0.8795838511013381,0.9021166638820771,0.9224783182144165,
NA3_LAG10_021,NA3_LAG10,3,10,1,2,mild,unrelated,0,0.9575238743783735,0.9893476918405417,0.9735949039459229,
NA3_LAG10_021,NA3_LAG10,3,10,1,3,mild,unrelated,0,0.9565416330164869,0.9886778064002937,0.9855716824531555,
NA3_LAG10_021,NA3_LAG10,3,10,1,4,mild,root,1,0.869720421721547,0.9904371786968742,0.9846932291984558,False
NA3_LAG10_021,NA3_LAG10,3,10,1,5,mild,mild,1,0.921516108879461,0.9852107909970275,0.9723073840141296,False
NA3_LAG10_021,NA3_LAG10,3,10,1,6,mild,cascade,1,0.8690964158580857,0.99075067914278,0.9875528216362,False
NA3_LAG10_021,NA3_LAG10,3,10,2,3,unrelated,unrelated,0,0.9951408040948583,0.9948650409381717,0.9852825403213501,
NA3_LAG10_021,NA3_LAG10,3,10,2,4,unrelated,root,0,0.9583801781898709,0.9968383790179269,0.9723114967346191,
NA3_LAG10_021,NA3_LAG10,3,10,2,5,unrelated,mild,0,0.9862301138649385,0.993534391872546,0.9437422752380371,
NA3_LAG10_021,NA3_LAG10,3,10,2,6,unrelated,cascade,0,0.95733240765096,0.9951632587221803,0.979089617729187,
NA3_LAG10_021,NA3_LAG10,3,10,3,4,unrelated,root,0,0.9602739522156584,0.9964893023405008,0.9917415380477905,
NA3_LAG10_021,NA3_LAG10,3,10,3,5,unrelated,mild,0,0.9870235310282219,0.9934607522133151,0.9770407676696777,
NA3_LAG10_021,NA3_LAG10,3,10,3,6,unrelated,cascade,0,0.9598079934289686,0.9953234117220852,0.9941388964653015,
NA3_LAG10_021,NA3_LAG10,3,10,4,5,root,mild,1,0.9833942684689391,0.9955732444795157,0.9924637675285339,True
NA3_LAG10_021,NA3_LAG10,3,10,4,6,root,cascade,1,0.9970152837035821,0.9972626479239732,0.9978291988372803,True
NA3_LAG10_021,NA3_LAG10,3,10,5,6,mild,cascade,1,0.9836533096253444,0.9954663545132151,0.989249587059021,True
NA3_LAG10_022,NA3_LAG10,3,10,1,2,mild,root,1,0.44031548819461397,0.9939909069674032,0.7718275189399719,False
NA3_LAG10_022,NA3_LAG10,3,10,1,3,mild,unrelated,0,0.9868247605640768,0.9939989625433652,0.9945417046546936,
NA3_LAG10_022,NA3_LAG10,3,10,1,4,mild,mild,1,0.8084943895189063,0.8728512227561448,0.8684166073799133,False
NA3_LAG10_022,NA3_LAG10,3,10,1,5,mild,cascade,1,0.9825147570385374,0.9948023218130141,0.9871066212654114,True
NA3_LAG10_022,NA3_LAG10,3,10,1,6,mild,unrelated,0,0.9877950864541125,0.9944533580613395,0.9866593480110168,
NA3_LAG10_022,NA3_LAG10,3,10,2,3,root,unrelated,0,0.32816234212218853,0.9955631720524876,0.790576159954071,
NA3_LAG10_022,NA3_LAG10,3,10,2,4,root,mild,1,0.09086929690190217,0.9017540058614393,0.9396785497665405,True
NA3_LAG10_022,NA3_LAG10,3,10,2,5,root,cascade,1,0.5752581573687128,0.9955708916470937,0.7977052330970764,False
NA3_LAG10_022,NA3_LAG10,3,10,2,6,root,unrelated,0,0.33502813824737476,0.9948330438674052,0.7917364239692688,
NA3_LAG10_022,NA3_LAG10,3,10,3,4,unrelated,mild,0,0.8797037755229751,0.9031138488381395,0.8854212164878845,
NA3_LAG10_022,NA3_LAG10,3,10,3,5,unrelated,cascade,0,0.9569101952651591,0.9956575353656612,0.9914401769638062,
NA3_LAG10_022,NA3_LAG10,3,10,3,6,unrelated,unrelated,0,0.9955002007953456,0.995116704931657,0.9942305684089661,
NA3_LAG10_022,NA3_LAG10,3,10,4,5,mild,cascade,1,0.7314492562336349,0.8971305868637549,0.8884051442146301,False
NA3_LAG10_022,NA3_LAG10,3,10,4,6,mild,unrelated,0,0.8760053058870478,0.9010692366191138,0.8943057656288147,
NA3_LAG10_022,NA3_LAG10,3,10,5,6,cascade,unrelated,0,0.9588328841334969,0.9956858984235446,0.9915946125984192,
NA3_LAG10_023,NA3_LAG10,3,10,1,2,mild,cascade,1,0.41425997830690664,0.9703942873462977,0.7919657826423645,False
NA3_LAG10_023,NA3_LAG10,3,10,1,3,mild,mild,1,0.9004085869570021,0.8892221091520769,0.9786471128463745,False
NA3_LAG10_023,NA3_LAG10,3,10,1,4,mild,root,1,0.48186182858880006,0.0028699354984073897,0.8047957420349121,False
NA3_LAG10_023,NA3_LAG10,3,10,1,5,mild,unrelated,0,0.987178723678108,0.9933372617222326,0.9949211478233337,
NA3_LAG10_023,NA3_LAG10,3,10,1,6,mild,unrelated,0,0.9874930213663943,0.9935409587151602,0.990073025226593,
NA3_LAG10_023,NA3_LAG10,3,10,2,3,cascade,mild,1,0.14442186274543728,0.8679125695312604,0.8565616011619568,False
NA3_LAG10_023,NA3_LAG10,3,10,2,4,cascade,root,1,0.571252889109967,0.0179881010776473,0.900864839553833,False
NA3_LAG10_023,NA3_LAG10,3,10,2,5,cascade,unrelated,0,0.3081662712893986,0.9678734835892688,0.8115631937980652,
NA3_LAG10_023,NA3_LAG10,3,10,2,6,cascade,unrelated,0,0.3116881078580936,0.9666103244916785,0.7994970083236694,
NA3_LAG10_023,NA3_LAG10,3,10,3,4,mild,root,1,0.659626353685676,0.024583272929395713,0.8780322074890137,False
NA3_LAG10_023,NA3_LAG10,3,10,3,5,mild,unrelated,0,0.9336122354513173,0.9037210579732975,0.9842450618743896,
NA3_LAG10_023,NA3_LAG10,3,10,3,6,mild,unrelated,0,0.93141677978951,0.9015214236542123,0.9874467253684998,
NA3_LAG10_023,NA3_LAG10,3,10,4,5,root,unrelated,0,0.5784082738311843,0.00042117052124360265,0.8386298418045044,
NA3_LAG10_023,NA3_LAG10,3,10,4,6,root,unrelated,0,0.5735066194669619,0.00637177649069805,0.846603512763977,
NA3_LAG10_023,NA3_LAG10,3,10,5,6,unrelated,unrelated,0,0.9945131236055141,0.9941067278500947,0.9946750402450562,
NA3_LAG10_024,NA3_LAG10,3,10,1,2,root,mild,1,0.7013086047297444,0.02189921089618516,0.9151327013969421,True
NA3_LAG10_024,NA3_LAG10,3,10,1,3,root,mild,1,0.5869436856243135,0.01209634990607432,0.8781377077102661,False
NA3_LAG10_024,NA3_LAG10,3,10,1,4,root,unrelated,0,0.5730059152483775,0.00520182158790679,0.8901419043540955,
NA3_LAG10_024,NA3_LAG10,3,10,1,5,root,unrelated,0,0.5773957755174727,0.0065046140800723755,0.9036617279052734,
NA3_LAG10_024,NA3_LAG10,3,10,1,6,root,mild,1,0.6615066905971767,0.017497582183998675,0.8987386226654053,False
NA3_LAG10_024,NA3_LAG10,3,10,2,3,mild,mild,1,0.9579762719978135,0.9789582212012565,0.9886648058891296,False
NA3_LAG10_024,NA3_LAG10,3,10,2,4,mild,unrelated,0,0.959366252570476,0.9903816823439046,0.9923299551010132,
NA3_LAG10_024,NA3_LAG10,3,10,2,5,mild,unrelated,0,0.9592082461227656,0.9891438858327435,0.9888206124305725,
NA3_LAG10_024,NA3_LAG10,3,10,2,6,mild,mild,1,0.934679001481512,0.9019922245847689,0.9895849823951721,False
NA3_LAG10_024,NA3_LAG10,3,10,3,4,mild,unrelated,0,0.987683500581982,0.9840880478311074,0.9964389204978943,
NA3_LAG10_024,NA3_LAG10,3,10,3,5,mild,unrelated,0,0.9869274943164033,0.9829257619426104,0.9836864471435547,
NA3_LAG10_024,NA3_LAG10,3,10,3,6,mild,mild,1,0.9599318133819746,0.944506891006114,0.9935044050216675,False
NA3_LAG10_024,NA3_LAG10,3,10,4,5,unrelated,unrelated,0,0.994750485373077,0.9944658470859599,0.9917392134666443,
NA3_LAG10_024,NA3_LAG10,3,10,4,6,unrelated,mild,0,0.9294548943029561,0.8982319211519487,0.9902942776679993,
NA3_LAG10_024,NA3_LAG10,3,10,5,6,unrelated,mild,0,0.9305827183347889,0.8987379310260999,0.9745802879333496,
NA3_LAG10_025,NA3_LAG10,3,10,1,2,unrelated,cascade,0,0.4658494123194065,0.08013495621387177,0.8209990859031677,
NA3_LAG10_025,NA3_LAG10,3,10,1,3,unrelated,mild,0,0.9868972840357115,0.9930659714632145,0.9948881268501282,
NA3_LAG10_025,NA3_LAG10,3,10,1,4,unrelated,root,0,0.5693124256058825,0.035879258741930285,0.8485690355300903,
NA3_LAG10_025,NA3_LAG10,3,10,1,5,unrelated,unrelated,0,0.9951358376283306,0.9946892906055441,0.9948438405990601,
NA3_LAG10_025,NA3_LAG10,3,10,1,6,unrelated,cascade,0,0.4676667254464368,0.052056867178577965,0.8189400434494019,
NA3_LAG10_025,NA3_LAG10,3,10,2,3,cascade,mild,1,0.3799404422760485,0.07253240189265216,0.8395817279815674,False
NA3_LAG10_025,NA3_LAG10,3,10,2,4,cascade,root,1,0.8195509345960746,0.0840606716968753,0.7014912962913513,True
NA3_LAG10_025,NA3_LAG10,3,10,2,5,cascade,unrelated,0,0.4664776738897795,0.07607510412056714,0.8547122478485107,
NA3_LAG10_025,NA3_LAG10,3,10,2,6,cascade,cascade,1,0.9903258688357698,0.6937784372295112,0.9963855743408203,True
NA3_LAG10_025,NA3_LAG10,3,10,3,4,mild,root,1,0.4735338370744077,0.044005218669171994,0.8473460078239441,False
NA3_LAG10_025,NA3_LAG10,3,10,3,5,mild,unrelated,0,0.9885231025630351,0.9943331695161163,0.9961022138595581,
NA3_LAG10_025,NA3_LAG10,3,10,3,6,mild,cascade,1,0.3817640545070124,0.04828337118379436,0.8384082317352295,False
NA3_LAG10_025,NA3_LAG10,3,10,4,5,root,unrelated,0,0.567273337096003,0.05100693099441402,0.8462004661560059,
NA3_LAG10_025,NA3_LAG10,3,10,4,6,root,cascade,1,0.8171145417624164,0.05975776883339992,0.7001294493675232,True
NA3_LAG10_025,NA3_LAG10,3,10,5,6,unrelated,cascade,0,0.46807778728981114,0.04780415378669237,0.8530245423316956,
NA3_LAG10_026,NA3_LAG10,3,10,1,2,unrelated,cascade,0,0.8682967067666448,0.8054431637398928,0.9865131974220276,
NA3_LAG10_026,NA3_LAG10,3,10,1,3,unrelated,unrelated,0,0.9948659929930557,0.9950756591302763,0.9943401217460632,
NA3_LAG10_026,NA3_LAG10,3,10,1,4,unrelated,mild,0,0.9563074215402012,0.9900422407017951,0.9949949979782104,
NA3_LAG10_026,NA3_LAG10,3,10,1,5,unrelated,cascade,0,0.8457675705288464,0.7712562812727647,0.989231526851654,
NA3_LAG10_026,NA3_LAG10,3,10,1,6,unrelated,root,0,0.5643563502657459,0.03826338047900299,0.7967795729637146,
NA3_LAG10_026,NA3_LAG10,3,10,2,3,cascade,unrelated,0,0.8679545704181862,0.8031644232095495,0.9916901588439941,
NA3_LAG10_026,NA3_LAG10,3,10,2,4,cascade,mild,1,0.8615361844429518,0.8055995144793832,0.9940722584724426,False
NA3_LAG10_026,NA3_LAG10,3,10,2,5,cascade,cascade,1,0.9938879043810582,0.9930303450312553,0.9974448084831238,True
NA3_LAG10_026,NA3_LAG10,3,10,2,6,cascade,root,1,0.5725278004479836,0.05995038409042691,0.7683541774749756,False
NA3_LAG10_026,NA3_LAG10,3,10,3,4,unrelated,mild,0,0.9574792029815611,0.9882422659156815,0.9943187832832336,
NA3_LAG10_026,NA3_LAG10,3,10,3,5,unrelated,cascade,0,0.8454661875108079,0.7690639015708456,0.9904901385307312,
NA3_LAG10_026,NA3_LAG10,3,10,3,6,unrelated,root,0,0.5704198225540335,0.043691476305855494,0.7861564755439758,
NA3_LAG10_026,NA3_LAG10,3,10,4,5,mild,cascade,1,0.8445701085258829,0.7707667223816949,0.9952980875968933,False
NA3_LAG10_026,NA3_LAG10,3,10,4,6,mild,root,1,0.7043893774570533,0.05186627212946024,0.785676896572113,True
NA3_LAG10_026,NA3_LAG10,3,10,5,6,cascade,root,1,0.5748773494418608,0.06876067420504324,0.7840838432312012,False
NA3_LAG10_027,NA3_LAG10,3,10,1,2,unrelated,root,0,0.9589938921055372,0.9968511779967089,0.9950370192527771,
NA3_LAG10_027,NA3_LAG10,3,10,1,3,unrelated,cascade,0,0.9103134633883466,0.8663976038269393,0.990022599697113,
NA3_LAG10_027,NA3_LAG10,3,10,1,4,unrelated,unrelated,0,0.9951929734813754,0.9951584475601549,0.9904280304908752,
NA3_LAG10_027,NA3_LAG10,3,10,1,5,unrelated,mild,0,0.9309450947661083,0.8993486591404187,0.9720901846885681,
NA3_LAG10_027,NA3_LAG10,3,10,1,6,unrelated,cascade,0,0.956745408832948,0.9947986219308672,0.9911015033721924,
NA3_LAG10_027,NA3_LAG10,3,10,2,3,root,cascade,1,0.8559876182701192,0.8669110602542057,0.9876376390457153,False
NA3_LAG10_027,NA3_LAG10,3,10,2,4,root,unrelated,0,0.9608127625857876,0.9971080077395112,0.9952056407928467,
NA3_LAG10_027,NA3_LAG10,3,10,2,5,root,mild,1,0.8542033266995537,0.8991927014829034,0.9705119132995605,False
NA3_LAG10_027,NA3_LAG10,3,10,2,6,root,cascade,1,0.9967335450897108,0.9968247394386064,0.9829474687576294,True
NA3_LAG10_027,NA3_LAG10,3,10,3,4,cascade,unrelated,0,0.9071439834816539,0.862938791146302,0.9846160411834717,
NA3_LAG10_027,NA3_LAG10,3,10,3,5,cascade,mild,1,0.9753901982840817,0.9702202573300395,0.9755242466926575,False
NA3_LAG10_027,NA3_LAG10,3,10,3,6,cascade,cascade,1,0.8510610424256677,0.8613846554596614,0.9841398596763611,False
NA3_LAG10_027,NA3_LAG10,3,10,4,5,unrelated,mild,0,0.9278130525919641,0.8961980378021758,0.9684644937515259,
NA3_LAG10_027,NA3_LAG10,3,10,4,6,unrelated,cascade,0,0.958356570654866,0.9948076872715237,0.9804515838623047,
NA3_LAG10_027,NA3_LAG10,3,10,5,6,mild,cascade,1,0.849875856852325,0.8944641557367633,0.9577817916870117,False
NA3_LAG10_028,NA3_LAG10,3,10,1,2,unrelated,cascade,0,0.46530042869294397,0.08083370145755041,0.8370072245597839,
NA3_LAG10_028,NA3_LAG10,3,10,1,3,unrelated,mild,0,0.9871585804177622,0.9933347189571425,0.9936088919639587,
NA3_LAG10_028,NA3_LAG10,3,10,1,4,unrelated,unrelated,0,0.9953795561029589,0.9953141697925972,0.9878732562065125,
NA3_LAG10_028,NA3_LAG10,3,10,1,5,unrelated,cascade,0,0.3098747422483366,0.968578658470987,0.7920554280281067,
NA3_LAG10_028,NA3_LAG10,3,10,1,6,unrelated,root,0,0.3317276161069072,0.9946697773667192,0.7800347208976746,
NA3_LAG10_028,NA3_LAG10,3,10,2,3,cascade,mild,1,0.3737480621146531,0.08809736910000458,0.8003498315811157,False
NA3_LAG10_028,NA3_LAG10,3,10,2,4,cascade,unrelated,0,0.4616084151859595,0.09626082403141535,0.8897806406021118,
NA3_LAG10_028,NA3_LAG10,3,10,2,5,cascade,cascade,1,0.4871660390252715,0.013819551256256505,0.7602369785308838,False
NA3_LAG10_028,NA3_LAG10,3,10,2,6,cascade,root,1,0.48174888967849455,0.09095273220576212,0.7502779364585876,False
NA3_LAG10_028,NA3_LAG10,3,10,3,4,mild,unrelated,0,0.9876194940391078,0.9938924727963437,0.9736408591270447,
NA3_LAG10_028,NA3_LAG10,3,10,3,5,mild,cascade,1,0.4171324340535685,0.971890782443262,0.785453736782074,False
NA3_LAG10_028,NA3_LAG10,3,10,3,6,mild,root,1,0.43618453969883436,0.9932616949637668,0.773432195186615,False
NA3_LAG10_028,NA3_LAG10,3,10,4,5,unrelated,cascade,0,0.3105582752322358,0.9697909488111291,0.8062717318534851,
NA3_LAG10_028,NA3_LAG10,3,10,4,6,unrelated,root,0,0.33254049838697747,0.9956036908405086,0.7937297224998474,
NA3_LAG10_028,NA3_LAG10,3,10,5,6,cascade,root,1,0.9774880902749974,0.9689575624086562,0.9972759485244751,True
NA3_LAG10_029,NA3_LAG10,3,10,1,2,unrelated,cascade,0,0.30715821262068344,0.968175064554739,0.7924007177352905,
NA3_LAG10_029,NA3_LAG10,3,10,1,3,unrelated,mild,0,0.930080141709995,0.8986230339580251,0.9816268682479858,
NA3_LAG10_029,NA3_LAG10,3,10,1,4,unrelated,cascade,0,0.30985992140244384,0.968035702683274,0.7966330647468567,
NA3_LAG10_029,NA3_LAG10,3,10,1,5,unrelated,root,0,0.3338928402505754,0.995461284689587,0.7888604998588562,
NA3_LAG10_029,NA3_LAG10,3,10,1,6,unrelated,unrelated,0,0.9950560655828422,0.9949356543172507,0.9909867644309998,
NA3_LAG10_029,NA3_LAG10,3,10,2,3,cascade,mild,1,0.1414561234514376,0.8711596553303687,0.8534297943115234,False
NA3_LAG10_029,NA3_LAG10,3,10,2,4,cascade,cascade,1,0.9953614663126417,0.9952309148831613,0.9983082413673401,True
NA3_LAG10_029,NA3_LAG10,3,10,2,5,cascade,root,1,0.979967655184926,0.972571204070156,0.9972339868545532,True
NA3_LAG10_029,NA3_LAG10,3,10,2,6,cascade,unrelated,0,0.31052065302132925,0.9696921722885119,0.785825788974762,
NA3_LAG10_029,NA3_LAG10,3,10,3,4,mild,cascade,1,0.14451059647784764,0.8708531360394697,0.8557941913604736,False
NA3_LAG10_029,NA3_LAG10,3,10,3,5,mild,root,1,0.16876369806156946,0.9018106593360945,0.8513870239257812,False
NA3_LAG10_029,NA3_LAG10,3,10,3,6,mild,unrelated,0,0.9306373889377878,0.9002281928182804,0.9831773638725281,
NA3_LAG10_029,NA3_LAG10,3,10,4,5,cascade,root,1,0.9792575414590331,0.9716971809671092,0.9968982934951782,True
NA3_LAG10_029,NA3_LAG10,3,10,4,6,cascade,unrelated,0,0.3125883053044909,0.9690835375849673,0.7895008325576782,
NA3_LAG10_029,NA3_LAG10,3,10,5,6,root,unrelated,0,0.3359971405773277,0.9953468618434949,0.7825521230697632,
NA3_LAG50_000,NA3_LAG50,3,50,1,2,mild,root,1,0.915757722015762,0.8741170877632057,0.9951783418655396,True
NA3_LAG50_000,NA3_LAG50,3,50,1,3,mild,unrelated,0,0.9899435173764816,0.9873770313181299,0.9962181448936462,
NA3_LAG50_000,NA3_LAG50,3,50,1,4,mild,cascade,1,0.022532500639254976,0.5412540158609696,0.7817985415458679,False
NA3_LAG50_000,NA3_LAG50,3,50,1,5,mild,cascade,1,0.9381288532543522,0.9647905815713113,0.9601377248764038,False
NA3_LAG50_000,NA3_LAG50,3,50,1,6,mild,unrelated,0,0.9905554534421148,0.9882079029608206,0.9829837083816528,
NA3_LAG50_000,NA3_LAG50,3,50,2,3,root,unrelated,0,0.872283635490737,0.8101527463107623,0.9951266050338745,
NA3_LAG50_000,NA3_LAG50,3,50,2,4,root,cascade,1,0.10795816607325441,0.397919207093416,0.7892686724662781,False
NA3_LAG50_000,NA3_LAG50,3,50,2,5,root,cascade,1,0.7977965460264115,0.7772846768437798,0.9576588273048401,False
NA3_LAG50_000,NA3_LAG50,3,50,2,6,root,unrelated,0,0.8762263326360301,0.8163060760112384,0.9807093739509583,
NA3_LAG50_000,NA3_LAG50,3,50,3,4,unrelated,cascade,0,0.0013731850629174766,0.5558509687253494,0.7777808308601379,
NA3_LAG50_000,NA3_LAG50,3,50,3,5,unrelated,cascade,0,0.9502517163313158,0.975823119148611,0.9709004759788513,
NA3_LAG50_000,NA3_LAG50,3,50,3,6,unrelated,unrelated,0,0.9954452251816176,0.995354680275948,0.9870672821998596,
NA3_LAG50_000,NA3_LAG50,3,50,4,5,cascade,cascade,1,0.29923286862623577,0.7139416288625752,0.7803516387939453,False
NA3_LAG50_000,NA3_LAG50,3,50,4,6,cascade,unrelated,0,0.0020835784401061095,0.5532994194021225,0.8036197423934937,
NA3_LAG50_000,NA3_LAG50,3,50,5,6,cascade,unrelated,0,0.9499858950086288,0.9750275707410607,0.9786298274993896,
NA3_LAG50_001,NA3_LAG50,3,50,1,2,root,cascade,1,0.5615723959985786,0.3451973414137684,0.9798429012298584,False
NA3_LAG50_001,NA3_LAG50,3,50,1,3,root,cascade,1,0.8778121072178915,0.8190136896101236,0.9769560098648071,True
NA3_LAG50_001,NA3_LAG50,3,50,1,4,root,mild,1,0.6339264727801752,0.42356180903620083,0.980079174041748,True
NA3_LAG50_001,NA3_LAG50,3,50,1,5,root,unrelated,0,0.42575648109343167,0.1416628158964493,0.9535723924636841,
NA3_LAG50_001,NA3_LAG50,3,50,1,6,root,unrelated,0,0.4191438051038073,0.13204120057187618,0.9603472948074341,
NA3_LAG50_001,NA3_LAG50,3,50,2,3,cascade,cascade,1,0.725362921736359,0.5888416077651536,0.9739469289779663,False
NA3_LAG50_001,NA3_LAG50,3,50,2,4,cascade,mild,1,0.9803277338152414,0.9770842519100441,0.9978830218315125,False
NA3_LAG50_001,NA3_LAG50,3,50,2,5,cascade,unrelated,0,0.968819159276557,0.9555743556614839,0.987017810344696,
NA3_LAG50_001,NA3_LAG50,3,50,2,6,cascade,unrelated,0,0.9678167789347002,0.9539498125630268,0.9924633502960205,
NA3_LAG50_001,NA3_LAG50,3,50,3,4,cascade,mild,1,0.802204064238404,0.6898928515990073,0.9741416573524475,True
NA3_LAG50_001,NA3_LAG50,3,50,3,5,cascade,unrelated,0,0.5892340419979304,0.3831255578878282,0.9632001519203186,
NA3_LAG50_001,NA3_LAG50,3,50,3,6,cascade,unrelated,0,0.5830755632841602,0.3755573922795833,0.9670849442481995,
NA3_LAG50_001,NA3_LAG50,3,50,4,5,mild,unrelated,0,0.9486198794510693,0.9262026044349045,0.9858440160751343,
NA3_LAG50_001,NA3_LAG50,3,50,4,6,mild,unrelated,0,0.9456709916109367,0.9220967962795217,0.991346538066864,
NA3_LAG50_001,NA3_LAG50,3,50,5,6,unrelated,unrelated,0,0.9954617535673842,0.9953649658607054,0.9952302575111389,
NA3_LAG50_002,NA3_LAG50,3,50,1,2,cascade,root,1,0.36632975065331636,0.026569028201792643,0.8287231922149658,False
NA3_LAG50_002,NA3_LAG50,3,50,1,3,cascade,unrelated,0,0.9522395486273028,0.9766498828133097,0.9868729114532471,
NA3_LAG50_002,NA3_LAG50,3,50,1,4,cascade,cascade,1,0.47570366439816375,0.3632187951663117,0.8451986312866211,False
NA3_LAG50_002,NA3_LAG50,3,50,1,5,cascade,cascade,1,0.4766494317460849,0.36665953637591275,0.8237307667732239,False
NA3_LAG50_002,NA3_LAG50,3,50,1,6,cascade,unrelated,0,0.9495757697569679,0.9743434181206267,0.9844769239425659,
NA3_LAG50_002,NA3_LAG50,3,50,2,3,root,unrelated,0,0.5696995066511966,0.023556024729183847,0.8205171823501587,
NA3_LAG50_002,NA3_LAG50,3,50,2,4,root,cascade,1,0.825861809535191,0.0200631075464932,0.7590851783752441,True
NA3_LAG50_002,NA3_LAG50,3,50,2,5,root,cascade,1,0.8274426869756666,0.0071100902318138115,0.757649838924408,True
NA3_LAG50_002,NA3_LAG50,3,50,2,6,root,unrelated,0,0.5716128319157241,0.03206619334977646,0.836675226688385,
NA3_LAG50_002,NA3_LAG50,3,50,3,4,unrelated,cascade,0,0.71058234646555,0.5376036094356449,0.8353981971740723,
NA3_LAG50_002,NA3_LAG50,3,50,3,5,unrelated,cascade,0,0.7117116703903955,0.5418463161495181,0.8156679272651672,
NA3_LAG50_002,NA3_LAG50,3,50,3,6,unrelated,unrelated,0,0.9945217879801583,0.9942241456631319,0.9960598945617676,
NA3_LAG50_002,NA3_LAG50,3,50,4,5,cascade,cascade,1,0.9895641988418797,0.9752416311898005,0.989678144454956,True
NA3_LAG50_002,NA3_LAG50,3,50,4,6,cascade,unrelated,0,0.7156956736006754,0.5433176615763645,0.8414649963378906,
NA3_LAG50_002,NA3_LAG50,3,50,5,6,cascade,unrelated,0,0.7167170055530573,0.5465665356830687,0.8259666562080383,
NA3_LAG50_003,NA3_LAG50,3,50,1,2,mild,root,1,0.02983318703069615,0.8846569593783763,0.9376547932624817,True
NA3_LAG50_003,NA3_LAG50,3,50,1,3,mild,cascade,1,0.3919055526477739,0.14827369548288033,0.9290497303009033,True
NA3_LAG50_003,NA3_LAG50,3,50,1,4,mild,unrelated,0,0.9019973379034912,0.8809977641627718,0.8793296217918396,
NA3_LAG50_003,NA3_LAG50,3,50,1,5,mild,mild,1,0.9920667164178643,0.9871196250035953,0.9964464902877808,True
NA3_LAG50_003,NA3_LAG50,3,50,1,6,mild,unrelated,0,0.9025007659996219,0.8840473063685913,0.8750772476196289,
NA3_LAG50_003,NA3_LAG50,3,50,2,3,root,cascade,1,0.6862658713628715,0.5441127434475163,0.9957089424133301,True
NA3_LAG50_003,NA3_LAG50,3,50,2,4,root,unrelated,0,0.3304507355906864,0.994845117318293,0.7947410345077515,
NA3_LAG50_003,NA3_LAG50,3,50,2,5,root,mild,1,0.032973939723857745,0.8857370363083125,0.955457866191864,True
NA3_LAG50_003,NA3_LAG50,3,50,2,6,root,unrelated,0,0.3346830432891988,0.9944636259434377,0.7892695069313049,
NA3_LAG50_003,NA3_LAG50,3,50,3,4,cascade,unrelated,0,0.000142870509904793,0.5481433349613868,0.801230251789093,
NA3_LAG50_003,NA3_LAG50,3,50,3,5,cascade,mild,1,0.38648003446646145,0.15585061392786312,0.9479392170906067,True
NA3_LAG50_003,NA3_LAG50,3,50,3,6,cascade,unrelated,0,0.0031401582259090372,0.5476672520178563,0.7958057522773743,
NA3_LAG50_003,NA3_LAG50,3,50,4,5,unrelated,mild,0,0.903398780761376,0.8823634960247803,0.8659010529518127,
NA3_LAG50_003,NA3_LAG50,3,50,4,6,unrelated,unrelated,0,0.9947675760590935,0.9949475685279588,0.9954698085784912,
NA3_LAG50_003,NA3_LAG50,3,50,5,6,mild,unrelated,0,0.9041585820565488,0.8876875291674439,0.8585231900215149,
NA3_LAG50_004,NA3_LAG50,3,50,1,2,root,unrelated,0,0.41138884332701353,0.12521000611836278,0.9398193955421448,
NA3_LAG50_004,NA3_LAG50,3,50,1,3,root,cascade,1,0.4165585587287037,0.10293604029439121,0.755409300327301,False
NA3_LAG50_004,NA3_LAG50,3,50,1,4,root,cascade,1,0.5915526297761218,0.2491081397721845,0.76774662733078,False
NA3_LAG50_004,NA3_LAG50,3,50,1,5,root,mild,1,0.49090298267216465,0.17243610268794918,0.8979049921035767,False
NA3_LAG50_004,NA3_LAG50,3,50,1,6,root,unrelated,0,0.42194490472773727,0.13548942525904864,0.9327701926231384,
NA3_LAG50_004,NA3_LAG50,3,50,2,3,unrelated,cascade,0,0.005437003816658272,0.5532425009993005,0.7824819087982178,
NA3_LAG50_004,NA3_LAG50,3,50,2,4,unrelated,cascade,0,0.7084443494748117,0.5412520062008872,0.8316790461540222,
NA3_LAG50_004,NA3_LAG50,3,50,2,5,unrelated,mild,0,0.9771666322177303,0.9798999676635963,0.9352049231529236,
NA3_LAG50_004,NA3_LAG50,3,50,2,6,unrelated,unrelated,0,0.9950552377929883,0.9952243967540977,0.9890668392181396,
NA3_LAG50_004,NA3_LAG50,3,50,3,4,cascade,cascade,1,0.690715279082989,0.38569365289596175,0.9642056822776794,False
NA3_LAG50_004,NA3_LAG50,3,50,3,5,cascade,mild,1,0.17195902380191033,0.41910989432274914,0.9219749569892883,False
NA3_LAG50_004,NA3_LAG50,3,50,3,6,cascade,unrelated,0,0.0002719700847338088,0.5543267596808563,0.8020570874214172,
NA3_LAG50_004,NA3_LAG50,3,50,4,5,cascade,mild,1,0.816924841279142,0.6525602805475326,0.9516279101371765,True
NA3_LAG50_004,NA3_LAG50,3,50,4,6,cascade,unrelated,0,0.7112362415113106,0.5374937622854951,0.8389493823051453,
NA3_LAG50_004,NA3_LAG50,3,50,5,6,mild,unrelated,0,0.9777506954237093,0.9802151694040707,0.9448369741439819,
NA3_LAG50_005,NA3_LAG50,3,50,1,2,unrelated,cascade,0,0.9478925988822966,0.9727886595167694,0.9825538992881775,
NA3_LAG50_005,NA3_LAG50,3,50,1,3,unrelated,unrelated,0,0.9946786840567169,0.9944509116131858,0.9860010147094727,
NA3_LAG50_005,NA3_LAG50,3,50,1,4,unrelated,cascade,0,0.9465073685099376,0.9727389682897365,0.9914865493774414,
NA3_LAG50_005,NA3_LAG50,3,50,1,5,unrelated,root,0,0.9584170179483777,0.9970761286446745,0.9965016841888428,
NA3_LAG50_005,NA3_LAG50,3,50,1,6,unrelated,mild,0,0.9848673315859156,0.9883162178174926,0.9821909666061401,
NA3_LAG50_005,NA3_LAG50,3,50,2,3,cascade,unrelated,0,0.9486760658570094,0.9746407154286958,0.9656614065170288,
NA3_LAG50_005,NA3_LAG50,3,50,2,4,cascade,cascade,1,0.9979859930795912,0.9982652261080317,0.988437294960022,True
NA3_LAG50_005,NA3_LAG50,3,50,2,5,cascade,root,1,0.9761231496569979,0.9765309182530536,0.9907577633857727,True
NA3_LAG50_005,NA3_LAG50,3,50,2,6,cascade,mild,1,0.9802334053758925,0.9893859693484335,0.9583264589309692,True
NA3_LAG50_005,NA3_LAG50,3,50,3,4,unrelated,cascade,0,0.9473878203722333,0.9747654280681813,0.9670454263687134,
NA3_LAG50_005,NA3_LAG50,3,50,3,5,unrelated,root,0,0.958065572991819,0.9968349231616194,0.9849357604980469,
NA3_LAG50_005,NA3_LAG50,3,50,3,6,unrelated,mild,0,0.9855387585586917,0.9899209231930453,0.9978943467140198,
NA3_LAG50_005,NA3_LAG50,3,50,4,5,cascade,root,1,0.976200125956741,0.976521490157606,0.9913347363471985,True
NA3_LAG50_005,NA3_LAG50,3,50,4,6,cascade,mild,1,0.9798122426300399,0.9896929106817949,0.9637352228164673,True
NA3_LAG50_005,NA3_LAG50,3,50,5,6,root,mild,1,0.9763654884392151,0.991234409444169,0.9787787795066833,True
NA3_LAG50_006,NA3_LAG50,3,50,1,2,cascade,unrelated,0,0.001519428217708085,0.5527130388930331,0.7985634207725525,
NA3_LAG50_006,NA3_LAG50,3,50,1,3,cascade,mild,1,0.16837075052708994,0.4089929269478567,0.9260952472686768,False
NA3_LAG50_006,NA3_LAG50,3,50,1,4,cascade,cascade,1,0.3028103634775569,0.7128200507155463,0.801379919052124,False
NA3_LAG50_006,NA3_LAG50,3,50,1,5,cascade,unrelated,0,0.002740159063644504,0.5518636869347887,0.8011898994445801,
NA3_LAG50_006,NA3_LAG50,3,50,1,6,cascade,root,1,0.5956128790209686,0.0371291177429114,0.9058235287666321,False
NA3_LAG50_006,NA3_LAG50,3,50,2,3,unrelated,mild,0,0.9773570971354679,0.9765746211484898,0.9414909482002258,
NA3_LAG50_006,NA3_LAG50,3,50,2,4,unrelated,cascade,0,0.949885816901169,0.9752008460113473,0.9847313761711121,
NA3_LAG50_006,NA3_LAG50,3,50,2,5,unrelated,unrelated,0,0.9947870451673814,0.9946108800394823,0.9981295466423035,
NA3_LAG50_006,NA3_LAG50,3,50,2,6,unrelated,root,0,0.5680297771673083,0.021389486494442108,0.82353276014328,
NA3_LAG50_006,NA3_LAG50,3,50,3,4,mild,cascade,1,0.8814048093479238,0.924127785028734,0.9309254884719849,False
NA3_LAG50_006,NA3_LAG50,3,50,3,5,mild,unrelated,0,0.9770975199093315,0.9759015164381308,0.9442282915115356,
NA3_LAG50_006,NA3_LAG50,3,50,3,6,mild,root,1,0.6550928840381959,0.02991799803657337,0.9473066329956055,True
NA3_LAG50_006,NA3_LAG50,3,50,4,5,cascade,unrelated,0,0.9488177067412212,0.975342775855952,0.983247697353363,
NA3_LAG50_006,NA3_LAG50,3,50,4,6,cascade,root,1,0.361457823418133,0.00038336966542775955,0.829317569732666,False
NA3_LAG50_006,NA3_LAG50,3,50,5,6,unrelated,root,0,0.5735935480354816,0.012337212048863339,0.8343596458435059,
NA3_LAG50_007,NA3_LAG50,3,50,1,2,unrelated,unrelated,0,0.9952744088790076,0.9950761906314514,0.9959150552749634,
NA3_LAG50_007,NA3_LAG50,3,50,1,3,unrelated,cascade,0,0.7106024076953644,0.5308826229869057,0.812286913394928,
NA3_LAG50_007,NA3_LAG50,3,50,1,4,unrelated,root,0,0.958796010348765,0.9969829007219266,0.9889253973960876,
NA3_LAG50_007,NA3_LAG50,3,50,1,5,unrelated,mild,0,0.9883797486465243,0.9856505199032741,0.9860872626304626,
NA3_LAG50_007,NA3_LAG50,3,50,1,6,unrelated,cascade,0,0.9477729483965917,0.9737162591335485,0.9961921572685242,
NA3_LAG50_007,NA3_LAG50,3,50,2,3,unrelated,cascade,0,0.7082416094562061,0.5301755077441116,0.8154441118240356,
NA3_LAG50_007,NA3_LAG50,3,50,2,4,unrelated,root,0,0.9594681022230372,0.9972659246726333,0.991550624370575,
NA3_LAG50_007,NA3_LAG50,3,50,2,5,unrelated,mild,0,0.9876901701117385,0.9849183530667365,0.9868157505989075,
NA3_LAG50_007,NA3_LAG50,3,50,2,6,unrelated,cascade,0,0.9484782558206153,0.9735064876637677,0.9954546689987183,
NA3_LAG50_007,NA3_LAG50,3,50,3,4,cascade,root,1,0.5413223058348983,0.5304656703356813,0.7998824119567871,False
NA3_LAG50_007,NA3_LAG50,3,50,3,5,cascade,mild,1,0.7201348545071686,0.5315212572524409,0.8163453936576843,False
NA3_LAG50_007,NA3_LAG50,3,50,3,6,cascade,cascade,1,0.46174223392970104,0.3415374603399893,0.8028368353843689,False
NA3_LAG50_007,NA3_LAG50,3,50,4,5,root,mild,1,0.9462123562493666,0.9865405787598353,0.9672926664352417,False
NA3_LAG50_007,NA3_LAG50,3,50,4,6,root,cascade,1,0.9752865641518562,0.9754724269321853,0.9901914596557617,True
NA3_LAG50_007,NA3_LAG50,3,50,5,6,mild,cascade,1,0.9341525177912631,0.9620549056760823,0.9849187731742859,False
NA3_LAG50_008,NA3_LAG50,3,50,1,2,mild,unrelated,0,0.9438776063435935,0.919964593597598,0.9667910933494568,
NA3_LAG50_008,NA3_LAG50,3,50,1,3,mild,mild,1,0.9938372058674735,0.9931377382529859,0.9974605441093445,True
NA3_LAG50_008,NA3_LAG50,3,50,1,4,mild,mild,1,0.9936637151142503,0.9923048207992063,0.9913131594657898,True
NA3_LAG50_008,NA3_LAG50,3,50,1,5,mild,unrelated,0,0.9458397142709417,0.922549156123581,0.9670113921165466,
NA3_LAG50_008,NA3_LAG50,3,50,1,6,mild,root,1,0.6300668526972959,0.4159504552088374,0.9469586610794067,True
NA3_LAG50_008,NA3_LAG50,3,50,2,3,unrelated,mild,0,0.9428709477394963,0.9182026291847517,0.9687279462814331,
NA3_LAG50_008,NA3_LAG50,3,50,2,4,unrelated,mild,0,0.9436458683869073,0.919425498227542,0.9546139240264893,
NA3_LAG50_008,NA3_LAG50,3,50,2,5,unrelated,unrelated,0,0.995587662861665,0.9959364872341958,0.9972319602966309,
NA3_LAG50_008,NA3_LAG50,3,50,2,6,unrelated,root,0,0.40973783862245255,0.12193611125784973,0.97909015417099,
NA3_LAG50_008,NA3_LAG50,3,50,3,4,mild,mild,1,0.9936703700483897,0.9929152881120271,0.9923880100250244,True
NA3_LAG50_008,NA3_LAG50,3,50,3,5,mild,unrelated,0,0.9445356064994083,0.920255752725256,0.9677377939224243,
NA3_LAG50_008,NA3_LAG50,3,50,3,6,mild,root,1,0.6325799081856096,0.42453797012932326,0.9506247639656067,True
NA3_LAG50_008,NA3_LAG50,3,50,4,5,mild,unrelated,0,0.945027332773255,0.9208569562740501,0.9568900465965271,
NA3_LAG50_008,NA3_LAG50,3,50,4,6,mild,root,1,0.6269594990285152,0.41450017055931426,0.9208550453186035,True
NA3_LAG50_008,NA3_LAG50,3,50,5,6,unrelated,root,0,0.41060433372803035,0.1194351192997085,0.9699205160140991,
NA3_LAG50_009,NA3_LAG50,3,50,1,2,mild,mild,1,0.9668902736277504,0.951663934412762,0.9878638386726379,False
NA3_LAG50_009,NA3_LAG50,3,50,1,3,mild,cascade,1,0.9154964754760404,0.8124530279148288,0.9689561724662781,False
NA3_LAG50_009,NA3_LAG50,3,50,1,4,mild,root,1,0.7344556056655345,0.11827578040348252,0.9151729345321655,False
NA3_LAG50_009,NA3_LAG50,3,50,1,5,mild,unrelated,0,0.9049396478353826,0.8855118244681903,0.890230655670166,
NA3_LAG50_009,NA3_LAG50,3,50,1,6,mild,unrelated,0,0.9085307379282304,0.8870807918474582,0.8990689516067505,
NA3_LAG50_009,NA3_LAG50,3,50,2,3,mild,cascade,1,0.8239691792720004,0.6684698031525635,0.9666799306869507,True
NA3_LAG50_009,NA3_LAG50,3,50,2,4,mild,root,1,0.6553121725651945,0.14245937233453948,0.9220016002655029,True
NA3_LAG50_009,NA3_LAG50,3,50,2,5,mild,unrelated,0,0.9751279884033625,0.9760740963449402,0.8932981491088867,
NA3_LAG50_009,NA3_LAG50,3,50,2,6,mild,unrelated,0,0.9761096429240917,0.9750127321859762,0.8914040327072144,
NA3_LAG50_009,NA3_LAG50,3,50,3,4,cascade,root,1,0.8257111073767409,0.04469157493699519,0.9053153991699219,True
NA3_LAG50_009,NA3_LAG50,3,50,3,5,cascade,unrelated,0,0.7099623609461082,0.5414942879280705,0.8328375220298767,
NA3_LAG50_009,NA3_LAG50,3,50,3,6,cascade,unrelated,0,0.7163485954608083,0.545023662154642,0.837889552116394,
NA3_LAG50_009,NA3_LAG50,3,50,4,5,root,unrelated,0,0.55407695995551,0.1425926013900167,0.7681499123573303,
NA3_LAG50_009,NA3_LAG50,3,50,4,6,root,unrelated,0,0.5631277497368368,0.14875413162902068,0.7664963006973267,
NA3_LAG50_009,NA3_LAG50,3,50,5,6,unrelated,unrelated,0,0.9944634742248084,0.9942561520477692,0.9954028129577637,
NA3_LAG50_010,NA3_LAG50,3,50,1,2,root,unrelated,0,0.5693476335034822,0.03367923541098452,0.8521066308021545,
NA3_LAG50_010,NA3_LAG50,3,50,1,3,root,unrelated,0,0.5654147417815856,0.03896647497293377,0.8598219156265259,
NA3_LAG50_010,NA3_LAG50,3,50,1,4,root,cascade,1,0.818878858507761,0.025821802402461482,0.9639689326286316,True
NA3_LAG50_010,NA3_LAG50,3,50,1,5,root,mild,1,0.6559201477691403,0.03015349187085308,0.9541322588920593,True
NA3_LAG50_010,NA3_LAG50,3,50,1,6,root,mild,1,0.6312389501629612,0.02320681793882219,0.8950240015983582,False
NA3_LAG50_010,NA3_LAG50,3,50,2,3,unrelated,unrelated,0,0.9939269621740263,0.9942002397143752,0.9973720908164978,
NA3_LAG50_010,NA3_LAG50,3,50,2,4,unrelated,cascade,0,0.7248273975553843,0.5640270300989797,0.84626704454422,
NA3_LAG50_010,NA3_LAG50,3,50,2,5,unrelated,mild,0,0.9776860211440312,0.9775462109158704,0.8925706148147583,
NA3_LAG50_010,NA3_LAG50,3,50,2,6,unrelated,mild,0,0.9483892993520899,0.9255493341418937,0.9909325838088989,
NA3_LAG50_010,NA3_LAG50,3,50,3,4,unrelated,cascade,0,0.7176580235674103,0.5557432660533308,0.8524355292320251,
NA3_LAG50_010,NA3_LAG50,3,50,3,5,unrelated,mild,0,0.9760648698658524,0.9761099339127565,0.8972427845001221,
NA3_LAG50_010,NA3_LAG50,3,50,3,6,unrelated,mild,0,0.9455104227383011,0.9227026842083661,0.9906870722770691,
NA3_LAG50_010,NA3_LAG50,3,50,4,5,cascade,mild,1,0.8249564948383651,0.6762087232267983,0.9716858267784119,True
NA3_LAG50_010,NA3_LAG50,3,50,4,6,cascade,mild,1,0.7900204554450582,0.6259981008627149,0.8961647152900696,False
NA3_LAG50_010,NA3_LAG50,3,50,5,6,mild,mild,1,0.962053459251207,0.9389307193755702,0.9314031004905701,False
NA3_LAG50_011,NA3_LAG50,3,50,1,2,unrelated,cascade,0,0.7173961801941765,0.551190521415185,0.8446905016899109,
NA3_LAG50_011,NA3_LAG50,3,50,1,3,unrelated,mild,0,0.9776990159980339,0.9778997467948961,0.9598236680030823,
NA3_LAG50_011,NA3_LAG50,3,50,1,4,unrelated,cascade,0,0.0006746281796350545,0.5600490917335474,0.8052548766136169,
NA3_LAG50_011,NA3_LAG50,3,50,1,5,unrelated,root,0,0.5774392930231749,0.1101297542957322,0.8850701451301575,
NA3_LAG50_011,NA3_LAG50,3,50,1,6,unrelated,unrelated,0,0.9948276864351212,0.9947229079025656,0.9855485558509827,
NA3_LAG50_011,NA3_LAG50,3,50,2,3,cascade,mild,1,0.8230051368319874,0.6730576698792491,0.9389816522598267,True
NA3_LAG50_011,NA3_LAG50,3,50,2,4,cascade,cascade,1,0.6847032470999274,0.3630470320800486,0.967498779296875,False
NA3_LAG50_011,NA3_LAG50,3,50,2,5,cascade,root,1,0.819713870105016,0.02697258097614382,0.7784675359725952,True
NA3_LAG50_011,NA3_LAG50,3,50,2,6,cascade,unrelated,0,0.7172719834975178,0.552554834531438,0.8217155337333679,
NA3_LAG50_011,NA3_LAG50,3,50,3,4,mild,cascade,1,0.16835993586943934,0.4216934087424375,0.9032409191131592,False
NA3_LAG50_011,NA3_LAG50,3,50,3,5,mild,root,1,0.6663672474517289,0.114708899006986,0.9001731276512146,True
NA3_LAG50_011,NA3_LAG50,3,50,3,6,mild,unrelated,0,0.977958578746732,0.9782613960377926,0.9553389549255371,
NA3_LAG50_011,NA3_LAG50,3,50,4,5,cascade,root,1,0.5927803335433903,0.09920138896588762,0.7394210696220398,False
NA3_LAG50_011,NA3_LAG50,3,50,4,6,cascade,unrelated,0,0.000561958039326208,0.5568798039875237,0.7885531783103943,
NA3_LAG50_011,NA3_LAG50,3,50,5,6,root,unrelated,0,0.5781618819495977,0.1183845679169929,0.9216639995574951,
NA3_LAG50_012,NA3_LAG50,3,50,1,2,mild,cascade,1,0.9818394733102773,0.9773828101879491,0.9926922917366028,False
NA3_LAG50_012,NA3_LAG50,3,50,1,3,mild,root,1,0.9781289075193859,0.9724214160928373,0.9894177913665771,False
NA3_LAG50_012,NA3_LAG50,3,50,1,4,mild,unrelated,0,0.9465941319363549,0.9248854007572607,0.9901036024093628,
NA3_LAG50_012,NA3_LAG50,3,50,1,5,mild,mild,1,0.9394083704488569,0.9070690581829242,0.9235661625862122,False
NA3_LAG50_012,NA3_LAG50,3,50,1,6,mild,unrelated,0,0.9498996456426583,0.9298609895203865,0.9868798851966858,
NA3_LAG50_012,NA3_LAG50,3,50,2,3,cascade,root,1,0.9873555990703592,0.9830311521416816,0.9955312013626099,True
NA3_LAG50_012,NA3_LAG50,3,50,2,4,cascade,unrelated,0,0.9483608082204371,0.9247667394509655,0.9843509197235107,
NA3_LAG50_012,NA3_LAG50,3,50,2,5,cascade,mild,1,0.8942183684726563,0.8522778530270303,0.8948003649711609,False
NA3_LAG50_012,NA3_LAG50,3,50,2,6,cascade,unrelated,0,0.9512758066324926,0.9291842948553033,0.9798035025596619,
NA3_LAG50_012,NA3_LAG50,3,50,3,4,root,unrelated,0,0.9196756874891622,0.8816960867788515,0.9803293347358704,
NA3_LAG50_012,NA3_LAG50,3,50,3,5,root,mild,1,0.8800077395967472,0.8287530801975971,0.8824233412742615,False
NA3_LAG50_012,NA3_LAG50,3,50,3,6,root,unrelated,0,0.9227312979281637,0.8869039687197742,0.9755463600158691,
NA3_LAG50_012,NA3_LAG50,3,50,4,5,unrelated,mild,0,0.901975851752779,0.8789549895918387,0.9071301817893982,
NA3_LAG50_012,NA3_LAG50,3,50,4,6,unrelated,unrelated,0,0.9944809514335651,0.9944759524884922,0.9955175518989563,
NA3_LAG50_012,NA3_LAG50,3,50,5,6,mild,unrelated,0,0.9041876572151495,0.8818349047521303,0.9062519073486328,
NA3_LAG50_013,NA3_LAG50,3,50,1,2,root,mild,1,0.9528063487335057,0.9317871554947357,0.9935393929481506,False
NA3_LAG50_013,NA3_LAG50,3,50,1,3,root,cascade,1,0.7678673406759249,0.7367541478126851,0.9578896164894104,False
NA3_LAG50_013,NA3_LAG50,3,50,1,4,root,unrelated,0,0.8476915911524062,0.7737331173768687,0.9916636943817139,
NA3_LAG50_013,NA3_LAG50,3,50,1,5,root,unrelated,0,0.8453282161532601,0.7691910803085442,0.9920971989631653,
NA3_LAG50_013,NA3_LAG50,3,50,1,6,root,mild,1,0.8385208721955647,0.7543427048881667,0.8817889094352722,False
NA3_LAG50_013,NA3_LAG50,3,50,2,3,mild,cascade,1,0.8567714854166645,0.8766327333534618,0.9715830683708191,False
NA3_LAG50_013,NA3_LAG50,3,50,2,4,mild,unrelated,0,0.9469482528573976,0.9244906678321025,0.9920447468757629,
NA3_LAG50_013,NA3_LAG50,3,50,2,5,mild,unrelated,0,0.9465113288608299,0.9229529323589452,0.9904298782348633,
NA3_LAG50_013,NA3_LAG50,3,50,2,6,mild,mild,1,0.9334863731545965,0.899868797759633,0.8814789652824402,False
NA3_LAG50_013,NA3_LAG50,3,50,3,4,cascade,unrelated,0,0.950447313197986,0.9755272578618385,0.9804288148880005,
NA3_LAG50_013,NA3_LAG50,3,50,3,5,cascade,unrelated,0,0.9490055961143047,0.9752008332243258,0.9747134447097778,
NA3_LAG50_013,NA3_LAG50,3,50,3,6,cascade,mild,1,0.7457862347489402,0.7785022677841632,0.8692525625228882,False
NA3_LAG50_013,NA3_LAG50,3,50,4,5,unrelated,unrelated,0,0.995269651970294,0.9954647270131008,0.9981566071510315,
NA3_LAG50_013,NA3_LAG50,3,50,4,6,unrelated,mild,0,0.9038373653652357,0.8810416471524334,0.8882340788841248,
NA3_LAG50_013,NA3_LAG50,3,50,5,6,unrelated,mild,0,0.9055868034502151,0.8815607111748237,0.885751485824585,
NA3_LAG50_014,NA3_LAG50,3,50,1,2,cascade,cascade,1,0.9957218479938428,0.9958941679782921,0.9692100286483765,True
NA3_LAG50_014,NA3_LAG50,3,50,1,3,cascade,unrelated,0,0.5876929651599353,0.38092880136027285,0.9244186282157898,
NA3_LAG50_014,NA3_LAG50,3,50,1,4,cascade,unrelated,0,0.5809083786316797,0.3718417807424677,0.8957735896110535,
NA3_LAG50_014,NA3_LAG50,3,50,1,5,cascade,root,1,0.873018121515802,0.8113544941623958,0.9813571572303772,True
NA3_LAG50_014,NA3_LAG50,3,50,1,6,cascade,mild,1,0.6494175223054384,0.46822042754431126,0.9212861061096191,False
NA3_LAG50_014,NA3_LAG50,3,50,2,3,cascade,unrelated,0,0.591134868722119,0.38437546652134696,0.9293811917304993,
NA3_LAG50_014,NA3_LAG50,3,50,2,4,cascade,unrelated,0,0.5842061085446659,0.3748481316685475,0.9168700575828552,
NA3_LAG50_014,NA3_LAG50,3,50,2,5,cascade,root,1,0.8765438635838592,0.8160821328040575,0.9693892002105713,True
NA3_LAG50_014,NA3_LAG50,3,50,2,6,cascade,mild,1,0.6531915795208172,0.4724056648872562,0.9293418526649475,False
NA3_LAG50_014,NA3_LAG50,3,50,3,4,unrelated,unrelated,0,0.9952194729509111,0.9953980822078016,0.9917570352554321,
NA3_LAG50_014,NA3_LAG50,3,50,3,5,unrelated,root,0,0.4217511701629867,0.13139270293466992,0.9570785760879517,
NA3_LAG50_014,NA3_LAG50,3,50,3,6,unrelated,mild,0,0.9897597143839915,0.9872551360410393,0.996633768081665,
NA3_LAG50_014,NA3_LAG50,3,50,4,5,unrelated,root,0,0.4127772704891024,0.11936261611761813,0.9301255345344543,
NA3_LAG50_014,NA3_LAG50,3,50,4,6,unrelated,mild,0,0.9890621722635144,0.986206673764258,0.9919608235359192,
NA3_LAG50_014,NA3_LAG50,3,50,5,6,root,mild,1,0.4806826239053515,0.21262345845115269,0.9543889760971069,False
NA3_LAG50_015,NA3_LAG50,3,50,1,2,unrelated,mild,0,0.9915837134134378,0.9901331363350393,0.9922559857368469,
NA3_LAG50_015,NA3_LAG50,3,50,1,3,unrelated,root,0,0.8755587571567154,0.8143307353858427,0.9902175068855286,
NA3_LAG50_015,NA3_LAG50,3,50,1,4,unrelated,unrelated,0,0.9943182173080436,0.9941497893171584,0.9969454407691956,
NA3_LAG50_015,NA3_LAG50,3,50,1,5,unrelated,cascade,0,0.9550792979269249,0.9349668518035886,0.9947832822799683,
NA3_LAG50_015,NA3_LAG50,3,50,1,6,unrelated,mild,0,0.986300187989475,0.9890768431851874,0.9940506815910339,
NA3_LAG50_015,NA3_LAG50,3,50,2,3,mild,root,1,0.9059652139242762,0.8595035929449603,0.9944433569908142,True
NA3_LAG50_015,NA3_LAG50,3,50,2,4,mild,unrelated,0,0.9920930604843861,0.9904807003276332,0.9963019490242004,
NA3_LAG50_015,NA3_LAG50,3,50,2,5,mild,cascade,1,0.9725391629578097,0.96114039328511,0.9963610768318176,True
NA3_LAG50_015,NA3_LAG50,3,50,2,6,mild,mild,1,0.98166860437355,0.9837387221070346,0.9930750131607056,False
NA3_LAG50_015,NA3_LAG50,3,50,3,4,root,unrelated,0,0.873657704646014,0.8113582996753851,0.9917877316474915,
NA3_LAG50_015,NA3_LAG50,3,50,3,5,root,cascade,1,0.9690782846108169,0.955322533438639,0.9966214895248413,True
NA3_LAG50_015,NA3_LAG50,3,50,3,6,root,mild,1,0.8475345964792544,0.7930370675761761,0.9885327219963074,False
NA3_LAG50_015,NA3_LAG50,3,50,4,5,unrelated,cascade,0,0.9542716548446003,0.9330650652317245,0.9956763982772827,
NA3_LAG50_015,NA3_LAG50,3,50,4,6,unrelated,mild,0,0.9862239701693616,0.9888463679191354,0.9967527389526367,
NA3_LAG50_015,NA3_LAG50,3,50,5,6,cascade,mild,1,0.9376927408366773,0.9216692417590817,0.9930813312530518,False
NA3_LAG50_016,NA3_LAG50,3,50,1,2,cascade,unrelated,0,0.9485375864753657,0.9742063693229651,0.9907401204109192,
NA3_LAG50_016,NA3_LAG50,3,50,1,3,cascade,unrelated,0,0.9491358361581038,0.9736508998097619,0.9881367683410645,
NA3_LAG50_016,NA3_LAG50,3,50,1,4,cascade,cascade,1,0.4753920526994655,0.36579142361279066,0.8087383508682251,False
NA3_LAG50_016,NA3_LAG50,3,50,1,5,cascade,root,1,0.36458555171310225,0.010973866640533023,0.8596890568733215,False
NA3_LAG50_016,NA3_LAG50,3,50,1,6,cascade,cascade,1,0.298862643416637,0.7147822496880395,0.7965998649597168,False
NA3_LAG50_016,NA3_LAG50,3,50,2,3,unrelated,unrelated,0,0.99514182934338,0.9950604980571779,0.9974466562271118,
NA3_LAG50_016,NA3_LAG50,3,50,2,4,unrelated,cascade,0,0.7191506005738612,0.5513274933380028,0.8253600001335144,
NA3_LAG50_016,NA3_LAG50,3,50,2,5,unrelated,root,0,0.573778706611911,0.0006937914773844041,0.8608698844909668,
NA3_LAG50_016,NA3_LAG50,3,50,2,6,unrelated,cascade,0,0.00602152379785269,0.5520389176274941,0.8045889735221863,
NA3_LAG50_016,NA3_LAG50,3,50,3,4,unrelated,cascade,0,0.7185950844825275,0.5534710965614418,0.8305690884590149,
NA3_LAG50_016,NA3_LAG50,3,50,3,5,unrelated,root,0,0.5722306062710775,0.0014313900353233708,0.8578453063964844,
NA3_LAG50_016,NA3_LAG50,3,50,3,6,unrelated,cascade,0,0.00546096109833777,0.5500602079267466,0.8104708790779114,
NA3_LAG50_016,NA3_LAG50,3,50,4,5,cascade,root,1,0.827366192533983,0.024781388326136283,0.8962180018424988,True
NA3_LAG50_016,NA3_LAG50,3,50,4,6,cascade,cascade,1,0.6879905402773894,0.3731319064964673,0.973076343536377,False
NA3_LAG50_016,NA3_LAG50,3,50,5,6,root,cascade,1,0.6018466445312188,0.017178673922974157,0.9058664441108704,False
NA3_LAG50_017,NA3_LAG50,3,50,1,2,root,mild,1,0.8859126883130514,0.8485134782033523,0.9660935997962952,False
NA3_LAG50_017,NA3_LAG50,3,50,1,3,root,unrelated,0,0.912248602805709,0.8696362353005953,0.9680953621864319,
NA3_LAG50_017,NA3_LAG50,3,50,1,4,root,unrelated,0,0.9095910437787476,0.8665719904727379,0.9615380764007568,
NA3_LAG50_017,NA3_LAG50,3,50,1,5,root,mild,1,0.935234870842806,0.9043736060894495,0.9912877082824707,True
NA3_LAG50_017,NA3_LAG50,3,50,1,6,root,mild,1,0.8858218902937441,0.8491190145343205,0.9571194052696228,False
NA3_LAG50_017,NA3_LAG50,3,50,2,3,mild,unrelated,0,0.9864761782585006,0.989863126432028,0.993622899055481,
NA3_LAG50_017,NA3_LAG50,3,50,2,4,mild,unrelated,0,0.986819621413215,0.989498581233646,0.9922061562538147,
NA3_LAG50_017,NA3_LAG50,3,50,2,5,mild,mild,1,0.9820580128950447,0.9848054735250842,0.979765772819519,False
NA3_LAG50_017,NA3_LAG50,3,50,2,6,mild,mild,1,0.9965686559215001,0.9969054756262097,0.9969234466552734,True
NA3_LAG50_017,NA3_LAG50,3,50,3,4,unrelated,unrelated,0,0.9956607364825111,0.9958668830090955,0.9980626702308655,
NA3_LAG50_017,NA3_LAG50,3,50,3,5,unrelated,mild,0,0.9925832544977673,0.9917587280929272,0.9876651763916016,
NA3_LAG50_017,NA3_LAG50,3,50,3,6,unrelated,mild,0,0.9861394438783252,0.9898967951833199,0.9954660534858704,
NA3_LAG50_017,NA3_LAG50,3,50,4,5,unrelated,mild,0,0.9929139820159438,0.9918625461264902,0.9826638698577881,
NA3_LAG50_017,NA3_LAG50,3,50,4,6,unrelated,mild,0,0.9870442354915432,0.989998403928527,0.9944745898246765,
NA3_LAG50_017,NA3_LAG50,3,50,5,6,mild,mild,1,0.9815293168075606,0.9840671684971863,0.9770612716674805,False
NA3_LAG50_018,NA3_LAG50,3,50,1,2,cascade,unrelated,0,0.9393096632793398,0.9096521937764269,0.9831839799880981,
NA3_LAG50_018,NA3_LAG50,3,50,1,3,cascade,unrelated,0,0.936177695226114,0.9054443171300252,0.9908410310745239,
NA3_LAG50_018,NA3_LAG50,3,50,1,4,cascade,cascade,1,0.8750698481691934,0.8812777059576693,0.9630793333053589,False
NA3_LAG50_018,NA3_LAG50,3,50,1,5,cascade,cascade,1,0.9927849193937598,0.9913774733054816,0.9974564909934998,True
NA3_LAG50_018,NA3_LAG50,3,50,1,6,cascade,root,1,0.9917692010044963,0.9898555354473811,0.9969749450683594,True
NA3_LAG50_018,NA3_LAG50,3,50,2,3,unrelated,unrelated,0,0.9955597131537989,0.9954407628689812,0.9964320659637451,
NA3_LAG50_018,NA3_LAG50,3,50,2,4,unrelated,cascade,0,0.9481775330935395,0.9744899132479073,0.978615939617157,
NA3_LAG50_018,NA3_LAG50,3,50,2,5,unrelated,cascade,0,0.958149545190656,0.9392141954769138,0.9840347766876221,
NA3_LAG50_018,NA3_LAG50,3,50,2,6,unrelated,root,0,0.9481743051449261,0.9244905949261724,0.986672580242157,
NA3_LAG50_018,NA3_LAG50,3,50,3,4,unrelated,cascade,0,0.9496507524573269,0.9738358786125764,0.9714862704277039,
NA3_LAG50_018,NA3_LAG50,3,50,3,5,unrelated,cascade,0,0.955970573414134,0.936405828833544,0.9914059042930603,
NA3_LAG50_018,NA3_LAG50,3,50,3,6,unrelated,root,0,0.9448763209395477,0.9198855085149465,0.9928069710731506,
NA3_LAG50_018,NA3_LAG50,3,50,4,5,cascade,cascade,1,0.9018796540106464,0.9133812942927486,0.9612413644790649,False
NA3_LAG50_018,NA3_LAG50,3,50,4,6,cascade,root,1,0.8896220730103137,0.8968700860418851,0.9712893962860107,False
NA3_LAG50_018,NA3_LAG50,3,50,5,6,cascade,root,1,0.9916050200548138,0.9900958272576749,0.9946568608283997,True
NA3_LAG50_019,NA3_LAG50,3,50,1,2,root,mild,1,0.8923458268436094,0.8381297465569789,0.988676905632019,True
NA3_LAG50_019,NA3_LAG50,3,50,1,3,root,unrelated,0,0.8298707267948663,0.7463761963006371,0.9951667189598083,
NA3_LAG50_019,NA3_LAG50,3,50,1,4,root,cascade,1,0.968038556867873,0.9538997977151339,0.9953114986419678,True
NA3_LAG50_019,NA3_LAG50,3,50,1,5,root,unrelated,0,0.8317626113054584,0.748253514430157,0.9917437434196472,
NA3_LAG50_019,NA3_LAG50,3,50,1,6,root,mild,1,0.8841603245759289,0.8279294307157777,0.9956651329994202,True
NA3_LAG50_019,NA3_LAG50,3,50,2,3,mild,unrelated,0,0.9858539333574333,0.9819215611380094,0.9898326396942139,
NA3_LAG50_019,NA3_LAG50,3,50,2,4,mild,cascade,1,0.9637137346075498,0.9465930835843819,0.9960386753082275,True
NA3_LAG50_019,NA3_LAG50,3,50,2,5,mild,unrelated,0,0.9868460333612735,0.9826457225882164,0.9863775968551636,
NA3_LAG50_019,NA3_LAG50,3,50,2,6,mild,mild,1,0.9940821561298714,0.9936218568188389,0.9894273281097412,True
NA3_LAG50_019,NA3_LAG50,3,50,3,4,unrelated,cascade,0,0.9223697641600119,0.8858090010427284,0.9953149557113647,
NA3_LAG50_019,NA3_LAG50,3,50,3,5,unrelated,unrelated,0,0.9948564210235145,0.9948809713617125,0.9967291355133057,
NA3_LAG50_019,NA3_LAG50,3,50,3,6,unrelated,mild,0,0.9882812926946306,0.9845753424341238,0.9970743060112,
NA3_LAG50_019,NA3_LAG50,3,50,4,5,cascade,unrelated,0,0.9232332107022955,0.8865985924044265,0.9922472834587097,
NA3_LAG50_019,NA3_LAG50,3,50,4,6,cascade,mild,1,0.9601195558162398,0.9423489623601817,0.9947644472122192,True
NA3_LAG50_019,NA3_LAG50,3,50,5,6,unrelated,mild,0,0.9891232876368568,0.9854387906926403,0.9964954257011414,
NA3_LAG50_020,NA3_LAG50,3,50,1,2,unrelated,cascade,0,0.9330399731480851,0.9025654868183629,0.9921430349349976,
NA3_LAG50_020,NA3_LAG50,3,50,1,3,unrelated,unrelated,0,0.9950374446939818,0.9951083831202114,0.9760105013847351,
NA3_LAG50_020,NA3_LAG50,3,50,1,4,unrelated,mild,0,0.9050609615226065,0.8823714891908174,0.8899982571601868,
NA3_LAG50_020,NA3_LAG50,3,50,1,5,unrelated,root,0,0.33865147678470103,0.9949728347128699,0.7928942441940308,
NA3_LAG50_020,NA3_LAG50,3,50,1,6,unrelated,cascade,0,0.007249110579142774,0.5516171390364548,0.7959617376327515,
NA3_LAG50_020,NA3_LAG50,3,50,2,3,cascade,unrelated,0,0.9336539673094171,0.9033967981593701,0.9579015970230103,
NA3_LAG50_020,NA3_LAG50,3,50,2,4,cascade,mild,1,0.8772520818753086,0.8281206557007003,0.8753514289855957,False
NA3_LAG50_020,NA3_LAG50,3,50,2,5,cascade,root,1,0.2723179564235119,0.8990488813902546,0.770820140838623,False
NA3_LAG50_020,NA3_LAG50,3,50,2,6,cascade,cascade,1,0.06124717133824444,0.47270221992736405,0.7745928764343262,False
NA3_LAG50_020,NA3_LAG50,3,50,3,4,unrelated,mild,0,0.9053063069793514,0.8804283757349938,0.8709713816642761,
NA3_LAG50_020,NA3_LAG50,3,50,3,5,unrelated,root,0,0.33390927145896343,0.995920981736411,0.7587531805038452,
NA3_LAG50_020,NA3_LAG50,3,50,3,6,unrelated,cascade,0,0.005507377322755392,0.5585936469275756,0.7621694207191467,
NA3_LAG50_020,NA3_LAG50,3,50,4,5,mild,root,1,0.04651977762522689,0.8788711481069281,0.9501932859420776,True
NA3_LAG50_020,NA3_LAG50,3,50,4,6,mild,cascade,1,0.39345381637419474,0.15208342868567795,0.9481832981109619,True
NA3_LAG50_020,NA3_LAG50,3,50,5,6,root,cascade,1,0.694976898642521,0.5585695379069876,0.9964097142219543,True
NA3_LAG50_021,NA3_LAG50,3,50,1,2,cascade,mild,1,0.383137830808633,0.16540244516929753,0.9374789595603943,True
NA3_LAG50_021,NA3_LAG50,3,50,1,3,cascade,root,1,0.6995582798406763,0.5618855966889765,0.9962403178215027,True
NA3_LAG50_021,NA3_LAG50,3,50,1,4,cascade,unrelated,0,0.004532864795110402,0.561352290283827,0.7910388708114624,
NA3_LAG50_021,NA3_LAG50,3,50,1,5,cascade,mild,1,0.3921650271868987,0.1520901436587988,0.9394827485084534,True
NA3_LAG50_021,NA3_LAG50,3,50,1,6,cascade,unrelated,0,0.007357807397946439,0.5563712604152921,0.811016857624054,
NA3_LAG50_021,NA3_LAG50,3,50,2,3,mild,root,1,0.04006969292807099,0.8813361695383534,0.9280089139938354,True
NA3_LAG50_021,NA3_LAG50,3,50,2,4,mild,unrelated,0,0.9032658965306155,0.8808011178757609,0.8784324526786804,
NA3_LAG50_021,NA3_LAG50,3,50,2,5,mild,mild,1,0.9915072565629962,0.9866599193522919,0.9955751299858093,True
NA3_LAG50_021,NA3_LAG50,3,50,2,6,mild,unrelated,0,0.9001316582248442,0.8791172226810096,0.8882339000701904,
NA3_LAG50_021,NA3_LAG50,3,50,3,4,root,unrelated,0,0.3370580009630269,0.9956035840305296,0.7717882990837097,
NA3_LAG50_021,NA3_LAG50,3,50,3,5,root,mild,1,0.035371551259741486,0.881056014432231,0.9296814799308777,True
NA3_LAG50_021,NA3_LAG50,3,50,3,6,root,unrelated,0,0.3434533400222061,0.9953057958410844,0.7909569144248962,
NA3_LAG50_021,NA3_LAG50,3,50,4,5,unrelated,mild,0,0.9027381487024102,0.8810436134821898,0.8745161294937134,
NA3_LAG50_021,NA3_LAG50,3,50,4,6,unrelated,unrelated,0,0.9948625757306626,0.9951806287887471,0.9963761568069458,
NA3_LAG50_021,NA3_LAG50,3,50,5,6,mild,unrelated,0,0.8998246861333692,0.8799664237659219,0.8885687589645386,
NA3_LAG50_022,NA3_LAG50,3,50,1,2,unrelated,unrelated,0,0.9956637191693237,0.9956360094974609,0.9938892126083374,
NA3_LAG50_022,NA3_LAG50,3,50,1,3,unrelated,mild,0,0.9907622210314304,0.9885124749715515,0.9901198148727417,
NA3_LAG50_022,NA3_LAG50,3,50,1,4,unrelated,root,0,0.330446441282507,0.9953277176272787,0.7894055247306824,
NA3_LAG50_022,NA3_LAG50,3,50,1,5,unrelated,mild,0,0.9051444539621397,0.8822031110493366,0.8953827619552612,
NA3_LAG50_022,NA3_LAG50,3,50,1,6,unrelated,cascade,0,0.9492021507549159,0.9743126940091887,0.9860575199127197,
NA3_LAG50_022,NA3_LAG50,3,50,2,3,unrelated,mild,0,0.9907982585782764,0.9889236762490945,0.9911790490150452,
NA3_LAG50_022,NA3_LAG50,3,50,2,4,unrelated,root,0,0.33826886226572833,0.9954249245740999,0.7818813323974609,
NA3_LAG50_022,NA3_LAG50,3,50,2,5,unrelated,mild,0,0.9004409546901931,0.8787176919719133,0.8929264545440674,
NA3_LAG50_022,NA3_LAG50,3,50,2,6,unrelated,cascade,0,0.9518118090846961,0.9751021283941869,0.9853852987289429,
NA3_LAG50_022,NA3_LAG50,3,50,3,4,mild,root,1,0.31527050982036636,0.9890448408770516,0.7860199213027954,False
NA3_LAG50_022,NA3_LAG50,3,50,3,5,mild,mild,1,0.9091893302624712,0.8828740743892685,0.8899673819541931,False
NA3_LAG50_022,NA3_LAG50,3,50,3,6,mild,cascade,1,0.9399810155583656,0.966180811121034,0.990205705165863,False
NA3_LAG50_022,NA3_LAG50,3,50,4,5,root,mild,1,0.03962781982637294,0.8833757009747103,0.9466739296913147,True
NA3_LAG50_022,NA3_LAG50,3,50,4,6,root,cascade,1,0.5272175775084111,0.9750989456556616,0.7664735913276672,False
NA3_LAG50_022,NA3_LAG50,3,50,5,6,mild,cascade,1,0.7450664928653155,0.7775868973078942,0.878320038318634,False
NA3_LAG50_023,NA3_LAG50,3,50,1,2,unrelated,mild,0,0.9898798711722346,0.9867208069136927,0.9844857454299927,
NA3_LAG50_023,NA3_LAG50,3,50,1,3,unrelated,root,0,0.3256895838664399,0.995232540670418,0.8103563189506531,
NA3_LAG50_023,NA3_LAG50,3,50,1,4,unrelated,mild,0,0.9032277246366905,0.8765973565605928,0.8905588388442993,
NA3_LAG50_023,NA3_LAG50,3,50,1,5,unrelated,unrelated,0,0.995279819078215,0.9951252815684226,0.9884852170944214,
NA3_LAG50_023,NA3_LAG50,3,50,1,6,unrelated,mild,0,0.9106794802537481,0.88796366238161,0.8865165114402771,
NA3_LAG50_023,NA3_LAG50,3,50,2,3,mild,root,1,0.3144344485244252,0.9872238738626605,0.7925864458084106,False
NA3_LAG50_023,NA3_LAG50,3,50,2,4,mild,mild,1,0.9076518847573583,0.8804009241118448,0.8855159282684326,False
NA3_LAG50_023,NA3_LAG50,3,50,2,5,mild,unrelated,0,0.9885779177170475,0.9851525980833951,0.9805954694747925,
NA3_LAG50_023,NA3_LAG50,3,50,2,6,mild,mild,1,0.9122637355689415,0.8876833190702234,0.8717131018638611,False
NA3_LAG50_023,NA3_LAG50,3,50,3,4,root,mild,1,0.036020892525017036,0.8757645577450408,0.9387266635894775,True
NA3_LAG50_023,NA3_LAG50,3,50,3,5,root,unrelated,0,0.3305411037902459,0.995339915013598,0.7750935554504395,
NA3_LAG50_023,NA3_LAG50,3,50,3,6,root,mild,1,0.048845217973115404,0.8872688989703446,0.943300724029541,True
NA3_LAG50_023,NA3_LAG50,3,50,4,5,mild,unrelated,0,0.9010801893984339,0.8751764603454167,0.8662298917770386,
NA3_LAG50_023,NA3_LAG50,3,50,4,6,mild,mild,1,0.9906740641609862,0.9856545591148971,0.9949160814285278,True
NA3_LAG50_023,NA3_LAG50,3,50,5,6,unrelated,mild,0,0.9078941282565993,0.8869916854510129,0.8672348260879517,
NA3_LAG50_024,NA3_LAG50,3,50,1,2,unrelated,mild,0,0.9918372073172624,0.9911292247667907,0.9876367449760437,
NA3_LAG50_024,NA3_LAG50,3,50,1,3,unrelated,mild,0,0.9929055434363989,0.9915186153057819,0.9789485931396484,
NA3_LAG50_024,NA3_LAG50,3,50,1,4,unrelated,mild,0,0.9907817801742592,0.9884152610080902,0.9757018089294434,
NA3_LAG50_024,NA3_LAG50,3,50,1,5,unrelated,unrelated,0,0.9954032020454423,0.9953753783353426,0.9900103807449341,
NA3_LAG50_024,NA3_LAG50,3,50,1,6,unrelated,root,0,0.9001297412291819,0.8523777908253591,0.9763074517250061,
NA3_LAG50_024,NA3_LAG50,3,50,2,3,mild,mild,1,0.9953014202071194,0.9958108690780276,0.9901720285415649,True
NA3_LAG50_024,NA3_LAG50,3,50,2,4,mild,mild,1,0.9944391079005825,0.9941813928474859,0.9928314685821533,True
NA3_LAG50_024,NA3_LAG50,3,50,2,5,mild,unrelated,0,0.9909328313445656,0.9888384621390978,0.9940643906593323,
NA3_LAG50_024,NA3_LAG50,3,50,2,6,mild,root,1,0.9282013194514352,0.8942139723162593,0.9924052357673645,True
NA3_LAG50_024,NA3_LAG50,3,50,3,4,mild,mild,1,0.9945938036326079,0.994456442338772,0.9956712126731873,True
NA3_LAG50_024,NA3_LAG50,3,50,3,5,mild,unrelated,0,0.991798825093877,0.9902793940509531,0.9947826266288757,
NA3_LAG50_024,NA3_LAG50,3,50,3,6,mild,root,1,0.9274611917690481,0.8926292923423518,0.9933692812919617,True
NA3_LAG50_024,NA3_LAG50,3,50,4,5,mild,unrelated,0,0.9887318704951588,0.9857841770106046,0.9932239651679993,
NA3_LAG50_024,NA3_LAG50,3,50,4,6,mild,root,1,0.935989673170683,0.9054087149500806,0.9958142042160034,True
NA3_LAG50_024,NA3_LAG50,3,50,5,6,unrelated,root,0,0.8954580133063601,0.8460444015257254,0.9897608160972595,
NA3_LAG50_025,NA3_LAG50,3,50,1,2,mild,root,1,0.4970834117753724,0.18370250596187557,0.867612898349762,False
NA3_LAG50_025,NA3_LAG50,3,50,1,3,mild,mild,1,0.9640999380703613,0.9494469900460287,0.9925455451011658,False
NA3_LAG50_025,NA3_LAG50,3,50,1,4,mild,unrelated,0,0.9763589835706823,0.974612711842785,0.9301993250846863,
NA3_LAG50_025,NA3_LAG50,3,50,1,5,mild,mild,1,0.9608403900485376,0.9363099213605945,0.9186157584190369,False
NA3_LAG50_025,NA3_LAG50,3,50,1,6,mild,unrelated,0,0.9771557149754951,0.9765856593620461,0.9210519790649414,
NA3_LAG50_025,NA3_LAG50,3,50,2,3,root,mild,1,0.5662235468060639,0.24014262843709488,0.8266522884368896,False
NA3_LAG50_025,NA3_LAG50,3,50,2,4,root,unrelated,0,0.4193107058319208,0.12730243254534562,0.9137391448020935,
NA3_LAG50_025,NA3_LAG50,3,50,2,5,root,mild,1,0.6320880057798398,0.4190740100640886,0.9205266237258911,True
NA3_LAG50_025,NA3_LAG50,3,50,2,6,root,unrelated,0,0.41463508226947393,0.1214557748824333,0.9091616272926331,
NA3_LAG50_025,NA3_LAG50,3,50,3,4,mild,unrelated,0,0.9027191229938124,0.878591057820816,0.8962480425834656,
NA3_LAG50_025,NA3_LAG50,3,50,3,5,mild,mild,1,0.9306789964618808,0.8945879418727261,0.8820343017578125,False
NA3_LAG50_025,NA3_LAG50,3,50,3,6,mild,unrelated,0,0.9055551128961079,0.8849337052687665,0.8853968381881714,
NA3_LAG50_025,NA3_LAG50,3,50,4,5,unrelated,mild,0,0.9482881361662779,0.924772326316326,0.9906908273696899,
NA3_LAG50_025,NA3_LAG50,3,50,4,6,unrelated,unrelated,0,0.9954265313351723,0.9952331333141855,0.9936214089393616,
NA3_LAG50_025,NA3_LAG50,3,50,5,6,mild,unrelated,0,0.9464786185795276,0.9226016558953901,0.9965074062347412,
NA3_LAG50_026,NA3_LAG50,3,50,1,2,cascade,unrelated,0,0.7163724472049374,0.5490262023816185,0.8450692296028137,
NA3_LAG50_026,NA3_LAG50,3,50,1,3,cascade,unrelated,0,0.7100088752984774,0.5398344318824266,0.8426098227500916,
NA3_LAG50_026,NA3_LAG50,3,50,1,4,cascade,root,1,0.8290698715781374,0.03151620498879587,0.9362072348594666,True
NA3_LAG50_026,NA3_LAG50,3,50,1,5,cascade,cascade,1,0.9889785454702285,0.9762131063755782,0.9925127029418945,True
NA3_LAG50_026,NA3_LAG50,3,50,1,6,cascade,mild,1,0.8224671880474261,0.6636648089540386,0.9670323133468628,True
NA3_LAG50_026,NA3_LAG50,3,50,2,3,unrelated,unrelated,0,0.9949556407427511,0.9948006180353678,0.9948514103889465,
NA3_LAG50_026,NA3_LAG50,3,50,2,4,unrelated,root,0,0.5687624830694669,0.026471152984579957,0.88545823097229,
NA3_LAG50_026,NA3_LAG50,3,50,2,5,unrelated,cascade,0,0.7179527377123164,0.5525179125425319,0.8298307061195374,
NA3_LAG50_026,NA3_LAG50,3,50,2,6,unrelated,mild,0,0.9783950815343752,0.9802634274785648,0.8951445817947388,
NA3_LAG50_026,NA3_LAG50,3,50,3,4,unrelated,root,0,0.5628911841280198,0.03508298532176145,0.9030514359474182,
NA3_LAG50_026,NA3_LAG50,3,50,3,5,unrelated,cascade,0,0.712004069915485,0.5452894305706536,0.8287257552146912,
NA3_LAG50_026,NA3_LAG50,3,50,3,6,unrelated,mild,0,0.976084651139429,0.9781576171604999,0.9063733220100403,
NA3_LAG50_026,NA3_LAG50,3,50,4,5,root,cascade,1,0.8246738332998718,0.03034496335662191,0.9368455410003662,True
NA3_LAG50_026,NA3_LAG50,3,50,4,6,root,mild,1,0.6634129249870011,0.023031672450821238,0.9819903373718262,True
NA3_LAG50_026,NA3_LAG50,3,50,5,6,cascade,mild,1,0.8249826107113734,0.6703043706220462,0.9589810371398926,True
NA3_LAG50_027,NA3_LAG50,3,50,1,2,unrelated,cascade,0,0.575973680886794,0.37100228440782695,0.9596827626228333,
NA3_LAG50_027,NA3_LAG50,3,50,1,3,unrelated,root,0,0.3370014657225227,0.993666067123232,0.7936240434646606,
NA3_LAG50_027,NA3_LAG50,3,50,1,4,unrelated,unrelated,0,0.9948226906897822,0.9949691320648134,0.9917521476745605,
NA3_LAG50_027,NA3_LAG50,3,50,1,5,unrelated,cascade,0,0.9504480909044927,0.9753855893996533,0.9924764037132263,
NA3_LAG50_027,NA3_LAG50,3,50,1,6,unrelated,mild,0,0.9013331512670884,0.880734980109872,0.8922681212425232,
NA3_LAG50_027,NA3_LAG50,3,50,2,3,cascade,root,1,0.08554921596306773,0.3674346481261195,0.7485279440879822,False
NA3_LAG50_027,NA3_LAG50,3,50,2,4,cascade,unrelated,0,0.5780658130457929,0.37334418154140125,0.9661874175071716,
NA3_LAG50_027,NA3_LAG50,3,50,2,5,cascade,cascade,1,0.42990792497353236,0.297615778714517,0.9510312676429749,False
NA3_LAG50_027,NA3_LAG50,3,50,2,6,cascade,mild,1,0.7311367038463739,0.552925302416134,0.859485387802124,False
NA3_LAG50_027,NA3_LAG50,3,50,3,4,root,unrelated,0,0.3358083126839621,0.9949844675603712,0.7844241261482239,
NA3_LAG50_027,NA3_LAG50,3,50,3,5,root,cascade,1,0.5304580419930056,0.9764230088110599,0.7598388195037842,False
NA3_LAG50_027,NA3_LAG50,3,50,3,6,root,mild,1,0.03564524344737323,0.8772735583397495,0.9269226789474487,True
NA3_LAG50_027,NA3_LAG50,3,50,4,5,unrelated,cascade,0,0.9514314423256769,0.9770001439827235,0.9835720062255859,
NA3_LAG50_027,NA3_LAG50,3,50,4,6,unrelated,mild,0,0.9010230793415778,0.8793077882196627,0.8871251344680786,
NA3_LAG50_027,NA3_LAG50,3,50,5,6,cascade,mild,1,0.7420425679170554,0.7786588795432141,0.8740598559379578,False
NA3_LAG50_028,NA3_LAG50,3,50,1,2,mild,cascade,1,0.9821633889400448,0.9754605532180336,0.956457793712616,True
NA3_LAG50_028,NA3_LAG50,3,50,1,3,mild,root,1,0.9399674569113534,0.9118935695702133,0.9883819818496704,True
NA3_LAG50_028,NA3_LAG50,3,50,1,4,mild,unrelated,0,0.9880394969620352,0.984601173006364,0.9966762065887451,
NA3_LAG50_028,NA3_LAG50,3,50,1,5,mild,unrelated,0,0.9888676309281582,0.9861697514296263,0.9932056069374084,
NA3_LAG50_028,NA3_LAG50,3,50,1,6,mild,cascade,1,0.9837890929845143,0.9778177158384442,0.9913620352745056,True
NA3_LAG50_028,NA3_LAG50,3,50,2,3,cascade,root,1,0.9774802330282353,0.9687640872428777,0.9837496876716614,True
NA3_LAG50_028,NA3_LAG50,3,50,2,4,cascade,unrelated,0,0.9573355461021424,0.9386600535463323,0.9605228900909424,
NA3_LAG50_028,NA3_LAG50,3,50,2,5,cascade,unrelated,0,0.9582146608173555,0.9403143246913833,0.9732359051704407,
NA3_LAG50_028,NA3_LAG50,3,50,2,6,cascade,cascade,1,0.9946616382682758,0.9943079043761583,0.954494833946228,True
NA3_LAG50_028,NA3_LAG50,3,50,3,4,root,unrelated,0,0.8974091154693579,0.8489402994774767,0.9881781339645386,
NA3_LAG50_028,NA3_LAG50,3,50,3,5,root,unrelated,0,0.8987695508550616,0.8500398242193418,0.9924683570861816,
NA3_LAG50_028,NA3_LAG50,3,50,3,6,root,cascade,1,0.9757072521550528,0.9655650587598994,0.9863835573196411,True
NA3_LAG50_028,NA3_LAG50,3,50,4,5,unrelated,unrelated,0,0.9951473175071205,0.9951613569444139,0.9971627593040466,
NA3_LAG50_028,NA3_LAG50,3,50,4,6,unrelated,cascade,0,0.9601726062371149,0.9427567190092064,0.9858438968658447,
NA3_LAG50_028,NA3_LAG50,3,50,5,6,unrelated,cascade,0,0.9612258334921212,0.944413771090842,0.9823184609413147,
NA3_LAG50_029,NA3_LAG50,3,50,1,2,mild,root,1,0.7456605558366461,0.011942373254983166,0.9359624981880188,False
NA3_LAG50_029,NA3_LAG50,3,50,1,3,mild,mild,1,0.9624947560106007,0.9432732158793368,0.9864950180053711,False
NA3_LAG50_029,NA3_LAG50,3,50,1,4,mild,unrelated,0,0.8987783658649264,0.8743865656646582,0.8830024003982544,
NA3_LAG50_029,NA3_LAG50,3,50,1,5,mild,mild,1,0.8357858079448784,0.8163442649783265,0.8786367177963257,False
NA3_LAG50_029,NA3_LAG50,3,50,1,6,mild,unrelated,0,0.9012854789848965,0.8771018768483354,0.8795425295829773,
NA3_LAG50_029,NA3_LAG50,3,50,2,3,root,mild,1,0.6616110938947295,0.05494381989962692,0.9476085305213928,True
NA3_LAG50_029,NA3_LAG50,3,50,2,4,root,unrelated,0,0.5629985260418873,0.08801287329859467,0.8574504256248474,
NA3_LAG50_029,NA3_LAG50,3,50,2,5,root,mild,1,0.48680469736765364,0.1068258207677538,0.8381438255310059,False
NA3_LAG50_029,NA3_LAG50,3,50,2,6,root,unrelated,0,0.5649153887844397,0.07927064418804697,0.8394524455070496,
NA3_LAG50_029,NA3_LAG50,3,50,3,4,mild,unrelated,0,0.9756046658350696,0.9762527923146341,0.8980531096458435,
NA3_LAG50_029,NA3_LAG50,3,50,3,5,mild,mild,1,0.9420301341460351,0.949828831531169,0.8795586824417114,False
NA3_LAG50_029,NA3_LAG50,3,50,3,6,mild,unrelated,0,0.9760433356192761,0.9770136362660791,0.8960223197937012,
NA3_LAG50_029,NA3_LAG50,3,50,4,5,unrelated,mild,0,0.9870903187963133,0.989356434136496,0.991409957408905,
NA3_LAG50_029,NA3_LAG50,3,50,4,6,unrelated,unrelated,0,0.9950751741491314,0.9954589824238991,0.9960495233535767,
NA3_LAG50_029,NA3_LAG50,3,50,5,6,mild,unrelated,0,0.9864347944216111,0.9890207336752438,0.9914003610610962,
NA4_LAG10_000,NA4_LAG10,4,10,1,2,cascade,mild,1,0.12595205102528245,0.9690072319345974,0.7836403846740723,False
NA4_LAG10_000,NA4_LAG10,4,10,1,3,cascade,unrelated,0,0.322217832315188,0.9680372951324295,0.797251284122467,
NA4_LAG10_000,NA4_LAG10,4,10,1,4,cascade,root,1,0.9759841351325516,0.966515367346355,0.9977366924285889,True
NA4_LAG10_000,NA4_LAG10,4,10,1,5,cascade,mild,1,0.10128215743181934,0.8637141300723383,0.9414131045341492,True
NA4_LAG10_000,NA4_LAG10,4,10,1,6,cascade,mild,1,0.13727576166121394,0.9727227380749226,0.7903826236724854,False
NA4_LAG10_000,NA4_LAG10,4,10,2,3,mild,unrelated,0,0.9574797819698162,0.9889407078167856,0.9908453822135925,
NA4_LAG10_000,NA4_LAG10,4,10,2,4,mild,root,1,0.13847826548552908,0.9894354023449605,0.7795440554618835,False
NA4_LAG10_000,NA4_LAG10,4,10,2,5,mild,mild,1,0.9427787277075771,0.9170358764160893,0.9081820249557495,False
NA4_LAG10_000,NA4_LAG10,4,10,2,6,mild,mild,1,0.9922517057883246,0.9886517843726903,0.9851727485656738,True
NA4_LAG10_000,NA4_LAG10,4,10,3,4,unrelated,root,0,0.33798464589575133,0.9945448137939256,0.7927387952804565,
NA4_LAG10_000,NA4_LAG10,4,10,3,5,unrelated,mild,0,0.8809089103929655,0.9104114570148214,0.9180006384849548,
NA4_LAG10_000,NA4_LAG10,4,10,3,6,unrelated,mild,0,0.9594975133685805,0.9903584327549488,0.995694100856781,
NA4_LAG10_000,NA4_LAG10,4,10,4,5,root,mild,1,0.08167928490948939,0.9113753593238222,0.9393439292907715,True
NA4_LAG10_000,NA4_LAG10,4,10,4,6,root,mild,1,0.14738564658971567,0.9889914224169334,0.7858620285987854,False
NA4_LAG10_000,NA4_LAG10,4,10,5,6,mild,mild,1,0.9392749813863405,0.9118511426855653,0.9136332869529724,False
NA4_LAG10_001,NA4_LAG10,4,10,1,2,cascade,unrelated,0,0.4738091920431241,0.004663254550606925,0.8702133893966675,
NA4_LAG10_001,NA4_LAG10,4,10,1,3,cascade,cascade,1,0.5034133375289377,0.07235611651063405,0.9127123355865479,False
NA4_LAG10_001,NA4_LAG10,4,10,1,4,cascade,mild,1,0.5550400721694473,0.021803061444726598,0.841203510761261,False
NA4_LAG10_001,NA4_LAG10,4,10,1,5,cascade,root,1,0.48155912053989713,0.10122123994923239,0.9265591502189636,False
NA4_LAG10_001,NA4_LAG10,4,10,1,6,cascade,cascade,1,0.4969372273797931,0.08049603024109107,0.9141201376914978,False
NA4_LAG10_001,NA4_LAG10,4,10,2,3,unrelated,cascade,0,0.4443372883258907,0.16286884528070283,0.9619160294532776,
NA4_LAG10_001,NA4_LAG10,4,10,2,4,unrelated,mild,0,0.9243132942136593,0.890446852532165,0.9579858183860779,
NA4_LAG10_001,NA4_LAG10,4,10,2,5,unrelated,root,0,0.4159763571035962,0.12523760987578048,0.9416271448135376,
NA4_LAG10_001,NA4_LAG10,4,10,2,6,unrelated,cascade,0,0.4397475873091012,0.15783679353888702,0.9475286602973938,
NA4_LAG10_001,NA4_LAG10,4,10,3,4,cascade,mild,1,0.73797113948505,0.5766622298351377,0.9217260479927063,True
NA4_LAG10_001,NA4_LAG10,4,10,3,5,cascade,root,1,0.9886936776205978,0.9853200094874969,0.994178056716919,True
NA4_LAG10_001,NA4_LAG10,4,10,3,6,cascade,cascade,1,0.9950828523085291,0.99466939741922,0.9739738702774048,True
NA4_LAG10_001,NA4_LAG10,4,10,4,5,mild,root,1,0.711915440212377,0.5373614988429208,0.896883487701416,True
NA4_LAG10_001,NA4_LAG10,4,10,4,6,mild,cascade,1,0.7362294281417578,0.5747059968995643,0.8962867259979248,True
NA4_LAG10_001,NA4_LAG10,4,10,5,6,root,cascade,1,0.9895997898866591,0.9867096618118489,0.9817702174186707,True
NA4_LAG10_002,NA4_LAG10,4,10,1,2,root,unrelated,0,0.3350039950510642,0.9957622825486859,0.7799921631813049,
NA4_LAG10_002,NA4_LAG10,4,10,1,3,root,mild,1,0.1377288270345956,0.9903191532008171,0.7889981865882874,False
NA4_LAG10_002,NA4_LAG10,4,10,1,4,root,cascade,1,0.9788747318265467,0.9704426507801072,0.9980880618095398,True
NA4_LAG10_002,NA4_LAG10,4,10,1,5,root,mild,1,0.09068748426747725,0.8998337332330876,0.9345443248748779,True
NA4_LAG10_002,NA4_LAG10,4,10,1,6,root,mild,1,0.082272683660651,0.90853624365143,0.9483320116996765,True
NA4_LAG10_002,NA4_LAG10,4,10,2,3,unrelated,mild,0,0.9563841089395493,0.9885538793704072,0.9871470928192139,
NA4_LAG10_002,NA4_LAG10,4,10,2,4,unrelated,cascade,0,0.31217358501755604,0.9689231422236276,0.7876965403556824,
NA4_LAG10_002,NA4_LAG10,4,10,2,5,unrelated,mild,0,0.8746768298257838,0.8960264244256712,0.898681640625,
NA4_LAG10_002,NA4_LAG10,4,10,2,6,unrelated,mild,0,0.8800093239462643,0.9059822628168226,0.8731802105903625,
NA4_LAG10_002,NA4_LAG10,4,10,3,4,mild,cascade,1,0.1203153566992163,0.970585193105858,0.7977471947669983,False
NA4_LAG10_002,NA4_LAG10,4,10,3,5,mild,mild,1,0.939330469605255,0.9065409078646411,0.8975671529769897,False
NA4_LAG10_002,NA4_LAG10,4,10,3,6,mild,mild,1,0.9433399898583177,0.9145619028120496,0.8865221738815308,False
NA4_LAG10_002,NA4_LAG10,4,10,4,5,cascade,mild,1,0.11550653436991008,0.8550957675564623,0.935239315032959,True
NA4_LAG10_002,NA4_LAG10,4,10,4,6,cascade,mild,1,0.10897974958684943,0.8608219918193101,0.9479802846908569,True
NA4_LAG10_002,NA4_LAG10,4,10,5,6,mild,mild,1,0.988782258102505,0.9743041938446261,0.9920493960380554,True
NA4_LAG10_003,NA4_LAG10,4,10,1,2,cascade,root,1,0.9772607233423083,0.9685860868096751,0.9981025457382202,True
NA4_LAG10_003,NA4_LAG10,4,10,1,3,cascade,unrelated,0,0.3085758575384366,0.9679122644999089,0.7873942852020264,
NA4_LAG10_003,NA4_LAG10,4,10,1,4,cascade,mild,1,0.28750726941607496,0.954603523674215,0.785403311252594,False
NA4_LAG10_003,NA4_LAG10,4,10,1,5,cascade,mild,1,0.11689858674356358,0.8517428658016707,0.9503928422927856,True
NA4_LAG10_003,NA4_LAG10,4,10,1,6,cascade,mild,1,0.11303157291733332,0.9692931933194474,0.7881225943565369,False
NA4_LAG10_003,NA4_LAG10,4,10,2,3,root,unrelated,0,0.3260254581725431,0.9953543500626577,0.7846323251724243,
NA4_LAG10_003,NA4_LAG10,4,10,2,4,root,mild,1,0.3053535850854595,0.9826262819814514,0.7824220061302185,False
NA4_LAG10_003,NA4_LAG10,4,10,2,5,root,mild,1,0.09428801938730187,0.9027870590867698,0.9514943361282349,True
NA4_LAG10_003,NA4_LAG10,4,10,2,6,root,mild,1,0.12490724173969188,0.9880603414134471,0.7856507897377014,False
NA4_LAG10_003,NA4_LAG10,4,10,3,4,unrelated,mild,0,0.9870160756359538,0.983364610008103,0.9832580089569092,
NA4_LAG10_003,NA4_LAG10,4,10,3,5,unrelated,mild,0,0.879363852359991,0.9051262084175329,0.8947158455848694,
NA4_LAG10_003,NA4_LAG10,4,10,3,6,unrelated,mild,0,0.9574946301193931,0.9890755317772939,0.981504499912262,
NA4_LAG10_003,NA4_LAG10,4,10,4,5,mild,mild,1,0.8823907843082619,0.8981143397446195,0.8944551944732666,False
NA4_LAG10_003,NA4_LAG10,4,10,4,6,mild,mild,1,0.9544129097044756,0.9764300041634622,0.9941022992134094,False
NA4_LAG10_003,NA4_LAG10,4,10,5,6,mild,mild,1,0.9418011740930391,0.9093345225364131,0.8965173363685608,False
NA4_LAG10_004,NA4_LAG10,4,10,1,2,cascade,cascade,1,0.24165203290479947,0.14169386027491845,0.7624760866165161,False
NA4_LAG10_004,NA4_LAG10,4,10,1,3,cascade,mild,1,0.42130904707076156,0.97238044781178,0.7934238314628601,False
NA4_LAG10_004,NA4_LAG10,4,10,1,4,cascade,unrelated,0,0.3094142466079023,0.9669539050627753,0.7900805473327637,
NA4_LAG10_004,NA4_LAG10,4,10,1,5,cascade,root,1,0.9778399966137918,0.9693658473660273,0.9977564215660095,True
NA4_LAG10_004,NA4_LAG10,4,10,1,6,cascade,cascade,1,0.9949680030829857,0.9947387575799674,0.9987869262695312,True
NA4_LAG10_004,NA4_LAG10,4,10,2,3,cascade,mild,1,0.3767667447527323,0.13881853690568371,0.922176718711853,False
NA4_LAG10_004,NA4_LAG10,4,10,2,4,cascade,unrelated,0,0.4480228981676671,0.16671214730265532,0.9380722045898438,
NA4_LAG10_004,NA4_LAG10,4,10,2,5,cascade,root,1,0.22840611126311688,0.1632008902076938,0.761968731880188,False
NA4_LAG10_004,NA4_LAG10,4,10,2,6,cascade,cascade,1,0.2444872272524772,0.1377191670844741,0.7668638229370117,False
NA4_LAG10_004,NA4_LAG10,4,10,3,4,mild,unrelated,0,0.9870707191818004,0.9938445184723682,0.9872303605079651,
NA4_LAG10_004,NA4_LAG10,4,10,3,5,mild,root,1,0.43178472600113854,0.9938598004684358,0.7905735373497009,False
NA4_LAG10_004,NA4_LAG10,4,10,3,6,mild,cascade,1,0.4217655511802969,0.9739327187306771,0.7960551381111145,False
NA4_LAG10_004,NA4_LAG10,4,10,4,5,unrelated,root,0,0.3236327147026641,0.9949813563283844,0.7885527610778809,
NA4_LAG10_004,NA4_LAG10,4,10,4,6,unrelated,cascade,0,0.3100981003733616,0.9691852881468024,0.7935113310813904,
NA4_LAG10_004,NA4_LAG10,4,10,5,6,root,cascade,1,0.9793267528514049,0.9719896504815363,0.9977831840515137,True
NA4_LAG10_005,NA4_LAG10,4,10,1,2,mild,cascade,1,0.8495522295244806,0.89180225315808,0.9722369909286499,False
NA4_LAG10_005,NA4_LAG10,4,10,1,3,mild,mild,1,0.9289115570328644,0.8953162239603488,0.9963645935058594,False
NA4_LAG10_005,NA4_LAG10,4,10,1,4,mild,mild,1,0.9273431648312376,0.8935060789120917,0.9964467287063599,False
NA4_LAG10_005,NA4_LAG10,4,10,1,5,mild,root,1,0.6638879606818555,0.07874015831437647,0.899829626083374,False
NA4_LAG10_005,NA4_LAG10,4,10,1,6,mild,unrelated,0,0.9278956939549373,0.8941191861580232,0.9851359724998474,
NA4_LAG10_005,NA4_LAG10,4,10,2,3,cascade,mild,1,0.8665320588726801,0.9908351769696941,0.9680514335632324,False
NA4_LAG10_005,NA4_LAG10,4,10,2,4,cascade,mild,1,0.8668486290880362,0.990957711151841,0.9792429804801941,False
NA4_LAG10_005,NA4_LAG10,4,10,2,5,cascade,root,1,0.34013751232008005,0.06856048256182153,0.8799795508384705,False
NA4_LAG10_005,NA4_LAG10,4,10,2,6,cascade,unrelated,0,0.9575292283740139,0.9953747573705011,0.9932757616043091,
NA4_LAG10_005,NA4_LAG10,4,10,3,4,mild,mild,1,0.9934339699636646,0.9912791844032224,0.9967045783996582,True
NA4_LAG10_005,NA4_LAG10,4,10,3,5,mild,root,1,0.7153410833044538,0.07174548120626159,0.898317277431488,True
NA4_LAG10_005,NA4_LAG10,4,10,3,6,mild,unrelated,0,0.9571101106437956,0.9898201649330194,0.9845570921897888,
NA4_LAG10_005,NA4_LAG10,4,10,4,5,mild,root,1,0.7131659878233254,0.07400589195511313,0.8985195755958557,True
NA4_LAG10_005,NA4_LAG10,4,10,4,6,mild,unrelated,0,0.9575004961754673,0.9901376268287188,0.9896617531776428,
NA4_LAG10_005,NA4_LAG10,4,10,5,6,root,unrelated,0,0.5804492844951049,0.07030606704712344,0.8968544602394104,
NA4_LAG10_006,NA4_LAG10,4,10,1,2,cascade,unrelated,0,0.8774646605204671,0.8179434629424482,0.9804385900497437,
NA4_LAG10_006,NA4_LAG10,4,10,1,3,cascade,mild,1,0.8525750110778433,0.8071983168426329,0.9797220230102539,False
NA4_LAG10_006,NA4_LAG10,4,10,1,4,cascade,mild,1,0.9323717108645025,0.899764885134594,0.9956192970275879,True
NA4_LAG10_006,NA4_LAG10,4,10,1,5,cascade,root,1,0.9889483706366751,0.9858424120446215,0.9898615479469299,True
NA4_LAG10_006,NA4_LAG10,4,10,1,6,cascade,mild,1,0.9424130151750827,0.9150397987549962,0.9967123866081238,True
NA4_LAG10_006,NA4_LAG10,4,10,2,3,unrelated,mild,0,0.9873018519583378,0.9937089539127744,0.9954768419265747,
NA4_LAG10_006,NA4_LAG10,4,10,2,4,unrelated,mild,0,0.9865155241668424,0.9829646530216282,0.9866675138473511,
NA4_LAG10_006,NA4_LAG10,4,10,2,5,unrelated,root,0,0.8278207734201473,0.7424927221322284,0.9804719686508179,
NA4_LAG10_006,NA4_LAG10,4,10,2,6,unrelated,mild,0,0.9811343684252412,0.9747562400294004,0.9846550822257996,
NA4_LAG10_006,NA4_LAG10,4,10,3,4,mild,mild,1,0.9745161016216359,0.9780491002960052,0.9878414273262024,False
NA4_LAG10_006,NA4_LAG10,4,10,3,5,mild,root,1,0.7975311720914923,0.729383933747199,0.9785043001174927,False
NA4_LAG10_006,NA4_LAG10,4,10,3,6,mild,mild,1,0.9672749152337113,0.9695608732521881,0.9849027991294861,False
NA4_LAG10_006,NA4_LAG10,4,10,4,5,mild,root,1,0.8930325703695726,0.839567836327362,0.9926655292510986,True
NA4_LAG10_006,NA4_LAG10,4,10,4,6,mild,mild,1,0.9946367270456413,0.9941682880625191,0.9985658526420593,True
NA4_LAG10_006,NA4_LAG10,4,10,5,6,root,mild,1,0.9075620866968637,0.8613548333498473,0.9918262958526611,True
NA4_LAG10_007,NA4_LAG10,4,10,1,2,root,cascade,1,0.8121379850770666,0.1100229441270822,0.8630334138870239,True
NA4_LAG10_007,NA4_LAG10,4,10,1,3,root,mild,1,0.5966060599299796,0.04393880157878825,0.8331989049911499,False
NA4_LAG10_007,NA4_LAG10,4,10,1,4,root,mild,1,0.5800896765300121,0.035241914510405314,0.8319509029388428,False
NA4_LAG10_007,NA4_LAG10,4,10,1,5,root,cascade,1,0.33707046480254316,0.028660751092373336,0.8294698596000671,False
NA4_LAG10_007,NA4_LAG10,4,10,1,6,root,unrelated,0,0.5706097664492527,0.025915377933094313,0.7915059328079224,
NA4_LAG10_007,NA4_LAG10,4,10,2,3,cascade,mild,1,0.4893861283198153,0.06581043242517905,0.8590818643569946,False
NA4_LAG10_007,NA4_LAG10,4,10,2,4,cascade,mild,1,0.4709353100457835,0.05639550291921145,0.8550228476524353,False
NA4_LAG10_007,NA4_LAG10,4,10,2,5,cascade,cascade,1,0.26807272237450697,0.03072672717725715,0.850263237953186,False
NA4_LAG10_007,NA4_LAG10,4,10,2,6,cascade,unrelated,0,0.4633085436323503,0.057572313903571,0.8054183125495911,
NA4_LAG10_007,NA4_LAG10,4,10,3,4,mild,mild,1,0.9935713268429474,0.9929077522370325,0.9967827200889587,True
NA4_LAG10_007,NA4_LAG10,4,10,3,5,mild,cascade,1,0.9346677243178231,0.9735277716513738,0.9808985590934753,False
NA4_LAG10_007,NA4_LAG10,4,10,3,6,mild,unrelated,0,0.9806078927534834,0.9738239642806724,0.9782444834709167,
NA4_LAG10_007,NA4_LAG10,4,10,4,5,mild,cascade,1,0.9501032746846476,0.9865149109517759,0.9885804057121277,False
NA4_LAG10_007,NA4_LAG10,4,10,4,6,mild,unrelated,0,0.9893416131658183,0.9866739372349838,0.9856595993041992,
NA4_LAG10_007,NA4_LAG10,4,10,5,6,cascade,unrelated,0,0.9601852978782346,0.9957053692921118,0.9915674328804016,
NA4_LAG10_008,NA4_LAG10,4,10,1,2,root,mild,1,0.9282179079584205,0.8933165651286912,0.9972959160804749,True
NA4_LAG10_008,NA4_LAG10,4,10,1,3,root,mild,1,0.96497621818447,0.9535875996644188,0.9932636022567749,False
NA4_LAG10_008,NA4_LAG10,4,10,1,4,root,cascade,1,0.9862453900408618,0.9809980902287333,0.9977111220359802,True
NA4_LAG10_008,NA4_LAG10,4,10,1,5,root,unrelated,0,0.8659129842540777,0.8004431477336814,0.9773311614990234,
NA4_LAG10_008,NA4_LAG10,4,10,1,6,root,cascade,1,0.17439573699239863,0.7813466048172161,0.8038050532341003,False
NA4_LAG10_008,NA4_LAG10,4,10,2,3,mild,mild,1,0.9651843086937131,0.9536421390911437,0.9937239289283752,False
NA4_LAG10_008,NA4_LAG10,4,10,2,4,mild,cascade,1,0.9675449249808226,0.9537072722366264,0.9980533719062805,True
NA4_LAG10_008,NA4_LAG10,4,10,2,5,mild,unrelated,0,0.9839562032015051,0.9786769019450666,0.9813014268875122,
NA4_LAG10_008,NA4_LAG10,4,10,2,6,mild,cascade,1,0.28360483425031635,0.9530073392936942,0.794970691204071,False
NA4_LAG10_008,NA4_LAG10,4,10,3,4,mild,cascade,1,0.975823146891314,0.9731708453965386,0.9923661351203918,False
NA4_LAG10_008,NA4_LAG10,4,10,3,5,mild,unrelated,0,0.9282712673095702,0.897872409300348,0.9876850843429565,
NA4_LAG10_008,NA4_LAG10,4,10,3,6,mild,cascade,1,0.13934406059715196,0.870111828284623,0.8064382672309875,False
NA4_LAG10_008,NA4_LAG10,4,10,4,5,cascade,unrelated,0,0.9235687913367543,0.8876669844330891,0.9766812920570374,
NA4_LAG10_008,NA4_LAG10,4,10,4,6,cascade,cascade,1,0.23706027999245516,0.8696441604755344,0.7884837985038757,False
NA4_LAG10_008,NA4_LAG10,4,10,5,6,unrelated,cascade,0,0.3112614109421742,0.9685096139949829,0.8069424629211426,
NA4_LAG10_009,NA4_LAG10,4,10,1,2,cascade,cascade,1,0.5659788820774819,0.982154087761828,0.791959822177887,False
NA4_LAG10_009,NA4_LAG10,4,10,1,3,cascade,mild,1,0.8666429335429074,0.9904369408462455,0.9516201615333557,False
NA4_LAG10_009,NA4_LAG10,4,10,1,4,cascade,root,1,0.5645321314705913,0.9952577459709628,0.7885274887084961,False
NA4_LAG10_009,NA4_LAG10,4,10,1,5,cascade,cascade,1,0.5649491692071151,0.9810454906417477,0.7948557734489441,False
NA4_LAG10_009,NA4_LAG10,4,10,1,6,cascade,unrelated,0,0.9563577140326912,0.9950969483541848,0.9832170009613037,
NA4_LAG10_009,NA4_LAG10,4,10,2,3,cascade,mild,1,0.12110576057293072,0.9678680034756847,0.74869304895401,False
NA4_LAG10_009,NA4_LAG10,4,10,2,4,cascade,root,1,0.9767848921134743,0.9682695277507591,0.9979290962219238,True
NA4_LAG10_009,NA4_LAG10,4,10,2,5,cascade,cascade,1,0.9950901714076201,0.9953157401447239,0.9977860450744629,True
NA4_LAG10_009,NA4_LAG10,4,10,2,6,cascade,unrelated,0,0.3119712337573356,0.9681779571209596,0.7946390509605408,
NA4_LAG10_009,NA4_LAG10,4,10,3,4,mild,root,1,0.12332403318528999,0.9885111760275749,0.7451586127281189,False
NA4_LAG10_009,NA4_LAG10,4,10,3,5,mild,cascade,1,0.11913516844858056,0.9675232898308794,0.7523251175880432,False
NA4_LAG10_009,NA4_LAG10,4,10,3,6,mild,unrelated,0,0.9582047744594705,0.9888340577738894,0.9767633080482483,
NA4_LAG10_009,NA4_LAG10,4,10,4,5,root,cascade,1,0.9763034792957704,0.9676218553019689,0.9978230595588684,True
NA4_LAG10_009,NA4_LAG10,4,10,4,6,root,unrelated,0,0.3155160284920332,0.9939384035846974,0.791512131690979,
NA4_LAG10_009,NA4_LAG10,4,10,5,6,cascade,unrelated,0,0.31119988708701146,0.9673856964832399,0.7987366318702698,
NA4_LAG10_010,NA4_LAG10,4,10,1,2,unrelated,cascade,0,0.4816293890706504,0.006061611982337382,0.8585900664329529,
NA4_LAG10_010,NA4_LAG10,4,10,1,3,unrelated,root,0,0.5678175268701932,0.076593795390107,0.8306022882461548,
NA4_LAG10_010,NA4_LAG10,4,10,1,4,unrelated,mild,0,0.8820200056222217,0.9018598582414227,0.8900907039642334,
NA4_LAG10_010,NA4_LAG10,4,10,1,5,unrelated,cascade,0,0.9135507425670236,0.8712854424866491,0.9957623481750488,
NA4_LAG10_010,NA4_LAG10,4,10,1,6,unrelated,cascade,0,0.31315087185680945,0.9695928585466798,0.7885923981666565,
NA4_LAG10_010,NA4_LAG10,4,10,2,3,cascade,root,1,0.8152012621573745,0.09266394762067985,0.8707883358001709,True
NA4_LAG10_010,NA4_LAG10,4,10,2,4,cascade,mild,1,0.7269240273988393,0.00962651450012276,0.8174347877502441,False
NA4_LAG10_010,NA4_LAG10,4,10,2,5,cascade,cascade,1,0.5021099255035304,0.014238715622289268,0.8584092259407043,False
NA4_LAG10_010,NA4_LAG10,4,10,2,6,cascade,cascade,1,0.48264424067346245,0.06114058371112168,0.76102215051651,False
NA4_LAG10_010,NA4_LAG10,4,10,3,4,root,mild,1,0.8244103745578993,0.08676318622714742,0.9556555151939392,False
NA4_LAG10_010,NA4_LAG10,4,10,3,5,root,cascade,1,0.5772668776154718,0.12405405457063273,0.8329936265945435,False
NA4_LAG10_010,NA4_LAG10,4,10,3,6,root,cascade,1,0.5769257149977771,0.08395483792235445,0.9160426259040833,False
NA4_LAG10_010,NA4_LAG10,4,10,4,5,mild,cascade,1,0.8537797181998238,0.8197306757917389,0.8944721817970276,False
NA4_LAG10_010,NA4_LAG10,4,10,4,6,mild,cascade,1,0.10691342123092265,0.846928315197705,0.9496182799339294,True
NA4_LAG10_010,NA4_LAG10,4,10,5,6,cascade,cascade,1,0.21717397335589692,0.8488007862855849,0.796503484249115,False
NA4_LAG10_011,NA4_LAG10,4,10,1,2,mild,cascade,1,0.5551303420425112,0.030489471484004448,0.8660531640052795,False
NA4_LAG10_011,NA4_LAG10,4,10,1,3,mild,cascade,1,0.7306861841092145,0.5613352029340107,0.9288390278816223,True
NA4_LAG10_011,NA4_LAG10,4,10,1,4,mild,mild,1,0.9933456658260488,0.9917720000290294,0.9384093284606934,True
NA4_LAG10_011,NA4_LAG10,4,10,1,5,mild,root,1,0.16527687455349568,0.8992529342914724,0.7789100408554077,False
NA4_LAG10_011,NA4_LAG10,4,10,1,6,mild,unrelated,0,0.9322043109404077,0.9017677803966286,0.9957472681999207,
NA4_LAG10_011,NA4_LAG10,4,10,2,3,cascade,cascade,1,0.5090112234804305,0.0329429445191743,0.9011809825897217,False
NA4_LAG10_011,NA4_LAG10,4,10,2,4,cascade,mild,1,0.5546832737590832,0.029221199498610937,0.8172816038131714,False
NA4_LAG10_011,NA4_LAG10,4,10,2,5,cascade,root,1,0.47279463795032456,0.01804373418389745,0.7219141721725464,False
NA4_LAG10_011,NA4_LAG10,4,10,2,6,cascade,unrelated,0,0.4737323157422658,0.02766686358812615,0.8740175366401672,
NA4_LAG10_011,NA4_LAG10,4,10,3,4,cascade,mild,1,0.7353816040021077,0.5703277346418342,0.8653882741928101,True
NA4_LAG10_011,NA4_LAG10,4,10,3,5,cascade,root,1,0.23221493777085042,0.16178852479850744,0.7332377433776855,False
NA4_LAG10_011,NA4_LAG10,4,10,3,6,cascade,unrelated,0,0.4520217091388191,0.16702847555370226,0.9298449754714966,
NA4_LAG10_011,NA4_LAG10,4,10,4,5,mild,root,1,0.16492740697021746,0.893895409497482,0.9170087575912476,False
NA4_LAG10_011,NA4_LAG10,4,10,4,6,mild,unrelated,0,0.9290248175840422,0.8970479470249438,0.9383325576782227,
NA4_LAG10_011,NA4_LAG10,4,10,5,6,root,unrelated,0,0.3311304096414049,0.9944110434565808,0.7832840085029602,
NA4_LAG10_012,NA4_LAG10,4,10,1,2,mild,cascade,1,0.7232865625941055,0.5524462382509367,0.8877307176589966,True
NA4_LAG10_012,NA4_LAG10,4,10,1,3,mild,root,1,0.6932999364485918,0.5073147681124142,0.8819271326065063,True
NA4_LAG10_012,NA4_LAG10,4,10,1,4,mild,mild,1,0.9347393761781416,0.9042686731296039,0.9443360567092896,False
NA4_LAG10_012,NA4_LAG10,4,10,1,5,mild,unrelated,0,0.9349430308715692,0.9068095960571975,0.9525732398033142,
NA4_LAG10_012,NA4_LAG10,4,10,1,6,mild,cascade,1,0.14697837223890817,0.8750371488607397,0.8965026140213013,False
NA4_LAG10_012,NA4_LAG10,4,10,2,3,cascade,root,1,0.9893941065475945,0.9856996233512237,0.9717504382133484,True
NA4_LAG10_012,NA4_LAG10,4,10,2,4,cascade,mild,1,0.5203866931860357,0.17341613329609676,0.9667760133743286,False
NA4_LAG10_012,NA4_LAG10,4,10,2,5,cascade,unrelated,0,0.4503642198695802,0.16998455549693559,0.9427026510238647,
NA4_LAG10_012,NA4_LAG10,4,10,2,6,cascade,cascade,1,0.24448971752147178,0.1413201967635731,0.7488870620727539,False
NA4_LAG10_012,NA4_LAG10,4,10,3,4,root,mild,1,0.48588193010387215,0.12248075667423616,0.9545509219169617,False
NA4_LAG10_012,NA4_LAG10,4,10,3,5,root,unrelated,0,0.415522558951773,0.12227539690624244,0.9582640528678894,
NA4_LAG10_012,NA4_LAG10,4,10,3,6,root,cascade,1,0.27867018944344574,0.0823640158764188,0.7501259446144104,False
NA4_LAG10_012,NA4_LAG10,4,10,4,5,mild,unrelated,0,0.9584902948205871,0.9893224048189287,0.985477864742279,
NA4_LAG10_012,NA4_LAG10,4,10,4,6,mild,cascade,1,0.1247581287486686,0.9715744480905619,0.7721918225288391,False
NA4_LAG10_012,NA4_LAG10,4,10,5,6,unrelated,cascade,0,0.3111198051636818,0.9692820716823529,0.8010439872741699,
NA4_LAG10_013,NA4_LAG10,4,10,1,2,mild,mild,1,0.9651714311658981,0.9672715520925381,0.9914584159851074,False
NA4_LAG10_013,NA4_LAG10,4,10,1,3,mild,mild,1,0.9966973756526941,0.9971246491354778,0.9929768443107605,True
NA4_LAG10_013,NA4_LAG10,4,10,1,4,mild,unrelated,0,0.9870788003907751,0.9930069302326431,0.9920719265937805,
NA4_LAG10_013,NA4_LAG10,4,10,1,5,mild,mild,1,0.9964227554156089,0.9971907347073614,0.9948632121086121,True
NA4_LAG10_013,NA4_LAG10,4,10,1,6,mild,root,1,0.9832593783541913,0.9957267753324135,0.9974448084831238,True
NA4_LAG10_013,NA4_LAG10,4,10,2,3,mild,mild,1,0.9637367948740405,0.9661094112057999,0.9781593084335327,False
NA4_LAG10_013,NA4_LAG10,4,10,2,4,mild,unrelated,0,0.9794133884964417,0.9717101988254283,0.9863792061805725,
NA4_LAG10_013,NA4_LAG10,4,10,2,5,mild,mild,1,0.9652531903457346,0.967106934940059,0.9947048425674438,False
NA4_LAG10_013,NA4_LAG10,4,10,2,6,mild,root,1,0.9334583754134868,0.9720123595333947,0.9865442514419556,False
NA4_LAG10_013,NA4_LAG10,4,10,3,4,mild,unrelated,0,0.9866689765224451,0.9928941460705912,0.990008533000946,
NA4_LAG10_013,NA4_LAG10,4,10,3,5,mild,mild,1,0.996943155726702,0.9974197156184629,0.9852166175842285,True
NA4_LAG10_013,NA4_LAG10,4,10,3,6,mild,root,1,0.9834513477906248,0.9951457814268511,0.9937953352928162,True
NA4_LAG10_013,NA4_LAG10,4,10,4,5,unrelated,mild,0,0.9871781511168851,0.9924727450763454,0.9835993051528931,
NA4_LAG10_013,NA4_LAG10,4,10,4,6,unrelated,root,0,0.9608072346933448,0.996844908912156,0.9939032196998596,
NA4_LAG10_013,NA4_LAG10,4,10,5,6,mild,root,1,0.9826959559623551,0.995400217408741,0.9896733164787292,True
NA4_LAG10_014,NA4_LAG10,4,10,1,2,mild,root,1,0.7065448846451443,0.5290410970941936,0.9425731301307678,True
NA4_LAG10_014,NA4_LAG10,4,10,1,3,mild,unrelated,0,0.930292039008736,0.8974968289265942,0.9676652550697327,
NA4_LAG10_014,NA4_LAG10,4,10,1,4,mild,cascade,1,0.7311012110532029,0.5703448200623373,0.9582898020744324,True
NA4_LAG10_014,NA4_LAG10,4,10,1,5,mild,mild,1,0.9050029017739866,0.8734257931574334,0.955342173576355,False
NA4_LAG10_014,NA4_LAG10,4,10,1,6,mild,cascade,1,0.72878977085398,0.5655399406266236,0.9388759732246399,True
NA4_LAG10_014,NA4_LAG10,4,10,2,3,root,unrelated,0,0.4241651832334531,0.13261712516763707,0.9509488344192505,
NA4_LAG10_014,NA4_LAG10,4,10,2,4,root,cascade,1,0.987921787679772,0.984404108331564,0.9943932294845581,True
NA4_LAG10_014,NA4_LAG10,4,10,2,5,root,mild,1,0.6002027373450866,0.2511989261013172,0.8369141817092896,False
NA4_LAG10_014,NA4_LAG10,4,10,2,6,root,cascade,1,0.9888389066194495,0.9858028578085701,0.9905750155448914,True
NA4_LAG10_014,NA4_LAG10,4,10,3,4,unrelated,cascade,0,0.44807564738256717,0.1698405197397533,0.970679759979248,
NA4_LAG10_014,NA4_LAG10,4,10,3,5,unrelated,mild,0,0.876656314009041,0.8976137507111174,0.8911051154136658,
NA4_LAG10_014,NA4_LAG10,4,10,3,6,unrelated,cascade,0,0.44534736134931296,0.16399252418838547,0.9561524987220764,
NA4_LAG10_014,NA4_LAG10,4,10,4,5,cascade,mild,1,0.6167657773862248,0.28726159446495897,0.8574174046516418,False
NA4_LAG10_014,NA4_LAG10,4,10,4,6,cascade,cascade,1,0.9951618931511512,0.9950313716249681,0.9886192679405212,True
NA4_LAG10_014,NA4_LAG10,4,10,5,6,mild,cascade,1,0.6150854394962744,0.2815035584679515,0.8467714786529541,False
NA4_LAG10_015,NA4_LAG10,4,10,1,2,root,cascade,1,0.5874583557623158,0.1010557911846161,0.8613458871841431,False
NA4_LAG10_015,NA4_LAG10,4,10,1,3,root,cascade,1,0.8183703138009818,0.04979939515221061,0.7044685482978821,True
NA4_LAG10_015,NA4_LAG10,4,10,1,4,root,unrelated,0,0.5780972190975603,0.07965016386489705,0.8073626160621643,
NA4_LAG10_015,NA4_LAG10,4,10,1,5,root,cascade,1,0.3381644295179157,0.08496574892841785,0.8337846398353577,False
NA4_LAG10_015,NA4_LAG10,4,10,1,6,root,cascade,1,0.8162031964132938,0.00917669389943893,0.7028228640556335,True
NA4_LAG10_015,NA4_LAG10,4,10,2,3,cascade,cascade,1,0.4918013450458316,0.02859289896477122,0.8619574904441833,False
NA4_LAG10_015,NA4_LAG10,4,10,2,4,cascade,unrelated,0,0.8505991936256612,0.7771993223207196,0.9819929599761963,
NA4_LAG10_015,NA4_LAG10,4,10,2,5,cascade,cascade,1,0.7908502209395362,0.7811348125506109,0.9842142462730408,False
NA4_LAG10_015,NA4_LAG10,4,10,2,6,cascade,cascade,1,0.49823146888257214,0.024271403450907166,0.8674713373184204,False
NA4_LAG10_015,NA4_LAG10,4,10,3,4,cascade,unrelated,0,0.4797498345894304,0.015106514721360143,0.8894338607788086,
NA4_LAG10_015,NA4_LAG10,4,10,3,5,cascade,cascade,1,0.2729518039642473,0.021487257899909434,0.8480796217918396,False
NA4_LAG10_015,NA4_LAG10,4,10,3,6,cascade,cascade,1,0.9895028174067525,0.6703534033314316,0.9911888241767883,True
NA4_LAG10_015,NA4_LAG10,4,10,4,5,unrelated,cascade,0,0.9578894362258612,0.99544025240298,0.9876845479011536,
NA4_LAG10_015,NA4_LAG10,4,10,4,6,unrelated,cascade,0,0.4775674162592636,0.005397132227698489,0.8991110324859619,
NA4_LAG10_015,NA4_LAG10,4,10,5,6,cascade,cascade,1,0.27193189662406103,0.019279993974583364,0.8530889749526978,False
NA4_LAG10_016,NA4_LAG10,4,10,1,2,cascade,root,1,0.18543222153957084,0.7940414337049511,0.7911895513534546,False
NA4_LAG10_016,NA4_LAG10,4,10,1,3,cascade,mild,1,0.11046933605324653,0.8522017166771555,0.9370381236076355,True
NA4_LAG10_016,NA4_LAG10,4,10,1,4,cascade,unrelated,0,0.3130166857537603,0.968349716233784,0.7980337738990784,
NA4_LAG10_016,NA4_LAG10,4,10,1,5,cascade,mild,1,0.2903322699493397,0.9559942900210118,0.8080674409866333,False
NA4_LAG10_016,NA4_LAG10,4,10,1,6,cascade,cascade,1,0.17915340142692157,0.7793068000730766,0.7980872988700867,False
NA4_LAG10_016,NA4_LAG10,4,10,2,3,root,mild,1,0.8359621350298645,0.7897461258576096,0.9005638360977173,False
NA4_LAG10_016,NA4_LAG10,4,10,2,4,root,unrelated,0,0.8825941404082603,0.825676683984356,0.9789235591888428,
NA4_LAG10_016,NA4_LAG10,4,10,2,5,root,mild,1,0.9333970723688331,0.900294210294353,0.9891838431358337,True
NA4_LAG10_016,NA4_LAG10,4,10,2,6,root,cascade,1,0.9933031464094999,0.9934512530819507,0.9963754415512085,True
NA4_LAG10_016,NA4_LAG10,4,10,3,4,mild,unrelated,0,0.8807204919175675,0.9061589362466848,0.9087082743644714,
NA4_LAG10_016,NA4_LAG10,4,10,3,5,mild,mild,1,0.8854658587624342,0.9022534871680833,0.9149016737937927,False
NA4_LAG10_016,NA4_LAG10,4,10,3,6,mild,cascade,1,0.8263410420929197,0.7741499541279273,0.9085230827331543,False
NA4_LAG10_016,NA4_LAG10,4,10,4,5,unrelated,mild,0,0.9878946302693236,0.984017200610047,0.9889956712722778,
NA4_LAG10_016,NA4_LAG10,4,10,4,6,unrelated,cascade,0,0.8720919675981036,0.8105669093580139,0.9796762466430664,
NA4_LAG10_016,NA4_LAG10,4,10,5,6,mild,cascade,1,0.9246751932697388,0.8891299593234192,0.9937928318977356,True
NA4_LAG10_017,NA4_LAG10,4,10,1,2,mild,cascade,1,0.9755502756811056,0.9736678675053151,0.9930475354194641,False
NA4_LAG10_017,NA4_LAG10,4,10,1,3,mild,mild,1,0.8995286506648917,0.8907995768867123,0.9820508360862732,False
NA4_LAG10_017,NA4_LAG10,4,10,1,4,mild,unrelated,0,0.9339561581693269,0.9055898399248143,0.9638912677764893,
NA4_LAG10_017,NA4_LAG10,4,10,1,5,mild,cascade,1,0.8566850127092579,0.8996095144838648,0.9698991179466248,False
NA4_LAG10_017,NA4_LAG10,4,10,1,6,mild,root,1,0.858367684912197,0.9054958451818106,0.9767294526100159,False
NA4_LAG10_017,NA4_LAG10,4,10,2,3,cascade,mild,1,0.9109092140034627,0.8886111559074037,0.9915993809700012,False
NA4_LAG10_017,NA4_LAG10,4,10,2,4,cascade,unrelated,0,0.9291281036893618,0.8966595538004155,0.9771662354469299,
NA4_LAG10_017,NA4_LAG10,4,10,2,5,cascade,cascade,1,0.8785593020991654,0.890769449270836,0.9796497821807861,False
NA4_LAG10_017,NA4_LAG10,4,10,2,6,cascade,root,1,0.8798988092111273,0.895043057783378,0.9888854622840881,False
NA4_LAG10_017,NA4_LAG10,4,10,3,4,mild,unrelated,0,0.9868601556758625,0.9934132140084078,0.9906975626945496,
NA4_LAG10_017,NA4_LAG10,4,10,3,5,mild,cascade,1,0.9836179893451191,0.9947947234868444,0.9902361631393433,True
NA4_LAG10_017,NA4_LAG10,4,10,3,6,mild,root,1,0.9826917232596952,0.9951754111239166,0.997645378112793,True
NA4_LAG10_017,NA4_LAG10,4,10,4,5,unrelated,cascade,0,0.9593737460308926,0.9950551175473966,0.9823256134986877,
NA4_LAG10_017,NA4_LAG10,4,10,4,6,unrelated,root,0,0.9587648521618685,0.9965935217850814,0.9949904084205627,
NA4_LAG10_017,NA4_LAG10,4,10,5,6,cascade,root,1,0.9964695348583547,0.9967705507705165,0.9890269041061401,True
NA4_LAG10_018,NA4_LAG10,4,10,1,2,mild,mild,1,0.9932497425884725,0.9920390442530286,0.9727312326431274,True
NA4_LAG10_018,NA4_LAG10,4,10,1,3,mild,mild,1,0.9939062703850312,0.9927699528644173,0.9691455364227295,True
NA4_LAG10_018,NA4_LAG10,4,10,1,4,mild,unrelated,0,0.9332428368723871,0.9021828444775121,0.9914106726646423,
NA4_LAG10_018,NA4_LAG10,4,10,1,5,mild,root,1,0.6959931961553281,0.5117068427471565,0.9765324592590332,True
NA4_LAG10_018,NA4_LAG10,4,10,1,6,mild,mild,1,0.9351406743321686,0.9018192380239332,0.996131956577301,False
NA4_LAG10_018,NA4_LAG10,4,10,2,3,mild,mild,1,0.9930122789204292,0.9918982340395418,0.9945555925369263,True
NA4_LAG10_018,NA4_LAG10,4,10,2,4,mild,unrelated,0,0.9341250687589965,0.9034689964801625,0.9813724756240845,
NA4_LAG10_018,NA4_LAG10,4,10,2,5,mild,root,1,0.6939604081920041,0.5094274755512191,0.9486668109893799,True
NA4_LAG10_018,NA4_LAG10,4,10,2,6,mild,mild,1,0.9357003129571738,0.9053212309204184,0.976012647151947,False
NA4_LAG10_018,NA4_LAG10,4,10,3,4,mild,unrelated,0,0.9336934984506513,0.9026297812295818,0.9728825688362122,
NA4_LAG10_018,NA4_LAG10,4,10,3,5,mild,root,1,0.6966996106401192,0.514225956170719,0.9382571578025818,True
NA4_LAG10_018,NA4_LAG10,4,10,3,6,mild,mild,1,0.9337478039152859,0.9031497731764123,0.9694890379905701,False
NA4_LAG10_018,NA4_LAG10,4,10,4,5,unrelated,root,0,0.41654322246196285,0.12071320551562083,0.9708167314529419,
NA4_LAG10_018,NA4_LAG10,4,10,4,6,unrelated,mild,0,0.962009589252082,0.9905832899997227,0.9963400959968567,
NA4_LAG10_018,NA4_LAG10,4,10,5,6,root,mild,1,0.48804924522262494,0.12836317761684674,0.9798004627227783,False
NA4_LAG10_019,NA4_LAG10,4,10,1,2,mild,cascade,1,0.6725801273900355,0.01986109069523803,0.8790303468704224,True
NA4_LAG10_019,NA4_LAG10,4,10,1,3,mild,cascade,1,0.12959758144612665,0.9723717965207428,0.7800739407539368,False
NA4_LAG10_019,NA4_LAG10,4,10,1,4,mild,cascade,1,0.5213873080855905,0.17952271907037406,0.958267867565155,False
NA4_LAG10_019,NA4_LAG10,4,10,1,5,mild,root,1,0.9112340175187631,0.8964759028433035,0.9966121912002563,False
NA4_LAG10_019,NA4_LAG10,4,10,1,6,mild,unrelated,0,0.9599401305446427,0.9879949872349572,0.9849838614463806,
NA4_LAG10_019,NA4_LAG10,4,10,2,3,cascade,cascade,1,0.481978155843048,0.010061730933392923,0.7444957494735718,False
NA4_LAG10_019,NA4_LAG10,4,10,2,4,cascade,cascade,1,0.5004104321088177,0.03570463449376069,0.9259048104286194,False
NA4_LAG10_019,NA4_LAG10,4,10,2,5,cascade,root,1,0.4752088732604307,0.0678369717337455,0.8680953979492188,False
NA4_LAG10_019,NA4_LAG10,4,10,2,6,cascade,unrelated,0,0.46699419081350635,0.08180938442477487,0.8474434018135071,
NA4_LAG10_019,NA4_LAG10,4,10,3,4,cascade,cascade,1,0.23988833567174603,0.1477865835530255,0.7566303610801697,False
NA4_LAG10_019,NA4_LAG10,4,10,3,5,cascade,root,1,0.2471399211625765,0.8804226416331982,0.775525689125061,False
NA4_LAG10_019,NA4_LAG10,4,10,3,6,cascade,unrelated,0,0.3136696976110307,0.9687491555447976,0.8064597845077515,
NA4_LAG10_019,NA4_LAG10,4,10,4,5,cascade,root,1,0.6879449048035621,0.5280987226617114,0.9519209861755371,False
NA4_LAG10_019,NA4_LAG10,4,10,4,6,cascade,unrelated,0,0.4528105634486754,0.1754808324319964,0.9231661558151245,
NA4_LAG10_019,NA4_LAG10,4,10,5,6,root,unrelated,0,0.9364041131178309,0.9067818859414825,0.9827560782432556,
NA4_LAG10_020,NA4_LAG10,4,10,1,2,cascade,root,1,0.6754189017139521,0.5122511261710365,0.9007996916770935,False
NA4_LAG10_020,NA4_LAG10,4,10,1,3,cascade,unrelated,0,0.9216099373227448,0.8840859177599006,0.9793379902839661,
NA4_LAG10_020,NA4_LAG10,4,10,1,4,cascade,mild,1,0.97540254681508,0.971542133604504,0.9840322136878967,False
NA4_LAG10_020,NA4_LAG10,4,10,1,5,cascade,mild,1,0.9768469148890586,0.9743145153527982,0.9809214472770691,False
NA4_LAG10_020,NA4_LAG10,4,10,1,6,cascade,cascade,1,0.48815759346676085,0.03017933759407213,0.8079193234443665,False
NA4_LAG10_020,NA4_LAG10,4,10,2,3,root,unrelated,0,0.4224083251024631,0.1358986760749664,0.9436155557632446,
NA4_LAG10_020,NA4_LAG10,4,10,2,4,root,mild,1,0.7051554204136405,0.528787201600416,0.9558789134025574,True
NA4_LAG10_020,NA4_LAG10,4,10,2,5,root,mild,1,0.708795106670543,0.5353933524384331,0.959174394607544,True
NA4_LAG10_020,NA4_LAG10,4,10,2,6,root,cascade,1,0.4890018730621908,0.047303272883729326,0.9185328483581543,False
NA4_LAG10_020,NA4_LAG10,4,10,3,4,unrelated,mild,0,0.930679877921997,0.8995835688694362,0.9892629384994507,
NA4_LAG10_020,NA4_LAG10,4,10,3,5,unrelated,mild,0,0.9289645732763616,0.8968324431048327,0.9904733300209045,
NA4_LAG10_020,NA4_LAG10,4,10,3,6,unrelated,cascade,0,0.4678321390047516,0.05431076664829057,0.8698183298110962,
NA4_LAG10_020,NA4_LAG10,4,10,4,5,mild,mild,1,0.9933448237167158,0.9919229873294717,0.9972701668739319,True
NA4_LAG10_020,NA4_LAG10,4,10,4,6,mild,cascade,1,0.5584230931483127,0.05282298985595809,0.8718351125717163,False
NA4_LAG10_020,NA4_LAG10,4,10,5,6,mild,cascade,1,0.5555467788136904,0.045201441980261256,0.8744598031044006,False
NA4_LAG10_021,NA4_LAG10,4,10,1,2,root,mild,1,0.703674552086273,0.5247610389227542,0.9303601980209351,True
NA4_LAG10_021,NA4_LAG10,4,10,1,3,root,cascade,1,0.9874979480827731,0.9840688461856378,0.9915177226066589,True
NA4_LAG10_021,NA4_LAG10,4,10,1,4,root,unrelated,0,0.41890677404809284,0.1295693597321836,0.8994284272193909,
NA4_LAG10_021,NA4_LAG10,4,10,1,5,root,mild,1,0.6011209456936656,0.26050209006529174,0.8172146081924438,False
NA4_LAG10_021,NA4_LAG10,4,10,1,6,root,cascade,1,0.9870710267355873,0.983277889274277,0.9861906170845032,True
NA4_LAG10_021,NA4_LAG10,4,10,2,3,mild,cascade,1,0.7331582038737959,0.5735127710605856,0.9446713328361511,True
NA4_LAG10_021,NA4_LAG10,4,10,2,4,mild,unrelated,0,0.9305415862976403,0.8999823275398288,0.9907537698745728,
NA4_LAG10_021,NA4_LAG10,4,10,2,5,mild,mild,1,0.9096705927537124,0.875928172399563,0.8864163160324097,False
NA4_LAG10_021,NA4_LAG10,4,10,2,6,mild,cascade,1,0.730822980178309,0.5682373307618982,0.9630885124206543,True
NA4_LAG10_021,NA4_LAG10,4,10,3,4,cascade,unrelated,0,0.4497012012035842,0.17653789933930847,0.9245840311050415,
NA4_LAG10_021,NA4_LAG10,4,10,3,5,cascade,mild,1,0.6202976222674075,0.3029627799261101,0.8386663794517517,False
NA4_LAG10_021,NA4_LAG10,4,10,3,6,cascade,cascade,1,0.9958501711244758,0.9957985679166037,0.9939237236976624,True
NA4_LAG10_021,NA4_LAG10,4,10,4,5,unrelated,mild,0,0.8771120834092138,0.8956605067312577,0.8805896639823914,
NA4_LAG10_021,NA4_LAG10,4,10,4,6,unrelated,cascade,0,0.4460020633058088,0.1693748337094584,0.9441137909889221,
NA4_LAG10_021,NA4_LAG10,4,10,5,6,mild,cascade,1,0.6195472007304681,0.29733129889934556,0.8505227565765381,False
NA4_LAG10_022,NA4_LAG10,4,10,1,2,mild,mild,1,0.9367584188571676,0.9047748845629093,0.9617183804512024,False
NA4_LAG10_022,NA4_LAG10,4,10,1,3,mild,cascade,1,0.8613210756573203,0.8017079897396069,0.9875887632369995,False
NA4_LAG10_022,NA4_LAG10,4,10,1,4,mild,mild,1,0.927143578851253,0.9868857693729273,0.9904510378837585,False
NA4_LAG10_022,NA4_LAG10,4,10,1,5,mild,root,1,0.7058440070870983,0.03089717394774874,0.8558839559555054,True
NA4_LAG10_022,NA4_LAG10,4,10,1,6,mild,unrelated,0,0.9586941293914222,0.9901107927559473,0.9859758019447327,
NA4_LAG10_022,NA4_LAG10,4,10,2,3,mild,cascade,1,0.9597094305595175,0.9454934506419733,0.9619807004928589,False
NA4_LAG10_022,NA4_LAG10,4,10,2,4,mild,mild,1,0.8964824880069945,0.8832906780983483,0.9565426111221313,False
NA4_LAG10_022,NA4_LAG10,4,10,2,5,mild,root,1,0.6578533893502174,0.008083971761237308,0.8745170831680298,False
NA4_LAG10_022,NA4_LAG10,4,10,2,6,mild,unrelated,0,0.927037783623268,0.8959467569937468,0.9634134769439697,
NA4_LAG10_022,NA4_LAG10,4,10,3,4,cascade,mild,1,0.8380029219747485,0.7848554372518421,0.9911613464355469,False
NA4_LAG10_022,NA4_LAG10,4,10,3,5,cascade,root,1,0.5784111962640401,0.011596238248919633,0.8354510068893433,False
NA4_LAG10_022,NA4_LAG10,4,10,3,6,cascade,unrelated,0,0.8591787434370685,0.791136951127545,0.9883732795715332,
NA4_LAG10_022,NA4_LAG10,4,10,4,5,mild,root,1,0.4840650520275101,0.046765225359767376,0.8421915173530579,False
NA4_LAG10_022,NA4_LAG10,4,10,4,6,mild,unrelated,0,0.9885596982467859,0.9940660479125688,0.9965932369232178,
NA4_LAG10_022,NA4_LAG10,4,10,5,6,root,unrelated,0,0.5714734963449773,0.04263959493788852,0.8592522144317627,
NA4_LAG10_023,NA4_LAG10,4,10,1,2,unrelated,mild,0,0.9880377987916411,0.9847583575797804,0.947584331035614,
NA4_LAG10_023,NA4_LAG10,4,10,1,3,unrelated,mild,0,0.8827938497278052,0.9073499911867876,0.8878875970840454,
NA4_LAG10_023,NA4_LAG10,4,10,1,4,unrelated,root,0,0.9138290822927596,0.8722724241023548,0.9877284169197083,
NA4_LAG10_023,NA4_LAG10,4,10,1,5,unrelated,mild,0,0.957413603892773,0.9887195661003452,0.9330986142158508,
NA4_LAG10_023,NA4_LAG10,4,10,1,6,unrelated,mild,0,0.8848721299325557,0.9067111916801049,0.9063372015953064,
NA4_LAG10_023,NA4_LAG10,4,10,2,3,mild,mild,1,0.8840906390682959,0.9047915791162273,0.8789251446723938,False
NA4_LAG10_023,NA4_LAG10,4,10,2,4,mild,root,1,0.9513463963211494,0.9285898694567875,0.9772466421127319,True
NA4_LAG10_023,NA4_LAG10,4,10,2,5,mild,mild,1,0.9534310605655765,0.9793350492617722,0.9929757118225098,False
NA4_LAG10_023,NA4_LAG10,4,10,2,6,mild,mild,1,0.885045612835291,0.9014899576512266,0.8697082996368408,False
NA4_LAG10_023,NA4_LAG10,4,10,3,4,mild,root,1,0.853419221888921,0.8322982012131016,0.8928998708724976,False
NA4_LAG10_023,NA4_LAG10,4,10,3,5,mild,mild,1,0.9424505372302298,0.9154053250833633,0.8725598454475403,False
NA4_LAG10_023,NA4_LAG10,4,10,3,6,mild,mild,1,0.9892226267580311,0.9752944866678913,0.9938006401062012,True
NA4_LAG10_023,NA4_LAG10,4,10,4,5,root,mild,1,0.8949268972110997,0.8686299588198853,0.9681086540222168,False
NA4_LAG10_023,NA4_LAG10,4,10,4,6,root,mild,1,0.8457296687863385,0.8112339542088318,0.9003785848617554,False
NA4_LAG10_023,NA4_LAG10,4,10,5,6,mild,mild,1,0.94297402682876,0.9120599425224609,0.8587110042572021,False
NA4_LAG10_024,NA4_LAG10,4,10,1,2,mild,unrelated,0,0.8785593113104792,0.905209134966677,0.8747705221176147,
NA4_LAG10_024,NA4_LAG10,4,10,1,3,mild,mild,1,0.9067064402798437,0.871740790813361,0.8791990280151367,False
NA4_LAG10_024,NA4_LAG10,4,10,1,4,mild,mild,1,0.989974118341468,0.9735577517129589,0.9904804825782776,True
NA4_LAG10_024,NA4_LAG10,4,10,1,5,mild,root,1,0.09050914386758593,0.9034446658743033,0.9504860043525696,True
NA4_LAG10_024,NA4_LAG10,4,10,1,6,mild,mild,1,0.9902231175039408,0.9767764703853986,0.9919542074203491,True
NA4_LAG10_024,NA4_LAG10,4,10,2,3,unrelated,mild,0,0.9302917445991421,0.8995200332522492,0.990818977355957,
NA4_LAG10_024,NA4_LAG10,4,10,2,4,unrelated,mild,0,0.8797232869481445,0.9021802250115525,0.906967282295227,
NA4_LAG10_024,NA4_LAG10,4,10,2,5,unrelated,root,0,0.3360288843886015,0.9951615090060628,0.7863783240318298,
NA4_LAG10_024,NA4_LAG10,4,10,2,6,unrelated,mild,0,0.8797766672489744,0.9018349678959193,0.893754243850708,
NA4_LAG10_024,NA4_LAG10,4,10,3,4,mild,mild,1,0.9150410481152559,0.8871361498464387,0.902727484703064,False
NA4_LAG10_024,NA4_LAG10,4,10,3,5,mild,root,1,0.16799668160585274,0.9014637445335283,0.7836072444915771,False
NA4_LAG10_024,NA4_LAG10,4,10,3,6,mild,mild,1,0.9138630801560238,0.8850081334148019,0.8894291520118713,False
NA4_LAG10_024,NA4_LAG10,4,10,4,5,mild,root,1,0.08330164630034202,0.901190937488084,0.9403025507926941,True
NA4_LAG10_024,NA4_LAG10,4,10,4,6,mild,mild,1,0.9903849244515561,0.9780726773322073,0.997955858707428,True
NA4_LAG10_024,NA4_LAG10,4,10,5,6,root,mild,1,0.08403696013651635,0.9004285714427588,0.9470658898353577,True
NA4_LAG10_025,NA4_LAG10,4,10,1,2,cascade,unrelated,0,0.44169542200226697,0.1614833479076271,0.9747812747955322,
NA4_LAG10_025,NA4_LAG10,4,10,1,3,cascade,root,1,0.5803194863437245,0.031754001807225166,0.8891855478286743,False
NA4_LAG10_025,NA4_LAG10,4,10,1,4,cascade,mild,1,0.521003225769111,0.1764073938054416,0.9821836352348328,False
NA4_LAG10_025,NA4_LAG10,4,10,1,5,cascade,cascade,1,0.23518552725699093,0.15133205023181648,0.7734169363975525,False
NA4_LAG10_025,NA4_LAG10,4,10,1,6,cascade,mild,1,0.5195924450148823,0.17785816222772427,0.9485403299331665,False
NA4_LAG10_025,NA4_LAG10,4,10,2,3,unrelated,root,0,0.5830933641177432,0.1429014398458798,0.8968694806098938,
NA4_LAG10_025,NA4_LAG10,4,10,2,4,unrelated,mild,0,0.9596277401360144,0.9908166783425935,0.9953160285949707,
NA4_LAG10_025,NA4_LAG10,4,10,2,5,unrelated,cascade,0,0.3139946214598509,0.9675892101500547,0.8144175410270691,
NA4_LAG10_025,NA4_LAG10,4,10,2,6,unrelated,mild,0,0.9587874924018791,0.988365042642331,0.9729896187782288,
NA4_LAG10_025,NA4_LAG10,4,10,3,4,root,mild,1,0.7219395486454678,0.13607737725596428,0.8861581087112427,True
NA4_LAG10_025,NA4_LAG10,4,10,3,5,root,cascade,1,0.5597389445764707,0.1429021781969246,0.7486258149147034,False
NA4_LAG10_025,NA4_LAG10,4,10,3,6,root,mild,1,0.7172032614406927,0.14817865132760252,0.9053086638450623,True
NA4_LAG10_025,NA4_LAG10,4,10,4,5,mild,cascade,1,0.11863454303897729,0.9691470325632084,0.8080055117607117,False
NA4_LAG10_025,NA4_LAG10,4,10,4,6,mild,mild,1,0.9927249546217247,0.9895129533397471,0.9665963649749756,True
NA4_LAG10_025,NA4_LAG10,4,10,5,6,cascade,mild,1,0.12453841640080944,0.9672313127635724,0.8939743638038635,False
NA4_LAG10_026,NA4_LAG10,4,10,1,2,mild,root,1,0.8665424922269949,0.8546705960383172,0.8899932503700256,False
NA4_LAG10_026,NA4_LAG10,4,10,1,3,mild,unrelated,0,0.8842867034236267,0.9069194983878618,0.9008098840713501,
NA4_LAG10_026,NA4_LAG10,4,10,1,4,mild,mild,1,0.8926687875460216,0.9043600229395631,0.8979408740997314,False
NA4_LAG10_026,NA4_LAG10,4,10,1,5,mild,cascade,1,0.8546670816775304,0.8322176089067547,0.8988924622535706,False
NA4_LAG10_026,NA4_LAG10,4,10,1,6,mild,cascade,1,0.7427197725301043,0.9029955101050421,0.8860751986503601,False
NA4_LAG10_026,NA4_LAG10,4,10,2,3,root,unrelated,0,0.9403525408228407,0.9121760767190782,0.9929009675979614,
NA4_LAG10_026,NA4_LAG10,4,10,2,4,root,mild,1,0.9756289916919738,0.9648778580184033,0.9918225407600403,True
NA4_LAG10_026,NA4_LAG10,4,10,2,5,root,cascade,1,0.994061541810986,0.9933933347355943,0.9868037700653076,True
NA4_LAG10_026,NA4_LAG10,4,10,2,6,root,cascade,1,0.890886165825773,0.9112086732031146,0.9526394605636597,False
NA4_LAG10_026,NA4_LAG10,4,10,3,4,unrelated,mild,0,0.9857749350041665,0.9811709663704233,0.994462251663208,
NA4_LAG10_026,NA4_LAG10,4,10,3,5,unrelated,cascade,0,0.9228624141743782,0.8864802152921123,0.9860789179801941,
NA4_LAG10_026,NA4_LAG10,4,10,3,6,unrelated,cascade,0,0.9585931803251384,0.9952476955860577,0.9767211079597473,
NA4_LAG10_026,NA4_LAG10,4,10,4,5,mild,cascade,1,0.9652731520740933,0.9490682189617394,0.9937824010848999,True
NA4_LAG10_026,NA4_LAG10,4,10,4,6,mild,cascade,1,0.9413671871720086,0.9815065114612848,0.9679872393608093,False
NA4_LAG10_026,NA4_LAG10,4,10,5,6,cascade,cascade,1,0.8731052151349266,0.8864365328739052,0.956227719783783,False
NA4_LAG10_027,NA4_LAG10,4,10,1,2,mild,unrelated,0,0.8760896687460006,0.8997304339286959,0.893272340297699,
NA4_LAG10_027,NA4_LAG10,4,10,1,3,mild,mild,1,0.8806133814305128,0.8984983664770406,0.8792629241943359,False
NA4_LAG10_027,NA4_LAG10,4,10,1,4,mild,mild,1,0.8059298590332707,0.8723570516224433,0.8904334306716919,False
NA4_LAG10_027,NA4_LAG10,4,10,1,5,mild,root,1,0.08460337616629043,0.9008687305930637,0.9313987493515015,True
NA4_LAG10_027,NA4_LAG10,4,10,1,6,mild,mild,1,0.9910575493823905,0.978221256820387,0.9968427419662476,True
NA4_LAG10_027,NA4_LAG10,4,10,2,3,unrelated,mild,0,0.9841974653197493,0.9786532625417779,0.9947363138198853,
NA4_LAG10_027,NA4_LAG10,4,10,2,4,unrelated,mild,0,0.9870164121190974,0.994254393704593,0.9918023347854614,
NA4_LAG10_027,NA4_LAG10,4,10,2,5,unrelated,root,0,0.3396070329284857,0.9954111745992008,0.7902145981788635,
NA4_LAG10_027,NA4_LAG10,4,10,2,6,unrelated,mild,0,0.8717260427769562,0.8941902243912612,0.8889920711517334,
NA4_LAG10_027,NA4_LAG10,4,10,3,4,mild,mild,1,0.9718578899969877,0.9751525104345158,0.9876805543899536,False
NA4_LAG10_027,NA4_LAG10,4,10,3,5,mild,root,1,0.3181742571992541,0.9768009299530472,0.7747055292129517,False
NA4_LAG10_027,NA4_LAG10,4,10,3,6,mild,mild,1,0.8754620844829726,0.8926864184462742,0.8779052495956421,False
NA4_LAG10_027,NA4_LAG10,4,10,4,5,mild,root,1,0.4505055867287807,0.9941980234391271,0.7724212408065796,False
NA4_LAG10_027,NA4_LAG10,4,10,4,6,mild,mild,1,0.800808599340582,0.8663026825510545,0.881158173084259,False
NA4_LAG10_027,NA4_LAG10,4,10,5,6,root,mild,1,0.09365869560830413,0.8948476496882343,0.9404250383377075,True
NA4_LAG10_028,NA4_LAG10,4,10,1,2,mild,unrelated,0,0.933690619320467,0.9033558630011179,0.9889731407165527,
NA4_LAG10_028,NA4_LAG10,4,10,1,3,mild,cascade,1,0.7315653037536078,0.5664608241900414,0.919275164604187,True
NA4_LAG10_028,NA4_LAG10,4,10,1,4,mild,root,1,0.7036422301240365,0.5244960336446298,0.9733455181121826,True
NA4_LAG10_028,NA4_LAG10,4,10,1,5,mild,cascade,1,0.5599376144580044,0.0027753219752614643,0.860480785369873,False
NA4_LAG10_028,NA4_LAG10,4,10,1,6,mild,cascade,1,0.7283928331577435,0.5638386419893492,0.9027105569839478,True
NA4_LAG10_028,NA4_LAG10,4,10,2,3,unrelated,cascade,0,0.45334641868917586,0.17411417443567856,0.9192334413528442,
NA4_LAG10_028,NA4_LAG10,4,10,2,4,unrelated,root,0,0.42456698776722857,0.1353401992392973,0.9640839099884033,
NA4_LAG10_028,NA4_LAG10,4,10,2,5,unrelated,cascade,0,0.4750870034850806,0.006862313152910893,0.8852974772453308,
NA4_LAG10_028,NA4_LAG10,4,10,2,6,unrelated,cascade,0,0.449611176142082,0.17213084690554858,0.8997235298156738,
NA4_LAG10_028,NA4_LAG10,4,10,3,4,cascade,root,1,0.986478073130963,0.982452177875669,0.9743225574493408,True
NA4_LAG10_028,NA4_LAG10,4,10,3,5,cascade,cascade,1,0.5097799416251748,0.016910013911713064,0.9365650415420532,False
NA4_LAG10_028,NA4_LAG10,4,10,3,6,cascade,cascade,1,0.9941103813824745,0.9939518060387127,0.9946094155311584,True
NA4_LAG10_028,NA4_LAG10,4,10,4,5,root,cascade,1,0.49614315993484975,0.004842832391143557,0.9114996790885925,False
NA4_LAG10_028,NA4_LAG10,4,10,4,6,root,cascade,1,0.988806804649722,0.9858765573919216,0.9707249402999878,True
NA4_LAG10_028,NA4_LAG10,4,10,5,6,cascade,cascade,1,0.5044153639001504,0.017272209565478206,0.937455415725708,False
NA4_LAG10_029,NA4_LAG10,4,10,1,2,root,mild,1,0.9827047405899124,0.9955102801498371,0.9932193160057068,True
NA4_LAG10_029,NA4_LAG10,4,10,1,3,root,unrelated,0,0.9573556607756029,0.9966718081443046,0.9717684984207153,
NA4_LAG10_029,NA4_LAG10,4,10,1,4,root,mild,1,0.9437833311260208,0.9810495092221044,0.9651129841804504,False
NA4_LAG10_029,NA4_LAG10,4,10,1,5,root,mild,1,0.7337657513952781,0.9010467553800269,0.9020146727561951,False
NA4_LAG10_029,NA4_LAG10,4,10,1,6,root,mild,1,0.949956061395949,0.9907579853714982,0.974801242351532,False
NA4_LAG10_029,NA4_LAG10,4,10,2,3,mild,unrelated,0,0.9865297044304766,0.9938519648215527,0.9878965616226196,
NA4_LAG10_029,NA4_LAG10,4,10,2,4,mild,mild,1,0.9730414776003297,0.9763953931905274,0.978394091129303,False
NA4_LAG10_029,NA4_LAG10,4,10,2,5,mild,mild,1,0.8060952950369616,0.8677416099449964,0.9054112434387207,False
NA4_LAG10_029,NA4_LAG10,4,10,2,6,mild,mild,1,0.9801340606704787,0.9865465311086216,0.9867110252380371,False
NA4_LAG10_029,NA4_LAG10,4,10,3,4,unrelated,mild,0,0.9855215529376871,0.9805117732452587,0.9861565828323364,
NA4_LAG10_029,NA4_LAG10,4,10,3,5,unrelated,mild,0,0.87809363587138,0.8982953522026078,0.8937161564826965,
NA4_LAG10_029,NA4_LAG10,4,10,3,6,unrelated,mild,0,0.9913660163653651,0.9893215649618528,0.9926446676254272,
NA4_LAG10_029,NA4_LAG10,4,10,4,5,mild,mild,1,0.879225397685074,0.8942003355580281,0.9040620923042297,False
NA4_LAG10_029,NA4_LAG10,4,10,4,6,mild,mild,1,0.9939637371438083,0.9927665063615172,0.9974260330200195,True
NA4_LAG10_029,NA4_LAG10,4,10,5,6,mild,mild,1,0.8811470501943247,0.8952271664531569,0.9088413119316101,False
NA4_LAG50_000,NA4_LAG50,4,50,1,2,unrelated,mild,0,0.906024904112343,0.8832202105412602,0.8985505700111389,
NA4_LAG50_000,NA4_LAG50,4,50,1,3,unrelated,root,0,0.3217172195271778,0.9946006477598588,0.7868232727050781,
NA4_LAG50_000,NA4_LAG50,4,50,1,4,unrelated,mild,0,0.9068027398473618,0.8844783731551011,0.8873724341392517,
NA4_LAG50_000,NA4_LAG50,4,50,1,5,unrelated,mild,0,0.9789129116396341,0.9802060964274774,0.9376756548881531,
NA4_LAG50_000,NA4_LAG50,4,50,1,6,unrelated,cascade,0,0.9696703242477762,0.9573269956137661,0.9926964640617371,
NA4_LAG50_000,NA4_LAG50,4,50,2,3,mild,root,1,0.026259247772384687,0.8774349446456384,0.9386866688728333,True
NA4_LAG50_000,NA4_LAG50,4,50,2,4,mild,mild,1,0.9915005305254349,0.9866892393436494,0.9985215067863464,True
NA4_LAG50_000,NA4_LAG50,4,50,2,5,mild,mild,1,0.9621512707782965,0.942646489110579,0.9919687509536743,False
NA4_LAG50_000,NA4_LAG50,4,50,2,6,mild,cascade,1,0.8990633671405738,0.8681533330857,0.8956995606422424,False
NA4_LAG50_000,NA4_LAG50,4,50,3,4,root,mild,1,0.03185810733182339,0.876882231122192,0.9384098649024963,True
NA4_LAG50_000,NA4_LAG50,4,50,3,5,root,mild,1,0.19859896569482738,0.9787995634957914,0.9250019788742065,False
NA4_LAG50_000,NA4_LAG50,4,50,3,6,root,cascade,1,0.2973719605871515,0.9599641097676931,0.7825105786323547,False
NA4_LAG50_000,NA4_LAG50,4,50,4,5,mild,mild,1,0.9625709987974361,0.9440149916925419,0.9879360198974609,False
NA4_LAG50_000,NA4_LAG50,4,50,4,6,mild,cascade,1,0.8987854897765897,0.8671691649548948,0.8863258361816406,False
NA4_LAG50_000,NA4_LAG50,4,50,5,6,mild,cascade,1,0.960292017872631,0.9493315693853004,0.9312922358512878,False
NA4_LAG50_001,NA4_LAG50,4,50,1,2,cascade,unrelated,0,0.7080870341082466,0.5430632505828333,0.8281722068786621,
NA4_LAG50_001,NA4_LAG50,4,50,1,3,cascade,mild,1,0.9189104357525806,0.8201304962504368,0.9728825092315674,False
NA4_LAG50_001,NA4_LAG50,4,50,1,4,cascade,root,1,0.7091712038227823,0.5076428383704593,0.8337581753730774,False
NA4_LAG50_001,NA4_LAG50,4,50,1,5,cascade,cascade,1,0.7187517942791462,0.5416968607092945,0.8278360962867737,False
NA4_LAG50_001,NA4_LAG50,4,50,1,6,cascade,cascade,1,0.9891281920774644,0.9746051988596908,0.995586097240448,True
NA4_LAG50_001,NA4_LAG50,4,50,2,3,unrelated,mild,0,0.8965414049918019,0.8746661087822846,0.8759539723396301,
NA4_LAG50_001,NA4_LAG50,4,50,2,4,unrelated,root,0,0.8646790412753319,0.7997058888170059,0.9757498502731323,
NA4_LAG50_001,NA4_LAG50,4,50,2,5,unrelated,cascade,0,0.9447832726153753,0.9199871113605671,0.976709246635437,
NA4_LAG50_001,NA4_LAG50,4,50,2,6,unrelated,cascade,0,0.7070691372343103,0.5400817441561077,0.8320332765579224,
NA4_LAG50_001,NA4_LAG50,4,50,3,4,mild,root,1,0.8495720467646829,0.7703361693240081,0.8601629137992859,False
NA4_LAG50_001,NA4_LAG50,4,50,3,5,mild,cascade,1,0.8843293004454039,0.8408571456272508,0.8558353781700134,False
NA4_LAG50_001,NA4_LAG50,4,50,3,6,mild,cascade,1,0.9176390645719883,0.8171135965535609,0.9806746244430542,False
NA4_LAG50_001,NA4_LAG50,4,50,4,5,root,cascade,1,0.9706399504438722,0.9580374631891853,0.9966710805892944,True
NA4_LAG50_001,NA4_LAG50,4,50,4,6,root,cascade,1,0.705925426055623,0.49990840692229893,0.8353173136711121,False
NA4_LAG50_001,NA4_LAG50,4,50,5,6,cascade,cascade,1,0.7170452390875448,0.5376448882437643,0.8291601538658142,False
NA4_LAG50_002,NA4_LAG50,4,50,1,2,cascade,mild,1,0.950312779814087,0.9319666915287235,0.9260044693946838,False
NA4_LAG50_002,NA4_LAG50,4,50,1,3,cascade,mild,1,0.8895201965588189,0.8537826349325678,0.8863177299499512,False
NA4_LAG50_002,NA4_LAG50,4,50,1,4,cascade,root,1,0.5758796356704445,0.04704890125873955,0.768975555896759,False
NA4_LAG50_002,NA4_LAG50,4,50,1,5,cascade,cascade,1,0.9009730801277304,0.9135163853808164,0.9753881096839905,False
NA4_LAG50_002,NA4_LAG50,4,50,1,6,cascade,unrelated,0,0.956850430356445,0.9378451672620682,0.9668679237365723,
NA4_LAG50_002,NA4_LAG50,4,50,2,3,mild,mild,1,0.9622314066929274,0.9455315714954264,0.992641031742096,False
NA4_LAG50_002,NA4_LAG50,4,50,2,4,mild,root,1,0.6634190945762575,0.0428676486293244,0.9114187359809875,True
NA4_LAG50_002,NA4_LAG50,4,50,2,5,mild,cascade,1,0.8804987883633182,0.9250534170106205,0.9282087087631226,False
NA4_LAG50_002,NA4_LAG50,4,50,2,6,mild,unrelated,0,0.9771919957219588,0.9764331933201325,0.9266886115074158,
NA4_LAG50_002,NA4_LAG50,4,50,3,4,mild,root,1,0.7541386102464116,0.06316995903441348,0.9320650100708008,False
NA4_LAG50_002,NA4_LAG50,4,50,3,5,mild,cascade,1,0.7386116826195301,0.774692624762523,0.8895465135574341,False
NA4_LAG50_002,NA4_LAG50,4,50,3,6,mild,unrelated,0,0.9002880154304237,0.8752611217105966,0.8880321383476257,
NA4_LAG50_002,NA4_LAG50,4,50,4,5,root,cascade,1,0.36120254927145706,0.010449972493517957,0.7763964533805847,False
NA4_LAG50_002,NA4_LAG50,4,50,4,6,root,unrelated,0,0.5745943936732674,0.02406728937607816,0.7703532576560974,
NA4_LAG50_002,NA4_LAG50,4,50,5,6,cascade,unrelated,0,0.9498154641469072,0.9766280285882076,0.9954553246498108,
NA4_LAG50_003,NA4_LAG50,4,50,1,2,cascade,cascade,1,0.8774512625303519,0.8834505064755477,0.9749040007591248,False
NA4_LAG50_003,NA4_LAG50,4,50,1,3,cascade,mild,1,0.9228651175329546,0.9002382942618747,0.9690836071968079,False
NA4_LAG50_003,NA4_LAG50,4,50,1,4,cascade,root,1,0.8925331350933844,0.9132134542765931,0.977582573890686,False
NA4_LAG50_003,NA4_LAG50,4,50,1,5,cascade,mild,1,0.9814410079284295,0.976581966155153,0.9883990287780762,False
NA4_LAG50_003,NA4_LAG50,4,50,1,6,cascade,unrelated,0,0.9411094636167069,0.9137629354236882,0.9746245741844177,
NA4_LAG50_003,NA4_LAG50,4,50,2,3,cascade,mild,1,0.9790302925342772,0.9896525962712949,0.9955093264579773,True
NA4_LAG50_003,NA4_LAG50,4,50,2,4,cascade,root,1,0.9755717309667581,0.9761784994900725,0.9961628913879395,True
NA4_LAG50_003,NA4_LAG50,4,50,2,5,cascade,mild,1,0.8556553154617627,0.8731685562018809,0.9868369698524475,False
NA4_LAG50_003,NA4_LAG50,4,50,2,6,cascade,unrelated,0,0.9478569545950025,0.9731093686699722,0.9936702251434326,
NA4_LAG50_003,NA4_LAG50,4,50,3,4,mild,root,1,0.975799054975155,0.9917930588256472,0.9933557510375977,True
NA4_LAG50_003,NA4_LAG50,4,50,3,5,mild,mild,1,0.9143431288690045,0.8961986392154213,0.9886573553085327,False
NA4_LAG50_003,NA4_LAG50,4,50,3,6,mild,unrelated,0,0.986192581130697,0.9890942556848074,0.99134361743927,
NA4_LAG50_003,NA4_LAG50,4,50,4,5,root,mild,1,0.8809811376273917,0.9216472636170883,0.9865807890892029,False
NA4_LAG50_003,NA4_LAG50,4,50,4,6,root,unrelated,0,0.9584710520363148,0.9960369169447716,0.9969210028648376,
NA4_LAG50_003,NA4_LAG50,4,50,5,6,mild,unrelated,0,0.9466769999123734,0.9227029127207167,0.9864940643310547,
NA4_LAG50_004,NA4_LAG50,4,50,1,2,cascade,mild,1,0.7214688546726676,0.5496721484852494,0.8479089736938477,False
NA4_LAG50_004,NA4_LAG50,4,50,1,3,cascade,mild,1,0.7198814344527088,0.5473963626812806,0.8487005829811096,False
NA4_LAG50_004,NA4_LAG50,4,50,1,4,cascade,root,1,0.8337456854160467,0.07997011521742751,0.9088487029075623,True
NA4_LAG50_004,NA4_LAG50,4,50,1,5,cascade,cascade,1,0.989322745755853,0.9739100821099641,0.9954908490180969,True
NA4_LAG50_004,NA4_LAG50,4,50,1,6,cascade,unrelated,0,0.7174053619050071,0.5482205958861859,0.8357241749763489,
NA4_LAG50_004,NA4_LAG50,4,50,2,3,mild,mild,1,0.9935706843950598,0.9927663482652826,0.9937865138053894,True
NA4_LAG50_004,NA4_LAG50,4,50,2,4,mild,root,1,0.5794874769253852,0.03348707582208933,0.7760361433029175,False
NA4_LAG50_004,NA4_LAG50,4,50,2,5,mild,cascade,1,0.7272261246165798,0.5670799215212236,0.8570730090141296,False
NA4_LAG50_004,NA4_LAG50,4,50,2,6,mild,unrelated,0,0.9863497605786633,0.9824387376925368,0.9870883822441101,
NA4_LAG50_004,NA4_LAG50,4,50,3,4,mild,root,1,0.5798466308430721,0.04169331088749792,0.7731653451919556,False
NA4_LAG50_004,NA4_LAG50,4,50,3,5,mild,cascade,1,0.7252959606424663,0.564678448803807,0.8561874628067017,False
NA4_LAG50_004,NA4_LAG50,4,50,3,6,mild,unrelated,0,0.9920498823796393,0.9900377588720756,0.9959327578544617,
NA4_LAG50_004,NA4_LAG50,4,50,4,5,root,cascade,1,0.8324873482171183,0.07918856364239034,0.9075371026992798,True
NA4_LAG50_004,NA4_LAG50,4,50,4,6,root,unrelated,0,0.57629807910549,0.03686671754805543,0.7671603560447693,
NA4_LAG50_004,NA4_LAG50,4,50,5,6,cascade,unrelated,0,0.7211042278826901,0.560686226270308,0.8425934314727783,
NA4_LAG50_005,NA4_LAG50,4,50,1,2,cascade,mild,1,0.8995695477136306,0.8652241028266057,0.8750941157341003,False
NA4_LAG50_005,NA4_LAG50,4,50,1,3,cascade,cascade,1,0.9054456615866103,0.923755324222002,0.9580124020576477,False
NA4_LAG50_005,NA4_LAG50,4,50,1,4,cascade,cascade,1,0.7403274855405846,0.6084854568765136,0.9417981505393982,False
NA4_LAG50_005,NA4_LAG50,4,50,1,5,cascade,root,1,0.5707255114499673,0.3501150854023529,0.934996485710144,False
NA4_LAG50_005,NA4_LAG50,4,50,1,6,cascade,unrelated,0,0.9654706090470834,0.9500227370932373,0.9858714938163757,
NA4_LAG50_005,NA4_LAG50,4,50,2,3,mild,cascade,1,0.7415224687366984,0.7810461057861512,0.8800974488258362,False
NA4_LAG50_005,NA4_LAG50,4,50,2,4,mild,cascade,1,0.732231243628735,0.5534114532360702,0.8426043391227722,False
NA4_LAG50_005,NA4_LAG50,4,50,2,5,mild,root,1,0.5753238732404082,0.2571832877956314,0.8506433963775635,False
NA4_LAG50_005,NA4_LAG50,4,50,2,6,mild,unrelated,0,0.9014048317650731,0.8782634357521206,0.8988574147224426,
NA4_LAG50_005,NA4_LAG50,4,50,3,4,cascade,cascade,1,0.4392806897337228,0.30812162711194113,0.891518235206604,False
NA4_LAG50_005,NA4_LAG50,4,50,3,5,cascade,root,1,0.262650963350444,0.0704419323412272,0.915793776512146,False
NA4_LAG50_005,NA4_LAG50,4,50,3,6,cascade,unrelated,0,0.950182574262444,0.9769664815896478,0.9820043444633484,
NA4_LAG50_005,NA4_LAG50,4,50,4,5,cascade,root,1,0.8738915201892579,0.81352215706982,0.9845923781394958,True
NA4_LAG50_005,NA4_LAG50,4,50,4,6,cascade,unrelated,0,0.5896760741452826,0.3864171737322912,0.9439987540245056,
NA4_LAG50_005,NA4_LAG50,4,50,5,6,root,unrelated,0,0.41831637268451083,0.12636399401341133,0.9542068243026733,
NA4_LAG50_006,NA4_LAG50,4,50,1,2,mild,root,1,0.7396908601879508,0.1332891312095097,0.905659556388855,False
NA4_LAG50_006,NA4_LAG50,4,50,1,3,mild,mild,1,0.9112038375227741,0.8862680936881563,0.8771699070930481,False
NA4_LAG50_006,NA4_LAG50,4,50,1,4,mild,cascade,1,0.7271656749509655,0.542554428038549,0.8143050670623779,False
NA4_LAG50_006,NA4_LAG50,4,50,1,5,mild,mild,1,0.9339364497971436,0.9030644949445517,0.9179930090904236,False
NA4_LAG50_006,NA4_LAG50,4,50,1,6,mild,unrelated,0,0.903181979774652,0.8839559413073966,0.8873965740203857,
NA4_LAG50_006,NA4_LAG50,4,50,2,3,root,mild,1,0.5768698324254267,0.1317680722650226,0.7677359580993652,False
NA4_LAG50_006,NA4_LAG50,4,50,2,4,root,cascade,1,0.5633971270137174,0.11339579141812173,0.7261024117469788,False
NA4_LAG50_006,NA4_LAG50,4,50,2,5,root,mild,1,0.6219979506128592,0.1319727344135681,0.8142898082733154,False
NA4_LAG50_006,NA4_LAG50,4,50,2,6,root,unrelated,0,0.5610187019058789,0.11562773856153012,0.7857841849327087,
NA4_LAG50_006,NA4_LAG50,4,50,3,4,mild,cascade,1,0.6693941646017072,0.5010142267275897,0.9545804858207703,False
NA4_LAG50_006,NA4_LAG50,4,50,3,5,mild,mild,1,0.9738882258979961,0.964140707082639,0.9917088747024536,False
NA4_LAG50_006,NA4_LAG50,4,50,3,6,mild,unrelated,0,0.9863656991082597,0.9828036050939151,0.9960355162620544,
NA4_LAG50_006,NA4_LAG50,4,50,4,5,cascade,mild,1,0.8003083790341847,0.6894568529901812,0.9545643329620361,True
NA4_LAG50_006,NA4_LAG50,4,50,4,6,cascade,unrelated,0,0.5801088779773286,0.37457170075439944,0.9390211701393127,
NA4_LAG50_006,NA4_LAG50,4,50,5,6,mild,unrelated,0,0.9458585241245036,0.9230924456972812,0.9896803498268127,
NA4_LAG50_007,NA4_LAG50,4,50,1,2,root,cascade,1,0.8728209939126105,0.8108204074122372,0.985953688621521,True
NA4_LAG50_007,NA4_LAG50,4,50,1,3,root,cascade,1,0.8705059859819773,0.8097415824726841,0.9116436243057251,True
NA4_LAG50_007,NA4_LAG50,4,50,1,4,root,unrelated,0,0.4138930460791873,0.1279597791206751,0.9610015153884888,
NA4_LAG50_007,NA4_LAG50,4,50,1,5,root,mild,1,0.577064163406262,0.26877546474918945,0.8496720194816589,False
NA4_LAG50_007,NA4_LAG50,4,50,1,6,root,cascade,1,0.8730281550489439,0.8117347861238914,0.9877351522445679,True
NA4_LAG50_007,NA4_LAG50,4,50,2,3,cascade,cascade,1,0.9951012420119134,0.9954111375032464,0.9506502151489258,True
NA4_LAG50_007,NA4_LAG50,4,50,2,4,cascade,unrelated,0,0.5837072611623156,0.37856352000102067,0.9684832692146301,
NA4_LAG50_007,NA4_LAG50,4,50,2,5,cascade,mild,1,0.7447896589896584,0.5717167590085024,0.855421781539917,False
NA4_LAG50_007,NA4_LAG50,4,50,2,6,cascade,cascade,1,0.9955356125600742,0.9957839932963113,0.9941993355751038,True
NA4_LAG50_007,NA4_LAG50,4,50,3,4,cascade,unrelated,0,0.5843897656051961,0.38424705536139975,0.9155495166778564,
NA4_LAG50_007,NA4_LAG50,4,50,3,5,cascade,mild,1,0.7411596675420128,0.5724408047374735,0.7770610451698303,False
NA4_LAG50_007,NA4_LAG50,4,50,3,6,cascade,cascade,1,0.9952454474846331,0.9957176788475406,0.9509673714637756,True
NA4_LAG50_007,NA4_LAG50,4,50,4,5,unrelated,mild,0,0.9004162921893022,0.8757327103073358,0.8814185261726379,
NA4_LAG50_007,NA4_LAG50,4,50,4,6,unrelated,cascade,0,0.5799204041827141,0.37538745875377694,0.980287492275238,
NA4_LAG50_007,NA4_LAG50,4,50,5,6,mild,cascade,1,0.740051468188752,0.5678867388763468,0.8595434427261353,False
NA4_LAG50_008,NA4_LAG50,4,50,1,2,cascade,mild,1,0.8080608767134791,0.699227636457726,0.9825567007064819,True
NA4_LAG50_008,NA4_LAG50,4,50,1,3,cascade,root,1,0.8752516888457919,0.8124985112918389,0.9893503785133362,True
NA4_LAG50_008,NA4_LAG50,4,50,1,4,cascade,cascade,1,0.9951562136632081,0.9949601825348623,0.9960083961486816,True
NA4_LAG50_008,NA4_LAG50,4,50,1,5,cascade,cascade,1,0.40255339840126353,0.06239155775644462,0.7601106762886047,False
NA4_LAG50_008,NA4_LAG50,4,50,1,6,cascade,unrelated,0,0.5891180932483535,0.3847121829544037,0.9758825898170471,
NA4_LAG50_008,NA4_LAG50,4,50,2,3,mild,root,1,0.6396493454570841,0.4254834318490544,0.960168182849884,True
NA4_LAG50_008,NA4_LAG50,4,50,2,4,mild,cascade,1,0.8055131069263113,0.6970958128638766,0.9695896506309509,True
NA4_LAG50_008,NA4_LAG50,4,50,2,5,mild,cascade,1,0.15990775765140258,0.39188154083423077,0.7929623126983643,False
NA4_LAG50_008,NA4_LAG50,4,50,2,6,mild,unrelated,0,0.9449032793960411,0.9198428275805552,0.9948613047599792,
NA4_LAG50_008,NA4_LAG50,4,50,3,4,root,cascade,1,0.8744923850023109,0.8115196678828797,0.9952154755592346,True
NA4_LAG50_008,NA4_LAG50,4,50,3,5,root,cascade,1,0.4206565003420153,0.09787014758926245,0.7571643590927124,False
NA4_LAG50_008,NA4_LAG50,4,50,3,6,root,unrelated,0,0.4250875103009841,0.13300441753345602,0.9524239897727966,
NA4_LAG50_008,NA4_LAG50,4,50,4,5,cascade,cascade,1,0.4013689865204014,0.0642866202990945,0.7537838220596313,False
NA4_LAG50_008,NA4_LAG50,4,50,4,6,cascade,unrelated,0,0.5849787412674671,0.38050100479597354,0.9607231020927429,
NA4_LAG50_008,NA4_LAG50,4,50,5,6,cascade,unrelated,0,0.002843620519664691,0.548970431930385,0.7943212389945984,
NA4_LAG50_009,NA4_LAG50,4,50,1,2,unrelated,cascade,0,0.7233123127570835,0.5691875894641444,0.8182662725448608,
NA4_LAG50_009,NA4_LAG50,4,50,1,3,unrelated,cascade,0,0.719146153934957,0.5578018098549121,0.8144983649253845,
NA4_LAG50_009,NA4_LAG50,4,50,1,4,unrelated,cascade,0,0.7187719093263815,0.5531513403931188,0.8170031309127808,
NA4_LAG50_009,NA4_LAG50,4,50,1,5,unrelated,root,0,0.5783754281849587,0.10104737380304925,0.8713259696960449,
NA4_LAG50_009,NA4_LAG50,4,50,1,6,unrelated,cascade,0,0.9439206546949928,0.918267579788993,0.9296382665634155,
NA4_LAG50_009,NA4_LAG50,4,50,2,3,cascade,cascade,1,0.989018051330391,0.9748136111506905,0.9956842064857483,True
NA4_LAG50_009,NA4_LAG50,4,50,2,4,cascade,cascade,1,0.9892036813197327,0.9728507513886535,0.9970313906669617,True
NA4_LAG50_009,NA4_LAG50,4,50,2,5,cascade,root,1,0.8260146654446948,0.044982005134090834,0.9104169607162476,True
NA4_LAG50_009,NA4_LAG50,4,50,2,6,cascade,cascade,1,0.7300060636426686,0.5572742113466338,0.8390716314315796,False
NA4_LAG50_009,NA4_LAG50,4,50,3,4,cascade,cascade,1,0.9916805983751337,0.9793269454523053,0.9973009824752808,True
NA4_LAG50_009,NA4_LAG50,4,50,3,5,cascade,root,1,0.828909841215126,0.02175226799207873,0.9039531946182251,True
NA4_LAG50_009,NA4_LAG50,4,50,3,6,cascade,cascade,1,0.7293562387949554,0.5526227162006224,0.8270964622497559,False
NA4_LAG50_009,NA4_LAG50,4,50,4,5,cascade,root,1,0.8307888467141249,0.04295036924839482,0.9063878059387207,True
NA4_LAG50_009,NA4_LAG50,4,50,4,6,cascade,cascade,1,0.7256230391303099,0.5422581896668766,0.8313891887664795,False
NA4_LAG50_009,NA4_LAG50,4,50,5,6,root,cascade,1,0.587125949528598,0.041384975498617006,0.8048434257507324,False
NA4_LAG50_010,NA4_LAG50,4,50,1,2,cascade,unrelated,0,0.9743559461233507,0.9631465712715114,0.9607492089271545,
NA4_LAG50_010,NA4_LAG50,4,50,1,3,cascade,root,1,0.9605715235862679,0.9421428786766286,0.9848740100860596,True
NA4_LAG50_010,NA4_LAG50,4,50,1,4,cascade,mild,1,0.9597622511754845,0.9549166469801929,0.9739639163017273,False
NA4_LAG50_010,NA4_LAG50,4,50,1,5,cascade,cascade,1,0.7162176552638416,0.571583502370886,0.9321409463882446,False
NA4_LAG50_010,NA4_LAG50,4,50,1,6,cascade,mild,1,0.9900567950743493,0.9873805009072743,0.9861621260643005,True
NA4_LAG50_010,NA4_LAG50,4,50,2,3,unrelated,root,0,0.8944496848285645,0.843013200278764,0.9860925674438477,
NA4_LAG50_010,NA4_LAG50,4,50,2,4,unrelated,mild,0,0.9870382485442394,0.9912043988722662,0.9939293265342712,
NA4_LAG50_010,NA4_LAG50,4,50,2,5,unrelated,cascade,0,0.5939008608499394,0.3909252133174656,0.9802861213684082,
NA4_LAG50_010,NA4_LAG50,4,50,2,6,unrelated,mild,0,0.9888511470530721,0.985872157638464,0.988579273223877,
NA4_LAG50_010,NA4_LAG50,4,50,3,4,root,mild,1,0.8665194142813082,0.8211580379149829,0.9878472089767456,False
NA4_LAG50_010,NA4_LAG50,4,50,3,5,root,cascade,1,0.8513697212189172,0.7787886910834707,0.9737923741340637,False
NA4_LAG50_010,NA4_LAG50,4,50,3,6,root,mild,1,0.9343755695665744,0.9027031432578595,0.9962459206581116,True
NA4_LAG50_010,NA4_LAG50,4,50,4,5,mild,cascade,1,0.5179790027154628,0.33104676506406255,0.9706421494483948,False
NA4_LAG50_010,NA4_LAG50,4,50,4,6,mild,mild,1,0.9760507694626377,0.9776629800210371,0.9911720752716064,False
NA4_LAG50_010,NA4_LAG50,4,50,5,6,cascade,mild,1,0.6634633687736258,0.49253300192323257,0.9722475409507751,False
NA4_LAG50_011,NA4_LAG50,4,50,1,2,mild,mild,1,0.9436377280725574,0.9504488206586427,0.9075525403022766,False
NA4_LAG50_011,NA4_LAG50,4,50,1,3,mild,cascade,1,0.9013282040050584,0.8705802489566351,0.9833381175994873,False
NA4_LAG50_011,NA4_LAG50,4,50,1,4,mild,cascade,1,0.9800376496129808,0.9898077874814646,0.9866130948066711,True
NA4_LAG50_011,NA4_LAG50,4,50,1,5,mild,root,1,0.4856653703665613,0.08333955578116017,0.8341620564460754,False
NA4_LAG50_011,NA4_LAG50,4,50,1,6,mild,unrelated,0,0.9873066559442203,0.9904626179173636,0.9905914068222046,
NA4_LAG50_011,NA4_LAG50,4,50,2,3,mild,cascade,1,0.9232578926825585,0.885612547928623,0.909461498260498,False
NA4_LAG50_011,NA4_LAG50,4,50,2,4,mild,cascade,1,0.8796564375125475,0.9204442333171959,0.8900834321975708,False
NA4_LAG50_011,NA4_LAG50,4,50,2,5,mild,root,1,0.6519670692831625,0.08876119835284667,0.9502901434898376,True
NA4_LAG50_011,NA4_LAG50,4,50,2,6,mild,unrelated,0,0.9763254222432951,0.9757341134928816,0.9178164005279541,
NA4_LAG50_011,NA4_LAG50,4,50,3,4,cascade,cascade,1,0.8569306157048084,0.8559584552555421,0.952954888343811,False
NA4_LAG50_011,NA4_LAG50,4,50,3,5,cascade,root,1,0.5705774239530608,0.09503862735015417,0.8268455266952515,False
NA4_LAG50_011,NA4_LAG50,4,50,3,6,cascade,unrelated,0,0.9213439288644117,0.8840127962848312,0.9958641529083252,
NA4_LAG50_011,NA4_LAG50,4,50,4,5,cascade,root,1,0.35932694255969977,0.08465154928235917,0.8400055170059204,False
NA4_LAG50_011,NA4_LAG50,4,50,4,6,cascade,unrelated,0,0.950205985539372,0.9750451523822175,0.9666947722434998,
NA4_LAG50_011,NA4_LAG50,4,50,5,6,root,unrelated,0,0.565273965205068,0.07448516899998522,0.8366087079048157,
NA4_LAG50_012,NA4_LAG50,4,50,1,2,mild,cascade,1,0.8209195234364149,0.6669097520569323,0.9173040390014648,True
NA4_LAG50_012,NA4_LAG50,4,50,1,3,mild,mild,1,0.9441651302812749,0.9543788733938094,0.9681000709533691,False
NA4_LAG50_012,NA4_LAG50,4,50,1,4,mild,unrelated,0,0.9778232348109315,0.9782328703210422,0.9686225652694702,
NA4_LAG50_012,NA4_LAG50,4,50,1,5,mild,mild,1,0.964896011570684,0.9437279425941599,0.964866578578949,False
NA4_LAG50_012,NA4_LAG50,4,50,1,6,mild,root,1,0.664048666591455,0.035618144545674274,0.9273314476013184,True
NA4_LAG50_012,NA4_LAG50,4,50,2,3,cascade,mild,1,0.6201755257631114,0.4650843845116083,0.8226150274276733,False
NA4_LAG50_012,NA4_LAG50,4,50,2,4,cascade,unrelated,0,0.71578102107889,0.543815526694958,0.823693573474884,
NA4_LAG50_012,NA4_LAG50,4,50,2,5,cascade,mild,1,0.7900733110223022,0.623568885974041,0.8241376280784607,False
NA4_LAG50_012,NA4_LAG50,4,50,2,6,cascade,root,1,0.8223439372041187,0.005102861575230257,0.8867338299751282,True
NA4_LAG50_012,NA4_LAG50,4,50,3,4,mild,unrelated,0,0.9866216027000595,0.9908157022461573,0.9916568994522095,
NA4_LAG50_012,NA4_LAG50,4,50,3,5,mild,mild,1,0.9157231914035842,0.9024919093200632,0.9904689788818359,False
NA4_LAG50_012,NA4_LAG50,4,50,3,6,mild,root,1,0.491122177491139,0.03848447290261188,0.8578327894210815,False
NA4_LAG50_012,NA4_LAG50,4,50,4,5,unrelated,mild,0,0.9474261524251084,0.9245181422275123,0.9783766269683838,
NA4_LAG50_012,NA4_LAG50,4,50,4,6,unrelated,root,0,0.5744282665363022,0.03323507851411465,0.8593571186065674,
NA4_LAG50_012,NA4_LAG50,4,50,5,6,mild,root,1,0.6369910081994471,0.044184997528829456,0.8740198016166687,False
NA4_LAG50_013,NA4_LAG50,4,50,1,2,cascade,root,1,0.6913025058525131,0.5494147217222793,0.9963394403457642,True
NA4_LAG50_013,NA4_LAG50,4,50,1,3,cascade,unrelated,0,0.004065160979076879,0.5524970613383355,0.8044136166572571,
NA4_LAG50_013,NA4_LAG50,4,50,1,4,cascade,mild,1,0.39476359822292373,0.14955854495797366,0.9303568601608276,True
NA4_LAG50_013,NA4_LAG50,4,50,1,5,cascade,cascade,1,0.995262903865208,0.994341187063787,0.9983237385749817,True
NA4_LAG50_013,NA4_LAG50,4,50,1,6,cascade,mild,1,0.40179404126149554,0.14189330958683333,0.9332159161567688,True
NA4_LAG50_013,NA4_LAG50,4,50,2,3,root,unrelated,0,0.32531764166564464,0.9953494438657411,0.7940111756324768,
NA4_LAG50_013,NA4_LAG50,4,50,2,4,root,mild,1,0.028870346900822467,0.8788505743126405,0.9336473941802979,True
NA4_LAG50_013,NA4_LAG50,4,50,2,5,root,cascade,1,0.6947236560248282,0.5553884879020575,0.9960848689079285,True
NA4_LAG50_013,NA4_LAG50,4,50,2,6,root,mild,1,0.02815256715521529,0.8781094415765263,0.9371300339698792,True
NA4_LAG50_013,NA4_LAG50,4,50,3,4,unrelated,mild,0,0.9022154479609127,0.8782776994783691,0.878379225730896,
NA4_LAG50_013,NA4_LAG50,4,50,3,5,unrelated,cascade,0,0.00025024877925096877,0.5579110122203876,0.8003974556922913,
NA4_LAG50_013,NA4_LAG50,4,50,3,6,unrelated,mild,0,0.9011545887044609,0.8787620401599481,0.8835679292678833,
NA4_LAG50_013,NA4_LAG50,4,50,4,5,mild,cascade,1,0.39131462863978256,0.1570932903514968,0.9301419258117676,True
NA4_LAG50_013,NA4_LAG50,4,50,4,6,mild,mild,1,0.9912972757004744,0.9870430912344644,0.9966891407966614,True
NA4_LAG50_013,NA4_LAG50,4,50,5,6,cascade,mild,1,0.39685540476068804,0.15035436424249818,0.9328911304473877,True
NA4_LAG50_014,NA4_LAG50,4,50,1,2,cascade,mild,1,0.9726908442687563,0.961130638826627,0.9911462664604187,True
NA4_LAG50_014,NA4_LAG50,4,50,1,3,cascade,mild,1,0.9413275585797257,0.9156708884435082,0.9063020348548889,False
NA4_LAG50_014,NA4_LAG50,4,50,1,4,cascade,mild,1,0.9421409399569661,0.9158338583061529,0.8887463808059692,False
NA4_LAG50_014,NA4_LAG50,4,50,1,5,cascade,root,1,0.9586737891326307,0.9402289776944542,0.9956832528114319,True
NA4_LAG50_014,NA4_LAG50,4,50,1,6,cascade,unrelated,0,0.946671899063159,0.9224199950920737,0.9637256264686584,
NA4_LAG50_014,NA4_LAG50,4,50,2,3,mild,mild,1,0.9758185711254629,0.9723938035606562,0.9131919145584106,False
NA4_LAG50_014,NA4_LAG50,4,50,2,4,mild,mild,1,0.9766348783837013,0.9728249859886509,0.8974958658218384,False
NA4_LAG50_014,NA4_LAG50,4,50,2,5,mild,root,1,0.8911615262965642,0.8372631776373278,0.9878908395767212,True
NA4_LAG50_014,NA4_LAG50,4,50,2,6,mild,unrelated,0,0.9900202685438089,0.9868544228218045,0.9871101975440979,
NA4_LAG50_014,NA4_LAG50,4,50,3,4,mild,mild,1,0.9933329715246537,0.992007163757379,0.9944994449615479,True
NA4_LAG50_014,NA4_LAG50,4,50,3,5,mild,root,1,0.8614602055290376,0.7826370417934205,0.8954135179519653,False
NA4_LAG50_014,NA4_LAG50,4,50,3,6,mild,unrelated,0,0.9772196362297371,0.9764885058136799,0.906507134437561,
NA4_LAG50_014,NA4_LAG50,4,50,4,5,mild,root,1,0.8609095353338425,0.7818005290249169,0.8817875385284424,False
NA4_LAG50_014,NA4_LAG50,4,50,4,6,mild,unrelated,0,0.9777723042324875,0.9771253273997019,0.8894931077957153,
NA4_LAG50_014,NA4_LAG50,4,50,5,6,root,unrelated,0,0.8439392718680071,0.7674288465141623,0.9578747749328613,
NA4_LAG50_015,NA4_LAG50,4,50,1,2,mild,unrelated,0,0.9875977792424633,0.9907056038240246,0.9943780899047852,
NA4_LAG50_015,NA4_LAG50,4,50,1,3,mild,cascade,1,0.980640048320349,0.9909699518708271,0.9854099750518799,True
NA4_LAG50_015,NA4_LAG50,4,50,1,4,mild,root,1,0.976088773129048,0.9919322954356987,0.9928328990936279,True
NA4_LAG50_015,NA4_LAG50,4,50,1,5,mild,cascade,1,0.9803858276455101,0.9911784941139418,0.95427006483078,True
NA4_LAG50_015,NA4_LAG50,4,50,1,6,mild,cascade,1,0.13221754675422112,0.6360690335369819,0.7712203860282898,False
NA4_LAG50_015,NA4_LAG50,4,50,2,3,unrelated,cascade,0,0.9517673507799452,0.9775821632405544,0.9837214946746826,
NA4_LAG50_015,NA4_LAG50,4,50,2,4,unrelated,root,0,0.9592328572672653,0.996892725281986,0.9952989220619202,
NA4_LAG50_015,NA4_LAG50,4,50,2,5,unrelated,cascade,0,0.9512045732298308,0.9773169493590674,0.9522892236709595,
NA4_LAG50_015,NA4_LAG50,4,50,2,6,unrelated,cascade,0,0.011964405822388233,0.5656157777143802,0.7952978610992432,
NA4_LAG50_015,NA4_LAG50,4,50,3,4,cascade,root,1,0.9760395543145131,0.976794693491608,0.9930760860443115,True
NA4_LAG50_015,NA4_LAG50,4,50,3,5,cascade,cascade,1,0.9981566728576876,0.9986194018035207,0.9866166710853577,True
NA4_LAG50_015,NA4_LAG50,4,50,3,6,cascade,cascade,1,0.30711690382411366,0.7163302768462834,0.7846305966377258,False
NA4_LAG50_015,NA4_LAG50,4,50,4,5,root,cascade,1,0.9761893892780179,0.9769677898914468,0.9702653288841248,True
NA4_LAG50_015,NA4_LAG50,4,50,4,6,root,cascade,1,0.20362113861340997,0.5565948604840211,0.7951375246047974,False
NA4_LAG50_015,NA4_LAG50,4,50,5,6,cascade,cascade,1,0.308632826663438,0.716362423570852,0.7623239159584045,False
NA4_LAG50_016,NA4_LAG50,4,50,1,2,cascade,mild,1,0.13408340149852702,0.6453799714588032,0.7818997502326965,False
NA4_LAG50_016,NA4_LAG50,4,50,1,3,cascade,mild,1,0.14140613946574745,0.42452303244610623,0.8602614402770996,False
NA4_LAG50_016,NA4_LAG50,4,50,1,4,cascade,unrelated,0,0.005035795986679125,0.5675645495940455,0.7990612387657166,
NA4_LAG50_016,NA4_LAG50,4,50,1,5,cascade,root,1,0.42182669598421163,0.10384558767506288,0.7695227861404419,False
NA4_LAG50_016,NA4_LAG50,4,50,1,6,cascade,cascade,1,0.3980563231458166,0.05778083016671925,0.7897742986679077,False
NA4_LAG50_016,NA4_LAG50,4,50,2,3,mild,mild,1,0.9158854348972546,0.9004880932395487,0.9713147878646851,False
NA4_LAG50_016,NA4_LAG50,4,50,2,4,mild,unrelated,0,0.9862462611194359,0.9893149412090023,0.9723735451698303,
NA4_LAG50_016,NA4_LAG50,4,50,2,5,mild,root,1,0.3524398058998926,0.09239656535047534,0.9762561917304993,False
NA4_LAG50_016,NA4_LAG50,4,50,2,6,mild,cascade,1,0.5126498987871613,0.32241086633409055,0.9773885607719421,False
NA4_LAG50_016,NA4_LAG50,4,50,3,4,mild,unrelated,0,0.9506653219948891,0.9288245231633381,0.9852026700973511,
NA4_LAG50_016,NA4_LAG50,4,50,3,5,mild,root,1,0.6327232353192003,0.4187584095518033,0.9573737382888794,True
NA4_LAG50_016,NA4_LAG50,4,50,3,6,mild,cascade,1,0.7990680855701167,0.6867951182506863,0.981088399887085,True
NA4_LAG50_016,NA4_LAG50,4,50,4,5,unrelated,root,0,0.42376671062621124,0.13208582186445683,0.9415664076805115,
NA4_LAG50_016,NA4_LAG50,4,50,4,6,unrelated,cascade,0,0.5912158380014669,0.3879909294802442,0.9782922267913818,
NA4_LAG50_016,NA4_LAG50,4,50,5,6,root,cascade,1,0.8763438613098407,0.8163123391578017,0.9841715693473816,True
NA4_LAG50_017,NA4_LAG50,4,50,1,2,mild,cascade,1,0.8210058891730311,0.6591701845213699,0.963348388671875,True
NA4_LAG50_017,NA4_LAG50,4,50,1,3,mild,mild,1,0.9733700271091345,0.9708738845216461,0.9070691466331482,False
NA4_LAG50_017,NA4_LAG50,4,50,1,4,mild,unrelated,0,0.97528595659876,0.9755891898132782,0.9117140173912048,
NA4_LAG50_017,NA4_LAG50,4,50,1,5,mild,root,1,0.8757453175895553,0.808093892359871,0.90445876121521,False
NA4_LAG50_017,NA4_LAG50,4,50,1,6,mild,mild,1,0.9934659797258971,0.9920689816428266,0.9952900409698486,True
NA4_LAG50_017,NA4_LAG50,4,50,2,3,cascade,mild,1,0.7149266268785507,0.5381982025252479,0.8425337076187134,False
NA4_LAG50_017,NA4_LAG50,4,50,2,4,cascade,unrelated,0,0.7061829135879558,0.5296645907614321,0.8288922309875488,
NA4_LAG50_017,NA4_LAG50,4,50,2,5,cascade,root,1,0.6958023357709227,0.48769703840218687,0.8384281396865845,False
NA4_LAG50_017,NA4_LAG50,4,50,2,6,cascade,mild,1,0.8216035105710945,0.6659175090453953,0.9624531269073486,True
NA4_LAG50_017,NA4_LAG50,4,50,3,4,mild,unrelated,0,0.9871390572379614,0.9833690585136564,0.9827887415885925,
NA4_LAG50_017,NA4_LAG50,4,50,3,5,mild,root,1,0.9157718667530613,0.8752587033526091,0.9968397617340088,True
NA4_LAG50_017,NA4_LAG50,4,50,3,6,mild,mild,1,0.9722395621090549,0.9691693601348569,0.8818268775939941,False
NA4_LAG50_017,NA4_LAG50,4,50,4,5,unrelated,root,0,0.8618527215037576,0.7957049034419664,0.9847385287284851,
NA4_LAG50_017,NA4_LAG50,4,50,4,6,unrelated,mild,0,0.9745318958500692,0.975413360207408,0.8877660632133484,
NA4_LAG50_017,NA4_LAG50,4,50,5,6,root,mild,1,0.8717506246708357,0.8022265307254434,0.879041314125061,False
NA4_LAG50_018,NA4_LAG50,4,50,1,2,cascade,root,1,0.8760694792345124,0.8143981506626933,0.98451167345047,True
NA4_LAG50_018,NA4_LAG50,4,50,1,3,cascade,cascade,1,0.9949386916058627,0.9948253539369151,0.987429678440094,True
NA4_LAG50_018,NA4_LAG50,4,50,1,4,cascade,unrelated,0,0.5904589302073497,0.38445776827591915,0.9588362574577332,
NA4_LAG50_018,NA4_LAG50,4,50,1,5,cascade,mild,1,0.80823337823863,0.6983992588887569,0.9674723744392395,True
NA4_LAG50_018,NA4_LAG50,4,50,1,6,cascade,mild,1,0.810579849520984,0.7010530842488334,0.9650595784187317,True
NA4_LAG50_018,NA4_LAG50,4,50,2,3,root,cascade,1,0.881979279145378,0.8232418807427179,0.9870802164077759,True
NA4_LAG50_018,NA4_LAG50,4,50,2,4,root,unrelated,0,0.41992299418358786,0.13043413515864744,0.9339978098869324,
NA4_LAG50_018,NA4_LAG50,4,50,2,5,root,mild,1,0.6328349712420656,0.42020974585446463,0.9386530518531799,True
NA4_LAG50_018,NA4_LAG50,4,50,2,6,root,mild,1,0.6410921413487712,0.43060668970223587,0.9375796318054199,True
NA4_LAG50_018,NA4_LAG50,4,50,3,4,cascade,unrelated,0,0.5916337950830153,0.38603991963100476,0.9672884941101074,
NA4_LAG50_018,NA4_LAG50,4,50,3,5,cascade,mild,1,0.8092197501336157,0.699425514369138,0.966722846031189,True
NA4_LAG50_018,NA4_LAG50,4,50,3,6,cascade,mild,1,0.811048566757,0.7017821665350236,0.9616778492927551,True
NA4_LAG50_018,NA4_LAG50,4,50,4,5,unrelated,mild,0,0.9454029422072654,0.9217065207474686,0.9871981739997864,
NA4_LAG50_018,NA4_LAG50,4,50,4,6,unrelated,mild,0,0.944675990877768,0.9210305108623842,0.9767609238624573,
NA4_LAG50_018,NA4_LAG50,4,50,5,6,mild,mild,1,0.9933651583257707,0.9925911481090384,0.99623703956604,True
NA4_LAG50_019,NA4_LAG50,4,50,1,2,mild,cascade,1,0.7399120911285998,0.5653510861155069,0.8563510775566101,False
NA4_LAG50_019,NA4_LAG50,4,50,1,3,mild,mild,1,0.9088375027175402,0.8885896249953152,0.9003089070320129,False
NA4_LAG50_019,NA4_LAG50,4,50,1,4,mild,root,1,0.8404107786904372,0.7541299603103597,0.8964255452156067,False
NA4_LAG50_019,NA4_LAG50,4,50,1,5,mild,unrelated,0,0.9033609023731533,0.881478103805248,0.9077553749084473,
NA4_LAG50_019,NA4_LAG50,4,50,1,6,mild,cascade,1,0.9027014811269084,0.8740373825314827,0.8934329152107239,False
NA4_LAG50_019,NA4_LAG50,4,50,2,3,cascade,mild,1,0.6342743099105531,0.45186171569215094,0.9323890209197998,False
NA4_LAG50_019,NA4_LAG50,4,50,2,4,cascade,root,1,0.9050586367962913,0.8589734255286736,0.9434037208557129,False
NA4_LAG50_019,NA4_LAG50,4,50,2,5,cascade,unrelated,0,0.5879136182673403,0.3847297477479219,0.9273743033409119,
NA4_LAG50_019,NA4_LAG50,4,50,2,6,cascade,cascade,1,0.7143403742713575,0.5708310102401044,0.9243790507316589,False
NA4_LAG50_019,NA4_LAG50,4,50,3,4,mild,root,1,0.8616174464932658,0.7935511540883144,0.9949566721916199,True
NA4_LAG50_019,NA4_LAG50,4,50,3,5,mild,unrelated,0,0.9931777728671484,0.9924135046059854,0.9877750277519226,
NA4_LAG50_019,NA4_LAG50,4,50,3,6,mild,cascade,1,0.986027361254145,0.9815017804978445,0.996894121170044,True
NA4_LAG50_019,NA4_LAG50,4,50,4,5,root,unrelated,0,0.8280750035059786,0.7433157457935227,0.9796625375747681,
NA4_LAG50_019,NA4_LAG50,4,50,4,6,root,cascade,1,0.9172871317862092,0.8769068328548296,0.9953962564468384,True
NA4_LAG50_019,NA4_LAG50,4,50,5,6,unrelated,cascade,0,0.974986606563516,0.964676867997961,0.9792897701263428,
NA4_LAG50_020,NA4_LAG50,4,50,1,2,cascade,mild,1,0.9451898535576397,0.9708101342175209,0.9591366648674011,False
NA4_LAG50_020,NA4_LAG50,4,50,1,3,cascade,mild,1,0.9464509732237747,0.9716614516254708,0.9671456813812256,False
NA4_LAG50_020,NA4_LAG50,4,50,1,4,cascade,root,1,0.9762690016084696,0.977123188420511,0.9919016361236572,True
NA4_LAG50_020,NA4_LAG50,4,50,1,5,cascade,unrelated,0,0.9492019161863102,0.9738070128749551,0.9638969302177429,
NA4_LAG50_020,NA4_LAG50,4,50,1,6,cascade,mild,1,0.9799606018387677,0.9906857708094685,0.990744411945343,True
NA4_LAG50_020,NA4_LAG50,4,50,2,3,mild,mild,1,0.9949544186695498,0.9951013986816314,0.9924942255020142,True
NA4_LAG50_020,NA4_LAG50,4,50,2,4,mild,root,1,0.953221835064467,0.9920384142259991,0.9818932414054871,False
NA4_LAG50_020,NA4_LAG50,4,50,2,5,mild,unrelated,0,0.9913383815935822,0.9901309604447976,0.9951626658439636,
NA4_LAG50_020,NA4_LAG50,4,50,2,6,mild,mild,1,0.9828001389253397,0.9850969666386662,0.9787967801094055,False
NA4_LAG50_020,NA4_LAG50,4,50,3,4,mild,root,1,0.9547637472182114,0.9928726768057851,0.9861441254615784,False
NA4_LAG50_020,NA4_LAG50,4,50,3,5,mild,unrelated,0,0.9927000452921937,0.9913541053836857,0.9832713603973389,
NA4_LAG50_020,NA4_LAG50,4,50,3,6,mild,mild,1,0.9837505187092842,0.985821980241586,0.9876745939254761,False
NA4_LAG50_020,NA4_LAG50,4,50,4,5,root,unrelated,0,0.959750877603816,0.9969852525276469,0.9831404685974121,
NA4_LAG50_020,NA4_LAG50,4,50,4,6,root,mild,1,0.9766437367400755,0.9925432138764013,0.9956445693969727,True
NA4_LAG50_020,NA4_LAG50,4,50,5,6,unrelated,mild,0,0.9870868086820241,0.9893294627465649,0.9780988693237305,
NA4_LAG50_021,NA4_LAG50,4,50,1,2,unrelated,cascade,0,0.5827010693648748,0.3776461649577583,0.9830731749534607,
NA4_LAG50_021,NA4_LAG50,4,50,1,3,unrelated,root,0,0.5685812811724449,0.029201206234925763,0.8475391864776611,
NA4_LAG50_021,NA4_LAG50,4,50,1,4,unrelated,mild,0,0.9774960988885245,0.9784505657537748,0.9215371608734131,
NA4_LAG50_021,NA4_LAG50,4,50,1,5,unrelated,cascade,0,0.7152697879662288,0.5465039008607634,0.8262125253677368,
NA4_LAG50_021,NA4_LAG50,4,50,1,6,unrelated,mild,0,0.9911225832171172,0.9889907206391663,0.9976641535758972,
NA4_LAG50_021,NA4_LAG50,4,50,2,3,cascade,root,1,0.574630038816133,0.03077993318436092,0.8241843581199646,False
NA4_LAG50_021,NA4_LAG50,4,50,2,4,cascade,mild,1,0.6654851664131656,0.46322151785946447,0.9103174209594727,False
NA4_LAG50_021,NA4_LAG50,4,50,2,5,cascade,cascade,1,0.6973180056816473,0.4777600515255955,0.8192004561424255,False
NA4_LAG50_021,NA4_LAG50,4,50,2,6,cascade,mild,1,0.6445350448751207,0.46799669874780186,0.9833989143371582,False
NA4_LAG50_021,NA4_LAG50,4,50,3,4,root,mild,1,0.6559287509912068,0.03722781491310314,0.9487434029579163,True
NA4_LAG50_021,NA4_LAG50,4,50,3,5,root,cascade,1,0.8253971178878455,0.019016551995324277,0.905083179473877,True
NA4_LAG50_021,NA4_LAG50,4,50,3,6,root,mild,1,0.5741080886643517,0.02311930784548482,0.8512219786643982,False
NA4_LAG50_021,NA4_LAG50,4,50,4,5,mild,cascade,1,0.8193255851241883,0.665043098513946,0.9578986763954163,True
NA4_LAG50_021,NA4_LAG50,4,50,4,6,mild,mild,1,0.977295540219993,0.9762275379515044,0.9205108880996704,False
NA4_LAG50_021,NA4_LAG50,4,50,5,6,cascade,mild,1,0.7194248924221213,0.546694480653154,0.8245570063591003,False
NA4_LAG50_022,NA4_LAG50,4,50,1,2,unrelated,cascade,0,0.015714774458425743,0.5433478924679318,0.8044719696044922,
NA4_LAG50_022,NA4_LAG50,4,50,1,3,unrelated,mild,0,0.9845581174172439,0.9884054221594664,0.9903231263160706,
NA4_LAG50_022,NA4_LAG50,4,50,1,4,unrelated,cascade,0,0.9499873361249879,0.9271904685345498,0.9950233101844788,
NA4_LAG50_022,NA4_LAG50,4,50,1,5,unrelated,root,0,0.847562350807295,0.7722308708542811,0.9863635897636414,
NA4_LAG50_022,NA4_LAG50,4,50,1,6,unrelated,mild,0,0.9877256491260646,0.9842347291538253,0.9952669143676758,
NA4_LAG50_022,NA4_LAG50,4,50,2,3,cascade,mild,1,0.12307439045816267,0.6288826017531471,0.7787607908248901,False
NA4_LAG50_022,NA4_LAG50,4,50,2,4,cascade,cascade,1,0.058475919966843024,0.47863020561616226,0.7992082834243774,False
NA4_LAG50_022,NA4_LAG50,4,50,2,5,cascade,root,1,0.14874591302887244,0.336401566487305,0.7953685522079468,False
NA4_LAG50_022,NA4_LAG50,4,50,2,6,cascade,mild,1,0.0313254012059813,0.5256043088781928,0.7979527115821838,False
NA4_LAG50_022,NA4_LAG50,4,50,3,4,mild,cascade,1,0.9301452522302931,0.9114192975372172,0.9867508411407471,False
NA4_LAG50_022,NA4_LAG50,4,50,3,5,mild,root,1,0.8098737039860077,0.7420104438493408,0.969611406326294,False
NA4_LAG50_022,NA4_LAG50,4,50,3,6,mild,mild,1,0.9747236716132108,0.9752653747217379,0.9878493547439575,False
NA4_LAG50_022,NA4_LAG50,4,50,4,5,cascade,root,1,0.9570457481205419,0.9373833253372826,0.9817134737968445,True
NA4_LAG50_022,NA4_LAG50,4,50,4,6,cascade,mild,1,0.9778297567775901,0.9689808655590898,0.9975488185882568,True
NA4_LAG50_022,NA4_LAG50,4,50,5,6,root,mild,1,0.8992251558554233,0.8496988576517899,0.9765328764915466,True
NA4_LAG50_023,NA4_LAG50,4,50,1,2,root,cascade,1,0.8332668353052203,0.14456208439637988,0.9216347336769104,True
NA4_LAG50_023,NA4_LAG50,4,50,1,3,root,mild,1,0.7568250812470647,0.09639938062054292,0.9184229373931885,False
NA4_LAG50_023,NA4_LAG50,4,50,1,4,root,unrelated,0,0.5736105498101811,0.01050613908123971,0.8462942838668823,
NA4_LAG50_023,NA4_LAG50,4,50,1,5,root,mild,1,0.6270315909032838,0.007527236251336368,0.9369595646858215,False
NA4_LAG50_023,NA4_LAG50,4,50,1,6,root,cascade,1,0.6124264260623191,0.13843387094635418,0.8910182118415833,False
NA4_LAG50_023,NA4_LAG50,4,50,2,3,cascade,mild,1,0.9168150602248031,0.8126468660970096,0.974735677242279,False
NA4_LAG50_023,NA4_LAG50,4,50,2,4,cascade,unrelated,0,0.7113354922896638,0.5351201573838024,0.8518685102462769,
NA4_LAG50_023,NA4_LAG50,4,50,2,5,cascade,mild,1,0.7788946470141147,0.6105780710004922,0.9649808406829834,False
NA4_LAG50_023,NA4_LAG50,4,50,2,6,cascade,cascade,1,0.6914833189546999,0.3777972210413921,0.9637075066566467,False
NA4_LAG50_023,NA4_LAG50,4,50,3,4,mild,unrelated,0,0.9029858349853975,0.879209978272632,0.8856003880500793,
NA4_LAG50_023,NA4_LAG50,4,50,3,5,mild,mild,1,0.9294654140523236,0.895934207284648,0.9847915172576904,False
NA4_LAG50_023,NA4_LAG50,4,50,3,6,mild,cascade,1,0.3930749017194935,0.15576302969286251,0.9299810528755188,True
NA4_LAG50_023,NA4_LAG50,4,50,4,5,unrelated,mild,0,0.949811061528223,0.9270633890780833,0.9257541298866272,
NA4_LAG50_023,NA4_LAG50,4,50,4,6,unrelated,cascade,0,0.0015317873488211358,0.56047653020431,0.8122847080230713,
NA4_LAG50_023,NA4_LAG50,4,50,5,6,mild,cascade,1,0.14256673811224044,0.41609555637073037,0.9351763129234314,False
NA4_LAG50_024,NA4_LAG50,4,50,1,2,mild,cascade,1,0.984954875805919,0.9797779702171308,0.9948863983154297,True
NA4_LAG50_024,NA4_LAG50,4,50,1,3,mild,cascade,1,0.9881462806759236,0.9842779977768289,0.9912412762641907,True
NA4_LAG50_024,NA4_LAG50,4,50,1,4,mild,unrelated,0,0.9913664761731512,0.9892049266285883,0.9826789498329163,
NA4_LAG50_024,NA4_LAG50,4,50,1,5,mild,root,1,0.9151613325214603,0.8732742214744262,0.9947092533111572,True
NA4_LAG50_024,NA4_LAG50,4,50,1,6,mild,mild,1,0.9945867936479509,0.9939844642323623,0.9912615418434143,True
NA4_LAG50_024,NA4_LAG50,4,50,2,3,cascade,cascade,1,0.9946031836928956,0.9944490397298992,0.9963235259056091,True
NA4_LAG50_024,NA4_LAG50,4,50,2,4,cascade,unrelated,0,0.967855898495002,0.954058373192795,0.991270899772644,
NA4_LAG50_024,NA4_LAG50,4,50,2,5,cascade,root,1,0.9582410180878459,0.9388539079348183,0.9960901737213135,True
NA4_LAG50_024,NA4_LAG50,4,50,2,6,cascade,mild,1,0.9864406180921999,0.9821222952608015,0.9976013898849487,True
NA4_LAG50_024,NA4_LAG50,4,50,3,4,cascade,unrelated,0,0.9731631693451765,0.9618922558484502,0.9934178590774536,
NA4_LAG50_024,NA4_LAG50,4,50,3,5,cascade,root,1,0.9512325657107933,0.9284071377670365,0.9911183714866638,True
NA4_LAG50_024,NA4_LAG50,4,50,3,6,cascade,mild,1,0.9894809611712095,0.9861829413088643,0.9962691068649292,True
NA4_LAG50_024,NA4_LAG50,4,50,4,5,unrelated,root,0,0.8761009692544818,0.8146745151905801,0.9850659966468811,
NA4_LAG50_024,NA4_LAG50,4,50,4,6,unrelated,mild,0,0.9893234787608034,0.986209335924844,0.9949590563774109,
NA4_LAG50_024,NA4_LAG50,4,50,5,6,root,mild,1,0.920486610163561,0.8809381414612311,0.9946784377098083,True
NA4_LAG50_025,NA4_LAG50,4,50,1,2,root,unrelated,0,0.9313896117468063,0.89861611737469,0.9647201895713806,
NA4_LAG50_025,NA4_LAG50,4,50,1,3,root,cascade,1,0.06394508273129952,0.4738960719761795,0.7804544568061829,False
NA4_LAG50_025,NA4_LAG50,4,50,1,4,root,mild,1,0.9626687433052159,0.9452384063724992,0.9905197024345398,True
NA4_LAG50_025,NA4_LAG50,4,50,1,5,root,mild,1,0.9580212004337236,0.9384485492393335,0.9909719228744507,True
NA4_LAG50_025,NA4_LAG50,4,50,1,6,root,cascade,1,0.9909896309581985,0.9883830506663491,0.9958860278129578,True
NA4_LAG50_025,NA4_LAG50,4,50,2,3,unrelated,cascade,0,0.00034067793808462013,0.5626377419886104,0.8128814101219177,
NA4_LAG50_025,NA4_LAG50,4,50,2,4,unrelated,mild,0,0.9895570948289925,0.986387777651621,0.9884659647941589,
NA4_LAG50_025,NA4_LAG50,4,50,2,5,unrelated,mild,0,0.9904938340474057,0.9885752170691999,0.9874816536903381,
NA4_LAG50_025,NA4_LAG50,4,50,2,6,unrelated,cascade,0,0.9539660804773966,0.9324628955953901,0.9757201671600342,
NA4_LAG50_025,NA4_LAG50,4,50,3,4,cascade,mild,1,0.01902227041168809,0.5451056144046492,0.7963021397590637,False
NA4_LAG50_025,NA4_LAG50,4,50,3,5,cascade,mild,1,0.01390430000860416,0.549281335632339,0.7984093427658081,False
NA4_LAG50_025,NA4_LAG50,4,50,3,6,cascade,cascade,1,0.05472771324861697,0.48716729781784707,0.7857995629310608,False
NA4_LAG50_025,NA4_LAG50,4,50,4,5,mild,mild,1,0.994787557720578,0.9948088762592473,0.9982095956802368,True
NA4_LAG50_025,NA4_LAG50,4,50,4,6,mild,cascade,1,0.9782608913321313,0.9692269947562541,0.9932321906089783,True
NA4_LAG50_025,NA4_LAG50,4,50,5,6,mild,cascade,1,0.9755422589574284,0.9655429283637923,0.9923824071884155,True
NA4_LAG50_026,NA4_LAG50,4,50,1,2,cascade,unrelated,0,0.9483417989301987,0.9736844222689204,0.9940621852874756,
NA4_LAG50_026,NA4_LAG50,4,50,1,3,cascade,root,1,0.27044321103247315,0.07944797224141424,0.9725998640060425,False
NA4_LAG50_026,NA4_LAG50,4,50,1,4,cascade,cascade,1,0.2984292185643782,0.7192552190687295,0.7764546871185303,False
NA4_LAG50_026,NA4_LAG50,4,50,1,5,cascade,mild,1,0.9412339150535148,0.9675707934679807,0.9923467040061951,False
NA4_LAG50_026,NA4_LAG50,4,50,1,6,cascade,cascade,1,0.4386862138517538,0.30703996856713417,0.9247685074806213,False
NA4_LAG50_026,NA4_LAG50,4,50,2,3,unrelated,root,0,0.41816315967754614,0.12692158460468125,0.9835329651832581,
NA4_LAG50_026,NA4_LAG50,4,50,2,4,unrelated,cascade,0,0.00871387135155608,0.5540970477272952,0.7944893836975098,
NA4_LAG50_026,NA4_LAG50,4,50,2,5,unrelated,mild,0,0.9916193684341997,0.9897693159366308,0.9955555200576782,
NA4_LAG50_026,NA4_LAG50,4,50,2,6,unrelated,cascade,0,0.5894979395075791,0.3866150429366887,0.9361479878425598,
NA4_LAG50_026,NA4_LAG50,4,50,3,4,root,cascade,1,0.42988576352742935,0.1167067577053197,0.7702438831329346,False
NA4_LAG50_026,NA4_LAG50,4,50,3,5,root,mild,1,0.4738869662089704,0.2047997645643337,0.9826308488845825,False
NA4_LAG50_026,NA4_LAG50,4,50,3,6,root,cascade,1,0.8669557062299141,0.8032985337669759,0.9605886340141296,True
NA4_LAG50_026,NA4_LAG50,4,50,4,5,cascade,mild,1,0.020460250909478877,0.5475869792191133,0.8006068468093872,False
NA4_LAG50_026,NA4_LAG50,4,50,4,6,cascade,cascade,1,0.41126248815568883,0.07170782202933423,0.7923257350921631,False
NA4_LAG50_026,NA4_LAG50,4,50,5,6,mild,cascade,1,0.6432319289701014,0.4638856868524896,0.9558607935905457,False
NA4_LAG50_027,NA4_LAG50,4,50,1,2,cascade,unrelated,0,0.005010178909677405,0.5528649594243175,0.8133444786071777,
NA4_LAG50_027,NA4_LAG50,4,50,1,3,cascade,mild,1,0.12496486937358472,0.6379163246759816,0.789438009262085,False
NA4_LAG50_027,NA4_LAG50,4,50,1,4,cascade,cascade,1,0.30789197254169043,0.7192190021147257,0.7883783578872681,False
NA4_LAG50_027,NA4_LAG50,4,50,1,5,cascade,root,1,0.6915912540469369,0.5540059648338774,0.9957970380783081,True
NA4_LAG50_027,NA4_LAG50,4,50,1,6,cascade,cascade,1,0.9942377328183414,0.9928555559796237,0.9982587695121765,True
NA4_LAG50_027,NA4_LAG50,4,50,2,3,unrelated,mild,0,0.9864972280030125,0.9887966151587383,0.9934384226799011,
NA4_LAG50_027,NA4_LAG50,4,50,2,4,unrelated,cascade,0,0.9460436647770518,0.9727722964360767,0.9914416074752808,
NA4_LAG50_027,NA4_LAG50,4,50,2,5,unrelated,root,0,0.3249719967605805,0.9949558369558161,0.7960529327392578,
NA4_LAG50_027,NA4_LAG50,4,50,2,6,unrelated,cascade,0,0.007583035232776196,0.5550017480520445,0.8135036826133728,
NA4_LAG50_027,NA4_LAG50,4,50,3,4,mild,cascade,1,0.9785888480056494,0.9902653471720219,0.9870243072509766,True
NA4_LAG50_027,NA4_LAG50,4,50,3,5,mild,root,1,0.4088777824207079,0.9890116804697868,0.7724512219429016,False
NA4_LAG50_027,NA4_LAG50,4,50,3,6,mild,cascade,1,0.12284456060903594,0.6405909220891756,0.7898679971694946,False
NA4_LAG50_027,NA4_LAG50,4,50,4,5,cascade,root,1,0.5292437377529049,0.9737406340249173,0.7716666460037231,False
NA4_LAG50_027,NA4_LAG50,4,50,4,6,cascade,cascade,1,0.30530766310785934,0.7205976036565562,0.7879283428192139,False
NA4_LAG50_027,NA4_LAG50,4,50,5,6,root,cascade,1,0.6960804256592739,0.5572780222517031,0.9950407147407532,True
NA4_LAG50_028,NA4_LAG50,4,50,1,2,unrelated,mild,0,0.9769940248160688,0.9768187481607449,0.9441258907318115,
NA4_LAG50_028,NA4_LAG50,4,50,1,3,unrelated,cascade,0,0.5844657570572851,0.3799506768464555,0.9296653866767883,
NA4_LAG50_028,NA4_LAG50,4,50,1,4,unrelated,mild,0,0.9008729417251083,0.875700629850955,0.8791531324386597,
NA4_LAG50_028,NA4_LAG50,4,50,1,5,unrelated,root,0,0.9596571172967608,0.9968435974988284,0.9856188297271729,
NA4_LAG50_028,NA4_LAG50,4,50,1,6,unrelated,mild,0,0.944880219895504,0.9206108013144004,0.9960371255874634,
NA4_LAG50_028,NA4_LAG50,4,50,2,3,mild,cascade,1,0.6667136574871442,0.4629115495608949,0.8921751976013184,False
NA4_LAG50_028,NA4_LAG50,4,50,2,4,mild,mild,1,0.9622231504107958,0.9440057137414463,0.9755306839942932,False
NA4_LAG50_028,NA4_LAG50,4,50,2,5,mild,root,1,0.9079585184442083,0.9797839704323141,0.9340484738349915,False
NA4_LAG50_028,NA4_LAG50,4,50,2,6,mild,mild,1,0.9611330979086646,0.9375174966600067,0.9402918219566345,False
NA4_LAG50_028,NA4_LAG50,4,50,3,4,cascade,mild,1,0.7412719898370048,0.5686691165522703,0.8080142736434937,False
NA4_LAG50_028,NA4_LAG50,4,50,3,5,cascade,root,1,0.489872227526787,0.3888849786445473,0.9010427594184875,False
NA4_LAG50_028,NA4_LAG50,4,50,3,6,cascade,mild,1,0.806810238723366,0.6982760280715967,0.93928462266922,True
NA4_LAG50_028,NA4_LAG50,4,50,4,5,mild,root,1,0.7935442181999135,0.8803455147068697,0.8875513076782227,False
NA4_LAG50_028,NA4_LAG50,4,50,4,6,mild,mild,1,0.933945227374865,0.9000669352598741,0.8688018918037415,False
NA4_LAG50_028,NA4_LAG50,4,50,5,6,root,mild,1,0.8824907876446709,0.9248231730644506,0.9744073152542114,False
NA4_LAG50_029,NA4_LAG50,4,50,1,2,mild,mild,1,0.9938405454191642,0.9929408423683647,0.9912621378898621,True
NA4_LAG50_029,NA4_LAG50,4,50,1,3,mild,mild,1,0.9770994491597274,0.9737733929709647,0.8946924805641174,False
NA4_LAG50_029,NA4_LAG50,4,50,1,4,mild,root,1,0.19787781727706272,0.9771680132802816,0.9437447786331177,False
NA4_LAG50_029,NA4_LAG50,4,50,1,5,mild,cascade,1,0.1749338930571898,0.4126797089825024,0.9387981295585632,False
NA4_LAG50_029,NA4_LAG50,4,50,1,6,mild,unrelated,0,0.9783878542890179,0.9793126406255885,0.896629273891449,
NA4_LAG50_029,NA4_LAG50,4,50,2,3,mild,mild,1,0.9782697524648177,0.975709983642361,0.931618869304657,False
NA4_LAG50_029,NA4_LAG50,4,50,2,4,mild,root,1,0.20053130469512592,0.98023992685436,0.9306136965751648,False
NA4_LAG50_029,NA4_LAG50,4,50,2,5,mild,cascade,1,0.170162928774827,0.4201492718033757,0.9287065863609314,False
NA4_LAG50_029,NA4_LAG50,4,50,2,6,mild,unrelated,0,0.9800333355603578,0.9808390599764799,0.9364667534828186,
NA4_LAG50_029,NA4_LAG50,4,50,3,4,mild,root,1,0.29780671800005926,0.9818345128302032,0.7864496111869812,False
NA4_LAG50_029,NA4_LAG50,4,50,3,5,mild,cascade,1,0.03582613943131636,0.5238327746642105,0.7913541197776794,False
NA4_LAG50_029,NA4_LAG50,4,50,3,6,mild,unrelated,0,0.9872418191375563,0.9836383528709358,0.9878715872764587,
NA4_LAG50_029,NA4_LAG50,4,50,4,5,root,cascade,1,0.6980932292518,0.5537945757880625,0.9954023361206055,True
NA4_LAG50_029,NA4_LAG50,4,50,4,6,root,unrelated,0,0.3202688527333347,0.9953023714203133,0.8038336038589478,
NA4_LAG50_029,NA4_LAG50,4,50,5,6,cascade,unrelated,0,0.005205563562948785,0.552886775587398,0.8083735108375549,
NA5_LAG10_000,NA5_LAG10,5,10,1,2,cascade,mild,1,0.6141277156708486,0.2731528172908047,0.8665828108787537,False
NA5_LAG10_000,NA5_LAG10,5,10,1,3,cascade,cascade,1,0.24570359401884306,0.1383797769586701,0.7683156728744507,False
NA5_LAG10_000,NA5_LAG10,5,10,1,4,cascade,cascade,1,0.24698099202195942,0.13985557412640248,0.7614205479621887,False
NA5_LAG10_000,NA5_LAG10,5,10,1,5,cascade,root,1,0.22387057296867452,0.17475052716057587,0.7607463598251343,False
NA5_LAG10_000,NA5_LAG10,5,10,1,6,cascade,cascade,1,0.2440814347655619,0.14352008399113175,0.7595357298851013,False
NA5_LAG10_000,NA5_LAG10,5,10,2,3,mild,cascade,1,0.10807591689790394,0.8455631737589042,0.9418219327926636,True
NA5_LAG10_000,NA5_LAG10,5,10,2,4,mild,cascade,1,0.11355950030540823,0.8421025446239161,0.9413334131240845,True
NA5_LAG10_000,NA5_LAG10,5,10,2,5,mild,root,1,0.08736726277959435,0.9017927905081271,0.9402715563774109,True
NA5_LAG10_000,NA5_LAG10,5,10,2,6,mild,cascade,1,0.11036805903272667,0.8463821402353952,0.9373524188995361,True
NA5_LAG10_000,NA5_LAG10,5,10,3,4,cascade,cascade,1,0.9944517741910852,0.9949067386495952,0.9977004528045654,True
NA5_LAG10_000,NA5_LAG10,5,10,3,5,cascade,root,1,0.9788513255668337,0.9709869942200351,0.9984376430511475,True
NA5_LAG10_000,NA5_LAG10,5,10,3,6,cascade,cascade,1,0.9947656529423746,0.9945765768388828,0.9984048008918762,True
NA5_LAG10_000,NA5_LAG10,5,10,4,5,cascade,root,1,0.9764250125280564,0.9673018902823172,0.9973354339599609,True
NA5_LAG10_000,NA5_LAG10,5,10,4,6,cascade,cascade,1,0.9952182112837051,0.9955702901336988,0.9979381561279297,True
NA5_LAG10_000,NA5_LAG10,5,10,5,6,root,cascade,1,0.9778416621607631,0.9694339325191534,0.9984113574028015,True
NA5_LAG10_001,NA5_LAG10,5,10,1,2,cascade,mild,1,0.8561314345569173,0.8108271393970944,0.9907052516937256,False
NA5_LAG10_001,NA5_LAG10,5,10,1,3,cascade,mild,1,0.8559816713676467,0.8121075884344886,0.9763740301132202,False
NA5_LAG10_001,NA5_LAG10,5,10,1,4,cascade,mild,1,0.9292477492036059,0.8943547114592355,0.9965448379516602,True
NA5_LAG10_001,NA5_LAG10,5,10,1,5,cascade,root,1,0.820573440292078,0.8218528728656647,0.9854289293289185,False
NA5_LAG10_001,NA5_LAG10,5,10,1,6,cascade,cascade,1,0.18721496154767883,0.7897073493980625,0.7933815717697144,False
NA5_LAG10_001,NA5_LAG10,5,10,2,3,mild,mild,1,0.9966421812489327,0.9975323160272905,0.9823254942893982,True
NA5_LAG10_001,NA5_LAG10,5,10,2,4,mild,mild,1,0.976265483596463,0.980329969863723,0.9938724637031555,False
NA5_LAG10_001,NA5_LAG10,5,10,2,5,mild,root,1,0.9810977439763839,0.9952813003317293,0.9937474727630615,True
NA5_LAG10_001,NA5_LAG10,5,10,2,6,mild,cascade,1,0.4224492211292345,0.9706632452664667,0.7815871238708496,False
NA5_LAG10_001,NA5_LAG10,5,10,3,4,mild,mild,1,0.9756357351936966,0.9807010728318275,0.98260498046875,False
NA5_LAG10_001,NA5_LAG10,5,10,3,5,mild,root,1,0.9820431754602349,0.9952167955173692,0.9904047250747681,True
NA5_LAG10_001,NA5_LAG10,5,10,3,6,mild,cascade,1,0.427640386007119,0.9698956262223779,0.7795407176017761,False
NA5_LAG10_001,NA5_LAG10,5,10,4,5,mild,root,1,0.9454874235107913,0.985726908774929,0.9903378486633301,False
NA5_LAG10_001,NA5_LAG10,5,10,4,6,mild,cascade,1,0.2957206320865716,0.9525151477527797,0.7970445156097412,False
NA5_LAG10_001,NA5_LAG10,5,10,5,6,root,cascade,1,0.5611953531207383,0.9680481747467203,0.7991655468940735,False
NA5_LAG10_002,NA5_LAG10,5,10,1,2,cascade,cascade,1,0.31847370621780285,0.16350330276954422,0.9240732789039612,False
NA5_LAG10_002,NA5_LAG10,5,10,1,3,cascade,mild,1,0.5626119551840577,0.3324935022754011,0.9598965644836426,False
NA5_LAG10_002,NA5_LAG10,5,10,1,4,cascade,cascade,1,0.3186658138327782,0.16223743526691745,0.9274124503135681,False
NA5_LAG10_002,NA5_LAG10,5,10,1,5,cascade,cascade,1,0.31602978085099825,0.15980993187050344,0.9338943362236023,False
NA5_LAG10_002,NA5_LAG10,5,10,1,6,cascade,root,1,0.32027388333224854,0.16685668938659362,0.9498527646064758,False
NA5_LAG10_002,NA5_LAG10,5,10,2,3,cascade,mild,1,0.9372010415785299,0.9766113935197718,0.9882991909980774,False
NA5_LAG10_002,NA5_LAG10,5,10,2,4,cascade,cascade,1,0.9982244548632488,0.9985841925393005,0.9916549324989319,True
NA5_LAG10_002,NA5_LAG10,5,10,2,5,cascade,cascade,1,0.9984143552713801,0.9988001463023538,0.9972234964370728,True
NA5_LAG10_002,NA5_LAG10,5,10,2,6,cascade,root,1,0.9967139499013876,0.9969035219121839,0.9916632771492004,True
NA5_LAG10_002,NA5_LAG10,5,10,3,4,mild,cascade,1,0.9376527264121234,0.9761727110818148,0.9796078205108643,False
NA5_LAG10_002,NA5_LAG10,5,10,3,5,mild,cascade,1,0.9366279051214502,0.9755636572795441,0.9905704259872437,False
NA5_LAG10_002,NA5_LAG10,5,10,3,6,mild,root,1,0.937720833574312,0.9778815604093111,0.9928172826766968,False
NA5_LAG10_002,NA5_LAG10,5,10,4,5,cascade,cascade,1,0.9984736967959732,0.9987696082046719,0.994531512260437,True
NA5_LAG10_002,NA5_LAG10,5,10,4,6,cascade,root,1,0.996770167285411,0.9969447550282343,0.9911469221115112,True
NA5_LAG10_002,NA5_LAG10,5,10,5,6,cascade,root,1,0.9966401676307842,0.9966750957996711,0.996048092842102,True
NA5_LAG10_003,NA5_LAG10,5,10,1,2,cascade,cascade,1,0.2288682650942755,0.15799318307110286,0.7566813230514526,False
NA5_LAG10_003,NA5_LAG10,5,10,1,3,cascade,mild,1,0.10399424239664863,0.8465088480493224,0.9679622650146484,True
NA5_LAG10_003,NA5_LAG10,5,10,1,4,cascade,cascade,1,0.9946252571322146,0.9946289919535583,0.9969434142112732,True
NA5_LAG10_003,NA5_LAG10,5,10,1,5,cascade,cascade,1,0.9950695820657369,0.9954207369746513,0.9983176589012146,True
NA5_LAG10_003,NA5_LAG10,5,10,1,6,cascade,root,1,0.9774081646365754,0.9689520340853581,0.9952278137207031,True
NA5_LAG10_003,NA5_LAG10,5,10,2,3,cascade,mild,1,0.6215538299978014,0.30340942214356875,0.8565564155578613,False
NA5_LAG10_003,NA5_LAG10,5,10,2,4,cascade,cascade,1,0.23292862545719792,0.15124261401376998,0.7557498216629028,False
NA5_LAG10_003,NA5_LAG10,5,10,2,5,cascade,cascade,1,0.2374201074044801,0.15467107878494918,0.7562359571456909,False
NA5_LAG10_003,NA5_LAG10,5,10,2,6,cascade,root,1,0.21964660827746205,0.17188046481952313,0.7475292682647705,False
NA5_LAG10_003,NA5_LAG10,5,10,3,4,mild,cascade,1,0.10274651986192783,0.8486435783168335,0.9681975245475769,True
NA5_LAG10_003,NA5_LAG10,5,10,3,5,mild,cascade,1,0.11379256757838373,0.8506209177646734,0.9693579077720642,True
NA5_LAG10_003,NA5_LAG10,5,10,3,6,mild,root,1,0.08180807592507842,0.8998289481359932,0.9678411483764648,True
NA5_LAG10_003,NA5_LAG10,5,10,4,5,cascade,cascade,1,0.9956273909215514,0.9957900583885717,0.9979279637336731,True
NA5_LAG10_003,NA5_LAG10,5,10,4,6,cascade,root,1,0.978244535494671,0.9700028051643189,0.9970457553863525,True
NA5_LAG10_003,NA5_LAG10,5,10,5,6,cascade,root,1,0.9786831219362375,0.9705705214297654,0.9967911243438721,True
NA5_LAG10_004,NA5_LAG10,5,10,1,2,mild,cascade,1,0.3752603925394032,0.14025445739313008,0.9410090446472168,False
NA5_LAG10_004,NA5_LAG10,5,10,1,3,mild,mild,1,0.8971266319929202,0.8882096096547455,0.9600849151611328,False
NA5_LAG10_004,NA5_LAG10,5,10,1,4,mild,cascade,1,0.36690415509741875,0.12911566656934137,0.9126821160316467,False
NA5_LAG10_004,NA5_LAG10,5,10,1,5,mild,root,1,0.3441287272714571,0.09732699117862553,0.9395743608474731,False
NA5_LAG10_004,NA5_LAG10,5,10,1,6,mild,mild,1,0.8113322619267177,0.8733975926705875,0.8809189200401306,False
NA5_LAG10_004,NA5_LAG10,5,10,2,3,cascade,mild,1,0.7284884705769267,0.5629992934578156,0.9299762845039368,True
NA5_LAG10_004,NA5_LAG10,5,10,2,4,cascade,cascade,1,0.9954097258102309,0.9952781629272349,0.9937620759010315,True
NA5_LAG10_004,NA5_LAG10,5,10,2,5,cascade,root,1,0.9881665038157789,0.9847418559603893,0.9669927358627319,True
NA5_LAG10_004,NA5_LAG10,5,10,2,6,cascade,mild,1,0.6200850324468757,0.2935894385585819,0.857663094997406,False
NA5_LAG10_004,NA5_LAG10,5,10,3,4,mild,cascade,1,0.7234916230718794,0.5548886292926591,0.9159206748008728,True
NA5_LAG10_004,NA5_LAG10,5,10,3,5,mild,root,1,0.7017152877888827,0.518751708798919,0.9024238586425781,True
NA5_LAG10_004,NA5_LAG10,5,10,3,6,mild,mild,1,0.9094677760203438,0.8752337751821362,0.9649654626846313,False
NA5_LAG10_004,NA5_LAG10,5,10,4,5,cascade,root,1,0.9894238706276445,0.9867573965413674,0.943652331829071,True
NA5_LAG10_004,NA5_LAG10,5,10,4,6,cascade,mild,1,0.6177099933068119,0.28867093498697705,0.8439865708351135,False
NA5_LAG10_004,NA5_LAG10,5,10,5,6,root,mild,1,0.5994237965333692,0.25097462088798933,0.8440028429031372,False
NA5_LAG10_005,NA5_LAG10,5,10,1,2,cascade,mild,1,0.9840646797216676,0.9950301767330912,0.9913904666900635,True
NA5_LAG10_005,NA5_LAG10,5,10,1,3,cascade,root,1,0.9967901491361371,0.9969597728986996,0.990885853767395,True
NA5_LAG10_005,NA5_LAG10,5,10,1,4,cascade,cascade,1,0.26684105038650774,0.05264418058652271,0.8078805804252625,False
NA5_LAG10_005,NA5_LAG10,5,10,1,5,cascade,mild,1,0.9824921220513462,0.9946981912722004,0.9944776892662048,True
NA5_LAG10_005,NA5_LAG10,5,10,1,6,cascade,cascade,1,0.9982889232823374,0.9986809355224883,0.9915597438812256,True
NA5_LAG10_005,NA5_LAG10,5,10,2,3,mild,root,1,0.9833117549178823,0.9952828484123425,0.9782841801643372,True
NA5_LAG10_005,NA5_LAG10,5,10,2,4,mild,cascade,1,0.3673058051200261,0.07917861352143059,0.8283728957176208,False
NA5_LAG10_005,NA5_LAG10,5,10,2,5,mild,mild,1,0.9967854776714864,0.997299845960143,0.9828283190727234,True
NA5_LAG10_005,NA5_LAG10,5,10,2,6,mild,cascade,1,0.9832391302681921,0.9951323132680194,0.9756438732147217,True
NA5_LAG10_005,NA5_LAG10,5,10,3,4,root,cascade,1,0.2645816003229392,0.07545167992846724,0.8009529113769531,False
NA5_LAG10_005,NA5_LAG10,5,10,3,5,root,mild,1,0.9820701530241558,0.9951639761709261,0.9944949150085449,True
NA5_LAG10_005,NA5_LAG10,5,10,3,6,root,cascade,1,0.9968868779205842,0.9971917948244668,0.9901962876319885,True
NA5_LAG10_005,NA5_LAG10,5,10,4,5,cascade,mild,1,0.3754387359752149,0.07576453026940902,0.8102032542228699,False
NA5_LAG10_005,NA5_LAG10,5,10,4,6,cascade,cascade,1,0.2618484961975875,0.05858066016937131,0.8000103831291199,False
NA5_LAG10_005,NA5_LAG10,5,10,5,6,mild,cascade,1,0.9814210025556076,0.9943524460356622,0.9958459138870239,True
NA5_LAG10_006,NA5_LAG10,5,10,1,2,root,cascade,1,0.9780942583289534,0.970300319548165,0.9971321225166321,True
NA5_LAG10_006,NA5_LAG10,5,10,1,3,root,cascade,1,0.48011200349202604,0.060562752445171585,0.8891984224319458,False
NA5_LAG10_006,NA5_LAG10,5,10,1,4,root,mild,1,0.1692998950984652,0.9009424921885935,0.7501295208930969,False
NA5_LAG10_006,NA5_LAG10,5,10,1,5,root,mild,1,0.44325670059828626,0.9936360500479073,0.7768436670303345,False
NA5_LAG10_006,NA5_LAG10,5,10,1,6,root,cascade,1,0.5812284425437232,0.9961313985127555,0.785129189491272,False
NA5_LAG10_006,NA5_LAG10,5,10,2,3,cascade,cascade,1,0.4920788596184957,0.00905726303186159,0.8947680592536926,False
NA5_LAG10_006,NA5_LAG10,5,10,2,4,cascade,mild,1,0.1370113919533645,0.8637900175729096,0.7631831169128418,False
NA5_LAG10_006,NA5_LAG10,5,10,2,5,cascade,mild,1,0.4188741497625771,0.971663977163846,0.7907745838165283,False
NA5_LAG10_006,NA5_LAG10,5,10,2,6,cascade,cascade,1,0.5616197942589845,0.9814854439413077,0.7996461987495422,False
NA5_LAG10_006,NA5_LAG10,5,10,3,4,cascade,mild,1,0.5624387819230813,0.02889634633609123,0.8267132043838501,False
NA5_LAG10_006,NA5_LAG10,5,10,3,5,cascade,mild,1,0.37895603463255134,0.0616420519275335,0.8561364412307739,False
NA5_LAG10_006,NA5_LAG10,5,10,3,6,cascade,cascade,1,0.26697223078361465,0.03984315401802137,0.8501080274581909,False
NA5_LAG10_006,NA5_LAG10,5,10,4,5,mild,mild,1,0.895131311437464,0.8842313434111566,0.9925596117973328,False
NA5_LAG10_006,NA5_LAG10,5,10,4,6,mild,cascade,1,0.8483964124759225,0.8942799738259964,0.9705569744110107,False
NA5_LAG10_006,NA5_LAG10,5,10,5,6,mild,cascade,1,0.9821058030600367,0.995163381097773,0.9824344515800476,True
NA5_LAG10_007,NA5_LAG10,5,10,1,2,root,cascade,1,0.9885799704938716,0.9855380966671482,0.9945529699325562,True
NA5_LAG10_007,NA5_LAG10,5,10,1,3,root,mild,1,0.5988079600883305,0.2579424868659477,0.8480304479598999,False
NA5_LAG10_007,NA5_LAG10,5,10,1,4,root,cascade,1,0.4893345158390613,0.04233004586440068,0.9444071054458618,False
NA5_LAG10_007,NA5_LAG10,5,10,1,5,root,cascade,1,0.9890181636370998,0.9861285590551325,0.9813737869262695,True
NA5_LAG10_007,NA5_LAG10,5,10,1,6,root,cascade,1,0.988363647088012,0.9851934485505572,0.9610894918441772,True
NA5_LAG10_007,NA5_LAG10,5,10,2,3,cascade,mild,1,0.6249010805119516,0.29951047300202605,0.850278913974762,False
NA5_LAG10_007,NA5_LAG10,5,10,2,4,cascade,cascade,1,0.5072045858500532,0.017736727084521006,0.9607638120651245,False
NA5_LAG10_007,NA5_LAG10,5,10,2,5,cascade,cascade,1,0.9949655915869859,0.994546929691087,0.9826980233192444,True
NA5_LAG10_007,NA5_LAG10,5,10,2,6,cascade,cascade,1,0.9944423934368937,0.9938039724699302,0.9796478748321533,True
NA5_LAG10_007,NA5_LAG10,5,10,3,4,mild,cascade,1,0.7285235989984282,0.025302159241621488,0.8372719883918762,False
NA5_LAG10_007,NA5_LAG10,5,10,3,5,mild,cascade,1,0.6293318469840619,0.30420298060592305,0.8811985850334167,False
NA5_LAG10_007,NA5_LAG10,5,10,3,6,mild,cascade,1,0.622091472707467,0.29825564544092176,0.8606924414634705,False
NA5_LAG10_007,NA5_LAG10,5,10,4,5,cascade,cascade,1,0.5131379843520039,0.0073276476672994514,0.9340735077857971,False
NA5_LAG10_007,NA5_LAG10,5,10,4,6,cascade,cascade,1,0.5056736432990342,0.006443372962915101,0.9556723833084106,False
NA5_LAG10_007,NA5_LAG10,5,10,5,6,cascade,cascade,1,0.9948710536275339,0.994858724553736,0.9802936911582947,True
NA5_LAG10_008,NA5_LAG10,5,10,1,2,root,mild,1,0.9594460407436484,0.940103159931265,0.996222198009491,True
NA5_LAG10_008,NA5_LAG10,5,10,1,3,root,cascade,1,0.995009502132439,0.995106293289908,0.9926217198371887,True
NA5_LAG10_008,NA5_LAG10,5,10,1,4,root,cascade,1,0.7254269206170123,0.5849389638055894,0.9585911631584167,False
NA5_LAG10_008,NA5_LAG10,5,10,1,5,root,mild,1,0.8454104733424342,0.8151552808397984,0.9006180167198181,False
NA5_LAG10_008,NA5_LAG10,5,10,1,6,root,mild,1,0.8439206736068162,0.8139446878890151,0.8988153338432312,False
NA5_LAG10_008,NA5_LAG10,5,10,2,3,mild,cascade,1,0.9616520572563878,0.9445196994762263,0.9939122796058655,True
NA5_LAG10_008,NA5_LAG10,5,10,2,4,mild,cascade,1,0.5557819128392599,0.324152120551096,0.955609142780304,False
NA5_LAG10_008,NA5_LAG10,5,10,2,5,mild,mild,1,0.8834729869286012,0.8976675757878562,0.8991054892539978,False
NA5_LAG10_008,NA5_LAG10,5,10,2,6,mild,mild,1,0.882340422671235,0.900684517215222,0.8975110054016113,False
NA5_LAG10_008,NA5_LAG10,5,10,3,4,cascade,cascade,1,0.711943291201761,0.5658129900865947,0.9373180270195007,False
NA5_LAG10_008,NA5_LAG10,5,10,3,5,cascade,mild,1,0.8437165730571755,0.816115518372613,0.8906989693641663,False
NA5_LAG10_008,NA5_LAG10,5,10,3,6,cascade,mild,1,0.8417483149782609,0.8159256623205259,0.8944406509399414,False
NA5_LAG10_008,NA5_LAG10,5,10,4,5,cascade,mild,1,0.6193765694039358,0.2926956707611968,0.8516110777854919,False
NA5_LAG10_008,NA5_LAG10,5,10,4,6,cascade,mild,1,0.6136537944762254,0.27906630075770256,0.8394603729248047,False
NA5_LAG10_008,NA5_LAG10,5,10,5,6,mild,mild,1,0.9887425881384498,0.9754952069917904,0.9966980218887329,True
NA5_LAG10_009,NA5_LAG10,5,10,1,2,cascade,cascade,1,0.2419264947935418,0.14348704866420178,0.7525501847267151,False
NA5_LAG10_009,NA5_LAG10,5,10,1,3,cascade,cascade,1,0.47935184127900404,0.06811763285649045,0.9152054190635681,False
NA5_LAG10_009,NA5_LAG10,5,10,1,4,cascade,cascade,1,0.24300855691536458,0.14504010033578046,0.7681295871734619,False
NA5_LAG10_009,NA5_LAG10,5,10,1,5,cascade,root,1,0.5762368998972166,0.02377596047647963,0.9045457243919373,False
NA5_LAG10_009,NA5_LAG10,5,10,1,6,cascade,mild,1,0.11137734704061027,0.9711594701209988,0.784325122833252,False
NA5_LAG10_009,NA5_LAG10,5,10,2,3,cascade,cascade,1,0.49255103105148546,0.08711181604660938,0.8523276448249817,False
NA5_LAG10_009,NA5_LAG10,5,10,2,4,cascade,cascade,1,0.9954697715006093,0.9952753416576869,0.9883980751037598,True
NA5_LAG10_009,NA5_LAG10,5,10,2,5,cascade,root,1,0.581086328839231,0.05822079692820132,0.7376226186752319,False
NA5_LAG10_009,NA5_LAG10,5,10,2,6,cascade,mild,1,0.5220737928787493,0.17633117682587277,0.8715178966522217,False
NA5_LAG10_009,NA5_LAG10,5,10,3,4,cascade,cascade,1,0.497625833121481,0.08319670502508494,0.8621248006820679,False
NA5_LAG10_009,NA5_LAG10,5,10,3,5,cascade,root,1,0.8173956740377689,0.006361334963027032,0.8861693143844604,True
NA5_LAG10_009,NA5_LAG10,5,10,3,6,cascade,mild,1,0.6897291862673555,0.032425123929986,0.808759331703186,True
NA5_LAG10_009,NA5_LAG10,5,10,4,5,cascade,root,1,0.5840798368984845,0.05531895155657476,0.7513839602470398,False
NA5_LAG10_009,NA5_LAG10,5,10,4,6,cascade,mild,1,0.5260782492370895,0.1784191677551549,0.9110349416732788,False
NA5_LAG10_009,NA5_LAG10,5,10,5,6,root,mild,1,0.7139473182782149,0.005050396983798334,0.7742757201194763,True
NA5_LAG10_010,NA5_LAG10,5,10,1,2,mild,mild,1,0.9962794049438233,0.9966336258203424,0.9912656545639038,True
NA5_LAG10_010,NA5_LAG10,5,10,1,3,mild,cascade,1,0.9819317808059118,0.9944991088917691,0.9805077314376831,True
NA5_LAG10_010,NA5_LAG10,5,10,1,4,mild,root,1,0.9839328362714923,0.9961906247725799,0.9969779253005981,True
NA5_LAG10_010,NA5_LAG10,5,10,1,5,mild,mild,1,0.9971178736405754,0.9974129541455875,0.997849702835083,True
NA5_LAG10_010,NA5_LAG10,5,10,1,6,mild,mild,1,0.996693288668456,0.9972314271465946,0.9706258177757263,True
NA5_LAG10_010,NA5_LAG10,5,10,2,3,mild,cascade,1,0.9813710927301011,0.9943036286922197,0.9855133891105652,True
NA5_LAG10_010,NA5_LAG10,5,10,2,4,mild,root,1,0.9828517100938167,0.9954592542036929,0.9907107353210449,True
NA5_LAG10_010,NA5_LAG10,5,10,2,5,mild,mild,1,0.9965548744848728,0.9971552825028486,0.9931928515434265,True
NA5_LAG10_010,NA5_LAG10,5,10,2,6,mild,mild,1,0.9962464257326369,0.9970452725402537,0.9915748238563538,True
NA5_LAG10_010,NA5_LAG10,5,10,3,4,cascade,root,1,0.9966938721616524,0.9968666388482403,0.9876707196235657,True
NA5_LAG10_010,NA5_LAG10,5,10,3,5,cascade,mild,1,0.9824002450034646,0.9944370674404391,0.9872460961341858,True
NA5_LAG10_010,NA5_LAG10,5,10,3,6,cascade,mild,1,0.9819582200914153,0.9947069407929252,0.9755874872207642,True
NA5_LAG10_010,NA5_LAG10,5,10,4,5,root,mild,1,0.9839365584787518,0.9956759127079713,0.9988310933113098,True
NA5_LAG10_010,NA5_LAG10,5,10,4,6,root,mild,1,0.9834664296278374,0.995705063454583,0.9724840521812439,True
NA5_LAG10_010,NA5_LAG10,5,10,5,6,mild,mild,1,0.9969408197531284,0.9975289719186556,0.9767745137214661,True
NA5_LAG10_011,NA5_LAG10,5,10,1,2,mild,cascade,1,0.12445338958150853,0.96966680204998,0.7611640691757202,False
NA5_LAG10_011,NA5_LAG10,5,10,1,3,mild,root,1,0.8562834532023638,0.7872724839755492,0.9912337064743042,False
NA5_LAG10_011,NA5_LAG10,5,10,1,4,mild,cascade,1,0.9175703878623476,0.9102595401623709,0.9914133548736572,False
NA5_LAG10_011,NA5_LAG10,5,10,1,5,mild,cascade,1,0.8696325417779046,0.992333189436427,0.9479866027832031,False
NA5_LAG10_011,NA5_LAG10,5,10,1,6,mild,cascade,1,0.8711723654252228,0.9920668236962239,0.9448800683021545,False
NA5_LAG10_011,NA5_LAG10,5,10,2,3,cascade,root,1,0.15331175461812352,0.7498131837797489,0.8005422949790955,False
NA5_LAG10_011,NA5_LAG10,5,10,2,4,cascade,cascade,1,0.24806639092132363,0.8780743133637497,0.8005200624465942,False
NA5_LAG10_011,NA5_LAG10,5,10,2,5,cascade,cascade,1,0.5635295033566011,0.9793533687470334,0.7906707525253296,False
NA5_LAG10_011,NA5_LAG10,5,10,2,6,cascade,cascade,1,0.5610069044403562,0.9796972874700729,0.7828391790390015,False
NA5_LAG10_011,NA5_LAG10,5,10,3,4,root,cascade,1,0.9732194262084813,0.9614347084384685,0.9969619512557983,True
NA5_LAG10_011,NA5_LAG10,5,10,3,5,root,cascade,1,0.7900977966541903,0.7819074537428248,0.964255690574646,False
NA5_LAG10_011,NA5_LAG10,5,10,3,6,root,cascade,1,0.7912080666188931,0.781510324931746,0.9576261639595032,False
NA5_LAG10_011,NA5_LAG10,5,10,4,5,cascade,cascade,1,0.8904377562936859,0.9099674528471248,0.9645525813102722,False
NA5_LAG10_011,NA5_LAG10,5,10,4,6,cascade,cascade,1,0.891363440309945,0.9096338775185989,0.9579047560691833,False
NA5_LAG10_011,NA5_LAG10,5,10,5,6,cascade,cascade,1,0.9982145018619872,0.9986398580693433,0.9942166805267334,True
NA5_LAG10_012,NA5_LAG10,5,10,1,2,root,mild,1,0.8561554148995117,0.9029084603617386,0.9639502167701721,False
NA5_LAG10_012,NA5_LAG10,5,10,1,3,root,cascade,1,0.552968183099165,0.9711437255356353,0.7905116677284241,False
NA5_LAG10_012,NA5_LAG10,5,10,1,4,root,cascade,1,0.9966940188354994,0.996854785097647,0.9934358596801758,True
NA5_LAG10_012,NA5_LAG10,5,10,1,5,root,cascade,1,0.5514939846276211,0.9698659713395813,0.7928763031959534,False
NA5_LAG10_012,NA5_LAG10,5,10,1,6,root,cascade,1,0.9969124393570145,0.997305509600889,0.9947488307952881,True
NA5_LAG10_012,NA5_LAG10,5,10,2,3,mild,cascade,1,0.14688022570686493,0.8741192349287163,0.7785760760307312,False
NA5_LAG10_012,NA5_LAG10,5,10,2,4,mild,cascade,1,0.8536153833073753,0.8997614284127734,0.9731636643409729,False
NA5_LAG10_012,NA5_LAG10,5,10,2,5,mild,cascade,1,0.1458087990213903,0.8738952554048038,0.7797508239746094,False
NA5_LAG10_012,NA5_LAG10,5,10,2,6,mild,cascade,1,0.8530622347932159,0.90057109444536,0.9669076204299927,False
NA5_LAG10_012,NA5_LAG10,5,10,3,4,cascade,cascade,1,0.5629795311852641,0.9831341993181213,0.7977628707885742,False
NA5_LAG10_012,NA5_LAG10,5,10,3,5,cascade,cascade,1,0.9953613219264853,0.9950785689786875,0.9978545904159546,True
NA5_LAG10_012,NA5_LAG10,5,10,3,6,cascade,cascade,1,0.5646153695051521,0.9825581068529471,0.7982684373855591,False
NA5_LAG10_012,NA5_LAG10,5,10,4,5,cascade,cascade,1,0.5615127201207897,0.981912075446114,0.7989271283149719,False
NA5_LAG10_012,NA5_LAG10,5,10,4,6,cascade,cascade,1,0.997917341943815,0.9983524950145257,0.9985942244529724,True
NA5_LAG10_012,NA5_LAG10,5,10,5,6,cascade,cascade,1,0.5635111800193825,0.9817215255822619,0.7998014688491821,False
NA5_LAG10_013,NA5_LAG10,5,10,1,2,cascade,root,1,0.4843585792008746,0.060597143583934976,0.7460858821868896,False
NA5_LAG10_013,NA5_LAG10,5,10,1,3,cascade,cascade,1,0.48604254380157735,0.017931498913003732,0.7492510676383972,False
NA5_LAG10_013,NA5_LAG10,5,10,1,4,cascade,cascade,1,0.5053286389487471,0.05299747955615618,0.9119964241981506,False
NA5_LAG10_013,NA5_LAG10,5,10,1,5,cascade,mild,1,0.7233138355517843,0.07436123597974098,0.8054664731025696,False
NA5_LAG10_013,NA5_LAG10,5,10,1,6,cascade,mild,1,0.4908959916290148,0.0645653293184636,0.8385303020477295,False
NA5_LAG10_013,NA5_LAG10,5,10,2,3,root,cascade,1,0.9783220210245454,0.970489342007194,0.9973296523094177,True
NA5_LAG10_013,NA5_LAG10,5,10,2,4,root,cascade,1,0.23156918682983318,0.1623227511335446,0.7776387333869934,False
NA5_LAG10_013,NA5_LAG10,5,10,2,5,root,mild,1,0.09222753398226022,0.9032768802473368,0.942216157913208,True
NA5_LAG10_013,NA5_LAG10,5,10,2,6,root,mild,1,0.2859181833179324,0.9675211699015738,0.7789007425308228,False
NA5_LAG10_013,NA5_LAG10,5,10,3,4,cascade,cascade,1,0.24258279958962115,0.1446493836974474,0.7804515957832336,False
NA5_LAG10_013,NA5_LAG10,5,10,3,5,cascade,mild,1,0.11167724789046955,0.8535661784026461,0.9389025568962097,True
NA5_LAG10_013,NA5_LAG10,5,10,3,6,cascade,mild,1,0.27287228363352056,0.9421473602229662,0.7802761197090149,False
NA5_LAG10_013,NA5_LAG10,5,10,4,5,cascade,mild,1,0.6206864020325438,0.28929877507830365,0.8795364499092102,False
NA5_LAG10_013,NA5_LAG10,5,10,4,6,cascade,mild,1,0.5835350634956414,0.3599710943832796,0.9629902243614197,False
NA5_LAG10_013,NA5_LAG10,5,10,5,6,mild,mild,1,0.884173051035187,0.8911076073385725,0.8898035883903503,False
NA5_LAG10_014,NA5_LAG10,5,10,1,2,mild,cascade,1,0.505467802133643,0.044894205124672626,0.8700671195983887,False
NA5_LAG10_014,NA5_LAG10,5,10,1,3,mild,root,1,0.6077864003346971,0.03555546473106094,0.7744476199150085,False
NA5_LAG10_014,NA5_LAG10,5,10,1,4,mild,cascade,1,0.9754452152525542,0.9653396351417503,0.9829184412956238,True
NA5_LAG10_014,NA5_LAG10,5,10,1,5,mild,cascade,1,0.9689444947666536,0.9547101894566836,0.9947553277015686,True
NA5_LAG10_014,NA5_LAG10,5,10,1,6,mild,mild,1,0.9524780539722842,0.9653281742124551,0.9966802597045898,False
NA5_LAG10_014,NA5_LAG10,5,10,2,3,cascade,root,1,0.8155908139753669,0.13182972046082558,0.7567093372344971,True
NA5_LAG10_014,NA5_LAG10,5,10,2,4,cascade,cascade,1,0.4808853610177818,0.03584063923746313,0.8194597363471985,False
NA5_LAG10_014,NA5_LAG10,5,10,2,5,cascade,cascade,1,0.4915539063241096,0.034273155662993444,0.8604648113250732,False
NA5_LAG10_014,NA5_LAG10,5,10,2,6,cascade,mild,1,0.6892171780622192,0.00726689819182756,0.851929783821106,True
NA5_LAG10_014,NA5_LAG10,5,10,3,4,root,cascade,1,0.5760648852294783,0.01986012873330673,0.7841602563858032,False
NA5_LAG10_014,NA5_LAG10,5,10,3,5,root,cascade,1,0.58258803963424,0.026497247957582445,0.7854719758033752,False
NA5_LAG10_014,NA5_LAG10,5,10,3,6,root,mild,1,0.7137834270228187,0.028428576969038232,0.7589572072029114,True
NA5_LAG10_014,NA5_LAG10,5,10,4,5,cascade,cascade,1,0.9951520359282227,0.994821148983501,0.9928613901138306,True
NA5_LAG10_014,NA5_LAG10,5,10,4,6,cascade,mild,1,0.9022666785858445,0.8865562739397745,0.9863278865814209,False
NA5_LAG10_014,NA5_LAG10,5,10,5,6,cascade,mild,1,0.8948213150092204,0.8668623426191311,0.9945502281188965,False
NA5_LAG10_015,NA5_LAG10,5,10,1,2,cascade,root,1,0.4790333142970018,0.031642933873609766,0.7272749543190002,False
NA5_LAG10_015,NA5_LAG10,5,10,1,3,cascade,mild,1,0.7279082514474156,0.034755465064140845,0.8091946244239807,False
NA5_LAG10_015,NA5_LAG10,5,10,1,4,cascade,mild,1,0.3797631533433764,0.017805417145187477,0.8590516448020935,False
NA5_LAG10_015,NA5_LAG10,5,10,1,5,cascade,mild,1,0.4827322669719413,0.014796354000873879,0.8652667999267578,False
NA5_LAG10_015,NA5_LAG10,5,10,1,6,cascade,mild,1,0.7215812516648565,0.043108063784954416,0.7848544120788574,False
NA5_LAG10_015,NA5_LAG10,5,10,2,3,root,mild,1,0.08675739794699065,0.9015253795020464,0.9384278059005737,True
NA5_LAG10_015,NA5_LAG10,5,10,2,4,root,mild,1,0.44146885224105376,0.9953595598179193,0.765713632106781,False
NA5_LAG10_015,NA5_LAG10,5,10,2,5,root,mild,1,0.3053524286337142,0.9797196018429747,0.7880936861038208,False
NA5_LAG10_015,NA5_LAG10,5,10,2,6,root,mild,1,0.08649753164157206,0.898393457678462,0.964497447013855,True
NA5_LAG10_015,NA5_LAG10,5,10,3,4,mild,mild,1,0.8126419824756542,0.8801398584947957,0.8854326009750366,False
NA5_LAG10_015,NA5_LAG10,5,10,3,5,mild,mild,1,0.8839231175764048,0.8997255332614905,0.903169572353363,False
NA5_LAG10_015,NA5_LAG10,5,10,3,6,mild,mild,1,0.9893113888327597,0.9754906310617005,0.9935319423675537,True
NA5_LAG10_015,NA5_LAG10,5,10,4,5,mild,mild,1,0.9737454335705041,0.9780806787383267,0.9942392706871033,False
NA5_LAG10_015,NA5_LAG10,5,10,4,6,mild,mild,1,0.8130994223888516,0.8782725744462077,0.8527268171310425,False
NA5_LAG10_015,NA5_LAG10,5,10,5,6,mild,mild,1,0.8833895737436926,0.8946621706047481,0.8706907629966736,False
NA5_LAG10_016,NA5_LAG10,5,10,1,2,root,mild,1,0.7165380406088192,0.07893585929236366,0.7607539892196655,True
NA5_LAG10_016,NA5_LAG10,5,10,1,3,root,cascade,1,0.5588152910243771,0.08632787375643308,0.7086576223373413,False
NA5_LAG10_016,NA5_LAG10,5,10,1,4,root,mild,1,0.7125952310171774,0.09660080998699236,0.7490192651748657,True
NA5_LAG10_016,NA5_LAG10,5,10,1,5,root,mild,1,0.718545798711764,0.09826796246451447,0.7479820251464844,True
NA5_LAG10_016,NA5_LAG10,5,10,1,6,root,mild,1,0.7153315772373009,0.10213071039503233,0.7462448477745056,True
NA5_LAG10_016,NA5_LAG10,5,10,2,3,mild,cascade,1,0.12310824792951867,0.9699926740998286,0.811192512512207,False
NA5_LAG10_016,NA5_LAG10,5,10,2,4,mild,mild,1,0.991818725832614,0.9883975942408955,0.9977445006370544,True
NA5_LAG10_016,NA5_LAG10,5,10,2,5,mild,mild,1,0.9916715142731106,0.9869778500868839,0.9956214427947998,True
NA5_LAG10_016,NA5_LAG10,5,10,2,6,mild,mild,1,0.9916648647416839,0.9870664750078545,0.9978012442588806,True
NA5_LAG10_016,NA5_LAG10,5,10,3,4,cascade,mild,1,0.13089447327016313,0.9697681340766829,0.8036722540855408,False
NA5_LAG10_016,NA5_LAG10,5,10,3,5,cascade,mild,1,0.11953488903880426,0.968901678649328,0.7994842529296875,False
NA5_LAG10_016,NA5_LAG10,5,10,3,6,cascade,mild,1,0.12421584802370043,0.9691049368068109,0.7945111393928528,False
NA5_LAG10_016,NA5_LAG10,5,10,4,5,mild,mild,1,0.9935343970063147,0.9909005799189227,0.9964726567268372,True
NA5_LAG10_016,NA5_LAG10,5,10,4,6,mild,mild,1,0.9922010830534762,0.9877569448556829,0.998796820640564,True
NA5_LAG10_016,NA5_LAG10,5,10,5,6,mild,mild,1,0.992579836096427,0.9881373661123124,0.997454822063446,True
NA5_LAG10_017,NA5_LAG10,5,10,1,2,mild,cascade,1,0.5506797372353197,0.07488877671979285,0.8279996514320374,False
NA5_LAG10_017,NA5_LAG10,5,10,1,3,mild,cascade,1,0.5597887420427236,0.012949214911943318,0.8338168263435364,False
NA5_LAG10_017,NA5_LAG10,5,10,1,4,mild,mild,1,0.9933225844789008,0.9919816636427624,0.9571948051452637,True
NA5_LAG10_017,NA5_LAG10,5,10,1,5,mild,cascade,1,0.7304016249459673,0.562568368083172,0.9078715443611145,True
NA5_LAG10_017,NA5_LAG10,5,10,1,6,mild,root,1,0.7032891667103566,0.5254544236890704,0.9182308912277222,True
NA5_LAG10_017,NA5_LAG10,5,10,2,3,cascade,cascade,1,0.9906729664603964,0.7100119633359293,0.8748834133148193,True
NA5_LAG10_017,NA5_LAG10,5,10,2,4,cascade,mild,1,0.541040332343115,0.09232971729492666,0.9383859038352966,False
NA5_LAG10_017,NA5_LAG10,5,10,2,5,cascade,cascade,1,0.4974274506612002,0.04863476403674982,0.8532165884971619,False
NA5_LAG10_017,NA5_LAG10,5,10,2,6,cascade,root,1,0.4808332245352172,0.07891917006842623,0.8426669836044312,False
NA5_LAG10_017,NA5_LAG10,5,10,3,4,cascade,mild,1,0.5496585894358033,0.00025063486864991595,0.8740837574005127,False
NA5_LAG10_017,NA5_LAG10,5,10,3,5,cascade,cascade,1,0.5053898781697854,0.02408409054387447,0.9395584464073181,False
NA5_LAG10_017,NA5_LAG10,5,10,3,6,cascade,root,1,0.4884710858147691,0.012179052253159885,0.9325588345527649,False
NA5_LAG10_017,NA5_LAG10,5,10,4,5,mild,cascade,1,0.7265595561747348,0.5598989257173843,0.9220060706138611,True
NA5_LAG10_017,NA5_LAG10,5,10,4,6,mild,root,1,0.6989417982349593,0.5214786648864028,0.9158564209938049,True
NA5_LAG10_017,NA5_LAG10,5,10,5,6,cascade,root,1,0.9875291840456007,0.9844376347697247,0.9936639666557312,True
NA5_LAG10_018,NA5_LAG10,5,10,1,2,mild,cascade,1,0.9477354390566491,0.9832400853103798,0.9925886988639832,False
NA5_LAG10_018,NA5_LAG10,5,10,1,3,mild,mild,1,0.9753665050957159,0.9790939786704622,0.9828749895095825,False
NA5_LAG10_018,NA5_LAG10,5,10,1,4,mild,cascade,1,0.9467485440477518,0.9823228170694862,0.979451596736908,False
NA5_LAG10_018,NA5_LAG10,5,10,1,5,mild,root,1,0.9469195081406829,0.9847975408131829,0.9813770055770874,False
NA5_LAG10_018,NA5_LAG10,5,10,1,6,mild,cascade,1,0.9462214701100801,0.9821380138355841,0.9891995191574097,False
NA5_LAG10_018,NA5_LAG10,5,10,2,3,cascade,mild,1,0.9838209324255643,0.9956878093917749,0.9909602403640747,True
NA5_LAG10_018,NA5_LAG10,5,10,2,4,cascade,cascade,1,0.9979396924588786,0.9987356996557699,0.9940094947814941,True
NA5_LAG10_018,NA5_LAG10,5,10,2,5,cascade,root,1,0.9968628124015667,0.9972622491949436,0.993377149105072,True
NA5_LAG10_018,NA5_LAG10,5,10,2,6,cascade,cascade,1,0.9984737158511012,0.9989939526889852,0.9964883923530579,True
NA5_LAG10_018,NA5_LAG10,5,10,3,4,mild,cascade,1,0.9835363236937483,0.9955872887126077,0.9937138557434082,True
NA5_LAG10_018,NA5_LAG10,5,10,3,5,mild,root,1,0.9826674980744072,0.9957469139508379,0.9957444071769714,True
NA5_LAG10_018,NA5_LAG10,5,10,3,6,mild,cascade,1,0.9835999970850972,0.9958939699372807,0.9961376786231995,True
NA5_LAG10_018,NA5_LAG10,5,10,4,5,cascade,root,1,0.9967861658425373,0.997148538855562,0.9972319006919861,True
NA5_LAG10_018,NA5_LAG10,5,10,4,6,cascade,cascade,1,0.9980647721940051,0.9986257918996793,0.9956555366516113,True
NA5_LAG10_018,NA5_LAG10,5,10,5,6,root,cascade,1,0.9968217552505013,0.9971845591749587,0.9962651133537292,True
NA5_LAG10_019,NA5_LAG10,5,10,1,2,mild,mild,1,0.9931251720931195,0.9921390991310441,0.9971821904182434,True
NA5_LAG10_019,NA5_LAG10,5,10,1,3,mild,root,1,0.2800752712270028,0.9694329697351292,0.7781091332435608,False
NA5_LAG10_019,NA5_LAG10,5,10,1,4,mild,mild,1,0.883449383663034,0.881816170574112,0.8816776275634766,False
NA5_LAG10_019,NA5_LAG10,5,10,1,5,mild,mild,1,0.8883238930520302,0.8933348015171643,0.863784670829773,False
NA5_LAG10_019,NA5_LAG10,5,10,1,6,mild,cascade,1,0.9629426430386884,0.945628315257471,0.9969058632850647,True
NA5_LAG10_019,NA5_LAG10,5,10,2,3,mild,root,1,0.307586671526964,0.9781495289061409,0.7852801084518433,False
NA5_LAG10_019,NA5_LAG10,5,10,2,4,mild,mild,1,0.8758125883024527,0.8864231864739703,0.8836642503738403,False
NA5_LAG10_019,NA5_LAG10,5,10,2,5,mild,mild,1,0.879925526845999,0.895681369284944,0.867527425289154,False
NA5_LAG10_019,NA5_LAG10,5,10,2,6,mild,cascade,1,0.9535006780438162,0.9324315048959961,0.9971919059753418,True
NA5_LAG10_019,NA5_LAG10,5,10,3,4,root,mild,1,0.0950154430027713,0.8962172844458764,0.946711540222168,True
NA5_LAG10_019,NA5_LAG10,5,10,3,5,root,mild,1,0.08835081447332786,0.903460423517551,0.9551327228546143,True
NA5_LAG10_019,NA5_LAG10,5,10,3,6,root,cascade,1,0.22527882929539242,0.8533469046817903,0.791409432888031,False
NA5_LAG10_019,NA5_LAG10,5,10,4,5,mild,mild,1,0.9887008669112781,0.974412128927478,0.9916245341300964,True
NA5_LAG10_019,NA5_LAG10,5,10,4,6,mild,cascade,1,0.833162400640776,0.7889474516382375,0.8858423233032227,False
NA5_LAG10_019,NA5_LAG10,5,10,5,6,mild,cascade,1,0.8392733623402256,0.8032590955788498,0.8704560995101929,False
NA5_LAG10_020,NA5_LAG10,5,10,1,2,mild,mild,1,0.8996121593395506,0.8898845647064784,0.9285668134689331,False
NA5_LAG10_020,NA5_LAG10,5,10,1,3,mild,root,1,0.3577438815462183,0.11371457852849497,0.926055371761322,False
NA5_LAG10_020,NA5_LAG10,5,10,1,4,mild,mild,1,0.8984051227778138,0.8877291529239281,0.981417179107666,False
NA5_LAG10_020,NA5_LAG10,5,10,1,5,mild,cascade,1,0.9109003110130574,0.8876368757522354,0.9895973801612854,False
NA5_LAG10_020,NA5_LAG10,5,10,1,6,mild,cascade,1,0.3806079574909691,0.1450154053034594,0.9543977379798889,False
NA5_LAG10_020,NA5_LAG10,5,10,2,3,mild,root,1,0.7041296500813521,0.5257334622415515,0.9008697271347046,True
NA5_LAG10_020,NA5_LAG10,5,10,2,4,mild,mild,1,0.9938540471151084,0.992749042140476,0.9716787338256836,True
NA5_LAG10_020,NA5_LAG10,5,10,2,5,mild,cascade,1,0.977462630034851,0.9742656573355515,0.9300991892814636,False
NA5_LAG10_020,NA5_LAG10,5,10,2,6,mild,cascade,1,0.7264348703741984,0.5619169331404582,0.898230254650116,True
NA5_LAG10_020,NA5_LAG10,5,10,3,4,root,mild,1,0.706554502666071,0.530344597368634,0.9515016078948975,True
NA5_LAG10_020,NA5_LAG10,5,10,3,5,root,cascade,1,0.6683000289719129,0.4995320174956256,0.913409411907196,False
NA5_LAG10_020,NA5_LAG10,5,10,3,6,root,cascade,1,0.9880063463997323,0.9849241130567931,0.9527832865715027,True
NA5_LAG10_020,NA5_LAG10,5,10,4,5,mild,cascade,1,0.9768400418841543,0.9731603430371035,0.9779742956161499,False
NA5_LAG10_020,NA5_LAG10,5,10,4,6,mild,cascade,1,0.7292819316798995,0.5654794751894269,0.9572552442550659,True
NA5_LAG10_020,NA5_LAG10,5,10,5,6,cascade,cascade,1,0.6938971633295896,0.538036028161138,0.9296355247497559,False
NA5_LAG10_021,NA5_LAG10,5,10,1,2,root,mild,1,0.7386538240591946,0.9097827366306613,0.8796408772468567,False
NA5_LAG10_021,NA5_LAG10,5,10,1,3,root,mild,1,0.937686307253382,0.9761722948498716,0.9492465257644653,False
NA5_LAG10_021,NA5_LAG10,5,10,1,4,root,cascade,1,0.26303920186857166,0.09642810587680051,0.8117952346801758,False
NA5_LAG10_021,NA5_LAG10,5,10,1,5,root,cascade,1,0.3214247524709999,0.16536386960107882,0.945940375328064,False
NA5_LAG10_021,NA5_LAG10,5,10,1,6,root,cascade,1,0.26045083254508034,0.10634532118640894,0.7945348620414734,False
NA5_LAG10_021,NA5_LAG10,5,10,2,3,mild,mild,1,0.8853023448909639,0.9002454890501748,0.8705945014953613,False
NA5_LAG10_021,NA5_LAG10,5,10,2,4,mild,cascade,1,0.7223686754689442,0.09341013141945075,0.793868899345398,False
NA5_LAG10_021,NA5_LAG10,5,10,2,5,mild,cascade,1,0.6188919036755621,0.2826668736464272,0.87009596824646,False
NA5_LAG10_021,NA5_LAG10,5,10,2,6,mild,cascade,1,0.7195612989656123,0.09797527607150631,0.7729079723358154,False
NA5_LAG10_021,NA5_LAG10,5,10,3,4,mild,cascade,1,0.48098497717780425,0.10246825721679075,0.8304018378257751,False
NA5_LAG10_021,NA5_LAG10,5,10,3,5,mild,cascade,1,0.5659072155881096,0.33585860343870055,0.9913453459739685,False
NA5_LAG10_021,NA5_LAG10,5,10,3,6,mild,cascade,1,0.478719418380371,0.10883538079966977,0.8181809782981873,False
NA5_LAG10_021,NA5_LAG10,5,10,4,5,cascade,cascade,1,0.5081837769475432,0.02308625261554138,0.8522655963897705,False
NA5_LAG10_021,NA5_LAG10,5,10,4,6,cascade,cascade,1,0.9894044563853395,0.6721403280698479,0.9924559593200684,True
NA5_LAG10_021,NA5_LAG10,5,10,5,6,cascade,cascade,1,0.5061685161782054,0.02862137879402306,0.8407008647918701,False
NA5_LAG10_022,NA5_LAG10,5,10,1,2,mild,mild,1,0.9358244540949847,0.9052777559464347,0.8674775958061218,False
NA5_LAG10_022,NA5_LAG10,5,10,1,3,mild,mild,1,0.8818166518511944,0.8967870823858906,0.8786221146583557,False
NA5_LAG10_022,NA5_LAG10,5,10,1,4,mild,mild,1,0.9888088025182651,0.9745638955377481,0.9947940111160278,True
NA5_LAG10_022,NA5_LAG10,5,10,1,5,mild,root,1,0.08488958006997434,0.9044578299972122,0.9353055357933044,True
NA5_LAG10_022,NA5_LAG10,5,10,1,6,mild,mild,1,0.9397697403222445,0.9146883700515781,0.8813854455947876,False
NA5_LAG10_022,NA5_LAG10,5,10,2,3,mild,mild,1,0.9530251214176741,0.9774754411183737,0.995364248752594,False
NA5_LAG10_022,NA5_LAG10,5,10,2,4,mild,mild,1,0.937108208918879,0.9081523783880601,0.8816421627998352,False
NA5_LAG10_022,NA5_LAG10,5,10,2,5,mild,root,1,0.13999327797314529,0.9891976403299827,0.767736554145813,False
NA5_LAG10_022,NA5_LAG10,5,10,2,6,mild,mild,1,0.9922873391377192,0.9888692817560768,0.9917342662811279,True
NA5_LAG10_022,NA5_LAG10,5,10,3,4,mild,mild,1,0.8793622653551704,0.8975864841770859,0.8966770172119141,False
NA5_LAG10_022,NA5_LAG10,5,10,3,5,mild,root,1,0.3116023278028096,0.9837452428890923,0.7902871370315552,False
NA5_LAG10_022,NA5_LAG10,5,10,3,6,mild,mild,1,0.954627763939815,0.9768421266082654,0.9960928559303284,False
NA5_LAG10_022,NA5_LAG10,5,10,4,5,mild,root,1,0.09559702393334843,0.9040065736100382,0.9488779902458191,True
NA5_LAG10_022,NA5_LAG10,5,10,4,6,mild,mild,1,0.939968709640408,0.9160503493979337,0.9019147157669067,False
NA5_LAG10_022,NA5_LAG10,5,10,5,6,root,mild,1,0.14424984004029562,0.9899428588557884,0.8001819252967834,False
NA5_LAG10_023,NA5_LAG10,5,10,1,2,mild,mild,1,0.9914013126570816,0.9889913693195469,0.9900301694869995,True
NA5_LAG10_023,NA5_LAG10,5,10,1,3,mild,root,1,0.874796966538891,0.8131779745012483,0.986086905002594,True
NA5_LAG10_023,NA5_LAG10,5,10,1,4,mild,mild,1,0.9948448551269118,0.9944554927759854,0.9975330233573914,True
NA5_LAG10_023,NA5_LAG10,5,10,1,5,mild,mild,1,0.9812481339927708,0.9852251763197235,0.9838663935661316,False
NA5_LAG10_023,NA5_LAG10,5,10,1,6,mild,mild,1,0.9559632077096872,0.9845834447723262,0.9970775246620178,False
NA5_LAG10_023,NA5_LAG10,5,10,2,3,mild,root,1,0.9114274575077369,0.8674350097231424,0.995662271976471,True
NA5_LAG10_023,NA5_LAG10,5,10,2,4,mild,mild,1,0.9925183083828444,0.9913194447969217,0.9936886429786682,True
NA5_LAG10_023,NA5_LAG10,5,10,2,5,mild,mild,1,0.9674779203784787,0.9687608563424777,0.9855950474739075,False
NA5_LAG10_023,NA5_LAG10,5,10,2,6,mild,mild,1,0.9509490658766356,0.9683980488735601,0.9935152530670166,False
NA5_LAG10_023,NA5_LAG10,5,10,3,4,root,mild,1,0.8840413575560812,0.8269149932210518,0.9900871515274048,True
NA5_LAG10_023,NA5_LAG10,5,10,3,5,root,mild,1,0.8018765983738317,0.7351462257398497,0.9801613092422485,False
NA5_LAG10_023,NA5_LAG10,5,10,3,6,root,mild,1,0.8302782890237654,0.7481026151669109,0.99048912525177,False
NA5_LAG10_023,NA5_LAG10,5,10,4,5,mild,mild,1,0.980065601494512,0.9846686159365405,0.9885416030883789,False
NA5_LAG10_023,NA5_LAG10,5,10,4,6,mild,mild,1,0.954305297916644,0.981322817607371,0.9974796175956726,False
NA5_LAG10_023,NA5_LAG10,5,10,5,6,mild,mild,1,0.9244429170181531,0.9865675966640485,0.9867892265319824,False
NA5_LAG10_024,NA5_LAG10,5,10,1,2,mild,root,1,0.6666362127399713,0.0037499535904124276,0.960854709148407,False
NA5_LAG10_024,NA5_LAG10,5,10,1,3,mild,cascade,1,0.5637014418338762,0.029219809200593423,0.8449653387069702,False
NA5_LAG10_024,NA5_LAG10,5,10,1,4,mild,mild,1,0.8966490212556794,0.8895270875093056,0.9121052622795105,False
NA5_LAG10_024,NA5_LAG10,5,10,1,5,mild,cascade,1,0.566010061401658,0.032203209377440006,0.9387655258178711,False
NA5_LAG10_024,NA5_LAG10,5,10,1,6,mild,cascade,1,0.5623972880252521,0.0562730662198315,0.8514911532402039,False
NA5_LAG10_024,NA5_LAG10,5,10,2,3,root,cascade,1,0.8182569270679807,0.07953398103392727,0.8469540476799011,True
NA5_LAG10_024,NA5_LAG10,5,10,2,4,root,mild,1,0.4801367166851145,0.07614854378540817,0.8277412056922913,False
NA5_LAG10_024,NA5_LAG10,5,10,2,5,root,cascade,1,0.822381746056379,0.08190529711462802,0.9594744443893433,True
NA5_LAG10_024,NA5_LAG10,5,10,2,6,root,cascade,1,0.8203645022840954,0.017933761617923136,0.8399850726127625,True
NA5_LAG10_024,NA5_LAG10,5,10,3,4,cascade,mild,1,0.37480739518802075,0.033976546904433656,0.8586050271987915,False
NA5_LAG10_024,NA5_LAG10,5,10,3,5,cascade,cascade,1,0.9898056048986497,0.7286762387925638,0.934517502784729,True
NA5_LAG10_024,NA5_LAG10,5,10,3,6,cascade,cascade,1,0.9891737711910908,0.7021938675028249,0.9842606782913208,True
NA5_LAG10_024,NA5_LAG10,5,10,4,5,mild,cascade,1,0.378257164302995,0.025629943220849962,0.8557055592536926,False
NA5_LAG10_024,NA5_LAG10,5,10,4,6,mild,cascade,1,0.3769834923429516,0.02210155335446249,0.8608050346374512,False
NA5_LAG10_024,NA5_LAG10,5,10,5,6,cascade,cascade,1,0.9895617653450096,0.6770546868773312,0.9370765686035156,True
NA5_LAG10_025,NA5_LAG10,5,10,1,2,mild,mild,1,0.9967810091795449,0.9975101403497632,0.9869237542152405,True
NA5_LAG10_025,NA5_LAG10,5,10,1,3,mild,mild,1,0.9966566681448624,0.9969042273344036,0.9820496439933777,True
NA5_LAG10_025,NA5_LAG10,5,10,1,4,mild,cascade,1,0.9830348215543447,0.9954281768085799,0.9915612936019897,True
NA5_LAG10_025,NA5_LAG10,5,10,1,5,mild,root,1,0.9820163167103322,0.9956551581122346,0.9915181398391724,True
NA5_LAG10_025,NA5_LAG10,5,10,1,6,mild,mild,1,0.996309584885391,0.9970139161558177,0.9913737177848816,True
NA5_LAG10_025,NA5_LAG10,5,10,2,3,mild,mild,1,0.996882537227349,0.9970397403947985,0.997054398059845,True
NA5_LAG10_025,NA5_LAG10,5,10,2,4,mild,cascade,1,0.983251541614496,0.9954435234750609,0.9814097285270691,True
NA5_LAG10_025,NA5_LAG10,5,10,2,5,mild,root,1,0.9821744884068844,0.995626645335925,0.9913811087608337,True
NA5_LAG10_025,NA5_LAG10,5,10,2,6,mild,mild,1,0.9964835338789834,0.9968124788772288,0.9932543039321899,True
NA5_LAG10_025,NA5_LAG10,5,10,3,4,mild,cascade,1,0.9832960147360558,0.9953374750783445,0.9758052825927734,True
NA5_LAG10_025,NA5_LAG10,5,10,3,5,mild,root,1,0.9819685328616742,0.9951994586255792,0.9881210923194885,True
NA5_LAG10_025,NA5_LAG10,5,10,3,6,mild,mild,1,0.9966608447308257,0.9972010213478522,0.992202877998352,True
NA5_LAG10_025,NA5_LAG10,5,10,4,5,cascade,root,1,0.996923371338592,0.9972296216940039,0.995572030544281,True
NA5_LAG10_025,NA5_LAG10,5,10,4,6,cascade,mild,1,0.9841792409770953,0.99542330907012,0.9919407367706299,True
NA5_LAG10_025,NA5_LAG10,5,10,5,6,root,mild,1,0.9831027393420447,0.995635511744732,0.9963139295578003,True
NA5_LAG10_026,NA5_LAG10,5,10,1,2,cascade,cascade,1,0.9980220353634732,0.9984635679701115,0.9963038563728333,True
NA5_LAG10_026,NA5_LAG10,5,10,1,3,cascade,root,1,0.9968974909038569,0.9970419082506387,0.9963338375091553,True
NA5_LAG10_026,NA5_LAG10,5,10,1,4,cascade,cascade,1,0.9983847150841659,0.998708057208713,0.9914904236793518,True
NA5_LAG10_026,NA5_LAG10,5,10,1,5,cascade,cascade,1,0.9982414236594878,0.9987130549526848,0.9893269538879395,True
NA5_LAG10_026,NA5_LAG10,5,10,1,6,cascade,cascade,1,0.998235276389863,0.9986954224236507,0.9935057759284973,True
NA5_LAG10_026,NA5_LAG10,5,10,2,3,cascade,root,1,0.9968830120390664,0.9970789764197708,0.9974520206451416,True
NA5_LAG10_026,NA5_LAG10,5,10,2,4,cascade,cascade,1,0.9984400420080646,0.9987388680678602,0.9895924925804138,True
NA5_LAG10_026,NA5_LAG10,5,10,2,5,cascade,cascade,1,0.9982026021256669,0.9987133340290377,0.9955095648765564,True
NA5_LAG10_026,NA5_LAG10,5,10,2,6,cascade,cascade,1,0.9984392604945894,0.9986743365678414,0.9980506300926208,True
NA5_LAG10_026,NA5_LAG10,5,10,3,4,root,cascade,1,0.9969787010991877,0.9972057499618145,0.9945610165596008,True
NA5_LAG10_026,NA5_LAG10,5,10,3,5,root,cascade,1,0.9971287604683111,0.9974543866560094,0.9935510754585266,True
NA5_LAG10_026,NA5_LAG10,5,10,3,6,root,cascade,1,0.9967316465772796,0.9967941187199936,0.9946181178092957,True
NA5_LAG10_026,NA5_LAG10,5,10,4,5,cascade,cascade,1,0.9983040917528702,0.998772884381934,0.9864829778671265,True
NA5_LAG10_026,NA5_LAG10,5,10,4,6,cascade,cascade,1,0.9982251489068465,0.9985274182323122,0.9842460751533508,True
NA5_LAG10_026,NA5_LAG10,5,10,5,6,cascade,cascade,1,0.9981624766530157,0.998707832933113,0.9957864880561829,True
NA5_LAG10_027,NA5_LAG10,5,10,1,2,mild,mild,1,0.9238821797476418,0.9854673693698512,0.9829757213592529,False
NA5_LAG10_027,NA5_LAG10,5,10,1,3,mild,mild,1,0.9224233963496701,0.9857758575013631,0.9894992113113403,False
NA5_LAG10_027,NA5_LAG10,5,10,1,4,mild,root,1,0.8728155785458211,0.9911943250456066,0.9824653267860413,False
NA5_LAG10_027,NA5_LAG10,5,10,1,5,mild,mild,1,0.9246658390290752,0.9856068965735112,0.9940347075462341,False
NA5_LAG10_027,NA5_LAG10,5,10,1,6,mild,mild,1,0.9387995276230306,0.9086548725188336,0.8819597959518433,False
NA5_LAG10_027,NA5_LAG10,5,10,2,3,mild,mild,1,0.9970992141641387,0.9976656197807201,0.9946991205215454,True
NA5_LAG10_027,NA5_LAG10,5,10,2,4,mild,root,1,0.9831308589743678,0.9951616337883186,0.9942637085914612,True
NA5_LAG10_027,NA5_LAG10,5,10,2,5,mild,mild,1,0.9972275717849088,0.9976418637136507,0.9923923015594482,True
NA5_LAG10_027,NA5_LAG10,5,10,2,6,mild,mild,1,0.8068930725158229,0.8710062010396644,0.8574540615081787,False
NA5_LAG10_027,NA5_LAG10,5,10,3,4,mild,root,1,0.9839150129750323,0.9958721086013885,0.9897153377532959,True
NA5_LAG10_027,NA5_LAG10,5,10,3,5,mild,mild,1,0.9966445785112347,0.9971702628469049,0.9966222047805786,True
NA5_LAG10_027,NA5_LAG10,5,10,3,6,mild,mild,1,0.8068436143643987,0.874292268386502,0.8601996302604675,False
NA5_LAG10_027,NA5_LAG10,5,10,4,5,root,mild,1,0.9828161596333083,0.9952846543547544,0.9909279346466064,True
NA5_LAG10_027,NA5_LAG10,5,10,4,6,root,mild,1,0.7348333358295779,0.9027559120467918,0.8668062686920166,False
NA5_LAG10_027,NA5_LAG10,5,10,5,6,mild,mild,1,0.8087338158241439,0.8720300287623007,0.8707892894744873,False
NA5_LAG10_028,NA5_LAG10,5,10,1,2,root,cascade,1,0.32227434730688614,0.09378863012374516,0.818666934967041,False
NA5_LAG10_028,NA5_LAG10,5,10,1,3,root,cascade,1,0.8157512723487745,0.12183118264770897,0.6815093159675598,True
NA5_LAG10_028,NA5_LAG10,5,10,1,4,root,cascade,1,0.8206802734465991,0.10406237603971222,0.7152179479598999,True
NA5_LAG10_028,NA5_LAG10,5,10,1,5,root,mild,1,0.7058969156856728,0.10921370378637427,0.8416216969490051,True
NA5_LAG10_028,NA5_LAG10,5,10,1,6,root,cascade,1,0.5776402512556621,0.12681643720252067,0.896544873714447,False
NA5_LAG10_028,NA5_LAG10,5,10,2,3,cascade,cascade,1,0.27242908395260756,0.016369221943216862,0.8320938944816589,False
NA5_LAG10_028,NA5_LAG10,5,10,2,4,cascade,cascade,1,0.2684706537684808,0.02057977210150773,0.8719263672828674,False
NA5_LAG10_028,NA5_LAG10,5,10,2,5,cascade,mild,1,0.8665055793509082,0.9914096635888786,0.9820035696029663,False
NA5_LAG10_028,NA5_LAG10,5,10,2,6,cascade,cascade,1,0.5659604527234068,0.9791258012198094,0.8025735020637512,False
NA5_LAG10_028,NA5_LAG10,5,10,3,4,cascade,cascade,1,0.9902863783894634,0.7429217541424532,0.986971378326416,True
NA5_LAG10_028,NA5_LAG10,5,10,3,5,cascade,mild,1,0.6882166519912065,0.04583771982843471,0.8535351753234863,True
NA5_LAG10_028,NA5_LAG10,5,10,3,6,cascade,cascade,1,0.47336902461974245,0.0709317925954865,0.7031119465827942,False
NA5_LAG10_028,NA5_LAG10,5,10,4,5,cascade,mild,1,0.687362750868902,0.01651011191238391,0.8907400965690613,True
NA5_LAG10_028,NA5_LAG10,5,10,4,6,cascade,cascade,1,0.48041622010843055,0.03531739088540923,0.7373793125152588,False
NA5_LAG10_028,NA5_LAG10,5,10,5,6,mild,cascade,1,0.11977773110383785,0.9681289418503783,0.7811685800552368,False
NA5_LAG10_029,NA5_LAG10,5,10,1,2,mild,cascade,1,0.14225397194228778,0.8635672513823222,0.8180955052375793,False
NA5_LAG10_029,NA5_LAG10,5,10,1,3,mild,mild,1,0.9938737438226519,0.9924634542778077,0.9796444177627563,True
NA5_LAG10_029,NA5_LAG10,5,10,1,4,mild,mild,1,0.963676458814596,0.9515040670180487,0.9951922297477722,False
NA5_LAG10_029,NA5_LAG10,5,10,1,5,mild,cascade,1,0.5557782324027857,0.04915361427677315,0.8619463443756104,False
NA5_LAG10_029,NA5_LAG10,5,10,1,6,mild,root,1,0.7076641002211822,0.5331918034317296,0.9237744212150574,True
NA5_LAG10_029,NA5_LAG10,5,10,2,3,cascade,mild,1,0.14205311896630737,0.8619385048621652,0.8999220132827759,False
NA5_LAG10_029,NA5_LAG10,5,10,2,4,cascade,mild,1,0.29035819732868395,0.9500922629084442,0.7861032485961914,False
NA5_LAG10_029,NA5_LAG10,5,10,2,5,cascade,cascade,1,0.48311697806623216,0.03958729376852198,0.747428297996521,False
NA5_LAG10_029,NA5_LAG10,5,10,2,6,cascade,root,1,0.2712170666529471,0.09147957077234346,0.7311296463012695,False
NA5_LAG10_029,NA5_LAG10,5,10,3,4,mild,mild,1,0.9622430417424686,0.9496247654917873,0.9658814072608948,False
NA5_LAG10_029,NA5_LAG10,5,10,3,5,mild,cascade,1,0.5576111021371566,0.02940764474397306,0.8634172081947327,False
NA5_LAG10_029,NA5_LAG10,5,10,3,6,mild,root,1,0.7073468790140298,0.5334056028189362,0.905110239982605,True
NA5_LAG10_029,NA5_LAG10,5,10,4,5,mild,cascade,1,0.4843287332199954,0.035213164448957675,0.868573009967804,False
NA5_LAG10_029,NA5_LAG10,5,10,4,6,mild,root,1,0.5233409513478516,0.2816212068113912,0.9343559741973877,False
NA5_LAG10_029,NA5_LAG10,5,10,5,6,cascade,root,1,0.4791944473805243,0.07494237578604304,0.8859248161315918,False
NA5_LAG50_000,NA5_LAG50,5,50,1,2,cascade,cascade,1,0.7309073733408521,0.5535574690606674,0.8134617805480957,False
NA5_LAG50_000,NA5_LAG50,5,50,1,3,cascade,mild,1,0.9410841608632665,0.9135957777172007,0.9379867315292358,False
NA5_LAG50_000,NA5_LAG50,5,50,1,4,cascade,root,1,0.8946693173147209,0.9185593868976112,0.9694733023643494,False
NA5_LAG50_000,NA5_LAG50,5,50,1,5,cascade,mild,1,0.9247488998780576,0.903901394550026,0.9769741296768188,False
NA5_LAG50_000,NA5_LAG50,5,50,1,6,cascade,cascade,1,0.8801647900730567,0.8878203870296947,0.9540081024169922,False
NA5_LAG50_000,NA5_LAG50,5,50,2,3,cascade,mild,1,0.8232024476379869,0.67271442715707,0.9355447292327881,True
NA5_LAG50_000,NA5_LAG50,5,50,2,4,cascade,root,1,0.5588727869847224,0.5628016573097506,0.8081050515174866,False
NA5_LAG50_000,NA5_LAG50,5,50,2,5,cascade,mild,1,0.6308238923100137,0.47488377644706903,0.7902631163597107,False
NA5_LAG50_000,NA5_LAG50,5,50,2,6,cascade,cascade,1,0.48466548922520936,0.37830135859977887,0.7922753691673279,False
NA5_LAG50_000,NA5_LAG50,5,50,3,4,mild,root,1,0.9106400846074675,0.9815010342938442,0.9313366413116455,False
NA5_LAG50_000,NA5_LAG50,5,50,3,5,mild,mild,1,0.9471851594952504,0.9551481560804067,0.9294043779373169,False
NA5_LAG50_000,NA5_LAG50,5,50,3,6,mild,cascade,1,0.8855915903601522,0.9289448799018205,0.9218823313713074,False
NA5_LAG50_000,NA5_LAG50,5,50,4,5,root,mild,1,0.9753878951854091,0.9915350288017124,0.9798872470855713,True
NA5_LAG50_000,NA5_LAG50,5,50,4,6,root,cascade,1,0.9759405370503929,0.9763230646505965,0.9913514256477356,True
NA5_LAG50_000,NA5_LAG50,5,50,5,6,mild,cascade,1,0.9801277951639082,0.9903474634617329,0.9836732745170593,True
NA5_LAG50_001,NA5_LAG50,5,50,1,2,cascade,root,1,0.6053168987530095,0.10408417729125942,0.9158141613006592,False
NA5_LAG50_001,NA5_LAG50,5,50,1,3,cascade,cascade,1,0.6852965851045418,0.37224156057356156,0.9698983430862427,False
NA5_LAG50_001,NA5_LAG50,5,50,1,4,cascade,mild,1,0.17287280466360827,0.40991323536514007,0.9314224720001221,False
NA5_LAG50_001,NA5_LAG50,5,50,1,5,cascade,cascade,1,0.6899974685295737,0.38260261358935166,0.9768555164337158,False
NA5_LAG50_001,NA5_LAG50,5,50,1,6,cascade,mild,1,0.17694385485856412,0.41077521106824566,0.9420300722122192,False
NA5_LAG50_001,NA5_LAG50,5,50,2,3,root,cascade,1,0.8175037172777334,0.11666296649941534,0.9067461490631104,True
NA5_LAG50_001,NA5_LAG50,5,50,2,4,root,mild,1,0.6474939545700475,0.17002969802639883,0.9613274335861206,True
NA5_LAG50_001,NA5_LAG50,5,50,2,5,root,cascade,1,0.8193103866550436,0.0886535243126891,0.9091243147850037,True
NA5_LAG50_001,NA5_LAG50,5,50,2,6,root,mild,1,0.6506736305017653,0.17683952670087802,0.9619020819664001,True
NA5_LAG50_001,NA5_LAG50,5,50,3,4,cascade,mild,1,0.8234492718548504,0.6726585610572545,0.9438462257385254,True
NA5_LAG50_001,NA5_LAG50,5,50,3,5,cascade,cascade,1,0.989128727512822,0.9754715304188366,0.9947247505187988,True
NA5_LAG50_001,NA5_LAG50,5,50,3,6,cascade,mild,1,0.8263200397901064,0.6731030178522945,0.9563287496566772,True
NA5_LAG50_001,NA5_LAG50,5,50,4,5,mild,cascade,1,0.8199277714282124,0.6657165680400275,0.9419423937797546,True
NA5_LAG50_001,NA5_LAG50,5,50,4,6,mild,mild,1,0.99372934489641,0.9927223172226084,0.9964696764945984,True
NA5_LAG50_001,NA5_LAG50,5,50,5,6,cascade,mild,1,0.822552256174643,0.6649551580210734,0.9539717435836792,True
NA5_LAG50_002,NA5_LAG50,5,50,1,2,mild,mild,1,0.8415390797418684,0.8267056801572497,0.8840358257293701,False
NA5_LAG50_002,NA5_LAG50,5,50,1,3,mild,cascade,1,0.7477819654465232,0.7817170508887025,0.8822752833366394,False
NA5_LAG50_002,NA5_LAG50,5,50,1,4,mild,root,1,0.7949932066284893,0.8808796065926027,0.8870438933372498,False
NA5_LAG50_002,NA5_LAG50,5,50,1,5,mild,cascade,1,0.7481744306069138,0.7799186546293266,0.8790991902351379,False
NA5_LAG50_002,NA5_LAG50,5,50,1,6,mild,mild,1,0.9139570797471442,0.8845230109031617,0.8777830600738525,False
NA5_LAG50_002,NA5_LAG50,5,50,2,3,mild,cascade,1,0.9808521348639618,0.9907969075456113,0.9922887682914734,True
NA5_LAG50_002,NA5_LAG50,5,50,2,4,mild,root,1,0.9765486821340793,0.9920423908672267,0.983797550201416,True
NA5_LAG50_002,NA5_LAG50,5,50,2,5,mild,cascade,1,0.9810637283433219,0.9906749724733399,0.9860446453094482,True
NA5_LAG50_002,NA5_LAG50,5,50,2,6,mild,mild,1,0.9743333408064749,0.9759771573141806,0.9867704510688782,False
NA5_LAG50_002,NA5_LAG50,5,50,3,4,cascade,root,1,0.9777812399805011,0.9780590918432794,0.986788809299469,True
NA5_LAG50_002,NA5_LAG50,5,50,3,5,cascade,cascade,1,0.9980571298356595,0.9985908880695897,0.9961951375007629,True
NA5_LAG50_002,NA5_LAG50,5,50,3,6,cascade,mild,1,0.9323834770392982,0.9602515203658109,0.9815376996994019,False
NA5_LAG50_002,NA5_LAG50,5,50,4,5,root,cascade,1,0.9770100062707917,0.9775176362873758,0.9773232936859131,True
NA5_LAG50_002,NA5_LAG50,5,50,4,6,root,mild,1,0.9431958487604096,0.9850928482479648,0.9553371071815491,False
NA5_LAG50_002,NA5_LAG50,5,50,5,6,cascade,mild,1,0.9324431234048988,0.9598409637064431,0.9811245799064636,False
NA5_LAG50_003,NA5_LAG50,5,50,1,2,mild,cascade,1,0.7355499732957641,0.5549555321716421,0.8191696405410767,False
NA5_LAG50_003,NA5_LAG50,5,50,1,3,mild,cascade,1,0.736929918676728,0.5613347272805441,0.9695585370063782,False
NA5_LAG50_003,NA5_LAG50,5,50,1,4,mild,root,1,0.5777135936501362,0.26038711750032106,0.8436916470527649,False
NA5_LAG50_003,NA5_LAG50,5,50,1,5,mild,mild,1,0.9639310711525807,0.9469822473384503,0.9830144643783569,False
NA5_LAG50_003,NA5_LAG50,5,50,1,6,mild,mild,1,0.9362157489379371,0.9048669314520991,0.926085889339447,False
NA5_LAG50_003,NA5_LAG50,5,50,2,3,cascade,cascade,1,0.994540197982713,0.9945237463382579,0.9106611013412476,True
NA5_LAG50_003,NA5_LAG50,5,50,2,4,cascade,root,1,0.8750844412262152,0.8137177334310236,0.9834491610527039,True
NA5_LAG50_003,NA5_LAG50,5,50,2,5,cascade,mild,1,0.6661903303309585,0.45748587151262254,0.8977167010307312,False
NA5_LAG50_003,NA5_LAG50,5,50,2,6,cascade,mild,1,0.8045393501118375,0.6934753553446319,0.957317054271698,True
NA5_LAG50_003,NA5_LAG50,5,50,3,4,cascade,root,1,0.8744322874845536,0.8135182610705802,0.9239517450332642,True
NA5_LAG50_003,NA5_LAG50,5,50,3,5,cascade,mild,1,0.667188429116817,0.46157944312073457,0.9900214672088623,False
NA5_LAG50_003,NA5_LAG50,5,50,3,6,cascade,mild,1,0.8057596110635602,0.6963958126911974,0.9827420711517334,True
NA5_LAG50_003,NA5_LAG50,5,50,4,5,root,mild,1,0.4983832772941259,0.18062206677471143,0.911514401435852,False
NA5_LAG50_003,NA5_LAG50,5,50,4,6,root,mild,1,0.6333243543837241,0.4190153612299498,0.9634688496589661,True
NA5_LAG50_003,NA5_LAG50,5,50,5,6,mild,mild,1,0.9625134532726882,0.9391438286112407,0.9720393419265747,False
NA5_LAG50_004,NA5_LAG50,5,50,1,2,mild,cascade,1,0.9799263764482644,0.9760900038371598,0.9604373574256897,False
NA5_LAG50_004,NA5_LAG50,5,50,1,3,mild,cascade,1,0.981800060309362,0.9773645884981194,0.9665592908859253,False
NA5_LAG50_004,NA5_LAG50,5,50,1,4,mild,cascade,1,0.9803665104387409,0.9758340006328574,0.9603891968727112,False
NA5_LAG50_004,NA5_LAG50,5,50,1,5,mild,root,1,0.9444765882054852,0.9190117352268087,0.963711142539978,False
NA5_LAG50_004,NA5_LAG50,5,50,1,6,mild,mild,1,0.9673285290528159,0.9548814435799144,0.9609787464141846,False
NA5_LAG50_004,NA5_LAG50,5,50,2,3,cascade,cascade,1,0.9945327054438093,0.9950600480145305,0.9983175992965698,True
NA5_LAG50_004,NA5_LAG50,5,50,2,4,cascade,cascade,1,0.9906867971318557,0.9881832764502252,0.9979193210601807,True
NA5_LAG50_004,NA5_LAG50,5,50,2,5,cascade,root,1,0.959896473589013,0.9422686290070659,0.9936705231666565,True
NA5_LAG50_004,NA5_LAG50,5,50,2,6,cascade,mild,1,0.9653172075526445,0.9496855344930887,0.9938062429428101,True
NA5_LAG50_004,NA5_LAG50,5,50,3,4,cascade,cascade,1,0.9914387862969385,0.989504491403262,0.9981687664985657,True
NA5_LAG50_004,NA5_LAG50,5,50,3,5,cascade,root,1,0.959301176723656,0.9410696461288584,0.992828905582428,True
NA5_LAG50_004,NA5_LAG50,5,50,3,6,cascade,mild,1,0.9675366627425556,0.9522004893964461,0.9958798885345459,True
NA5_LAG50_004,NA5_LAG50,5,50,4,5,cascade,root,1,0.9343897408103642,0.9032989480382141,0.9910845160484314,True
NA5_LAG50_004,NA5_LAG50,5,50,4,6,cascade,mild,1,0.9841691576257099,0.9782774539497711,0.995945930480957,True
NA5_LAG50_004,NA5_LAG50,5,50,5,6,root,mild,1,0.8799159660464141,0.8204707485845188,0.9837544560432434,True
NA5_LAG50_005,NA5_LAG50,5,50,1,2,root,mild,1,0.21333802721399545,0.9180670490200127,0.8437300324440002,False
NA5_LAG50_005,NA5_LAG50,5,50,1,3,root,cascade,1,0.6934297766042062,0.5559699519317258,0.9968138933181763,True
NA5_LAG50_005,NA5_LAG50,5,50,1,4,root,cascade,1,0.6901564063748994,0.5527572167380027,0.9960110187530518,True
NA5_LAG50_005,NA5_LAG50,5,50,1,5,root,cascade,1,0.6917776893549095,0.5553400377588543,0.9961655139923096,True
NA5_LAG50_005,NA5_LAG50,5,50,1,6,root,cascade,1,0.23383555683555293,0.5529608578234223,0.9710087776184082,False
NA5_LAG50_005,NA5_LAG50,5,50,2,3,mild,cascade,1,0.16192402742198053,0.3957632626517879,0.8513075709342957,False
NA5_LAG50_005,NA5_LAG50,5,50,2,4,mild,cascade,1,0.15247481504182867,0.3961681606187919,0.8588163256645203,False
NA5_LAG50_005,NA5_LAG50,5,50,2,5,mild,cascade,1,0.15715413967914507,0.39836397049610817,0.8536834120750427,False
NA5_LAG50_005,NA5_LAG50,5,50,2,6,mild,cascade,1,0.7925447851070986,0.6283194864591105,0.8832385540008545,False
NA5_LAG50_005,NA5_LAG50,5,50,3,4,cascade,cascade,1,0.9952075954145361,0.9945751680339745,0.9985734224319458,True
NA5_LAG50_005,NA5_LAG50,5,50,3,5,cascade,cascade,1,0.9947881318932269,0.99348567452475,0.9982777833938599,True
NA5_LAG50_005,NA5_LAG50,5,50,3,6,cascade,cascade,1,0.6860844908180229,0.3665182248519067,0.9694010019302368,False
NA5_LAG50_005,NA5_LAG50,5,50,4,5,cascade,cascade,1,0.9946579368943637,0.9941623969394866,0.9980117678642273,True
NA5_LAG50_005,NA5_LAG50,5,50,4,6,cascade,cascade,1,0.6801980732019648,0.37101480142104215,0.969443142414093,False
NA5_LAG50_005,NA5_LAG50,5,50,5,6,cascade,cascade,1,0.6841380166152558,0.3681752588742719,0.9715332388877869,False
NA5_LAG50_006,NA5_LAG50,5,50,1,2,cascade,cascade,1,0.48218263495931524,0.37401841482081316,0.7798603177070618,False
NA5_LAG50_006,NA5_LAG50,5,50,1,3,cascade,mild,1,0.932952469829434,0.9597762254255997,0.9802195429801941,False
NA5_LAG50_006,NA5_LAG50,5,50,1,4,cascade,cascade,1,0.9981284085159391,0.9984129765297679,0.9937173128128052,True
NA5_LAG50_006,NA5_LAG50,5,50,1,5,cascade,root,1,0.9753512452758043,0.9759741868612876,0.9905300736427307,True
NA5_LAG50_006,NA5_LAG50,5,50,1,6,cascade,cascade,1,0.9979255368036344,0.9983750052583228,0.9882961511611938,True
NA5_LAG50_006,NA5_LAG50,5,50,2,3,cascade,mild,1,0.7341029321364011,0.5556539021636983,0.8123607039451599,False
NA5_LAG50_006,NA5_LAG50,5,50,2,4,cascade,cascade,1,0.4797082576725765,0.37306121435428174,0.7945448160171509,False
NA5_LAG50_006,NA5_LAG50,5,50,2,5,cascade,root,1,0.554317802776698,0.558173379061799,0.8066010475158691,False
NA5_LAG50_006,NA5_LAG50,5,50,2,6,cascade,cascade,1,0.48456824624785033,0.38232610070072376,0.8052931427955627,False
NA5_LAG50_006,NA5_LAG50,5,50,3,4,mild,cascade,1,0.9321324246950247,0.9595862674025334,0.9791889786720276,False
NA5_LAG50_006,NA5_LAG50,5,50,3,5,mild,root,1,0.9415067171717724,0.9834966247463788,0.9810498356819153,False
NA5_LAG50_006,NA5_LAG50,5,50,3,6,mild,cascade,1,0.9340779380781692,0.9617464168294461,0.9939145445823669,False
NA5_LAG50_006,NA5_LAG50,5,50,4,5,cascade,root,1,0.9759366984173097,0.9762619995864036,0.9954521656036377,True
NA5_LAG50_006,NA5_LAG50,5,50,4,6,cascade,cascade,1,0.9979612834759952,0.9983585457890342,0.9897895455360413,True
NA5_LAG50_006,NA5_LAG50,5,50,5,6,root,cascade,1,0.9771155295433315,0.9779145335161371,0.988861083984375,True
NA5_LAG50_007,NA5_LAG50,5,50,1,2,mild,cascade,1,0.7388484148261273,0.5620827000860276,0.7875104546546936,False
NA5_LAG50_007,NA5_LAG50,5,50,1,3,mild,mild,1,0.8366837089590015,0.8254560460515401,0.8825259208679199,False
NA5_LAG50_007,NA5_LAG50,5,50,1,4,mild,cascade,1,0.7426413801148332,0.780310360495634,0.8744563460350037,False
NA5_LAG50_007,NA5_LAG50,5,50,1,5,mild,root,1,0.5652225008494599,0.24483141192516816,0.8328834176063538,False
NA5_LAG50_007,NA5_LAG50,5,50,1,6,mild,cascade,1,0.7313902677815108,0.5520022954128736,0.8650630712509155,False
NA5_LAG50_007,NA5_LAG50,5,50,2,3,cascade,mild,1,0.5183612360205669,0.3336418341475835,0.9172120690345764,False
NA5_LAG50_007,NA5_LAG50,5,50,2,4,cascade,cascade,1,0.4410411158737308,0.3119228337669086,0.847385048866272,False
NA5_LAG50_007,NA5_LAG50,5,50,2,5,cascade,root,1,0.8699916522686009,0.8064355289643268,0.9667444825172424,True
NA5_LAG50_007,NA5_LAG50,5,50,2,6,cascade,cascade,1,0.9951719630833776,0.9946767648267716,0.9566898941993713,True
NA5_LAG50_007,NA5_LAG50,5,50,3,4,mild,cascade,1,0.980917590080747,0.9911315542336077,0.9727659821510315,True
NA5_LAG50_007,NA5_LAG50,5,50,3,5,mild,root,1,0.34489483674065485,0.09014488288563206,0.9538465738296509,False
NA5_LAG50_007,NA5_LAG50,5,50,3,6,mild,cascade,1,0.5118319353611201,0.3257327840063652,0.966383159160614,False
NA5_LAG50_007,NA5_LAG50,5,50,4,5,cascade,root,1,0.264745974775558,0.07643133802065773,0.8795138597488403,False
NA5_LAG50_007,NA5_LAG50,5,50,4,6,cascade,cascade,1,0.4345000633860774,0.3038791781238349,0.924890398979187,False
NA5_LAG50_007,NA5_LAG50,5,50,5,6,root,cascade,1,0.8758316170146171,0.81535046092517,0.9764882326126099,True
NA5_LAG50_008,NA5_LAG50,5,50,1,2,cascade,mild,1,0.39190006322236653,0.15474424646499563,0.9372521638870239,True
NA5_LAG50_008,NA5_LAG50,5,50,1,3,cascade,mild,1,0.17271669271771503,0.4220773349025112,0.8986662030220032,False
NA5_LAG50_008,NA5_LAG50,5,50,1,4,cascade,cascade,1,0.6891999468136194,0.3717450209071368,0.9480589628219604,False
NA5_LAG50_008,NA5_LAG50,5,50,1,5,cascade,root,1,0.6953348058253633,0.5553390535505603,0.996711254119873,True
NA5_LAG50_008,NA5_LAG50,5,50,1,6,cascade,cascade,1,0.6835902926506694,0.35942942790958565,0.9502681493759155,False
NA5_LAG50_008,NA5_LAG50,5,50,2,3,mild,mild,1,0.9634836290987839,0.9460452216376636,0.9795798063278198,False
NA5_LAG50_008,NA5_LAG50,5,50,2,4,mild,cascade,1,0.9186546529605842,0.8222393854394071,0.9730493426322937,False
NA5_LAG50_008,NA5_LAG50,5,50,2,5,mild,root,1,0.03566106910084229,0.8831648506207039,0.9394044280052185,True
NA5_LAG50_008,NA5_LAG50,5,50,2,6,mild,cascade,1,0.9215641713009867,0.8290327374236134,0.9703612923622131,False
NA5_LAG50_008,NA5_LAG50,5,50,3,4,mild,cascade,1,0.8210910638448651,0.6656583182584654,0.9316341876983643,True
NA5_LAG50_008,NA5_LAG50,5,50,3,5,mild,root,1,0.20558484056794785,0.9789071796262419,0.9023153185844421,False
NA5_LAG50_008,NA5_LAG50,5,50,3,6,mild,cascade,1,0.8245996733023692,0.673118562375469,0.9311825633049011,True
NA5_LAG50_008,NA5_LAG50,5,50,4,5,cascade,root,1,0.24333522846262504,0.5498853061449517,0.9502435922622681,False
NA5_LAG50_008,NA5_LAG50,5,50,4,6,cascade,cascade,1,0.9891186128830185,0.9764688703646779,0.9961827993392944,True
NA5_LAG50_008,NA5_LAG50,5,50,5,6,root,cascade,1,0.23846763729520168,0.560400746880198,0.9532250761985779,False
NA5_LAG50_009,NA5_LAG50,5,50,1,2,mild,cascade,1,0.5143497066478694,0.32743001743165334,0.9548076391220093,False
NA5_LAG50_009,NA5_LAG50,5,50,1,3,mild,cascade,1,0.6251983209445967,0.47343017369759516,0.8276605010032654,False
NA5_LAG50_009,NA5_LAG50,5,50,1,4,mild,cascade,1,0.6287144210077396,0.4811902722589939,0.8342210650444031,False
NA5_LAG50_009,NA5_LAG50,5,50,1,5,mild,root,1,0.4866392343811075,0.03759975028897049,0.8528131246566772,False
NA5_LAG50_009,NA5_LAG50,5,50,1,6,mild,cascade,1,0.5124213341575428,0.3207638657532578,0.9356046319007874,False
NA5_LAG50_009,NA5_LAG50,5,50,2,3,cascade,cascade,1,0.7060830373528253,0.49875384102399734,0.8010676503181458,False
NA5_LAG50_009,NA5_LAG50,5,50,2,4,cascade,cascade,1,0.6978358203806171,0.4793170322189601,0.7968620657920837,False
NA5_LAG50_009,NA5_LAG50,5,50,2,5,cascade,root,1,0.5721646518389845,0.006510356203628008,0.8579611778259277,False
NA5_LAG50_009,NA5_LAG50,5,50,2,6,cascade,cascade,1,0.9951205155050189,0.994457102812615,0.989687979221344,True
NA5_LAG50_009,NA5_LAG50,5,50,3,4,cascade,cascade,1,0.9891187023988827,0.9746078004045052,0.9952224493026733,True
NA5_LAG50_009,NA5_LAG50,5,50,3,5,cascade,root,1,0.8235300324345879,0.08622992613396509,0.9032179713249207,True
NA5_LAG50_009,NA5_LAG50,5,50,3,6,cascade,cascade,1,0.7086437127191106,0.49761322343028475,0.7658373713493347,False
NA5_LAG50_009,NA5_LAG50,5,50,4,5,cascade,root,1,0.8171946098800649,0.09913802270172868,0.9058697819709778,True
NA5_LAG50_009,NA5_LAG50,5,50,4,6,cascade,cascade,1,0.700396235281048,0.47801485737384225,0.7623695731163025,False
NA5_LAG50_009,NA5_LAG50,5,50,5,6,root,cascade,1,0.578826643939293,0.012455356508784626,0.8658583760261536,False
NA5_LAG50_010,NA5_LAG50,5,50,1,2,root,cascade,1,0.5999335036110036,0.265076257322972,0.7761995792388916,False
NA5_LAG50_010,NA5_LAG50,5,50,1,3,root,cascade,1,0.8775494825718424,0.8175809077975399,0.9807425141334534,True
NA5_LAG50_010,NA5_LAG50,5,50,1,4,root,mild,1,0.6343492489403443,0.4201199388899951,0.9593259692192078,True
NA5_LAG50_010,NA5_LAG50,5,50,1,5,root,mild,1,0.6376881506367518,0.42886318948980906,0.9620048999786377,True
NA5_LAG50_010,NA5_LAG50,5,50,1,6,root,cascade,1,0.2740946974886014,0.08601463429429261,0.9520029425621033,False
NA5_LAG50_010,NA5_LAG50,5,50,2,3,cascade,cascade,1,0.707499686306149,0.4952597454283391,0.792284369468689,False
NA5_LAG50_010,NA5_LAG50,5,50,2,4,cascade,mild,1,0.7940530550326663,0.6260530387915763,0.854607343673706,False
NA5_LAG50_010,NA5_LAG50,5,50,2,5,cascade,mild,1,0.7913152573989508,0.6274970257344568,0.8598111867904663,False
NA5_LAG50_010,NA5_LAG50,5,50,2,6,cascade,cascade,1,0.4739038214491391,0.36672646559745703,0.8311995267868042,False
NA5_LAG50_010,NA5_LAG50,5,50,3,4,cascade,mild,1,0.8046019471702496,0.691620355902748,0.9590258598327637,True
NA5_LAG50_010,NA5_LAG50,5,50,3,5,cascade,mild,1,0.8062721297553028,0.6964930292040658,0.9654337167739868,True
NA5_LAG50_010,NA5_LAG50,5,50,3,6,cascade,cascade,1,0.4387391478578998,0.30689544864744867,0.930755615234375,False
NA5_LAG50_010,NA5_LAG50,5,50,4,5,mild,mild,1,0.9945631284224797,0.9938249862730094,0.9984191060066223,True
NA5_LAG50_010,NA5_LAG50,5,50,4,6,mild,cascade,1,0.8548751126895964,0.8780510993669562,0.983975350856781,False
NA5_LAG50_010,NA5_LAG50,5,50,5,6,mild,cascade,1,0.8536957113477731,0.8733264964103484,0.9796835780143738,False
NA5_LAG50_011,NA5_LAG50,5,50,1,2,mild,mild,1,0.9628257557462557,0.9396605943198861,0.9946678876876831,False
NA5_LAG50_011,NA5_LAG50,5,50,1,3,mild,cascade,1,0.16009715080973022,0.40196744917135874,0.9272069931030273,False
NA5_LAG50_011,NA5_LAG50,5,50,1,4,mild,root,1,0.6417279462312278,0.08985984810090507,0.9395802021026611,False
NA5_LAG50_011,NA5_LAG50,5,50,1,5,mild,cascade,1,0.7829269293819568,0.6098961890032133,0.9595755934715271,False
NA5_LAG50_011,NA5_LAG50,5,50,1,6,mild,cascade,1,0.8621492962050357,0.8798058148913308,0.9353839159011841,False
NA5_LAG50_011,NA5_LAG50,5,50,2,3,mild,cascade,1,0.16979164736392663,0.4209512251380125,0.934115469455719,False
NA5_LAG50_011,NA5_LAG50,5,50,2,4,mild,root,1,0.665919405860547,0.0945276354391447,0.9436743855476379,True
NA5_LAG50_011,NA5_LAG50,5,50,2,5,mild,cascade,1,0.8143488054613013,0.6531065842601692,0.9671604037284851,True
NA5_LAG50_011,NA5_LAG50,5,50,2,6,mild,cascade,1,0.8874410523708547,0.9281463833714451,0.9166598916053772,False
NA5_LAG50_011,NA5_LAG50,5,50,3,4,cascade,root,1,0.6062958597789497,0.01609475942254268,0.9020540714263916,False
NA5_LAG50_011,NA5_LAG50,5,50,3,5,cascade,cascade,1,0.6979539946967589,0.3890785549027872,0.9499165415763855,False
NA5_LAG50_011,NA5_LAG50,5,50,3,6,cascade,cascade,1,0.2879317076119029,0.7137681441786747,0.7781601548194885,False
NA5_LAG50_011,NA5_LAG50,5,50,4,5,root,cascade,1,0.8325025618493918,0.13825531246516104,0.9668467044830322,True
NA5_LAG50_011,NA5_LAG50,5,50,4,6,root,cascade,1,0.3763745216734534,0.06180488510826973,0.8467315435409546,False
NA5_LAG50_011,NA5_LAG50,5,50,5,6,cascade,cascade,1,0.4747360452158955,0.3543463849282097,0.8381314873695374,False
NA5_LAG50_012,NA5_LAG50,5,50,1,2,root,mild,1,0.20931826423083952,0.9233237509227264,0.8263726830482483,False
NA5_LAG50_012,NA5_LAG50,5,50,1,3,root,mild,1,0.31515715959020385,0.9880364946826206,0.7834470272064209,False
NA5_LAG50_012,NA5_LAG50,5,50,1,4,root,cascade,1,0.6924922259303711,0.5496416608287968,0.9961536526679993,True
NA5_LAG50_012,NA5_LAG50,5,50,1,5,root,cascade,1,0.6898430227334232,0.547294085767978,0.9955838322639465,True
NA5_LAG50_012,NA5_LAG50,5,50,1,6,root,mild,1,0.03319092331944322,0.8770357195183349,0.9366654753684998,True
NA5_LAG50_012,NA5_LAG50,5,50,2,3,mild,mild,1,0.9664002776465896,0.9528712086671933,0.98711758852005,False
NA5_LAG50_012,NA5_LAG50,5,50,2,4,mild,cascade,1,0.1611132935369408,0.40043176498031446,0.8389559984207153,False
NA5_LAG50_012,NA5_LAG50,5,50,2,5,mild,cascade,1,0.16001697199007556,0.3968328985232955,0.8264184594154358,False
NA5_LAG50_012,NA5_LAG50,5,50,2,6,mild,mild,1,0.9330388563557201,0.8991726070389245,0.9095839262008667,False
NA5_LAG50_012,NA5_LAG50,5,50,3,4,mild,cascade,1,0.01851528313484978,0.5498562552726136,0.797950804233551,False
NA5_LAG50_012,NA5_LAG50,5,50,3,5,mild,cascade,1,0.016009052607223236,0.5479012254919591,0.7840337753295898,False
NA5_LAG50_012,NA5_LAG50,5,50,3,6,mild,mild,1,0.9023637843302899,0.8722550827480238,0.8859677314758301,False
NA5_LAG50_012,NA5_LAG50,5,50,4,5,cascade,cascade,1,0.9941836634505343,0.9932187776486442,0.9967872500419617,True
NA5_LAG50_012,NA5_LAG50,5,50,4,6,cascade,mild,1,0.39942682421973197,0.14451574321770366,0.9366391897201538,True
NA5_LAG50_012,NA5_LAG50,5,50,5,6,cascade,mild,1,0.39806196296657315,0.14137571998660992,0.9346241354942322,True
NA5_LAG50_013,NA5_LAG50,5,50,1,2,cascade,root,1,0.8195063238388705,0.7300104492424521,0.9666756987571716,False
NA5_LAG50_013,NA5_LAG50,5,50,1,3,cascade,mild,1,0.5161473056681257,0.3253546874864084,0.9876288175582886,False
NA5_LAG50_013,NA5_LAG50,5,50,1,4,cascade,mild,1,0.5186676047378518,0.3290676835429733,0.9885483980178833,False
NA5_LAG50_013,NA5_LAG50,5,50,1,5,cascade,cascade,1,0.8155434692684249,0.7235239501786265,0.9848065376281738,False
NA5_LAG50_013,NA5_LAG50,5,50,1,6,cascade,cascade,1,0.7352784693721551,0.601761362686715,0.9814063310623169,False
NA5_LAG50_013,NA5_LAG50,5,50,2,3,root,mild,1,0.8967012994509614,0.8631673384603762,0.9647874236106873,False
NA5_LAG50_013,NA5_LAG50,5,50,2,4,root,mild,1,0.8971046794685721,0.8638606309185553,0.9739640355110168,False
NA5_LAG50_013,NA5_LAG50,5,50,2,5,root,cascade,1,0.9901554684704783,0.9882475144652905,0.9932038187980652,True
NA5_LAG50_013,NA5_LAG50,5,50,2,6,root,cascade,1,0.9814918581195125,0.9740577644822097,0.9835882186889648,True
NA5_LAG50_013,NA5_LAG50,5,50,3,4,mild,mild,1,0.9963461371785677,0.996865841398121,0.9976590871810913,True
NA5_LAG50_013,NA5_LAG50,5,50,3,5,mild,cascade,1,0.8924767791659524,0.8577846987451845,0.9830626845359802,False
NA5_LAG50_013,NA5_LAG50,5,50,3,6,mild,cascade,1,0.9490703196739407,0.9374502372287882,0.973824143409729,False
NA5_LAG50_013,NA5_LAG50,5,50,4,5,mild,cascade,1,0.8925799801039577,0.8582617762954735,0.9886881709098816,False
NA5_LAG50_013,NA5_LAG50,5,50,4,6,mild,cascade,1,0.9491140200384571,0.9379309284456573,0.9800956845283508,False
NA5_LAG50_013,NA5_LAG50,5,50,5,6,cascade,cascade,1,0.9827669331106219,0.9767131822996327,0.994378387928009,True
NA5_LAG50_014,NA5_LAG50,5,50,1,2,mild,root,1,0.025853176926734653,0.8726088169902942,0.9442678689956665,True
NA5_LAG50_014,NA5_LAG50,5,50,1,3,mild,cascade,1,0.7284078054895325,0.5451123962838303,0.8553679585456848,False
NA5_LAG50_014,NA5_LAG50,5,50,1,4,mild,mild,1,0.9920817831594337,0.9873481249709067,0.995607852935791,True
NA5_LAG50_014,NA5_LAG50,5,50,1,5,mild,mild,1,0.9911918988203905,0.9856285440121891,0.996315062046051,True
NA5_LAG50_014,NA5_LAG50,5,50,1,6,mild,mild,1,0.9918961769938259,0.9870569699491559,0.9952874183654785,True
NA5_LAG50_014,NA5_LAG50,5,50,2,3,root,cascade,1,0.08294472044594584,0.38071476527313924,0.7606714963912964,False
NA5_LAG50_014,NA5_LAG50,5,50,2,4,root,mild,1,0.028655822469028848,0.8800880161015441,0.9482489228248596,True
NA5_LAG50_014,NA5_LAG50,5,50,2,5,root,mild,1,0.04210415127199623,0.8759969622197924,0.9347752928733826,True
NA5_LAG50_014,NA5_LAG50,5,50,2,6,root,mild,1,0.03165936676022226,0.8781551542068178,0.9343997836112976,True
NA5_LAG50_014,NA5_LAG50,5,50,3,4,cascade,mild,1,0.7316141855144882,0.5508708269239819,0.852057158946991,False
NA5_LAG50_014,NA5_LAG50,5,50,3,5,cascade,mild,1,0.7351317527627704,0.5580874518598957,0.8627684116363525,False
NA5_LAG50_014,NA5_LAG50,5,50,3,6,cascade,mild,1,0.7295525736374346,0.5479065450774288,0.8666666746139526,False
NA5_LAG50_014,NA5_LAG50,5,50,4,5,mild,mild,1,0.991376612796415,0.9868588424995075,0.9960088133811951,True
NA5_LAG50_014,NA5_LAG50,5,50,4,6,mild,mild,1,0.9911281513633052,0.986210695898157,0.9969913959503174,True
NA5_LAG50_014,NA5_LAG50,5,50,5,6,mild,mild,1,0.9913348705609258,0.9873185077781872,0.9985589385032654,True
NA5_LAG50_015,NA5_LAG50,5,50,1,2,mild,mild,1,0.9042938634438091,0.8739559292291007,0.8809917569160461,False
NA5_LAG50_015,NA5_LAG50,5,50,1,3,mild,root,1,0.9697316152387171,0.9562102710053851,0.9952229261398315,True
NA5_LAG50_015,NA5_LAG50,5,50,1,4,mild,cascade,1,0.9430676433330881,0.9703749521314455,0.9815376400947571,False
NA5_LAG50_015,NA5_LAG50,5,50,1,5,mild,cascade,1,0.9512301604199905,0.9293519817449518,0.9930201768875122,True
NA5_LAG50_015,NA5_LAG50,5,50,1,6,mild,cascade,1,0.6357553889931282,0.4525817005777544,0.9897136092185974,False
NA5_LAG50_015,NA5_LAG50,5,50,2,3,mild,root,1,0.8911541699077148,0.8497038402406569,0.8817368745803833,False
NA5_LAG50_015,NA5_LAG50,5,50,2,4,mild,cascade,1,0.7431443199527559,0.7742006782729696,0.8705040216445923,False
NA5_LAG50_015,NA5_LAG50,5,50,2,5,mild,cascade,1,0.8786955329910487,0.824836278284318,0.8790726065635681,False
NA5_LAG50_015,NA5_LAG50,5,50,2,6,mild,cascade,1,0.7340545462177048,0.5580339688100175,0.865138053894043,False
NA5_LAG50_015,NA5_LAG50,5,50,3,4,root,cascade,1,0.8917826278881168,0.901873749421397,0.9749705195426941,False
NA5_LAG50_015,NA5_LAG50,5,50,3,5,root,cascade,1,0.9898266140274957,0.9872954079421612,0.9957341551780701,True
NA5_LAG50_015,NA5_LAG50,5,50,3,6,root,cascade,1,0.7713116287372489,0.6584742860192997,0.9892747402191162,False
NA5_LAG50_015,NA5_LAG50,5,50,4,5,cascade,cascade,1,0.8611915414178332,0.8639202164937285,0.9862560629844666,False
NA5_LAG50_015,NA5_LAG50,5,50,4,6,cascade,cascade,1,0.4377289855468649,0.3069236258108155,0.9580613970756531,False
NA5_LAG50_015,NA5_LAG50,5,50,5,6,cascade,cascade,1,0.7997855747823266,0.7002306148786404,0.9811956286430359,False
NA5_LAG50_016,NA5_LAG50,5,50,1,2,mild,root,1,0.8766655904379985,0.8266785014137213,0.88158118724823,False
NA5_LAG50_016,NA5_LAG50,5,50,1,3,mild,mild,1,0.9623826192649096,0.9456886653555842,0.9845319986343384,False
NA5_LAG50_016,NA5_LAG50,5,50,1,4,mild,mild,1,0.9069860204426335,0.8813883142446121,0.8875040411949158,False
NA5_LAG50_016,NA5_LAG50,5,50,1,5,mild,cascade,1,0.9251643953901864,0.8331005344816559,0.9616793394088745,False
NA5_LAG50_016,NA5_LAG50,5,50,1,6,mild,cascade,1,0.39677846892613505,0.13957772838303525,0.9434659481048584,True
NA5_LAG50_016,NA5_LAG50,5,50,2,3,root,mild,1,0.9222297738382613,0.8859397463288481,0.9310089945793152,False
NA5_LAG50_016,NA5_LAG50,5,50,2,4,root,mild,1,0.9562306806680714,0.936669055575976,0.9940809011459351,True
NA5_LAG50_016,NA5_LAG50,5,50,2,5,root,cascade,1,0.7109874388092755,0.5239958277528114,0.8389167189598083,False
NA5_LAG50_016,NA5_LAG50,5,50,2,6,root,cascade,1,0.0738321057038185,0.44476139555297933,0.7987555265426636,False
NA5_LAG50_016,NA5_LAG50,5,50,3,4,mild,mild,1,0.9759306329011276,0.9729204158750216,0.9400483965873718,False
NA5_LAG50_016,NA5_LAG50,5,50,3,5,mild,cascade,1,0.8297890601771938,0.6845809419910226,0.9493346810340881,True
NA5_LAG50_016,NA5_LAG50,5,50,3,6,mild,cascade,1,0.17939018858707056,0.39961998534910476,0.9329863786697388,False
NA5_LAG50_016,NA5_LAG50,5,50,4,5,mild,cascade,1,0.7316791332810243,0.5654879933079688,0.8353631496429443,False
NA5_LAG50_016,NA5_LAG50,5,50,4,6,mild,cascade,1,0.02540919828233613,0.5279048476361368,0.8015822768211365,False
NA5_LAG50_016,NA5_LAG50,5,50,5,6,cascade,cascade,1,0.6817579318766357,0.36461767496695363,0.975597620010376,False
NA5_LAG50_017,NA5_LAG50,5,50,1,2,mild,root,1,0.21087184529391495,0.9760880319544896,0.9436957836151123,False
NA5_LAG50_017,NA5_LAG50,5,50,1,3,mild,mild,1,0.9656612554603603,0.9482857260225844,0.9894354343414307,False
NA5_LAG50_017,NA5_LAG50,5,50,1,4,mild,cascade,1,0.8761488934141329,0.9216579775968586,0.883124589920044,False
NA5_LAG50_017,NA5_LAG50,5,50,1,5,mild,mild,1,0.9640453091399396,0.9473743471103799,0.9923559427261353,False
NA5_LAG50_017,NA5_LAG50,5,50,1,6,mild,cascade,1,0.9474291078168575,0.9267234149951504,0.9083875417709351,False
NA5_LAG50_017,NA5_LAG50,5,50,2,3,root,mild,1,0.04605550301330169,0.8809454000879762,0.9419553875923157,True
NA5_LAG50_017,NA5_LAG50,5,50,2,4,root,cascade,1,0.5321464222967802,0.9749197481307362,0.7719161510467529,False
NA5_LAG50_017,NA5_LAG50,5,50,2,5,root,mild,1,0.035108494590282265,0.8792235143050846,0.9449310898780823,True
NA5_LAG50_017,NA5_LAG50,5,50,2,6,root,cascade,1,0.2928956584641465,0.9370336394078534,0.7927150130271912,False
NA5_LAG50_017,NA5_LAG50,5,50,3,4,mild,cascade,1,0.7457706775430717,0.7784234400134462,0.885160505771637,False
NA5_LAG50_017,NA5_LAG50,5,50,3,5,mild,mild,1,0.9912716337177805,0.9858390062369367,0.9917487502098083,True
NA5_LAG50_017,NA5_LAG50,5,50,3,6,mild,cascade,1,0.895195299322951,0.85805027349647,0.8882454037666321,False
NA5_LAG50_017,NA5_LAG50,5,50,4,5,cascade,mild,1,0.7398800930984464,0.775196220488836,0.8630916476249695,False
NA5_LAG50_017,NA5_LAG50,5,50,4,6,cascade,cascade,1,0.8984407166834528,0.9101090136148824,0.975027859210968,False
NA5_LAG50_017,NA5_LAG50,5,50,5,6,mild,cascade,1,0.8914501600332729,0.8546416857617862,0.8840627074241638,False
NA5_LAG50_018,NA5_LAG50,5,50,1,2,cascade,mild,1,0.38689389239930505,0.1699907551938459,0.9470884203910828,True
NA5_LAG50_018,NA5_LAG50,5,50,1,3,cascade,cascade,1,0.30349539122871977,0.7218687921584044,0.7774232029914856,False
NA5_LAG50_018,NA5_LAG50,5,50,1,4,cascade,root,1,0.699106893526652,0.560234161886237,0.9953247308731079,True
NA5_LAG50_018,NA5_LAG50,5,50,1,5,cascade,cascade,1,0.4068499924384204,0.07059730612220143,0.7673562169075012,False
NA5_LAG50_018,NA5_LAG50,5,50,1,6,cascade,mild,1,0.13443750435727517,0.6470911282701547,0.7914102673530579,False
NA5_LAG50_018,NA5_LAG50,5,50,2,3,mild,cascade,1,0.7444215004293814,0.7810935390545024,0.8668036460876465,False
NA5_LAG50_018,NA5_LAG50,5,50,2,4,mild,root,1,0.024990812062253964,0.8844851864462491,0.9475563168525696,True
NA5_LAG50_018,NA5_LAG50,5,50,2,5,mild,cascade,1,0.7290135823836622,0.5464500353088487,0.8323593139648438,False
NA5_LAG50_018,NA5_LAG50,5,50,2,6,mild,mild,1,0.8371554022644148,0.8231848504828372,0.8765857219696045,False
NA5_LAG50_018,NA5_LAG50,5,50,3,4,cascade,root,1,0.5194092761617396,0.974411443406262,0.7633587121963501,False
NA5_LAG50_018,NA5_LAG50,5,50,3,5,cascade,cascade,1,0.43394370324531495,0.2987709302342066,0.9133768677711487,False
NA5_LAG50_018,NA5_LAG50,5,50,3,6,cascade,mild,1,0.9811007225431985,0.9910616799843426,0.9769802689552307,True
NA5_LAG50_018,NA5_LAG50,5,50,4,5,root,cascade,1,0.0843144875139353,0.38133648936589637,0.7530022263526917,False
NA5_LAG50_018,NA5_LAG50,5,50,4,6,root,mild,1,0.40878585981593946,0.988245004618549,0.7764348387718201,False
NA5_LAG50_018,NA5_LAG50,5,50,5,6,cascade,mild,1,0.5061595187281523,0.31347059283813405,0.9658674001693726,False
NA5_LAG50_019,NA5_LAG50,5,50,1,2,cascade,cascade,1,0.6746595277420977,0.3564630695491718,0.9751976728439331,False
NA5_LAG50_019,NA5_LAG50,5,50,1,3,cascade,mild,1,0.9202991646475096,0.8226022934660204,0.9634250998497009,False
NA5_LAG50_019,NA5_LAG50,5,50,1,4,cascade,cascade,1,0.7102415248611916,0.5012382308228265,0.7725968360900879,False
NA5_LAG50_019,NA5_LAG50,5,50,1,5,cascade,root,1,0.22859627340906277,0.5661650352712961,0.9754459261894226,False
NA5_LAG50_019,NA5_LAG50,5,50,1,6,cascade,mild,1,0.9207046039580007,0.8277733204442207,0.968493640422821,False
NA5_LAG50_019,NA5_LAG50,5,50,2,3,cascade,mild,1,0.3818472231019222,0.16023141787726447,0.9436303973197937,True
NA5_LAG50_019,NA5_LAG50,5,50,2,4,cascade,cascade,1,0.41125619888001097,0.07621737738555164,0.7834891676902771,False
NA5_LAG50_019,NA5_LAG50,5,50,2,5,cascade,root,1,0.6889878410623387,0.5507819491309327,0.9942154288291931,True
NA5_LAG50_019,NA5_LAG50,5,50,2,6,cascade,mild,1,0.38059619218327795,0.15507931853178397,0.9539065957069397,True
NA5_LAG50_019,NA5_LAG50,5,50,3,4,mild,cascade,1,0.7367895750908223,0.55776272833312,0.8010067939758301,False
NA5_LAG50_019,NA5_LAG50,5,50,3,5,mild,root,1,0.040930971762926226,0.8884468694644588,0.9347418546676636,True
NA5_LAG50_019,NA5_LAG50,5,50,3,6,mild,mild,1,0.9919452284968437,0.9890231349106646,0.9941846132278442,True
NA5_LAG50_019,NA5_LAG50,5,50,4,5,cascade,root,1,0.08203602928276967,0.3814660633697263,0.7585875988006592,False
NA5_LAG50_019,NA5_LAG50,5,50,4,6,cascade,mild,1,0.7259146584409468,0.5376255673767701,0.8458808064460754,False
NA5_LAG50_019,NA5_LAG50,5,50,5,6,root,mild,1,0.044718121883083786,0.8858279868481991,0.9431648850440979,True
NA5_LAG50_020,NA5_LAG50,5,50,1,2,mild,root,1,0.9565240727739431,0.9367423680324031,0.9853234887123108,True
NA5_LAG50_020,NA5_LAG50,5,50,1,3,mild,cascade,1,0.027963277573785247,0.5321919994197064,0.7913734912872314,False
NA5_LAG50_020,NA5_LAG50,5,50,1,4,mild,mild,1,0.9951180972923899,0.9946736049390024,0.9967701435089111,True
NA5_LAG50_020,NA5_LAG50,5,50,1,5,mild,mild,1,0.9742652990884428,0.9698807149593831,0.926720380783081,False
NA5_LAG50_020,NA5_LAG50,5,50,1,6,mild,mild,1,0.9719706440824645,0.9614835337722984,0.9758674502372742,False
NA5_LAG50_020,NA5_LAG50,5,50,2,3,root,cascade,1,0.0751393079374015,0.44258803576633055,0.7917026281356812,False
NA5_LAG50_020,NA5_LAG50,5,50,2,4,root,mild,1,0.9489229979554713,0.9251478532185996,0.9893410205841064,True
NA5_LAG50_020,NA5_LAG50,5,50,2,5,root,mild,1,0.9150021438710696,0.8743043471735868,0.9161951541900635,False
NA5_LAG50_020,NA5_LAG50,5,50,2,6,root,mild,1,0.9785554239670667,0.9739538556716885,0.9706067442893982,False
NA5_LAG50_020,NA5_LAG50,5,50,3,4,cascade,mild,1,0.02164664373392299,0.5388732550025728,0.8034444451332092,False
NA5_LAG50_020,NA5_LAG50,5,50,3,5,cascade,mild,1,0.17658245000104425,0.41443947848059004,0.9342916011810303,False
NA5_LAG50_020,NA5_LAG50,5,50,3,6,cascade,mild,1,0.15590346704972965,0.40299571258224465,0.8880091905593872,False
NA5_LAG50_020,NA5_LAG50,5,50,4,5,mild,mild,1,0.9754286087057125,0.9722190672882841,0.9299320578575134,False
NA5_LAG50_020,NA5_LAG50,5,50,4,6,mild,mild,1,0.9666404875891242,0.9534515655061769,0.977325439453125,False
NA5_LAG50_020,NA5_LAG50,5,50,5,6,mild,mild,1,0.9582400118520815,0.9318347601807732,0.9824426770210266,False
NA5_LAG50_021,NA5_LAG50,5,50,1,2,root,mild,1,0.9591415780444887,0.940460174782073,0.9956998825073242,True
NA5_LAG50_021,NA5_LAG50,5,50,1,3,root,mild,1,0.8766100873963121,0.8258546305421609,0.8716694712638855,False
NA5_LAG50_021,NA5_LAG50,5,50,1,4,root,cascade,1,0.989596629610447,0.9866209205901643,0.9912353157997131,True
NA5_LAG50_021,NA5_LAG50,5,50,1,5,root,mild,1,0.9788569366010905,0.9738366814041018,0.9148740768432617,False
NA5_LAG50_021,NA5_LAG50,5,50,1,6,root,mild,1,0.9545440823977225,0.9340506285282782,0.9886795878410339,True
NA5_LAG50_021,NA5_LAG50,5,50,2,3,mild,mild,1,0.9074027277947974,0.8813969972804303,0.8815112709999084,False
NA5_LAG50_021,NA5_LAG50,5,50,2,4,mild,cascade,1,0.9751090063584232,0.9649597073654633,0.9971250295639038,True
NA5_LAG50_021,NA5_LAG50,5,50,2,5,mild,mild,1,0.9700281933393524,0.9587205789205588,0.9242043495178223,False
NA5_LAG50_021,NA5_LAG50,5,50,2,6,mild,mild,1,0.9945096382726771,0.9940937225224137,0.9958747625350952,True
NA5_LAG50_021,NA5_LAG50,5,50,3,4,mild,cascade,1,0.889708248259311,0.8467674231962955,0.8864772319793701,False
NA5_LAG50_021,NA5_LAG50,5,50,3,5,mild,mild,1,0.9345454827311395,0.901024367837765,0.9896869659423828,False
NA5_LAG50_021,NA5_LAG50,5,50,3,6,mild,mild,1,0.9086945393059602,0.883756524823114,0.8903727531433105,False
NA5_LAG50_021,NA5_LAG50,5,50,4,5,cascade,mild,1,0.9808011451343002,0.9762994570299496,0.9306607842445374,False
NA5_LAG50_021,NA5_LAG50,5,50,4,6,cascade,mild,1,0.9711395153860319,0.9593787224457639,0.9967011213302612,True
NA5_LAG50_021,NA5_LAG50,5,50,5,6,mild,mild,1,0.9669447037087341,0.9543610907996505,0.9322919249534607,False
NA5_LAG50_022,NA5_LAG50,5,50,1,2,cascade,cascade,1,0.4799853311802984,0.37662618974545514,0.8277685642242432,False
NA5_LAG50_022,NA5_LAG50,5,50,1,3,cascade,root,1,0.8141952954837667,0.10973135942325903,0.8860282897949219,True
NA5_LAG50_022,NA5_LAG50,5,50,1,4,cascade,cascade,1,0.9894897005116735,0.9777865122127011,0.9925621747970581,True
NA5_LAG50_022,NA5_LAG50,5,50,1,5,cascade,cascade,1,0.9890740368151665,0.9777395003991878,0.9891583323478699,True
NA5_LAG50_022,NA5_LAG50,5,50,1,6,cascade,mild,1,0.8290133722645083,0.6840411595350963,0.9653761386871338,True
NA5_LAG50_022,NA5_LAG50,5,50,2,3,cascade,root,1,0.36681660041104336,0.0230037471107042,0.751920759677887,False
NA5_LAG50_022,NA5_LAG50,5,50,2,4,cascade,cascade,1,0.4809309984199837,0.3813116332119653,0.8470147848129272,False
NA5_LAG50_022,NA5_LAG50,5,50,2,5,cascade,cascade,1,0.46863798384196154,0.3572611555568855,0.8014201521873474,False
NA5_LAG50_022,NA5_LAG50,5,50,2,6,cascade,mild,1,0.8771602200057546,0.9211880559422468,0.8829603791236877,False
NA5_LAG50_022,NA5_LAG50,5,50,3,4,root,cascade,1,0.8185203132979175,0.09040622953195664,0.8883441686630249,True
NA5_LAG50_022,NA5_LAG50,5,50,3,5,root,cascade,1,0.8188139819201189,0.12829553776189515,0.8771542310714722,True
NA5_LAG50_022,NA5_LAG50,5,50,3,6,root,mild,1,0.6591750108986916,0.024571902810994143,0.937088131904602,True
NA5_LAG50_022,NA5_LAG50,5,50,4,5,cascade,cascade,1,0.9884947520305716,0.9728792119373001,0.9789546728134155,True
NA5_LAG50_022,NA5_LAG50,5,50,4,6,cascade,mild,1,0.8301025368665749,0.6862816239864672,0.9763203859329224,True
NA5_LAG50_022,NA5_LAG50,5,50,5,6,cascade,mild,1,0.8211809535216429,0.6665228493113735,0.9532894492149353,True
NA5_LAG50_023,NA5_LAG50,5,50,1,2,mild,cascade,1,0.17100889779719486,0.41565112510541163,0.9437830448150635,False
NA5_LAG50_023,NA5_LAG50,5,50,1,3,mild,root,1,0.2076746713088582,0.9767056116411242,0.935300886631012,False
NA5_LAG50_023,NA5_LAG50,5,50,1,4,mild,cascade,1,0.8273331376959591,0.6803343161119968,0.9716519117355347,True
NA5_LAG50_023,NA5_LAG50,5,50,1,5,mild,mild,1,0.9433740230575319,0.952033764155101,0.9091197848320007,False
NA5_LAG50_023,NA5_LAG50,5,50,1,6,mild,cascade,1,0.17233771217796923,0.4169108293728615,0.9411386251449585,False
NA5_LAG50_023,NA5_LAG50,5,50,2,3,cascade,root,1,0.6946883950442484,0.5584932135882933,0.9953778982162476,True
NA5_LAG50_023,NA5_LAG50,5,50,2,4,cascade,cascade,1,0.6800007095337385,0.3595483075699809,0.9701569080352783,False
NA5_LAG50_023,NA5_LAG50,5,50,2,5,cascade,mild,1,0.13160958572183476,0.638010286233337,0.7936187982559204,False
NA5_LAG50_023,NA5_LAG50,5,50,2,6,cascade,cascade,1,0.9939454123238289,0.9925510507852836,0.9969975352287292,True
NA5_LAG50_023,NA5_LAG50,5,50,3,4,root,cascade,1,0.23602256606970512,0.5577440628843537,0.9686390161514282,False
NA5_LAG50_023,NA5_LAG50,5,50,3,5,root,mild,1,0.41845731536530695,0.9897710770687443,0.7776117324829102,False
NA5_LAG50_023,NA5_LAG50,5,50,3,6,root,cascade,1,0.6987363588006952,0.5607549510860262,0.996856689453125,True
NA5_LAG50_023,NA5_LAG50,5,50,4,5,cascade,mild,1,0.624992227511452,0.4716675910893448,0.8326600193977356,False
NA5_LAG50_023,NA5_LAG50,5,50,4,6,cascade,cascade,1,0.6812385305128553,0.3580629027137459,0.9693629145622253,False
NA5_LAG50_023,NA5_LAG50,5,50,5,6,mild,cascade,1,0.13067088132491464,0.6394600749061499,0.7893766760826111,False
NA5_LAG50_024,NA5_LAG50,5,50,1,2,mild,mild,1,0.9800417842128005,0.9813121997054282,0.9788699746131897,False
NA5_LAG50_024,NA5_LAG50,5,50,1,3,mild,mild,1,0.9651470907193012,0.9513415214678359,0.9701676964759827,False
NA5_LAG50_024,NA5_LAG50,5,50,1,4,mild,root,1,0.932262983623413,0.900286171188658,0.9933773279190063,True
NA5_LAG50_024,NA5_LAG50,5,50,1,5,mild,mild,1,0.9674363558064679,0.9544694542899782,0.9739355444908142,False
NA5_LAG50_024,NA5_LAG50,5,50,1,6,mild,cascade,1,0.9836405147710918,0.9771958392041835,0.9793946743011475,True
NA5_LAG50_024,NA5_LAG50,5,50,2,3,mild,mild,1,0.9124462911085383,0.8955628321329177,0.9874089360237122,False
NA5_LAG50_024,NA5_LAG50,5,50,2,4,mild,root,1,0.8744378922798702,0.8324358365340147,0.9845014214515686,False
NA5_LAG50_024,NA5_LAG50,5,50,2,5,mild,mild,1,0.9178663023740713,0.9009338843568525,0.9882920384407043,False
NA5_LAG50_024,NA5_LAG50,5,50,2,6,mild,cascade,1,0.9509639092655667,0.9399698015104272,0.9886211156845093,False
NA5_LAG50_024,NA5_LAG50,5,50,3,4,mild,root,1,0.9722793700069455,0.9629186129576108,0.9850217700004578,False
NA5_LAG50_024,NA5_LAG50,5,50,3,5,mild,mild,1,0.9944855461028654,0.9935863127929397,0.992273211479187,True
NA5_LAG50_024,NA5_LAG50,5,50,3,6,mild,cascade,1,0.9801364483811945,0.9747778911293922,0.99293053150177,False
NA5_LAG50_024,NA5_LAG50,5,50,4,5,root,mild,1,0.9749045053764619,0.9662452413173,0.9887571930885315,False
NA5_LAG50_024,NA5_LAG50,5,50,4,6,root,cascade,1,0.9716576736589905,0.9589310763428829,0.9918321371078491,True
NA5_LAG50_024,NA5_LAG50,5,50,5,6,mild,cascade,1,0.9826119278895613,0.97773634024095,0.9974139332771301,False
NA5_LAG50_025,NA5_LAG50,5,50,1,2,mild,cascade,1,0.9452101849780709,0.9334720011459585,0.9924688339233398,False
NA5_LAG50_025,NA5_LAG50,5,50,1,3,mild,root,1,0.8800671854514912,0.8407774521879346,0.9942546486854553,False
NA5_LAG50_025,NA5_LAG50,5,50,1,4,mild,mild,1,0.836889779098399,0.820631094222153,0.8739818334579468,False
NA5_LAG50_025,NA5_LAG50,5,50,1,5,mild,mild,1,0.979916578085375,0.9827252498607989,0.9950228929519653,False
NA5_LAG50_025,NA5_LAG50,5,50,1,6,mild,cascade,1,0.9205347944826767,0.8989869135982849,0.9948089122772217,False
NA5_LAG50_025,NA5_LAG50,5,50,2,3,cascade,root,1,0.9761440093263886,0.9665301016537234,0.9959327578544617,True
NA5_LAG50_025,NA5_LAG50,5,50,2,4,cascade,mild,1,0.8963767851060663,0.8596449079977745,0.8709250092506409,False
NA5_LAG50_025,NA5_LAG50,5,50,2,5,cascade,mild,1,0.9787578606164848,0.9701744521901001,0.9960379004478455,True
NA5_LAG50_025,NA5_LAG50,5,50,2,6,cascade,cascade,1,0.9921266237040276,0.9903507018675672,0.9963549971580505,True
NA5_LAG50_025,NA5_LAG50,5,50,3,4,root,mild,1,0.8702303357714465,0.8154288813369045,0.878246545791626,False
NA5_LAG50_025,NA5_LAG50,5,50,3,5,root,mild,1,0.9339859030475828,0.9031052982093257,0.9964569211006165,True
NA5_LAG50_025,NA5_LAG50,5,50,3,6,root,cascade,1,0.9850188452128152,0.980675210402066,0.9963139891624451,True
NA5_LAG50_025,NA5_LAG50,5,50,4,5,mild,mild,1,0.9097333118202017,0.8839864904523311,0.8811195492744446,False
NA5_LAG50_025,NA5_LAG50,5,50,4,6,mild,cascade,1,0.8909849289767399,0.8492363745248342,0.881601870059967,False
NA5_LAG50_025,NA5_LAG50,5,50,5,6,mild,cascade,1,0.9647970984066381,0.9490546209995772,0.9978411793708801,True
NA5_LAG50_026,NA5_LAG50,5,50,1,2,mild,cascade,1,0.16512204421997165,0.395970230499925,0.835879921913147,False
NA5_LAG50_026,NA5_LAG50,5,50,1,3,mild,root,1,0.63262494379567,0.4216871082468139,0.9604300260543823,True
NA5_LAG50_026,NA5_LAG50,5,50,1,4,mild,mild,1,0.9150044895119417,0.9009314575280891,0.9889208078384399,False
NA5_LAG50_026,NA5_LAG50,5,50,1,5,mild,mild,1,0.9938019821738179,0.9931941487061694,0.9960924386978149,True
NA5_LAG50_026,NA5_LAG50,5,50,1,6,mild,mild,1,0.9622989012918429,0.9394822380103315,0.9317668676376343,False
NA5_LAG50_026,NA5_LAG50,5,50,2,3,cascade,root,1,0.4295163560678057,0.11678957059910407,0.7404631972312927,False
NA5_LAG50_026,NA5_LAG50,5,50,2,4,cascade,mild,1,0.12518393160735145,0.633725268141216,0.7928373217582703,False
NA5_LAG50_026,NA5_LAG50,5,50,2,5,cascade,mild,1,0.15783793970410098,0.39089239613676147,0.8335865139961243,False
NA5_LAG50_026,NA5_LAG50,5,50,2,6,cascade,mild,1,0.1754835967226504,0.41349723859129894,0.9425311088562012,False
NA5_LAG50_026,NA5_LAG50,5,50,3,4,root,mild,1,0.3555025799936111,0.10383851160892565,0.9520336389541626,False
NA5_LAG50_026,NA5_LAG50,5,50,3,5,root,mild,1,0.633104154203002,0.4265181486269433,0.9435710310935974,True
NA5_LAG50_026,NA5_LAG50,5,50,3,6,root,mild,1,0.4962039143796793,0.18573164994589275,0.8470419645309448,False
NA5_LAG50_026,NA5_LAG50,5,50,4,5,mild,mild,1,0.9130144377884415,0.8959747983782606,0.9866152405738831,False
NA5_LAG50_026,NA5_LAG50,5,50,4,6,mild,mild,1,0.9444276310170924,0.9539028112718326,0.9024960994720459,False
NA5_LAG50_026,NA5_LAG50,5,50,5,6,mild,mild,1,0.9610735661659225,0.9382440118298143,0.9305683374404907,False
NA5_LAG50_027,NA5_LAG50,5,50,1,2,root,mild,1,0.6669289751638964,0.022623593573907988,0.8288463950157166,True
NA5_LAG50_027,NA5_LAG50,5,50,1,3,root,cascade,1,0.580879066609954,0.022474578935636987,0.9112219214439392,False
NA5_LAG50_027,NA5_LAG50,5,50,1,4,root,mild,1,0.5812214646952307,0.02832288012704746,0.9205231666564941,False
NA5_LAG50_027,NA5_LAG50,5,50,1,5,root,cascade,1,0.5988392868418467,0.0008184014551853256,0.7154271602630615,False
NA5_LAG50_027,NA5_LAG50,5,50,1,6,root,mild,1,0.6626760714124005,0.03179183894633847,0.8010674715042114,True
NA5_LAG50_027,NA5_LAG50,5,50,2,3,mild,cascade,1,0.9632933431881799,0.9520695666064163,0.8878905177116394,False
NA5_LAG50_027,NA5_LAG50,5,50,2,4,mild,mild,1,0.9741837311994223,0.9709283729592927,0.8962213397026062,False
NA5_LAG50_027,NA5_LAG50,5,50,2,5,mild,cascade,1,0.18025162537379985,0.40231561146135447,0.9267078638076782,False
NA5_LAG50_027,NA5_LAG50,5,50,2,6,mild,mild,1,0.993338914788105,0.9917054094956883,0.9962459206581116,True
NA5_LAG50_027,NA5_LAG50,5,50,3,4,cascade,mild,1,0.9885210578895947,0.9855962520933638,0.9961740970611572,True
NA5_LAG50_027,NA5_LAG50,5,50,3,5,cascade,cascade,1,0.03728497810241404,0.5112140454101758,0.7727580070495605,False
NA5_LAG50_027,NA5_LAG50,5,50,3,6,cascade,mild,1,0.9637814012790074,0.9525348933422013,0.8824844360351562,False
NA5_LAG50_027,NA5_LAG50,5,50,4,5,mild,cascade,1,0.014426414347459665,0.5449289839767273,0.7800604104995728,False
NA5_LAG50_027,NA5_LAG50,5,50,4,6,mild,mild,1,0.9765692306692026,0.9735408760920126,0.8870807886123657,False
NA5_LAG50_027,NA5_LAG50,5,50,5,6,cascade,mild,1,0.1688251864020296,0.4175514646458477,0.9294196367263794,False
NA5_LAG50_028,NA5_LAG50,5,50,1,2,root,mild,1,0.7868911313414723,0.8807861719700533,0.876467764377594,False
NA5_LAG50_028,NA5_LAG50,5,50,1,3,root,cascade,1,0.9772696515211488,0.977927553635301,0.9906585216522217,True
NA5_LAG50_028,NA5_LAG50,5,50,1,4,root,mild,1,0.9026972877602443,0.9793075312347261,0.8975760340690613,False
NA5_LAG50_028,NA5_LAG50,5,50,1,5,root,mild,1,0.9736623869288632,0.9906063176215605,0.9928012490272522,True
NA5_LAG50_028,NA5_LAG50,5,50,1,6,root,cascade,1,0.20817498220807504,0.5644432155826745,0.7681422233581543,False
NA5_LAG50_028,NA5_LAG50,5,50,2,3,mild,cascade,1,0.7414259791977752,0.7780540266978494,0.8646975755691528,False
NA5_LAG50_028,NA5_LAG50,5,50,2,4,mild,mild,1,0.9628315838258326,0.9446504398500071,0.9922862648963928,False
NA5_LAG50_028,NA5_LAG50,5,50,2,5,mild,mild,1,0.8370802574021374,0.8200397154471488,0.8836901783943176,False
NA5_LAG50_028,NA5_LAG50,5,50,2,6,mild,cascade,1,0.39390073945611187,0.15862054515011464,0.9377675652503967,True
NA5_LAG50_028,NA5_LAG50,5,50,3,4,cascade,mild,1,0.8788269166641017,0.9256719541797982,0.8875476121902466,False
NA5_LAG50_028,NA5_LAG50,5,50,3,5,cascade,mild,1,0.9806417568529914,0.9916075944022534,0.9881267547607422,True
NA5_LAG50_028,NA5_LAG50,5,50,3,6,cascade,cascade,1,0.3009787493965046,0.7190419759138829,0.7626245021820068,False
NA5_LAG50_028,NA5_LAG50,5,50,4,5,mild,mild,1,0.942705607671629,0.9513944566142211,0.9120153784751892,False
NA5_LAG50_028,NA5_LAG50,5,50,4,6,mild,cascade,1,0.17850086400225534,0.417306983162072,0.9315769076347351,False
NA5_LAG50_028,NA5_LAG50,5,50,5,6,mild,cascade,1,0.12763498971633375,0.6447313347008964,0.7862477898597717,False
NA5_LAG50_029,NA5_LAG50,5,50,1,2,mild,mild,1,0.9799551906261499,0.9814633245975198,0.9862974882125854,False
NA5_LAG50_029,NA5_LAG50,5,50,1,3,mild,cascade,1,0.7205441570605982,0.548286470021605,0.8354431986808777,False
NA5_LAG50_029,NA5_LAG50,5,50,1,4,mild,mild,1,0.979368525842383,0.9802041678557804,0.9897640943527222,False
NA5_LAG50_029,NA5_LAG50,5,50,1,5,mild,root,1,0.33365512360903865,0.9884554232264783,0.7958472967147827,False
NA5_LAG50_029,NA5_LAG50,5,50,1,6,mild,cascade,1,0.6426842645783841,0.46115764541124593,0.9211756587028503,False
NA5_LAG50_029,NA5_LAG50,5,50,2,3,mild,cascade,1,0.6210148105341369,0.45896120731480594,0.8409847021102905,False
NA5_LAG50_029,NA5_LAG50,5,50,2,4,mild,mild,1,0.9964698052266401,0.9970575324762145,0.9887008666992188,True
NA5_LAG50_029,NA5_LAG50,5,50,2,5,mild,root,1,0.4259626070786849,0.9904000239108027,0.779386043548584,False
NA5_LAG50_029,NA5_LAG50,5,50,2,6,mild,cascade,1,0.5139013412099551,0.3214315405297577,0.90058833360672,False
NA5_LAG50_029,NA5_LAG50,5,50,3,4,cascade,mild,1,0.6182141892547697,0.45054466531946025,0.835206925868988,False
NA5_LAG50_029,NA5_LAG50,5,50,3,5,cascade,root,1,0.23480282966478325,0.5415978690273705,0.9665537476539612,False
NA5_LAG50_029,NA5_LAG50,5,50,3,6,cascade,cascade,1,0.7071059839104876,0.4912514831861922,0.7645196318626404,False
NA5_LAG50_029,NA5_LAG50,5,50,4,5,mild,root,1,0.4241188447983792,0.9895659977015681,0.7898319959640503,False
NA5_LAG50_029,NA5_LAG50,5,50,4,6,mild,cascade,1,0.511469432808323,0.3171676554885741,0.8792105317115784,False
NA5_LAG50_029,NA5_LAG50,5,50,5,6,root,cascade,1,0.08350737191521415,0.371563986709216,0.7335093021392822,False
