case_id,scenario,n_affected,lag,vis_condition,channel,true_role,sub_role,break_type,homogeneous,pred_role,correct,parse_status
NA0_LAG10_000_overlay,NA0_LAG10,0.0,10.0,overlay,1,unrelated,unrelated,,,unrelated,True,OK
NA0_LAG10_000_overlay,NA0_LAG10,0.0,10.0,overlay,3,unrelated,unrelated,,,unrelated,True,OK
NA0_LAG10_000_overlay,NA0_LAG10,0.0,10.0,overlay,4,unrelated,unrelated,,,unrelated,True,OK
NA0_LAG10_000_overlay,NA0_LAG10,0.0,10.0,overlay,5,unrelated,unrelated,,,unrelated,True,OK
NA0_LAG10_000_overlay,NA0_LAG10,0.0,10.0,overlay,6,unrelated,unrelated,,,unrelated,True,OK
NA0_LAG10_000_subplot,NA0_LAG10,0.0,10.0,subplot,1,unrelated,unrelated,,,unrelated,True,OK
NA0_LAG10_000_subplot,NA0_LAG10,0.0,10.0,subplot,3,unrelated,unrelated,,,unrelated,True,OK
NA0_LAG10_000_subplot,NA0_LAG10,0.0,10.0,subplot,4,unrelated,unrelated,,,unrelated,True,OK
NA0_LAG10_000_subplot,NA0_LAG10,0.0,10.0,subplot,5,unrelated,unrelated,,,unrelated,True,OK
NA0_LAG10_000_subplot,NA0_LAG10,0.0,10.0,subplot,6,unrelated,unrelated,,,unrelated,True,OK
NA0_LAG10_001_overlay,NA0_LAG10,0.0,10.0,overlay,1,unrelated,unrelated,,,unrelated,True,OK
NA0_LAG10_001_overlay,NA0_LAG10,0.0,10.0,overlay,2,unrelated,unrelated,,,unrelated,True,OK
NA0_LAG10_001_overlay,NA0_LAG10,0.0,10.0,overlay,3,unrelated,unrelated,,,unrelated,True,OK
NA0_LAG10_001_overlay,NA0_LAG10,0.0,10.0,overlay,4,unrelated,unrelated,,,unrelated,True,OK
NA0_LAG10_001_overlay,NA0_LAG10,0.0,10.0,overlay,5,unrelated,unrelated,,,unrelated,True,OK
NA0_LAG10_001_subplot,NA0_LAG10,0.0,10.0,subplot,1,unrelated,unrelated,,,unrelated,True,OK
NA0_LAG10_001_subplot,NA0_LAG10,0.0,10.0,subplot,2,unrelated,unrelated,,,affected,False,OK
NA0_LAG10_001_subplot,NA0_LAG10,0.0,10.0,subplot,3,unrelated,unrelated,,,affected,False,OK
NA0_LAG10_001_subplot,NA0_LAG10,0.0,10.0,subplot,4,unrelated,unrelated,,,unrelated,True,OK
NA0_LAG10_001_subplot,NA0_LAG10,0.0,10.0,subplot,5,unrelated,unrelated,,,affected,False,OK
NA0_LAG10_002_overlay,NA0_LAG10,0.0,10.0,overlay,1,unrelated,unrelated,,,unrelated,True,OK
NA0_LAG10_002_overlay,NA0_LAG10,0.0,10.0,overlay,2,unrelated,unrelated,,,unrelated,True,OK
NA0_LAG10_002_overlay,NA0_LAG10,0.0,10.0,overlay,3,unrelated,unrelated,,,unrelated,True,OK
NA0_LAG10_002_overlay,NA0_LAG10,0.0,10.0,overlay,5,unrelated,unrelated,,,unrelated,True,OK
NA0_LAG10_002_overlay,NA0_LAG10,0.0,10.0,overlay,6,unrelated,unrelated,,,unrelated,True,OK
NA0_LAG10_002_subplot,NA0_LAG10,0.0,10.0,subplot,1,unrelated,unrelated,,,affected,False,OK
NA0_LAG10_002_subplot,NA0_LAG10,0.0,10.0,subplot,2,unrelated,unrelated,,,affected,False,OK
NA0_LAG10_002_subplot,NA0_LAG10,0.0,10.0,subplot,3,unrelated,unrelated,,,affected,False,OK
NA0_LAG10_002_subplot,NA0_LAG10,0.0,10.0,subplot,5,unrelated,unrelated,,,affected,False,OK
NA0_LAG10_002_subplot,NA0_LAG10,0.0,10.0,subplot,6,unrelated,unrelated,,,affected,False,OK
NA0_LAG10_003_overlay,NA0_LAG10,0.0,10.0,overlay,1,unrelated,unrelated,,,unrelated,True,OK
NA0_LAG10_003_overlay,NA0_LAG10,0.0,10.0,overlay,3,unrelated,unrelated,,,unrelated,True,OK
NA0_LAG10_003_overlay,NA0_LAG10,0.0,10.0,overlay,4,unrelated,unrelated,,,unrelated,True,OK
NA0_LAG10_003_overlay,NA0_LAG10,0.0,10.0,overlay,5,unrelated,unrelated,,,unrelated,True,OK
NA0_LAG10_003_overlay,NA0_LAG10,0.0,10.0,overlay,6,unrelated,unrelated,,,unrelated,True,OK
NA0_LAG10_003_subplot,NA0_LAG10,0.0,10.0,subplot,1,unrelated,unrelated,,,unrelated,True,OK
NA0_LAG10_003_subplot,NA0_LAG10,0.0,10.0,subplot,3,unrelated,unrelated,,,unrelated,True,OK
NA0_LAG10_003_subplot,NA0_LAG10,0.0,10.0,subplot,4,unrelated,unrelated,,,unrelated,True,OK
NA0_LAG10_003_subplot,NA0_LAG10,0.0,10.0,subplot,5,unrelated,unrelated,,,unrelated,True,OK
NA0_LAG10_003_subplot,NA0_LAG10,0.0,10.0,subplot,6,unrelated,unrelated,,,unrelated,True,OK
NA0_LAG10_004_overlay,NA0_LAG10,0.0,10.0,overlay,1,unrelated,unrelated,,,unrelated,True,OK
NA0_LAG10_004_overlay,NA0_LAG10,0.0,10.0,overlay,2,unrelated,unrelated,,,unrelated,True,OK
NA0_LAG10_004_overlay,NA0_LAG10,0.0,10.0,overlay,3,unrelated,unrelated,,,unrelated,True,OK
NA0_LAG10_004_overlay,NA0_LAG10,0.0,10.0,overlay,4,unrelated,unrelated,,,unrelated,True,OK
NA0_LAG10_004_overlay,NA0_LAG10,0.0,10.0,overlay,6,unrelated,unrelated,,,unrelated,True,OK
NA0_LAG10_004_subplot,NA0_LAG10,0.0,10.0,subplot,1,unrelated,unrelated,,,unrelated,True,OK
NA0_LAG10_004_subplot,NA0_LAG10,0.0,10.0,subplot,2,unrelated,unrelated,,,affected,False,OK
NA0_LAG10_004_subplot,NA0_LAG10,0.0,10.0,subplot,3,unrelated,unrelated,,,unrelated,True,OK
NA0_LAG10_004_subplot,NA0_LAG10,0.0,10.0,subplot,4,unrelated,unrelated,,,affected,False,OK
NA0_LAG10_004_subplot,NA0_LAG10,0.0,10.0,subplot,6,unrelated,unrelated,,,unrelated,True,OK
NA0_LAG10_005_overlay,NA0_LAG10,0.0,10.0,overlay,1,unrelated,unrelated,,,unrelated,True,OK
NA0_LAG10_005_overlay,NA0_LAG10,0.0,10.0,overlay,2,unrelated,unrelated,,,unrelated,True,OK
NA0_LAG10_005_overlay,NA0_LAG10,0.0,10.0,overlay,4,unrelated,unrelated,,,unrelated,True,OK
NA0_LAG10_005_overlay,NA0_LAG10,0.0,10.0,overlay,5,unrelated,unrelated,,,unrelated,True,OK
NA0_LAG10_005_overlay,NA0_LAG10,0.0,10.0,overlay,6,unrelated,unrelated,,,unrelated,True,OK
NA0_LAG10_005_subplot,NA0_LAG10,0.0,10.0,subplot,1,unrelated,unrelated,,,affected,False,OK
NA0_LAG10_005_subplot,NA0_LAG10,0.0,10.0,subplot,2,unrelated,unrelated,,,affected,False,OK
NA0_LAG10_005_subplot,NA0_LAG10,0.0,10.0,subplot,4,unrelated,unrelated,,,affected,False,OK
NA0_LAG10_005_subplot,NA0_LAG10,0.0,10.0,subplot,5,unrelated,unrelated,,,affected,False,OK
NA0_LAG10_005_subplot,NA0_LAG10,0.0,10.0,subplot,6,unrelated,unrelated,,,unrelated,True,OK
NA0_LAG10_006_overlay,NA0_LAG10,0.0,10.0,overlay,1,unrelated,unrelated,,,unrelated,True,OK
NA0_LAG10_006_overlay,NA0_LAG10,0.0,10.0,overlay,2,unrelated,unrelated,,,unrelated,True,OK
NA0_LAG10_006_overlay,NA0_LAG10,0.0,10.0,overlay,3,unrelated,unrelated,,,unrelated,True,OK
NA0_LAG10_006_overlay,NA0_LAG10,0.0,10.0,overlay,5,unrelated,unrelated,,,unrelated,True,OK
NA0_LAG10_006_overlay,NA0_LAG10,0.0,10.0,overlay,6,unrelated,unrelated,,,unrelated,True,OK
NA0_LAG10_006_subplot,NA0_LAG10,0.0,10.0,subplot,1,unrelated,unrelated,,,affected,False,OK
NA0_LAG10_006_subplot,NA0_LAG10,0.0,10.0,subplot,2,unrelated,unrelated,,,affected,False,OK
NA0_LAG10_006_subplot,NA0_LAG10,0.0,10.0,subplot,3,unrelated,unrelated,,,affected,False,OK
NA0_LAG10_006_subplot,NA0_LAG10,0.0,10.0,subplot,5,unrelated,unrelated,,,affected,False,OK
NA0_LAG10_006_subplot,NA0_LAG10,0.0,10.0,subplot,6,unrelated,unrelated,,,affected,False,OK
NA0_LAG10_007_overlay,NA0_LAG10,0.0,10.0,overlay,2,unrelated,unrelated,,,unrelated,True,OK
NA0_LAG10_007_overlay,NA0_LAG10,0.0,10.0,overlay,3,unrelated,unrelated,,,unrelated,True,OK
NA0_LAG10_007_overlay,NA0_LAG10,0.0,10.0,overlay,4,unrelated,unrelated,,,unrelated,True,OK
NA0_LAG10_007_overlay,NA0_LAG10,0.0,10.0,overlay,5,unrelated,unrelated,,,unrelated,True,OK
NA0_LAG10_007_overlay,NA0_LAG10,0.0,10.0,overlay,6,unrelated,unrelated,,,unrelated,True,OK
NA0_LAG10_007_subplot,NA0_LAG10,0.0,10.0,subplot,2,unrelated,unrelated,,,unrelated,True,OK
NA0_LAG10_007_subplot,NA0_LAG10,0.0,10.0,subplot,3,unrelated,unrelated,,,unrelated,True,OK
NA0_LAG10_007_subplot,NA0_LAG10,0.0,10.0,subplot,4,unrelated,unrelated,,,unrelated,True,OK
NA0_LAG10_007_subplot,NA0_LAG10,0.0,10.0,subplot,5,unrelated,unrelated,,,unrelated,True,OK
NA0_LAG10_007_subplot,NA0_LAG10,0.0,10.0,subplot,6,unrelated,unrelated,,,unrelated,True,OK
NA0_LAG10_008_overlay,NA0_LAG10,0.0,10.0,overlay,1,unrelated,unrelated,,,unrelated,True,OK
NA0_LAG10_008_overlay,NA0_LAG10,0.0,10.0,overlay,2,unrelated,unrelated,,,unrelated,True,OK
NA0_LAG10_008_overlay,NA0_LAG10,0.0,10.0,overlay,4,unrelated,unrelated,,,unrelated,True,OK
NA0_LAG10_008_overlay,NA0_LAG10,0.0,10.0,overlay,5,unrelated,unrelated,,,unrelated,True,OK
NA0_LAG10_008_overlay,NA0_LAG10,0.0,10.0,overlay,6,unrelated,unrelated,,,unrelated,True,OK
NA0_LAG10_008_subplot,NA0_LAG10,0.0,10.0,subplot,1,unrelated,unrelated,,,affected,False,OK
NA0_LAG10_008_subplot,NA0_LAG10,0.0,10.0,subplot,2,unrelated,unrelated,,,affected,False,OK
NA0_LAG10_008_subplot,NA0_LAG10,0.0,10.0,subplot,4,unrelated,unrelated,,,affected,False,OK
NA0_LAG10_008_subplot,NA0_LAG10,0.0,10.0,subplot,5,unrelated,unrelated,,,unrelated,True,OK
NA0_LAG10_008_subplot,NA0_LAG10,0.0,10.0,subplot,6,unrelated,unrelated,,,affected,False,OK
NA0_LAG10_009_overlay,NA0_LAG10,0.0,10.0,overlay,1,unrelated,unrelated,,,unrelated,True,OK
NA0_LAG10_009_overlay,NA0_LAG10,0.0,10.0,overlay,2,unrelated,unrelated,,,unrelated,True,OK
NA0_LAG10_009_overlay,NA0_LAG10,0.0,10.0,overlay,3,unrelated,unrelated,,,unrelated,True,OK
NA0_LAG10_009_overlay,NA0_LAG10,0.0,10.0,overlay,4,unrelated,unrelated,,,unrelated,True,OK
NA0_LAG10_009_overlay,NA0_LAG10,0.0,10.0,overlay,6,unrelated,unrelated,,,unrelated,True,OK
NA0_LAG10_009_subplot,NA0_LAG10,0.0,10.0,subplot,1,unrelated,unrelated,,,unrelated,True,OK
NA0_LAG10_009_subplot,NA0_LAG10,0.0,10.0,subplot,2,unrelated,unrelated,,,unrelated,True,OK
NA0_LAG10_009_subplot,NA0_LAG10,0.0,10.0,subplot,3,unrelated,unrelated,,,unrelated,True,OK
NA0_LAG10_009_subplot,NA0_LAG10,0.0,10.0,subplot,4,unrelated,unrelated,,,unrelated,True,OK
NA0_LAG10_009_subplot,NA0_LAG10,0.0,10.0,subplot,6,unrelated,unrelated,,,unrelated,True,OK
NA0_LAG10_010_overlay,NA0_LAG10,0.0,10.0,overlay,1,unrelated,unrelated,,,unrelated,True,OK
NA0_LAG10_010_overlay,NA0_LAG10,0.0,10.0,overlay,2,unrelated,unrelated,,,unrelated,True,OK
NA0_LAG10_010_overlay,NA0_LAG10,0.0,10.0,overlay,3,unrelated,unrelated,,,unrelated,True,OK
NA0_LAG10_010_overlay,NA0_LAG10,0.0,10.0,overlay,4,unrelated,unrelated,,,unrelated,True,OK
NA0_LAG10_010_overlay,NA0_LAG10,0.0,10.0,overlay,6,unrelated,unrelated,,,unrelated,True,OK
NA0_LAG10_010_subplot,NA0_LAG10,0.0,10.0,subplot,1,unrelated,unrelated,,,affected,False,OK
NA0_LAG10_010_subplot,NA0_LAG10,0.0,10.0,subplot,2,unrelated,unrelated,,,affected,False,OK
NA0_LAG10_010_subplot,NA0_LAG10,0.0,10.0,subplot,3,unrelated,unrelated,,,affected,False,OK
NA0_LAG10_010_subplot,NA0_LAG10,0.0,10.0,subplot,4,unrelated,unrelated,,,affected,False,OK
NA0_LAG10_010_subplot,NA0_LAG10,0.0,10.0,subplot,6,unrelated,unrelated,,,unrelated,True,OK
NA0_LAG10_011_overlay,NA0_LAG10,0.0,10.0,overlay,1,unrelated,unrelated,,,unrelated,True,OK
NA0_LAG10_011_overlay,NA0_LAG10,0.0,10.0,overlay,3,unrelated,unrelated,,,unrelated,True,OK
NA0_LAG10_011_overlay,NA0_LAG10,0.0,10.0,overlay,4,unrelated,unrelated,,,unrelated,True,OK
NA0_LAG10_011_overlay,NA0_LAG10,0.0,10.0,overlay,5,unrelated,unrelated,,,unrelated,True,OK
NA0_LAG10_011_overlay,NA0_LAG10,0.0,10.0,overlay,6,unrelated,unrelated,,,unrelated,True,OK
NA0_LAG10_011_subplot,NA0_LAG10,0.0,10.0,subplot,1,unrelated,unrelated,,,unrelated,True,OK
NA0_LAG10_011_subplot,NA0_LAG10,0.0,10.0,subplot,3,unrelated,unrelated,,,affected,False,OK
NA0_LAG10_011_subplot,NA0_LAG10,0.0,10.0,subplot,4,unrelated,unrelated,,,unrelated,True,OK
NA0_LAG10_011_subplot,NA0_LAG10,0.0,10.0,subplot,5,unrelated,unrelated,,,unrelated,True,OK
NA0_LAG10_011_subplot,NA0_LAG10,0.0,10.0,subplot,6,unrelated,unrelated,,,unrelated,True,OK
NA0_LAG10_012_overlay,NA0_LAG10,0.0,10.0,overlay,1,unrelated,unrelated,,,unrelated,True,OK
NA0_LAG10_012_overlay,NA0_LAG10,0.0,10.0,overlay,2,unrelated,unrelated,,,unrelated,True,OK
NA0_LAG10_012_overlay,NA0_LAG10,0.0,10.0,overlay,3,unrelated,unrelated,,,unrelated,True,OK
NA0_LAG10_012_overlay,NA0_LAG10,0.0,10.0,overlay,4,unrelated,unrelated,,,unrelated,True,OK
NA0_LAG10_012_overlay,NA0_LAG10,0.0,10.0,overlay,6,unrelated,unrelated,,,unrelated,True,OK
NA0_LAG10_012_subplot,NA0_LAG10,0.0,10.0,subplot,1,unrelated,unrelated,,,affected,False,OK
NA0_LAG10_012_subplot,NA0_LAG10,0.0,10.0,subplot,2,unrelated,unrelated,,,affected,False,OK
NA0_LAG10_012_subplot,NA0_LAG10,0.0,10.0,subplot,3,unrelated,unrelated,,,affected,False,OK
NA0_LAG10_012_subplot,NA0_LAG10,0.0,10.0,subplot,4,unrelated,unrelated,,,affected,False,OK
NA0_LAG10_012_subplot,NA0_LAG10,0.0,10.0,subplot,6,unrelated,unrelated,,,unrelated,True,OK
NA0_LAG10_013_overlay,NA0_LAG10,0.0,10.0,overlay,2,unrelated,unrelated,,,unrelated,True,OK
NA0_LAG10_013_overlay,NA0_LAG10,0.0,10.0,overlay,3,unrelated,unrelated,,,unrelated,True,OK
NA0_LAG10_013_overlay,NA0_LAG10,0.0,10.0,overlay,4,unrelated,unrelated,,,unrelated,True,OK
NA0_LAG10_013_overlay,NA0_LAG10,0.0,10.0,overlay,5,unrelated,unrelated,,,unrelated,True,OK
NA0_LAG10_013_overlay,NA0_LAG10,0.0,10.0,overlay,6,unrelated,unrelated,,,unrelated,True,OK
NA0_LAG10_013_subplot,NA0_LAG10,0.0,10.0,subplot,2,unrelated,unrelated,,,root,False,OK
NA0_LAG10_013_subplot,NA0_LAG10,0.0,10.0,subplot,3,unrelated,unrelated,,,unrelated,True,OK
NA0_LAG10_013_subplot,NA0_LAG10,0.0,10.0,subplot,4,unrelated,unrelated,,,unrelated,True,OK
NA0_LAG10_013_subplot,NA0_LAG10,0.0,10.0,subplot,5,unrelated,unrelated,,,affected,False,OK
NA0_LAG10_013_subplot,NA0_LAG10,0.0,10.0,subplot,6,unrelated,unrelated,,,affected,False,OK
NA0_LAG10_014_overlay,NA0_LAG10,0.0,10.0,overlay,1,unrelated,unrelated,,,unrelated,True,OK
NA0_LAG10_014_overlay,NA0_LAG10,0.0,10.0,overlay,2,unrelated,unrelated,,,unrelated,True,OK
NA0_LAG10_014_overlay,NA0_LAG10,0.0,10.0,overlay,3,unrelated,unrelated,,,unrelated,True,OK
NA0_LAG10_014_overlay,NA0_LAG10,0.0,10.0,overlay,5,unrelated,unrelated,,,unrelated,True,OK
NA0_LAG10_014_overlay,NA0_LAG10,0.0,10.0,overlay,6,unrelated,unrelated,,,unrelated,True,OK
NA0_LAG10_014_subplot,NA0_LAG10,0.0,10.0,subplot,1,unrelated,unrelated,,,unrelated,True,OK
NA0_LAG10_014_subplot,NA0_LAG10,0.0,10.0,subplot,2,unrelated,unrelated,,,unrelated,True,OK
NA0_LAG10_014_subplot,NA0_LAG10,0.0,10.0,subplot,3,unrelated,unrelated,,,unrelated,True,OK
NA0_LAG10_014_subplot,NA0_LAG10,0.0,10.0,subplot,5,unrelated,unrelated,,,unrelated,True,OK
NA0_LAG10_014_subplot,NA0_LAG10,0.0,10.0,subplot,6,unrelated,unrelated,,,unrelated,True,OK
NA0_LAG10_015_overlay,NA0_LAG10,0.0,10.0,overlay,1,unrelated,unrelated,,,unrelated,True,OK
NA0_LAG10_015_overlay,NA0_LAG10,0.0,10.0,overlay,2,unrelated,unrelated,,,unrelated,True,OK
NA0_LAG10_015_overlay,NA0_LAG10,0.0,10.0,overlay,3,unrelated,unrelated,,,unrelated,True,OK
NA0_LAG10_015_overlay,NA0_LAG10,0.0,10.0,overlay,5,unrelated,unrelated,,,unrelated,True,OK
NA0_LAG10_015_overlay,NA0_LAG10,0.0,10.0,overlay,6,unrelated,unrelated,,,unrelated,True,OK
NA0_LAG10_015_subplot,NA0_LAG10,0.0,10.0,subplot,1,unrelated,unrelated,,,unrelated,True,OK
NA0_LAG10_015_subplot,NA0_LAG10,0.0,10.0,subplot,2,unrelated,unrelated,,,unrelated,True,OK
NA0_LAG10_015_subplot,NA0_LAG10,0.0,10.0,subplot,3,unrelated,unrelated,,,unrelated,True,OK
NA0_LAG10_015_subplot,NA0_LAG10,0.0,10.0,subplot,5,unrelated,unrelated,,,unrelated,True,OK
NA0_LAG10_015_subplot,NA0_LAG10,0.0,10.0,subplot,6,unrelated,unrelated,,,unrelated,True,OK
NA0_LAG10_016_overlay,NA0_LAG10,0.0,10.0,overlay,1,unrelated,unrelated,,,unrelated,True,OK
NA0_LAG10_016_overlay,NA0_LAG10,0.0,10.0,overlay,2,unrelated,unrelated,,,unrelated,True,OK
NA0_LAG10_016_overlay,NA0_LAG10,0.0,10.0,overlay,3,unrelated,unrelated,,,unrelated,True,OK
NA0_LAG10_016_overlay,NA0_LAG10,0.0,10.0,overlay,5,unrelated,unrelated,,,unrelated,True,OK
NA0_LAG10_016_overlay,NA0_LAG10,0.0,10.0,overlay,6,unrelated,unrelated,,,unrelated,True,OK
NA0_LAG10_016_subplot,NA0_LAG10,0.0,10.0,subplot,1,unrelated,unrelated,,,unrelated,True,OK
NA0_LAG10_016_subplot,NA0_LAG10,0.0,10.0,subplot,2,unrelated,unrelated,,,affected,False,OK
NA0_LAG10_016_subplot,NA0_LAG10,0.0,10.0,subplot,3,unrelated,unrelated,,,unrelated,True,OK
NA0_LAG10_016_subplot,NA0_LAG10,0.0,10.0,subplot,5,unrelated,unrelated,,,unrelated,True,OK
NA0_LAG10_016_subplot,NA0_LAG10,0.0,10.0,subplot,6,unrelated,unrelated,,,unrelated,True,OK
NA0_LAG10_017_overlay,NA0_LAG10,0.0,10.0,overlay,1,unrelated,unrelated,,,unrelated,True,OK
NA0_LAG10_017_overlay,NA0_LAG10,0.0,10.0,overlay,2,unrelated,unrelated,,,unrelated,True,OK
NA0_LAG10_017_overlay,NA0_LAG10,0.0,10.0,overlay,3,unrelated,unrelated,,,unrelated,True,OK
NA0_LAG10_017_overlay,NA0_LAG10,0.0,10.0,overlay,4,unrelated,unrelated,,,unrelated,True,OK
NA0_LAG10_017_overlay,NA0_LAG10,0.0,10.0,overlay,5,unrelated,unrelated,,,unrelated,True,OK
NA0_LAG10_017_subplot,NA0_LAG10,0.0,10.0,subplot,1,unrelated,unrelated,,,unrelated,True,OK
NA0_LAG10_017_subplot,NA0_LAG10,0.0,10.0,subplot,2,unrelated,unrelated,,,unrelated,True,OK
NA0_LAG10_017_subplot,NA0_LAG10,0.0,10.0,subplot,3,unrelated,unrelated,,,unrelated,True,OK
NA0_LAG10_017_subplot,NA0_LAG10,0.0,10.0,subplot,4,unrelated,unrelated,,,unrelated,True,OK
NA0_LAG10_017_subplot,NA0_LAG10,0.0,10.0,subplot,5,unrelated,unrelated,,,unrelated,True,OK
NA0_LAG10_018_overlay,NA0_LAG10,0.0,10.0,overlay,1,unrelated,unrelated,,,unrelated,True,OK
NA0_LAG10_018_overlay,NA0_LAG10,0.0,10.0,overlay,2,unrelated,unrelated,,,unrelated,True,OK
NA0_LAG10_018_overlay,NA0_LAG10,0.0,10.0,overlay,3,unrelated,unrelated,,,unrelated,True,OK
NA0_LAG10_018_overlay,NA0_LAG10,0.0,10.0,overlay,4,unrelated,unrelated,,,unrelated,True,OK
NA0_LAG10_018_overlay,NA0_LAG10,0.0,10.0,overlay,5,unrelated,unrelated,,,unrelated,True,OK
NA0_LAG10_018_subplot,NA0_LAG10,0.0,10.0,subplot,1,unrelated,unrelated,,,unrelated,True,OK
NA0_LAG10_018_subplot,NA0_LAG10,0.0,10.0,subplot,2,unrelated,unrelated,,,unrelated,True,OK
NA0_LAG10_018_subplot,NA0_LAG10,0.0,10.0,subplot,3,unrelated,unrelated,,,unrelated,True,OK
NA0_LAG10_018_subplot,NA0_LAG10,0.0,10.0,subplot,4,unrelated,unrelated,,,unrelated,True,OK
NA0_LAG10_018_subplot,NA0_LAG10,0.0,10.0,subplot,5,unrelated,unrelated,,,unrelated,True,OK
NA0_LAG10_019_overlay,NA0_LAG10,0.0,10.0,overlay,1,unrelated,unrelated,,,unrelated,True,OK
NA0_LAG10_019_overlay,NA0_LAG10,0.0,10.0,overlay,2,unrelated,unrelated,,,unrelated,True,OK
NA0_LAG10_019_overlay,NA0_LAG10,0.0,10.0,overlay,4,unrelated,unrelated,,,unrelated,True,OK
NA0_LAG10_019_overlay,NA0_LAG10,0.0,10.0,overlay,5,unrelated,unrelated,,,unrelated,True,OK
NA0_LAG10_019_overlay,NA0_LAG10,0.0,10.0,overlay,6,unrelated,unrelated,,,unrelated,True,OK
NA0_LAG10_019_subplot,NA0_LAG10,0.0,10.0,subplot,1,unrelated,unrelated,,,unrelated,True,OK
NA0_LAG10_019_subplot,NA0_LAG10,0.0,10.0,subplot,2,unrelated,unrelated,,,unrelated,True,OK
NA0_LAG10_019_subplot,NA0_LAG10,0.0,10.0,subplot,4,unrelated,unrelated,,,unrelated,True,OK
NA0_LAG10_019_subplot,NA0_LAG10,0.0,10.0,subplot,5,unrelated,unrelated,,,unrelated,True,OK
NA0_LAG10_019_subplot,NA0_LAG10,0.0,10.0,subplot,6,unrelated,unrelated,,,unrelated,True,OK
NA0_LAG10_020_overlay,NA0_LAG10,0.0,10.0,overlay,1,unrelated,unrelated,,,unrelated,True,OK
NA0_LAG10_020_overlay,NA0_LAG10,0.0,10.0,overlay,2,unrelated,unrelated,,,unrelated,True,OK
NA0_LAG10_020_overlay,NA0_LAG10,0.0,10.0,overlay,3,unrelated,unrelated,,,unrelated,True,OK
NA0_LAG10_020_overlay,NA0_LAG10,0.0,10.0,overlay,4,unrelated,unrelated,,,unrelated,True,OK
NA0_LAG10_020_overlay,NA0_LAG10,0.0,10.0,overlay,5,unrelated,unrelated,,,unrelated,True,OK
NA0_LAG10_020_subplot,NA0_LAG10,0.0,10.0,subplot,1,unrelated,unrelated,,,unrelated,True,OK
NA0_LAG10_020_subplot,NA0_LAG10,0.0,10.0,subplot,2,unrelated,unrelated,,,unrelated,True,OK
NA0_LAG10_020_subplot,NA0_LAG10,0.0,10.0,subplot,3,unrelated,unrelated,,,unrelated,True,OK
NA0_LAG10_020_subplot,NA0_LAG10,0.0,10.0,subplot,4,unrelated,unrelated,,,unrelated,True,OK
NA0_LAG10_020_subplot,NA0_LAG10,0.0,10.0,subplot,5,unrelated,unrelated,,,unrelated,True,OK
NA0_LAG10_021_overlay,NA0_LAG10,0.0,10.0,overlay,1,unrelated,unrelated,,,unrelated,True,OK
NA0_LAG10_021_overlay,NA0_LAG10,0.0,10.0,overlay,3,unrelated,unrelated,,,unrelated,True,OK
NA0_LAG10_021_overlay,NA0_LAG10,0.0,10.0,overlay,4,unrelated,unrelated,,,unrelated,True,OK
NA0_LAG10_021_overlay,NA0_LAG10,0.0,10.0,overlay,5,unrelated,unrelated,,,unrelated,True,OK
NA0_LAG10_021_overlay,NA0_LAG10,0.0,10.0,overlay,6,unrelated,unrelated,,,unrelated,True,OK
NA0_LAG10_021_subplot,NA0_LAG10,0.0,10.0,subplot,1,unrelated,unrelated,,,unrelated,True,OK
NA0_LAG10_021_subplot,NA0_LAG10,0.0,10.0,subplot,3,unrelated,unrelated,,,unrelated,True,OK
NA0_LAG10_021_subplot,NA0_LAG10,0.0,10.0,subplot,4,unrelated,unrelated,,,unrelated,True,OK
NA0_LAG10_021_subplot,NA0_LAG10,0.0,10.0,subplot,5,unrelated,unrelated,,,unrelated,True,OK
NA0_LAG10_021_subplot,NA0_LAG10,0.0,10.0,subplot,6,unrelated,unrelated,,,unrelated,True,OK
NA0_LAG10_022_overlay,NA0_LAG10,0.0,10.0,overlay,1,unrelated,unrelated,,,unrelated,True,OK
NA0_LAG10_022_overlay,NA0_LAG10,0.0,10.0,overlay,2,unrelated,unrelated,,,unrelated,True,OK
NA0_LAG10_022_overlay,NA0_LAG10,0.0,10.0,overlay,3,unrelated,unrelated,,,unrelated,True,OK
NA0_LAG10_022_overlay,NA0_LAG10,0.0,10.0,overlay,4,unrelated,unrelated,,,unrelated,True,OK
NA0_LAG10_022_overlay,NA0_LAG10,0.0,10.0,overlay,5,unrelated,unrelated,,,unrelated,True,OK
NA0_LAG10_022_subplot,NA0_LAG10,0.0,10.0,subplot,1,unrelated,unrelated,,,unrelated,True,OK
NA0_LAG10_022_subplot,NA0_LAG10,0.0,10.0,subplot,2,unrelated,unrelated,,,affected,False,OK
NA0_LAG10_022_subplot,NA0_LAG10,0.0,10.0,subplot,3,unrelated,unrelated,,,unrelated,True,OK
NA0_LAG10_022_subplot,NA0_LAG10,0.0,10.0,subplot,4,unrelated,unrelated,,,affected,False,OK
NA0_LAG10_022_subplot,NA0_LAG10,0.0,10.0,subplot,5,unrelated,unrelated,,,affected,False,OK
NA0_LAG10_023_overlay,NA0_LAG10,0.0,10.0,overlay,1,unrelated,unrelated,,,unrelated,True,OK
NA0_LAG10_023_overlay,NA0_LAG10,0.0,10.0,overlay,3,unrelated,unrelated,,,unrelated,True,OK
NA0_LAG10_023_overlay,NA0_LAG10,0.0,10.0,overlay,4,unrelated,unrelated,,,unrelated,True,OK
NA0_LAG10_023_overlay,NA0_LAG10,0.0,10.0,overlay,5,unrelated,unrelated,,,unrelated,True,OK
NA0_LAG10_023_overlay,NA0_LAG10,0.0,10.0,overlay,6,unrelated,unrelated,,,unrelated,True,OK
NA0_LAG10_023_subplot,NA0_LAG10,0.0,10.0,subplot,1,unrelated,unrelated,,,unrelated,True,OK
NA0_LAG10_023_subplot,NA0_LAG10,0.0,10.0,subplot,3,unrelated,unrelated,,,unrelated,True,OK
NA0_LAG10_023_subplot,NA0_LAG10,0.0,10.0,subplot,4,unrelated,unrelated,,,unrelated,True,OK
NA0_LAG10_023_subplot,NA0_LAG10,0.0,10.0,subplot,5,unrelated,unrelated,,,unrelated,True,OK
NA0_LAG10_023_subplot,NA0_LAG10,0.0,10.0,subplot,6,unrelated,unrelated,,,unrelated,True,OK
NA0_LAG10_024_overlay,NA0_LAG10,0.0,10.0,overlay,1,unrelated,unrelated,,,unrelated,True,OK
NA0_LAG10_024_overlay,NA0_LAG10,0.0,10.0,overlay,2,unrelated,unrelated,,,unrelated,True,OK
NA0_LAG10_024_overlay,NA0_LAG10,0.0,10.0,overlay,3,unrelated,unrelated,,,unrelated,True,OK
NA0_LAG10_024_overlay,NA0_LAG10,0.0,10.0,overlay,5,unrelated,unrelated,,,unrelated,True,OK
NA0_LAG10_024_overlay,NA0_LAG10,0.0,10.0,overlay,6,unrelated,unrelated,,,root,False,OK
NA0_LAG10_024_subplot,NA0_LAG10,0.0,10.0,subplot,1,unrelated,unrelated,,,unrelated,True,OK
NA0_LAG10_024_subplot,NA0_LAG10,0.0,10.0,subplot,2,unrelated,unrelated,,,unrelated,True,OK
NA0_LAG10_024_subplot,NA0_LAG10,0.0,10.0,subplot,3,unrelated,unrelated,,,unrelated,True,OK
NA0_LAG10_024_subplot,NA0_LAG10,0.0,10.0,subplot,5,unrelated,unrelated,,,unrelated,True,OK
NA0_LAG10_024_subplot,NA0_LAG10,0.0,10.0,subplot,6,unrelated,unrelated,,,unrelated,True,OK
NA0_LAG10_025_overlay,NA0_LAG10,0.0,10.0,overlay,1,unrelated,unrelated,,,unrelated,True,OK
NA0_LAG10_025_overlay,NA0_LAG10,0.0,10.0,overlay,2,unrelated,unrelated,,,unrelated,True,OK
NA0_LAG10_025_overlay,NA0_LAG10,0.0,10.0,overlay,3,unrelated,unrelated,,,unrelated,True,OK
NA0_LAG10_025_overlay,NA0_LAG10,0.0,10.0,overlay,4,unrelated,unrelated,,,unrelated,True,OK
NA0_LAG10_025_overlay,NA0_LAG10,0.0,10.0,overlay,6,unrelated,unrelated,,,affected,False,OK
NA0_LAG10_025_subplot,NA0_LAG10,0.0,10.0,subplot,1,unrelated,unrelated,,,unrelated,True,OK
NA0_LAG10_025_subplot,NA0_LAG10,0.0,10.0,subplot,2,unrelated,unrelated,,,unrelated,True,OK
NA0_LAG10_025_subplot,NA0_LAG10,0.0,10.0,subplot,3,unrelated,unrelated,,,unrelated,True,OK
NA0_LAG10_025_subplot,NA0_LAG10,0.0,10.0,subplot,4,unrelated,unrelated,,,unrelated,True,OK
NA0_LAG10_025_subplot,NA0_LAG10,0.0,10.0,subplot,6,unrelated,unrelated,,,unrelated,True,OK
NA0_LAG10_026_overlay,NA0_LAG10,0.0,10.0,overlay,1,unrelated,unrelated,,,unrelated,True,OK
NA0_LAG10_026_overlay,NA0_LAG10,0.0,10.0,overlay,2,unrelated,unrelated,,,unrelated,True,OK
NA0_LAG10_026_overlay,NA0_LAG10,0.0,10.0,overlay,3,unrelated,unrelated,,,unrelated,True,OK
NA0_LAG10_026_overlay,NA0_LAG10,0.0,10.0,overlay,5,unrelated,unrelated,,,unrelated,True,OK
NA0_LAG10_026_overlay,NA0_LAG10,0.0,10.0,overlay,6,unrelated,unrelated,,,unrelated,True,OK
NA0_LAG10_026_subplot,NA0_LAG10,0.0,10.0,subplot,1,unrelated,unrelated,,,unrelated,True,OK
NA0_LAG10_026_subplot,NA0_LAG10,0.0,10.0,subplot,2,unrelated,unrelated,,,unrelated,True,OK
NA0_LAG10_026_subplot,NA0_LAG10,0.0,10.0,subplot,3,unrelated,unrelated,,,unrelated,True,OK
NA0_LAG10_026_subplot,NA0_LAG10,0.0,10.0,subplot,5,unrelated,unrelated,,,unrelated,True,OK
NA0_LAG10_026_subplot,NA0_LAG10,0.0,10.0,subplot,6,unrelated,unrelated,,,unrelated,True,OK
NA0_LAG10_027_overlay,NA0_LAG10,0.0,10.0,overlay,1,unrelated,unrelated,,,unrelated,True,OK
NA0_LAG10_027_overlay,NA0_LAG10,0.0,10.0,overlay,2,unrelated,unrelated,,,unrelated,True,OK
NA0_LAG10_027_overlay,NA0_LAG10,0.0,10.0,overlay,3,unrelated,unrelated,,,unrelated,True,OK
NA0_LAG10_027_overlay,NA0_LAG10,0.0,10.0,overlay,5,unrelated,unrelated,,,unrelated,True,OK
NA0_LAG10_027_overlay,NA0_LAG10,0.0,10.0,overlay,6,unrelated,unrelated,,,unrelated,True,OK
NA0_LAG10_027_subplot,NA0_LAG10,0.0,10.0,subplot,1,unrelated,unrelated,,,unrelated,True,OK
NA0_LAG10_027_subplot,NA0_LAG10,0.0,10.0,subplot,2,unrelated,unrelated,,,affected,False,OK
NA0_LAG10_027_subplot,NA0_LAG10,0.0,10.0,subplot,3,unrelated,unrelated,,,unrelated,True,OK
NA0_LAG10_027_subplot,NA0_LAG10,0.0,10.0,subplot,5,unrelated,unrelated,,,unrelated,True,OK
NA0_LAG10_027_subplot,NA0_LAG10,0.0,10.0,subplot,6,unrelated,unrelated,,,unrelated,True,OK
NA0_LAG10_028_overlay,NA0_LAG10,0.0,10.0,overlay,1,unrelated,unrelated,,,unrelated,True,OK
NA0_LAG10_028_overlay,NA0_LAG10,0.0,10.0,overlay,2,unrelated,unrelated,,,unrelated,True,OK
NA0_LAG10_028_overlay,NA0_LAG10,0.0,10.0,overlay,3,unrelated,unrelated,,,unrelated,True,OK
NA0_LAG10_028_overlay,NA0_LAG10,0.0,10.0,overlay,5,unrelated,unrelated,,,unrelated,True,OK
NA0_LAG10_028_overlay,NA0_LAG10,0.0,10.0,overlay,6,unrelated,unrelated,,,unrelated,True,OK
NA0_LAG10_028_subplot,NA0_LAG10,0.0,10.0,subplot,1,unrelated,unrelated,,,unrelated,True,OK
NA0_LAG10_028_subplot,NA0_LAG10,0.0,10.0,subplot,2,unrelated,unrelated,,,unrelated,True,OK
NA0_LAG10_028_subplot,NA0_LAG10,0.0,10.0,subplot,3,unrelated,unrelated,,,unrelated,True,OK
NA0_LAG10_028_subplot,NA0_LAG10,0.0,10.0,subplot,5,unrelated,unrelated,,,unrelated,True,OK
NA0_LAG10_028_subplot,NA0_LAG10,0.0,10.0,subplot,6,unrelated,unrelated,,,unrelated,True,OK
NA0_LAG10_029_overlay,NA0_LAG10,0.0,10.0,overlay,1,unrelated,unrelated,,,unrelated,True,OK
NA0_LAG10_029_overlay,NA0_LAG10,0.0,10.0,overlay,2,unrelated,unrelated,,,unrelated,True,OK
NA0_LAG10_029_overlay,NA0_LAG10,0.0,10.0,overlay,3,unrelated,unrelated,,,unrelated,True,OK
NA0_LAG10_029_overlay,NA0_LAG10,0.0,10.0,overlay,5,unrelated,unrelated,,,unrelated,True,OK
NA0_LAG10_029_overlay,NA0_LAG10,0.0,10.0,overlay,6,unrelated,unrelated,,,unrelated,True,OK
NA0_LAG10_029_subplot,NA0_LAG10,0.0,10.0,subplot,1,unrelated,unrelated,,,unrelated,True,OK
NA0_LAG10_029_subplot,NA0_LAG10,0.0,10.0,subplot,2,unrelated,unrelated,,,unrelated,True,OK
NA0_LAG10_029_subplot,NA0_LAG10,0.0,10.0,subplot,3,unrelated,unrelated,,,unrelated,True,OK
NA0_LAG10_029_subplot,NA0_LAG10,0.0,10.0,subplot,5,unrelated,unrelated,,,unrelated,True,OK
NA0_LAG10_029_subplot,NA0_LAG10,0.0,10.0,subplot,6,unrelated,unrelated,,,unrelated,True,OK
NA0_LAG50_000_overlay,NA0_LAG50,0.0,50.0,overlay,1,unrelated,unrelated,,,unrelated,True,OK
NA0_LAG50_000_overlay,NA0_LAG50,0.0,50.0,overlay,2,unrelated,unrelated,,,unrelated,True,OK
NA0_LAG50_000_overlay,NA0_LAG50,0.0,50.0,overlay,4,unrelated,unrelated,,,unrelated,True,OK
NA0_LAG50_000_overlay,NA0_LAG50,0.0,50.0,overlay,5,unrelated,unrelated,,,unrelated,True,OK
NA0_LAG50_000_overlay,NA0_LAG50,0.0,50.0,overlay,6,unrelated,unrelated,,,unrelated,True,OK
NA0_LAG50_000_subplot,NA0_LAG50,0.0,50.0,subplot,1,unrelated,unrelated,,,unrelated,True,OK
NA0_LAG50_000_subplot,NA0_LAG50,0.0,50.0,subplot,2,unrelated,unrelated,,,unrelated,True,OK
NA0_LAG50_000_subplot,NA0_LAG50,0.0,50.0,subplot,4,unrelated,unrelated,,,unrelated,True,OK
NA0_LAG50_000_subplot,NA0_LAG50,0.0,50.0,subplot,5,unrelated,unrelated,,,unrelated,True,OK
NA0_LAG50_000_subplot,NA0_LAG50,0.0,50.0,subplot,6,unrelated,unrelated,,,unrelated,True,OK
NA0_LAG50_001_overlay,NA0_LAG50,0.0,50.0,overlay,2,unrelated,unrelated,,,unlabeled,False,PARSE_ERROR
NA0_LAG50_001_overlay,NA0_LAG50,0.0,50.0,overlay,3,unrelated,unrelated,,,unlabeled,False,PARSE_ERROR
NA0_LAG50_001_overlay,NA0_LAG50,0.0,50.0,overlay,4,unrelated,unrelated,,,unlabeled,False,PARSE_ERROR
NA0_LAG50_001_overlay,NA0_LAG50,0.0,50.0,overlay,5,unrelated,unrelated,,,unlabeled,False,PARSE_ERROR
NA0_LAG50_001_overlay,NA0_LAG50,0.0,50.0,overlay,6,unrelated,unrelated,,,unlabeled,False,PARSE_ERROR
NA0_LAG50_001_subplot,NA0_LAG50,0.0,50.0,subplot,2,unrelated,unrelated,,,affected,False,OK
NA0_LAG50_001_subplot,NA0_LAG50,0.0,50.0,subplot,3,unrelated,unrelated,,,affected,False,OK
NA0_LAG50_001_subplot,NA0_LAG50,0.0,50.0,subplot,4,unrelated,unrelated,,,affected,False,OK
NA0_LAG50_001_subplot,NA0_LAG50,0.0,50.0,subplot,5,unrelated,unrelated,,,affected,False,OK
NA0_LAG50_001_subplot,NA0_LAG50,0.0,50.0,subplot,6,unrelated,unrelated,,,affected,False,OK
NA0_LAG50_002_overlay,NA0_LAG50,0.0,50.0,overlay,1,unrelated,unrelated,,,unrelated,True,OK
NA0_LAG50_002_overlay,NA0_LAG50,0.0,50.0,overlay,2,unrelated,unrelated,,,unrelated,True,OK
NA0_LAG50_002_overlay,NA0_LAG50,0.0,50.0,overlay,3,unrelated,unrelated,,,unrelated,True,OK
NA0_LAG50_002_overlay,NA0_LAG50,0.0,50.0,overlay,4,unrelated,unrelated,,,unrelated,True,OK
NA0_LAG50_002_overlay,NA0_LAG50,0.0,50.0,overlay,6,unrelated,unrelated,,,unrelated,True,OK
NA0_LAG50_002_subplot,NA0_LAG50,0.0,50.0,subplot,1,unrelated,unrelated,,,unrelated,True,OK
NA0_LAG50_002_subplot,NA0_LAG50,0.0,50.0,subplot,2,unrelated,unrelated,,,unrelated,True,OK
NA0_LAG50_002_subplot,NA0_LAG50,0.0,50.0,subplot,3,unrelated,unrelated,,,unrelated,True,OK
NA0_LAG50_002_subplot,NA0_LAG50,0.0,50.0,subplot,4,unrelated,unrelated,,,unrelated,True,OK
NA0_LAG50_002_subplot,NA0_LAG50,0.0,50.0,subplot,6,unrelated,unrelated,,,unrelated,True,OK
NA0_LAG50_003_overlay,NA0_LAG50,0.0,50.0,overlay,1,unrelated,unrelated,,,unrelated,True,OK
NA0_LAG50_003_overlay,NA0_LAG50,0.0,50.0,overlay,3,unrelated,unrelated,,,unrelated,True,OK
NA0_LAG50_003_overlay,NA0_LAG50,0.0,50.0,overlay,4,unrelated,unrelated,,,unrelated,True,OK
NA0_LAG50_003_overlay,NA0_LAG50,0.0,50.0,overlay,5,unrelated,unrelated,,,unrelated,True,OK
NA0_LAG50_003_overlay,NA0_LAG50,0.0,50.0,overlay,6,unrelated,unrelated,,,unrelated,True,OK
NA0_LAG50_003_subplot,NA0_LAG50,0.0,50.0,subplot,1,unrelated,unrelated,,,affected,False,OK
NA0_LAG50_003_subplot,NA0_LAG50,0.0,50.0,subplot,3,unrelated,unrelated,,,unrelated,True,OK
NA0_LAG50_003_subplot,NA0_LAG50,0.0,50.0,subplot,4,unrelated,unrelated,,,affected,False,OK
NA0_LAG50_003_subplot,NA0_LAG50,0.0,50.0,subplot,5,unrelated,unrelated,,,unrelated,True,OK
NA0_LAG50_003_subplot,NA0_LAG50,0.0,50.0,subplot,6,unrelated,unrelated,,,unrelated,True,OK
NA0_LAG50_004_overlay,NA0_LAG50,0.0,50.0,overlay,2,unrelated,unrelated,,,unrelated,True,OK
NA0_LAG50_004_overlay,NA0_LAG50,0.0,50.0,overlay,3,unrelated,unrelated,,,unrelated,True,OK
NA0_LAG50_004_overlay,NA0_LAG50,0.0,50.0,overlay,4,unrelated,unrelated,,,unrelated,True,OK
NA0_LAG50_004_overlay,NA0_LAG50,0.0,50.0,overlay,5,unrelated,unrelated,,,unrelated,True,OK
NA0_LAG50_004_overlay,NA0_LAG50,0.0,50.0,overlay,6,unrelated,unrelated,,,unrelated,True,OK
NA0_LAG50_004_subplot,NA0_LAG50,0.0,50.0,subplot,2,unrelated,unrelated,,,affected,False,OK
NA0_LAG50_004_subplot,NA0_LAG50,0.0,50.0,subplot,3,unrelated,unrelated,,,affected,False,OK
NA0_LAG50_004_subplot,NA0_LAG50,0.0,50.0,subplot,4,unrelated,unrelated,,,root,False,OK
NA0_LAG50_004_subplot,NA0_LAG50,0.0,50.0,subplot,5,unrelated,unrelated,,,affected,False,OK
NA0_LAG50_004_subplot,NA0_LAG50,0.0,50.0,subplot,6,unrelated,unrelated,,,affected,False,OK
NA0_LAG50_005_overlay,NA0_LAG50,0.0,50.0,overlay,1,unrelated,unrelated,,,unrelated,True,OK
NA0_LAG50_005_overlay,NA0_LAG50,0.0,50.0,overlay,2,unrelated,unrelated,,,unrelated,True,OK
NA0_LAG50_005_overlay,NA0_LAG50,0.0,50.0,overlay,3,unrelated,unrelated,,,unrelated,True,OK
NA0_LAG50_005_overlay,NA0_LAG50,0.0,50.0,overlay,4,unrelated,unrelated,,,unrelated,True,OK
NA0_LAG50_005_overlay,NA0_LAG50,0.0,50.0,overlay,6,unrelated,unrelated,,,unrelated,True,OK
NA0_LAG50_005_subplot,NA0_LAG50,0.0,50.0,subplot,1,unrelated,unrelated,,,affected,False,OK
NA0_LAG50_005_subplot,NA0_LAG50,0.0,50.0,subplot,2,unrelated,unrelated,,,affected,False,OK
NA0_LAG50_005_subplot,NA0_LAG50,0.0,50.0,subplot,3,unrelated,unrelated,,,affected,False,OK
NA0_LAG50_005_subplot,NA0_LAG50,0.0,50.0,subplot,4,unrelated,unrelated,,,affected,False,OK
NA0_LAG50_005_subplot,NA0_LAG50,0.0,50.0,subplot,6,unrelated,unrelated,,,unrelated,True,OK
NA0_LAG50_006_overlay,NA0_LAG50,0.0,50.0,overlay,1,unrelated,unrelated,,,unrelated,True,OK
NA0_LAG50_006_overlay,NA0_LAG50,0.0,50.0,overlay,3,unrelated,unrelated,,,unrelated,True,OK
NA0_LAG50_006_overlay,NA0_LAG50,0.0,50.0,overlay,4,unrelated,unrelated,,,unrelated,True,OK
NA0_LAG50_006_overlay,NA0_LAG50,0.0,50.0,overlay,5,unrelated,unrelated,,,unrelated,True,OK
NA0_LAG50_006_overlay,NA0_LAG50,0.0,50.0,overlay,6,unrelated,unrelated,,,unrelated,True,OK
NA0_LAG50_006_subplot,NA0_LAG50,0.0,50.0,subplot,1,unrelated,unrelated,,,unrelated,True,OK
NA0_LAG50_006_subplot,NA0_LAG50,0.0,50.0,subplot,3,unrelated,unrelated,,,unrelated,True,OK
NA0_LAG50_006_subplot,NA0_LAG50,0.0,50.0,subplot,4,unrelated,unrelated,,,unrelated,True,OK
NA0_LAG50_006_subplot,NA0_LAG50,0.0,50.0,subplot,5,unrelated,unrelated,,,unrelated,True,OK
NA0_LAG50_006_subplot,NA0_LAG50,0.0,50.0,subplot,6,unrelated,unrelated,,,unrelated,True,OK
NA0_LAG50_007_overlay,NA0_LAG50,0.0,50.0,overlay,1,unrelated,unrelated,,,unrelated,True,OK
NA0_LAG50_007_overlay,NA0_LAG50,0.0,50.0,overlay,2,unrelated,unrelated,,,unrelated,True,OK
NA0_LAG50_007_overlay,NA0_LAG50,0.0,50.0,overlay,3,unrelated,unrelated,,,unrelated,True,OK
NA0_LAG50_007_overlay,NA0_LAG50,0.0,50.0,overlay,5,unrelated,unrelated,,,unrelated,True,OK
NA0_LAG50_007_overlay,NA0_LAG50,0.0,50.0,overlay,6,unrelated,unrelated,,,root,False,OK
NA0_LAG50_007_subplot,NA0_LAG50,0.0,50.0,subplot,1,unrelated,unrelated,,,unrelated,True,OK
NA0_LAG50_007_subplot,NA0_LAG50,0.0,50.0,subplot,2,unrelated,unrelated,,,unrelated,True,OK
NA0_LAG50_007_subplot,NA0_LAG50,0.0,50.0,subplot,3,unrelated,unrelated,,,unrelated,True,OK
NA0_LAG50_007_subplot,NA0_LAG50,0.0,50.0,subplot,5,unrelated,unrelated,,,unrelated,True,OK
NA0_LAG50_007_subplot,NA0_LAG50,0.0,50.0,subplot,6,unrelated,unrelated,,,unrelated,True,OK
NA0_LAG50_008_overlay,NA0_LAG50,0.0,50.0,overlay,1,unrelated,unrelated,,,unrelated,True,OK
NA0_LAG50_008_overlay,NA0_LAG50,0.0,50.0,overlay,2,unrelated,unrelated,,,unrelated,True,OK
NA0_LAG50_008_overlay,NA0_LAG50,0.0,50.0,overlay,3,unrelated,unrelated,,,unrelated,True,OK
NA0_LAG50_008_overlay,NA0_LAG50,0.0,50.0,overlay,4,unrelated,unrelated,,,unrelated,True,OK
NA0_LAG50_008_overlay,NA0_LAG50,0.0,50.0,overlay,6,unrelated,unrelated,,,unrelated,True,OK
NA0_LAG50_008_subplot,NA0_LAG50,0.0,50.0,subplot,1,unrelated,unrelated,,,unrelated,True,OK
NA0_LAG50_008_subplot,NA0_LAG50,0.0,50.0,subplot,2,unrelated,unrelated,,,unrelated,True,OK
NA0_LAG50_008_subplot,NA0_LAG50,0.0,50.0,subplot,3,unrelated,unrelated,,,unrelated,True,OK
NA0_LAG50_008_subplot,NA0_LAG50,0.0,50.0,subplot,4,unrelated,unrelated,,,unrelated,True,OK
NA0_LAG50_008_subplot,NA0_LAG50,0.0,50.0,subplot,6,unrelated,unrelated,,,unrelated,True,OK
NA0_LAG50_009_overlay,NA0_LAG50,0.0,50.0,overlay,1,unrelated,unrelated,,,unrelated,True,OK
NA0_LAG50_009_overlay,NA0_LAG50,0.0,50.0,overlay,2,unrelated,unrelated,,,unrelated,True,OK
NA0_LAG50_009_overlay,NA0_LAG50,0.0,50.0,overlay,4,unrelated,unrelated,,,unrelated,True,OK
NA0_LAG50_009_overlay,NA0_LAG50,0.0,50.0,overlay,5,unrelated,unrelated,,,unrelated,True,OK
NA0_LAG50_009_overlay,NA0_LAG50,0.0,50.0,overlay,6,unrelated,unrelated,,,unrelated,True,OK
NA0_LAG50_009_subplot,NA0_LAG50,0.0,50.0,subplot,1,unrelated,unrelated,,,affected,False,OK
NA0_LAG50_009_subplot,NA0_LAG50,0.0,50.0,subplot,2,unrelated,unrelated,,,affected,False,OK
NA0_LAG50_009_subplot,NA0_LAG50,0.0,50.0,subplot,4,unrelated,unrelated,,,affected,False,OK
NA0_LAG50_009_subplot,NA0_LAG50,0.0,50.0,subplot,5,unrelated,unrelated,,,affected,False,OK
NA0_LAG50_009_subplot,NA0_LAG50,0.0,50.0,subplot,6,unrelated,unrelated,,,affected,False,OK
NA0_LAG50_010_overlay,NA0_LAG50,0.0,50.0,overlay,1,unrelated,unrelated,,,unrelated,True,OK
NA0_LAG50_010_overlay,NA0_LAG50,0.0,50.0,overlay,3,unrelated,unrelated,,,unrelated,True,OK
NA0_LAG50_010_overlay,NA0_LAG50,0.0,50.0,overlay,4,unrelated,unrelated,,,unrelated,True,OK
NA0_LAG50_010_overlay,NA0_LAG50,0.0,50.0,overlay,5,unrelated,unrelated,,,unrelated,True,OK
NA0_LAG50_010_overlay,NA0_LAG50,0.0,50.0,overlay,6,unrelated,unrelated,,,unrelated,True,OK
NA0_LAG50_010_subplot,NA0_LAG50,0.0,50.0,subplot,1,unrelated,unrelated,,,affected,False,OK
NA0_LAG50_010_subplot,NA0_LAG50,0.0,50.0,subplot,3,unrelated,unrelated,,,affected,False,OK
NA0_LAG50_010_subplot,NA0_LAG50,0.0,50.0,subplot,4,unrelated,unrelated,,,unrelated,True,OK
NA0_LAG50_010_subplot,NA0_LAG50,0.0,50.0,subplot,5,unrelated,unrelated,,,affected,False,OK
NA0_LAG50_010_subplot,NA0_LAG50,0.0,50.0,subplot,6,unrelated,unrelated,,,affected,False,OK
NA0_LAG50_011_overlay,NA0_LAG50,0.0,50.0,overlay,2,unrelated,unrelated,,,unrelated,True,OK
NA0_LAG50_011_overlay,NA0_LAG50,0.0,50.0,overlay,3,unrelated,unrelated,,,unrelated,True,OK
NA0_LAG50_011_overlay,NA0_LAG50,0.0,50.0,overlay,4,unrelated,unrelated,,,unrelated,True,OK
NA0_LAG50_011_overlay,NA0_LAG50,0.0,50.0,overlay,5,unrelated,unrelated,,,unrelated,True,OK
NA0_LAG50_011_overlay,NA0_LAG50,0.0,50.0,overlay,6,unrelated,unrelated,,,unrelated,True,OK
NA0_LAG50_011_subplot,NA0_LAG50,0.0,50.0,subplot,2,unrelated,unrelated,,,unrelated,True,OK
NA0_LAG50_011_subplot,NA0_LAG50,0.0,50.0,subplot,3,unrelated,unrelated,,,unrelated,True,OK
NA0_LAG50_011_subplot,NA0_LAG50,0.0,50.0,subplot,4,unrelated,unrelated,,,unrelated,True,OK
NA0_LAG50_011_subplot,NA0_LAG50,0.0,50.0,subplot,5,unrelated,unrelated,,,unrelated,True,OK
NA0_LAG50_011_subplot,NA0_LAG50,0.0,50.0,subplot,6,unrelated,unrelated,,,unrelated,True,OK
NA0_LAG50_012_overlay,NA0_LAG50,0.0,50.0,overlay,1,unrelated,unrelated,,,unrelated,True,OK
NA0_LAG50_012_overlay,NA0_LAG50,0.0,50.0,overlay,3,unrelated,unrelated,,,unrelated,True,OK
NA0_LAG50_012_overlay,NA0_LAG50,0.0,50.0,overlay,4,unrelated,unrelated,,,unrelated,True,OK
NA0_LAG50_012_overlay,NA0_LAG50,0.0,50.0,overlay,5,unrelated,unrelated,,,unrelated,True,OK
NA0_LAG50_012_overlay,NA0_LAG50,0.0,50.0,overlay,6,unrelated,unrelated,,,unrelated,True,OK
NA0_LAG50_012_subplot,NA0_LAG50,0.0,50.0,subplot,1,unrelated,unrelated,,,affected,False,OK
NA0_LAG50_012_subplot,NA0_LAG50,0.0,50.0,subplot,3,unrelated,unrelated,,,affected,False,OK
NA0_LAG50_012_subplot,NA0_LAG50,0.0,50.0,subplot,4,unrelated,unrelated,,,affected,False,OK
NA0_LAG50_012_subplot,NA0_LAG50,0.0,50.0,subplot,5,unrelated,unrelated,,,affected,False,OK
NA0_LAG50_012_subplot,NA0_LAG50,0.0,50.0,subplot,6,unrelated,unrelated,,,affected,False,OK
NA0_LAG50_013_overlay,NA0_LAG50,0.0,50.0,overlay,1,unrelated,unrelated,,,unrelated,True,OK
NA0_LAG50_013_overlay,NA0_LAG50,0.0,50.0,overlay,3,unrelated,unrelated,,,unrelated,True,OK
NA0_LAG50_013_overlay,NA0_LAG50,0.0,50.0,overlay,4,unrelated,unrelated,,,unrelated,True,OK
NA0_LAG50_013_overlay,NA0_LAG50,0.0,50.0,overlay,5,unrelated,unrelated,,,unrelated,True,OK
NA0_LAG50_013_overlay,NA0_LAG50,0.0,50.0,overlay,6,unrelated,unrelated,,,unrelated,True,OK
NA0_LAG50_013_subplot,NA0_LAG50,0.0,50.0,subplot,1,unrelated,unrelated,,,unrelated,True,OK
NA0_LAG50_013_subplot,NA0_LAG50,0.0,50.0,subplot,3,unrelated,unrelated,,,unrelated,True,OK
NA0_LAG50_013_subplot,NA0_LAG50,0.0,50.0,subplot,4,unrelated,unrelated,,,unrelated,True,OK
NA0_LAG50_013_subplot,NA0_LAG50,0.0,50.0,subplot,5,unrelated,unrelated,,,unrelated,True,OK
NA0_LAG50_013_subplot,NA0_LAG50,0.0,50.0,subplot,6,unrelated,unrelated,,,unrelated,True,OK
NA0_LAG50_014_overlay,NA0_LAG50,0.0,50.0,overlay,1,unrelated,unrelated,,,unrelated,True,OK
NA0_LAG50_014_overlay,NA0_LAG50,0.0,50.0,overlay,2,unrelated,unrelated,,,unrelated,True,OK
NA0_LAG50_014_overlay,NA0_LAG50,0.0,50.0,overlay,4,unrelated,unrelated,,,unrelated,True,OK
NA0_LAG50_014_overlay,NA0_LAG50,0.0,50.0,overlay,5,unrelated,unrelated,,,unrelated,True,OK
NA0_LAG50_014_overlay,NA0_LAG50,0.0,50.0,overlay,6,unrelated,unrelated,,,unrelated,True,OK
NA0_LAG50_014_subplot,NA0_LAG50,0.0,50.0,subplot,1,unrelated,unrelated,,,affected,False,OK
NA0_LAG50_014_subplot,NA0_LAG50,0.0,50.0,subplot,2,unrelated,unrelated,,,root,False,OK
NA0_LAG50_014_subplot,NA0_LAG50,0.0,50.0,subplot,4,unrelated,unrelated,,,affected,False,OK
NA0_LAG50_014_subplot,NA0_LAG50,0.0,50.0,subplot,5,unrelated,unrelated,,,affected,False,OK
NA0_LAG50_014_subplot,NA0_LAG50,0.0,50.0,subplot,6,unrelated,unrelated,,,unrelated,True,OK
NA0_LAG50_015_overlay,NA0_LAG50,0.0,50.0,overlay,1,unrelated,unrelated,,,unrelated,True,OK
NA0_LAG50_015_overlay,NA0_LAG50,0.0,50.0,overlay,2,unrelated,unrelated,,,unrelated,True,OK
NA0_LAG50_015_overlay,NA0_LAG50,0.0,50.0,overlay,3,unrelated,unrelated,,,unrelated,True,OK
NA0_LAG50_015_overlay,NA0_LAG50,0.0,50.0,overlay,4,unrelated,unrelated,,,unrelated,True,OK
NA0_LAG50_015_overlay,NA0_LAG50,0.0,50.0,overlay,5,unrelated,unrelated,,,unrelated,True,OK
NA0_LAG50_015_subplot,NA0_LAG50,0.0,50.0,subplot,1,unrelated,unrelated,,,affected,False,OK
NA0_LAG50_015_subplot,NA0_LAG50,0.0,50.0,subplot,2,unrelated,unrelated,,,affected,False,OK
NA0_LAG50_015_subplot,NA0_LAG50,0.0,50.0,subplot,3,unrelated,unrelated,,,affected,False,OK
NA0_LAG50_015_subplot,NA0_LAG50,0.0,50.0,subplot,4,unrelated,unrelated,,,affected,False,OK
NA0_LAG50_015_subplot,NA0_LAG50,0.0,50.0,subplot,5,unrelated,unrelated,,,affected,False,OK
NA0_LAG50_016_overlay,NA0_LAG50,0.0,50.0,overlay,1,unrelated,unrelated,,,unrelated,True,OK
NA0_LAG50_016_overlay,NA0_LAG50,0.0,50.0,overlay,2,unrelated,unrelated,,,unrelated,True,OK
NA0_LAG50_016_overlay,NA0_LAG50,0.0,50.0,overlay,3,unrelated,unrelated,,,unrelated,True,OK
NA0_LAG50_016_overlay,NA0_LAG50,0.0,50.0,overlay,4,unrelated,unrelated,,,unrelated,True,OK
NA0_LAG50_016_overlay,NA0_LAG50,0.0,50.0,overlay,6,unrelated,unrelated,,,unrelated,True,OK
NA0_LAG50_016_subplot,NA0_LAG50,0.0,50.0,subplot,1,unrelated,unrelated,,,unrelated,True,OK
NA0_LAG50_016_subplot,NA0_LAG50,0.0,50.0,subplot,2,unrelated,unrelated,,,unrelated,True,OK
NA0_LAG50_016_subplot,NA0_LAG50,0.0,50.0,subplot,3,unrelated,unrelated,,,unrelated,True,OK
NA0_LAG50_016_subplot,NA0_LAG50,0.0,50.0,subplot,4,unrelated,unrelated,,,unrelated,True,OK
NA0_LAG50_016_subplot,NA0_LAG50,0.0,50.0,subplot,6,unrelated,unrelated,,,unrelated,True,OK
NA0_LAG50_017_overlay,NA0_LAG50,0.0,50.0,overlay,2,unrelated,unrelated,,,unrelated,True,OK
NA0_LAG50_017_overlay,NA0_LAG50,0.0,50.0,overlay,3,unrelated,unrelated,,,unrelated,True,OK
NA0_LAG50_017_overlay,NA0_LAG50,0.0,50.0,overlay,4,unrelated,unrelated,,,unrelated,True,OK
NA0_LAG50_017_overlay,NA0_LAG50,0.0,50.0,overlay,5,unrelated,unrelated,,,unrelated,True,OK
NA0_LAG50_017_overlay,NA0_LAG50,0.0,50.0,overlay,6,unrelated,unrelated,,,unrelated,True,OK
NA0_LAG50_017_subplot,NA0_LAG50,0.0,50.0,subplot,2,unrelated,unrelated,,,root,False,OK
NA0_LAG50_017_subplot,NA0_LAG50,0.0,50.0,subplot,3,unrelated,unrelated,,,affected,False,OK
NA0_LAG50_017_subplot,NA0_LAG50,0.0,50.0,subplot,4,unrelated,unrelated,,,affected,False,OK
NA0_LAG50_017_subplot,NA0_LAG50,0.0,50.0,subplot,5,unrelated,unrelated,,,affected,False,OK
NA0_LAG50_017_subplot,NA0_LAG50,0.0,50.0,subplot,6,unrelated,unrelated,,,affected,False,OK
NA0_LAG50_018_overlay,NA0_LAG50,0.0,50.0,overlay,1,unrelated,unrelated,,,unrelated,True,OK
NA0_LAG50_018_overlay,NA0_LAG50,0.0,50.0,overlay,2,unrelated,unrelated,,,unrelated,True,OK
NA0_LAG50_018_overlay,NA0_LAG50,0.0,50.0,overlay,4,unrelated,unrelated,,,unrelated,True,OK
NA0_LAG50_018_overlay,NA0_LAG50,0.0,50.0,overlay,5,unrelated,unrelated,,,unrelated,True,OK
NA0_LAG50_018_overlay,NA0_LAG50,0.0,50.0,overlay,6,unrelated,unrelated,,,unrelated,True,OK
NA0_LAG50_018_subplot,NA0_LAG50,0.0,50.0,subplot,1,unrelated,unrelated,,,affected,False,OK
NA0_LAG50_018_subplot,NA0_LAG50,0.0,50.0,subplot,2,unrelated,unrelated,,,affected,False,OK
NA0_LAG50_018_subplot,NA0_LAG50,0.0,50.0,subplot,4,unrelated,unrelated,,,affected,False,OK
NA0_LAG50_018_subplot,NA0_LAG50,0.0,50.0,subplot,5,unrelated,unrelated,,,affected,False,OK
NA0_LAG50_018_subplot,NA0_LAG50,0.0,50.0,subplot,6,unrelated,unrelated,,,affected,False,OK
NA0_LAG50_019_overlay,NA0_LAG50,0.0,50.0,overlay,1,unrelated,unrelated,,,unrelated,True,OK
NA0_LAG50_019_overlay,NA0_LAG50,0.0,50.0,overlay,3,unrelated,unrelated,,,unrelated,True,OK
NA0_LAG50_019_overlay,NA0_LAG50,0.0,50.0,overlay,4,unrelated,unrelated,,,unrelated,True,OK
NA0_LAG50_019_overlay,NA0_LAG50,0.0,50.0,overlay,5,unrelated,unrelated,,,unrelated,True,OK
NA0_LAG50_019_overlay,NA0_LAG50,0.0,50.0,overlay,6,unrelated,unrelated,,,unrelated,True,OK
NA0_LAG50_019_subplot,NA0_LAG50,0.0,50.0,subplot,1,unrelated,unrelated,,,unrelated,True,OK
NA0_LAG50_019_subplot,NA0_LAG50,0.0,50.0,subplot,3,unrelated,unrelated,,,unrelated,True,OK
NA0_LAG50_019_subplot,NA0_LAG50,0.0,50.0,subplot,4,unrelated,unrelated,,,unrelated,True,OK
NA0_LAG50_019_subplot,NA0_LAG50,0.0,50.0,subplot,5,unrelated,unrelated,,,unrelated,True,OK
NA0_LAG50_019_subplot,NA0_LAG50,0.0,50.0,subplot,6,unrelated,unrelated,,,unrelated,True,OK
NA0_LAG50_020_overlay,NA0_LAG50,0.0,50.0,overlay,1,unrelated,unrelated,,,unrelated,True,OK
NA0_LAG50_020_overlay,NA0_LAG50,0.0,50.0,overlay,2,unrelated,unrelated,,,unrelated,True,OK
NA0_LAG50_020_overlay,NA0_LAG50,0.0,50.0,overlay,3,unrelated,unrelated,,,unrelated,True,OK
NA0_LAG50_020_overlay,NA0_LAG50,0.0,50.0,overlay,5,unrelated,unrelated,,,unrelated,True,OK
NA0_LAG50_020_overlay,NA0_LAG50,0.0,50.0,overlay,6,unrelated,unrelated,,,unrelated,True,OK
NA0_LAG50_020_subplot,NA0_LAG50,0.0,50.0,subplot,1,unrelated,unrelated,,,unrelated,True,OK
NA0_LAG50_020_subplot,NA0_LAG50,0.0,50.0,subplot,2,unrelated,unrelated,,,unrelated,True,OK
NA0_LAG50_020_subplot,NA0_LAG50,0.0,50.0,subplot,3,unrelated,unrelated,,,unrelated,True,OK
NA0_LAG50_020_subplot,NA0_LAG50,0.0,50.0,subplot,5,unrelated,unrelated,,,unrelated,True,OK
NA0_LAG50_020_subplot,NA0_LAG50,0.0,50.0,subplot,6,unrelated,unrelated,,,unrelated,True,OK
NA0_LAG50_021_overlay,NA0_LAG50,0.0,50.0,overlay,1,unrelated,unrelated,,,unlabeled,False,PARSE_ERROR
NA0_LAG50_021_overlay,NA0_LAG50,0.0,50.0,overlay,2,unrelated,unrelated,,,unlabeled,False,PARSE_ERROR
NA0_LAG50_021_overlay,NA0_LAG50,0.0,50.0,overlay,4,unrelated,unrelated,,,unlabeled,False,PARSE_ERROR
NA0_LAG50_021_overlay,NA0_LAG50,0.0,50.0,overlay,5,unrelated,unrelated,,,unlabeled,False,PARSE_ERROR
NA0_LAG50_021_overlay,NA0_LAG50,0.0,50.0,overlay,6,unrelated,unrelated,,,unlabeled,False,PARSE_ERROR
NA0_LAG50_021_subplot,NA0_LAG50,0.0,50.0,subplot,1,unrelated,unrelated,,,unrelated,True,OK
NA0_LAG50_021_subplot,NA0_LAG50,0.0,50.0,subplot,2,unrelated,unrelated,,,unrelated,True,OK
NA0_LAG50_021_subplot,NA0_LAG50,0.0,50.0,subplot,4,unrelated,unrelated,,,unrelated,True,OK
NA0_LAG50_021_subplot,NA0_LAG50,0.0,50.0,subplot,5,unrelated,unrelated,,,unrelated,True,OK
NA0_LAG50_021_subplot,NA0_LAG50,0.0,50.0,subplot,6,unrelated,unrelated,,,unrelated,True,OK
NA0_LAG50_022_overlay,NA0_LAG50,0.0,50.0,overlay,2,unrelated,unrelated,,,unrelated,True,OK
NA0_LAG50_022_overlay,NA0_LAG50,0.0,50.0,overlay,3,unrelated,unrelated,,,unrelated,True,OK
NA0_LAG50_022_overlay,NA0_LAG50,0.0,50.0,overlay,4,unrelated,unrelated,,,unrelated,True,OK
NA0_LAG50_022_overlay,NA0_LAG50,0.0,50.0,overlay,5,unrelated,unrelated,,,unrelated,True,OK
NA0_LAG50_022_overlay,NA0_LAG50,0.0,50.0,overlay,6,unrelated,unrelated,,,unrelated,True,OK
NA0_LAG50_022_subplot,NA0_LAG50,0.0,50.0,subplot,2,unrelated,unrelated,,,unrelated,True,OK
NA0_LAG50_022_subplot,NA0_LAG50,0.0,50.0,subplot,3,unrelated,unrelated,,,unrelated,True,OK
NA0_LAG50_022_subplot,NA0_LAG50,0.0,50.0,subplot,4,unrelated,unrelated,,,unrelated,True,OK
NA0_LAG50_022_subplot,NA0_LAG50,0.0,50.0,subplot,5,unrelated,unrelated,,,unrelated,True,OK
NA0_LAG50_022_subplot,NA0_LAG50,0.0,50.0,subplot,6,unrelated,unrelated,,,unrelated,True,OK
NA0_LAG50_023_overlay,NA0_LAG50,0.0,50.0,overlay,1,unrelated,unrelated,,,unrelated,True,OK
NA0_LAG50_023_overlay,NA0_LAG50,0.0,50.0,overlay,3,unrelated,unrelated,,,unrelated,True,OK
NA0_LAG50_023_overlay,NA0_LAG50,0.0,50.0,overlay,4,unrelated,unrelated,,,unrelated,True,OK
NA0_LAG50_023_overlay,NA0_LAG50,0.0,50.0,overlay,5,unrelated,unrelated,,,unrelated,True,OK
NA0_LAG50_023_overlay,NA0_LAG50,0.0,50.0,overlay,6,unrelated,unrelated,,,unrelated,True,OK
NA0_LAG50_023_subplot,NA0_LAG50,0.0,50.0,subplot,1,unrelated,unrelated,,,affected,False,OK
NA0_LAG50_023_subplot,NA0_LAG50,0.0,50.0,subplot,3,unrelated,unrelated,,,unrelated,True,OK
NA0_LAG50_023_subplot,NA0_LAG50,0.0,50.0,subplot,4,unrelated,unrelated,,,affected,False,OK
NA0_LAG50_023_subplot,NA0_LAG50,0.0,50.0,subplot,5,unrelated,unrelated,,,affected,False,OK
NA0_LAG50_023_subplot,NA0_LAG50,0.0,50.0,subplot,6,unrelated,unrelated,,,unrelated,True,OK
NA0_LAG50_024_overlay,NA0_LAG50,0.0,50.0,overlay,2,unrelated,unrelated,,,unrelated,True,OK
NA0_LAG50_024_overlay,NA0_LAG50,0.0,50.0,overlay,3,unrelated,unrelated,,,unrelated,True,OK
NA0_LAG50_024_overlay,NA0_LAG50,0.0,50.0,overlay,4,unrelated,unrelated,,,unrelated,True,OK
NA0_LAG50_024_overlay,NA0_LAG50,0.0,50.0,overlay,5,unrelated,unrelated,,,unrelated,True,OK
NA0_LAG50_024_overlay,NA0_LAG50,0.0,50.0,overlay,6,unrelated,unrelated,,,unrelated,True,OK
NA0_LAG50_024_subplot,NA0_LAG50,0.0,50.0,subplot,2,unrelated,unrelated,,,root,False,OK
NA0_LAG50_024_subplot,NA0_LAG50,0.0,50.0,subplot,3,unrelated,unrelated,,,unrelated,True,OK
NA0_LAG50_024_subplot,NA0_LAG50,0.0,50.0,subplot,4,unrelated,unrelated,,,affected,False,OK
NA0_LAG50_024_subplot,NA0_LAG50,0.0,50.0,subplot,5,unrelated,unrelated,,,unrelated,True,OK
NA0_LAG50_024_subplot,NA0_LAG50,0.0,50.0,subplot,6,unrelated,unrelated,,,affected,False,OK
NA0_LAG50_025_overlay,NA0_LAG50,0.0,50.0,overlay,1,unrelated,unrelated,,,unlabeled,False,PARSE_ERROR
NA0_LAG50_025_overlay,NA0_LAG50,0.0,50.0,overlay,2,unrelated,unrelated,,,unlabeled,False,PARSE_ERROR
NA0_LAG50_025_overlay,NA0_LAG50,0.0,50.0,overlay,3,unrelated,unrelated,,,unlabeled,False,PARSE_ERROR
NA0_LAG50_025_overlay,NA0_LAG50,0.0,50.0,overlay,4,unrelated,unrelated,,,unlabeled,False,PARSE_ERROR
NA0_LAG50_025_overlay,NA0_LAG50,0.0,50.0,overlay,5,unrelated,unrelated,,,unlabeled,False,PARSE_ERROR
NA0_LAG50_025_subplot,NA0_LAG50,0.0,50.0,subplot,1,unrelated,unrelated,,,unrelated,True,OK
NA0_LAG50_025_subplot,NA0_LAG50,0.0,50.0,subplot,2,unrelated,unrelated,,,unrelated,True,OK
NA0_LAG50_025_subplot,NA0_LAG50,0.0,50.0,subplot,3,unrelated,unrelated,,,unrelated,True,OK
NA0_LAG50_025_subplot,NA0_LAG50,0.0,50.0,subplot,4,unrelated,unrelated,,,unrelated,True,OK
NA0_LAG50_025_subplot,NA0_LAG50,0.0,50.0,subplot,5,unrelated,unrelated,,,unrelated,True,OK
NA0_LAG50_026_overlay,NA0_LAG50,0.0,50.0,overlay,2,unrelated,unrelated,,,unrelated,True,OK
NA0_LAG50_026_overlay,NA0_LAG50,0.0,50.0,overlay,3,unrelated,unrelated,,,unrelated,True,OK
NA0_LAG50_026_overlay,NA0_LAG50,0.0,50.0,overlay,4,unrelated,unrelated,,,unrelated,True,OK
NA0_LAG50_026_overlay,NA0_LAG50,0.0,50.0,overlay,5,unrelated,unrelated,,,unrelated,True,OK
NA0_LAG50_026_overlay,NA0_LAG50,0.0,50.0,overlay,6,unrelated,unrelated,,,unrelated,True,OK
NA0_LAG50_026_subplot,NA0_LAG50,0.0,50.0,subplot,2,unrelated,unrelated,,,unrelated,True,OK
NA0_LAG50_026_subplot,NA0_LAG50,0.0,50.0,subplot,3,unrelated,unrelated,,,unrelated,True,OK
NA0_LAG50_026_subplot,NA0_LAG50,0.0,50.0,subplot,4,unrelated,unrelated,,,unrelated,True,OK
NA0_LAG50_026_subplot,NA0_LAG50,0.0,50.0,subplot,5,unrelated,unrelated,,,unrelated,True,OK
NA0_LAG50_026_subplot,NA0_LAG50,0.0,50.0,subplot,6,unrelated,unrelated,,,unrelated,True,OK
NA0_LAG50_027_overlay,NA0_LAG50,0.0,50.0,overlay,1,unrelated,unrelated,,,unrelated,True,OK
NA0_LAG50_027_overlay,NA0_LAG50,0.0,50.0,overlay,2,unrelated,unrelated,,,unrelated,True,OK
NA0_LAG50_027_overlay,NA0_LAG50,0.0,50.0,overlay,3,unrelated,unrelated,,,unrelated,True,OK
NA0_LAG50_027_overlay,NA0_LAG50,0.0,50.0,overlay,5,unrelated,unrelated,,,unrelated,True,OK
NA0_LAG50_027_overlay,NA0_LAG50,0.0,50.0,overlay,6,unrelated,unrelated,,,unrelated,True,OK
NA0_LAG50_027_subplot,NA0_LAG50,0.0,50.0,subplot,1,unrelated,unrelated,,,affected,False,OK
NA0_LAG50_027_subplot,NA0_LAG50,0.0,50.0,subplot,2,unrelated,unrelated,,,affected,False,OK
NA0_LAG50_027_subplot,NA0_LAG50,0.0,50.0,subplot,3,unrelated,unrelated,,,affected,False,OK
NA0_LAG50_027_subplot,NA0_LAG50,0.0,50.0,subplot,5,unrelated,unrelated,,,affected,False,OK
NA0_LAG50_027_subplot,NA0_LAG50,0.0,50.0,subplot,6,unrelated,unrelated,,,affected,False,OK
NA0_LAG50_028_overlay,NA0_LAG50,0.0,50.0,overlay,1,unrelated,unrelated,,,unrelated,True,OK
NA0_LAG50_028_overlay,NA0_LAG50,0.0,50.0,overlay,2,unrelated,unrelated,,,unrelated,True,OK
NA0_LAG50_028_overlay,NA0_LAG50,0.0,50.0,overlay,3,unrelated,unrelated,,,unrelated,True,OK
NA0_LAG50_028_overlay,NA0_LAG50,0.0,50.0,overlay,4,unrelated,unrelated,,,unrelated,True,OK
NA0_LAG50_028_overlay,NA0_LAG50,0.0,50.0,overlay,6,unrelated,unrelated,,,affected,False,OK
NA0_LAG50_028_subplot,NA0_LAG50,0.0,50.0,subplot,1,unrelated,unrelated,,,unrelated,True,OK
NA0_LAG50_028_subplot,NA0_LAG50,0.0,50.0,subplot,2,unrelated,unrelated,,,unrelated,True,OK
NA0_LAG50_028_subplot,NA0_LAG50,0.0,50.0,subplot,3,unrelated,unrelated,,,unrelated,True,OK
NA0_LAG50_028_subplot,NA0_LAG50,0.0,50.0,subplot,4,unrelated,unrelated,,,unrelated,True,OK
NA0_LAG50_028_subplot,NA0_LAG50,0.0,50.0,subplot,6,unrelated,unrelated,,,unrelated,True,OK
NA0_LAG50_029_overlay,NA0_LAG50,0.0,50.0,overlay,1,unrelated,unrelated,,,unrelated,True,OK
NA0_LAG50_029_overlay,NA0_LAG50,0.0,50.0,overlay,2,unrelated,unrelated,,,unrelated,True,OK
NA0_LAG50_029_overlay,NA0_LAG50,0.0,50.0,overlay,3,unrelated,unrelated,,,unrelated,True,OK
NA0_LAG50_029_overlay,NA0_LAG50,0.0,50.0,overlay,5,unrelated,unrelated,,,unrelated,True,OK
NA0_LAG50_029_overlay,NA0_LAG50,0.0,50.0,overlay,6,unrelated,unrelated,,,unrelated,True,OK
NA0_LAG50_029_subplot,NA0_LAG50,0.0,50.0,subplot,1,unrelated,unrelated,,,affected,False,OK
NA0_LAG50_029_subplot,NA0_LAG50,0.0,50.0,subplot,2,unrelated,unrelated,,,affected,False,OK
NA0_LAG50_029_subplot,NA0_LAG50,0.0,50.0,subplot,3,unrelated,unrelated,,,affected,False,OK
NA0_LAG50_029_subplot,NA0_LAG50,0.0,50.0,subplot,5,unrelated,unrelated,,,affected,False,OK
NA0_LAG50_029_subplot,NA0_LAG50,0.0,50.0,subplot,6,unrelated,unrelated,,,unrelated,True,OK
NA1_LAG10_000_overlay,NA1_LAG10,1.0,10.0,overlay,1,unrelated,unrelated,,,unrelated,True,OK
NA1_LAG10_000_overlay,NA1_LAG10,1.0,10.0,overlay,2,unrelated,unrelated,,,unrelated,True,OK
NA1_LAG10_000_overlay,NA1_LAG10,1.0,10.0,overlay,3,affected,cascade,C4,True,unrelated,False,OK
NA1_LAG10_000_overlay,NA1_LAG10,1.0,10.0,overlay,4,unrelated,unrelated,,,unrelated,True,OK
NA1_LAG10_000_overlay,NA1_LAG10,1.0,10.0,overlay,6,unrelated,unrelated,,,unrelated,True,OK
NA1_LAG10_000_subplot,NA1_LAG10,1.0,10.0,subplot,1,unrelated,unrelated,,,unrelated,True,OK
NA1_LAG10_000_subplot,NA1_LAG10,1.0,10.0,subplot,2,unrelated,unrelated,,,unrelated,True,OK
NA1_LAG10_000_subplot,NA1_LAG10,1.0,10.0,subplot,3,affected,cascade,C4,True,unrelated,False,OK
NA1_LAG10_000_subplot,NA1_LAG10,1.0,10.0,subplot,4,unrelated,unrelated,,,unrelated,True,OK
NA1_LAG10_000_subplot,NA1_LAG10,1.0,10.0,subplot,6,unrelated,unrelated,,,unrelated,True,OK
NA1_LAG10_001_overlay,NA1_LAG10,1.0,10.0,overlay,1,unrelated,unrelated,,,unrelated,True,OK
NA1_LAG10_001_overlay,NA1_LAG10,1.0,10.0,overlay,2,affected,mild,C5,True,affected,True,OK
NA1_LAG10_001_overlay,NA1_LAG10,1.0,10.0,overlay,3,unrelated,unrelated,,,unrelated,True,OK
NA1_LAG10_001_overlay,NA1_LAG10,1.0,10.0,overlay,5,unrelated,unrelated,,,affected,False,OK
NA1_LAG10_001_overlay,NA1_LAG10,1.0,10.0,overlay,6,unrelated,unrelated,,,unrelated,True,OK
NA1_LAG10_001_subplot,NA1_LAG10,1.0,10.0,subplot,1,unrelated,unrelated,,,unrelated,True,OK
NA1_LAG10_001_subplot,NA1_LAG10,1.0,10.0,subplot,2,affected,mild,C5,True,unrelated,False,OK
NA1_LAG10_001_subplot,NA1_LAG10,1.0,10.0,subplot,3,unrelated,unrelated,,,unrelated,True,OK
NA1_LAG10_001_subplot,NA1_LAG10,1.0,10.0,subplot,5,unrelated,unrelated,,,unrelated,True,OK
NA1_LAG10_001_subplot,NA1_LAG10,1.0,10.0,subplot,6,unrelated,unrelated,,,unrelated,True,OK
NA1_LAG10_002_overlay,NA1_LAG10,1.0,10.0,overlay,1,unrelated,unrelated,,,unrelated,True,OK
NA1_LAG10_002_overlay,NA1_LAG10,1.0,10.0,overlay,2,affected,mild,C3,True,affected,True,OK
NA1_LAG10_002_overlay,NA1_LAG10,1.0,10.0,overlay,3,unrelated,unrelated,,,unrelated,True,OK
NA1_LAG10_002_overlay,NA1_LAG10,1.0,10.0,overlay,4,unrelated,unrelated,,,unrelated,True,OK
NA1_LAG10_002_overlay,NA1_LAG10,1.0,10.0,overlay,6,unrelated,unrelated,,,unrelated,True,OK
NA1_LAG10_002_subplot,NA1_LAG10,1.0,10.0,subplot,1,unrelated,unrelated,,,unrelated,True,OK
NA1_LAG10_002_subplot,NA1_LAG10,1.0,10.0,subplot,2,affected,mild,C3,True,unrelated,False,OK
NA1_LAG10_002_subplot,NA1_LAG10,1.0,10.0,subplot,3,unrelated,unrelated,,,unrelated,True,OK
NA1_LAG10_002_subplot,NA1_LAG10,1.0,10.0,subplot,4,unrelated,unrelated,,,unrelated,True,OK
NA1_LAG10_002_subplot,NA1_LAG10,1.0,10.0,subplot,6,unrelated,unrelated,,,unrelated,True,OK
NA1_LAG10_003_overlay,NA1_LAG10,1.0,10.0,overlay,1,unrelated,unrelated,,,unrelated,True,OK
NA1_LAG10_003_overlay,NA1_LAG10,1.0,10.0,overlay,2,unrelated,unrelated,,,unrelated,True,OK
NA1_LAG10_003_overlay,NA1_LAG10,1.0,10.0,overlay,3,affected,mild,C4,True,affected,True,OK
NA1_LAG10_003_overlay,NA1_LAG10,1.0,10.0,overlay,4,unrelated,unrelated,,,unrelated,True,OK
NA1_LAG10_003_overlay,NA1_LAG10,1.0,10.0,overlay,5,unrelated,unrelated,,,unrelated,True,OK
NA1_LAG10_003_subplot,NA1_LAG10,1.0,10.0,subplot,1,unrelated,unrelated,,,affected,False,OK
NA1_LAG10_003_subplot,NA1_LAG10,1.0,10.0,subplot,2,unrelated,unrelated,,,affected,False,OK
NA1_LAG10_003_subplot,NA1_LAG10,1.0,10.0,subplot,3,affected,mild,C4,True,affected,True,OK
NA1_LAG10_003_subplot,NA1_LAG10,1.0,10.0,subplot,4,unrelated,unrelated,,,affected,False,OK
NA1_LAG10_003_subplot,NA1_LAG10,1.0,10.0,subplot,5,unrelated,unrelated,,,root,False,OK
NA1_LAG10_004_overlay,NA1_LAG10,1.0,10.0,overlay,1,unrelated,unrelated,,,unrelated,True,OK
NA1_LAG10_004_overlay,NA1_LAG10,1.0,10.0,overlay,2,unrelated,unrelated,,,unrelated,True,OK
NA1_LAG10_004_overlay,NA1_LAG10,1.0,10.0,overlay,3,unrelated,unrelated,,,unrelated,True,OK
NA1_LAG10_004_overlay,NA1_LAG10,1.0,10.0,overlay,4,affected,mild,C5,True,unrelated,False,OK
NA1_LAG10_004_overlay,NA1_LAG10,1.0,10.0,overlay,5,unrelated,unrelated,,,root,False,OK
NA1_LAG10_004_subplot,NA1_LAG10,1.0,10.0,subplot,1,unrelated,unrelated,,,unrelated,True,OK
NA1_LAG10_004_subplot,NA1_LAG10,1.0,10.0,subplot,2,unrelated,unrelated,,,unrelated,True,OK
NA1_LAG10_004_subplot,NA1_LAG10,1.0,10.0,subplot,3,unrelated,unrelated,,,unrelated,True,OK
NA1_LAG10_004_subplot,NA1_LAG10,1.0,10.0,subplot,4,affected,mild,C5,True,unrelated,False,OK
NA1_LAG10_004_subplot,NA1_LAG10,1.0,10.0,subplot,5,unrelated,unrelated,,,unrelated,True,OK
NA1_LAG10_005_overlay,NA1_LAG10,1.0,10.0,overlay,1,affected,cascade,C1,False,root,False,OK
NA1_LAG10_005_overlay,NA1_LAG10,1.0,10.0,overlay,3,unrelated,unrelated,,,unrelated,True,OK
NA1_LAG10_005_overlay,NA1_LAG10,1.0,10.0,overlay,4,unrelated,unrelated,,,unrelated,True,OK
NA1_LAG10_005_overlay,NA1_LAG10,1.0,10.0,overlay,5,unrelated,unrelated,,,unrelated,True,OK
NA1_LAG10_005_overlay,NA1_LAG10,1.0,10.0,overlay,6,unrelated,unrelated,,,unrelated,True,OK
NA1_LAG10_005_subplot,NA1_LAG10,1.0,10.0,subplot,1,affected,cascade,C1,False,root,False,OK
NA1_LAG10_005_subplot,NA1_LAG10,1.0,10.0,subplot,3,unrelated,unrelated,,,unrelated,True,OK
NA1_LAG10_005_subplot,NA1_LAG10,1.0,10.0,subplot,4,unrelated,unrelated,,,affected,False,OK
NA1_LAG10_005_subplot,NA1_LAG10,1.0,10.0,subplot,5,unrelated,unrelated,,,unrelated,True,OK
NA1_LAG10_005_subplot,NA1_LAG10,1.0,10.0,subplot,6,unrelated,unrelated,,,affected,False,OK
NA1_LAG10_006_overlay,NA1_LAG10,1.0,10.0,overlay,1,unrelated,unrelated,,,unrelated,True,OK
NA1_LAG10_006_overlay,NA1_LAG10,1.0,10.0,overlay,2,unrelated,unrelated,,,unrelated,True,OK
NA1_LAG10_006_overlay,NA1_LAG10,1.0,10.0,overlay,3,unrelated,unrelated,,,unrelated,True,OK
NA1_LAG10_006_overlay,NA1_LAG10,1.0,10.0,overlay,4,affected,cascade,C4,False,affected,True,OK
NA1_LAG10_006_overlay,NA1_LAG10,1.0,10.0,overlay,5,unrelated,unrelated,,,root,False,OK
NA1_LAG10_006_subplot,NA1_LAG10,1.0,10.0,subplot,1,unrelated,unrelated,,,affected,False,OK
NA1_LAG10_006_subplot,NA1_LAG10,1.0,10.0,subplot,2,unrelated,unrelated,,,affected,False,OK
NA1_LAG10_006_subplot,NA1_LAG10,1.0,10.0,subplot,3,unrelated,unrelated,,,unrelated,True,OK
NA1_LAG10_006_subplot,NA1_LAG10,1.0,10.0,subplot,4,affected,cascade,C4,False,affected,True,OK
NA1_LAG10_006_subplot,NA1_LAG10,1.0,10.0,subplot,5,unrelated,unrelated,,,unrelated,True,OK
NA1_LAG10_007_overlay,NA1_LAG10,1.0,10.0,overlay,1,unrelated,unrelated,,,unrelated,True,OK
NA1_LAG10_007_overlay,NA1_LAG10,1.0,10.0,overlay,3,unrelated,unrelated,,,unrelated,True,OK
NA1_LAG10_007_overlay,NA1_LAG10,1.0,10.0,overlay,4,unrelated,unrelated,,,unrelated,True,OK
NA1_LAG10_007_overlay,NA1_LAG10,1.0,10.0,overlay,5,unrelated,unrelated,,,unrelated,True,OK
NA1_LAG10_007_overlay,NA1_LAG10,1.0,10.0,overlay,6,affected,cascade,C1,True,affected,True,OK
NA1_LAG10_007_subplot,NA1_LAG10,1.0,10.0,subplot,1,unrelated,unrelated,,,unrelated,True,OK
NA1_LAG10_007_subplot,NA1_LAG10,1.0,10.0,subplot,3,unrelated,unrelated,,,unrelated,True,OK
NA1_LAG10_007_subplot,NA1_LAG10,1.0,10.0,subplot,4,unrelated,unrelated,,,unrelated,True,OK
NA1_LAG10_007_subplot,NA1_LAG10,1.0,10.0,subplot,5,unrelated,unrelated,,,unrelated,True,OK
NA1_LAG10_007_subplot,NA1_LAG10,1.0,10.0,subplot,6,affected,cascade,C1,True,unrelated,False,OK
NA1_LAG10_008_overlay,NA1_LAG10,1.0,10.0,overlay,1,affected,mild,C5,True,affected,True,OK
NA1_LAG10_008_overlay,NA1_LAG10,1.0,10.0,overlay,2,unrelated,unrelated,,,affected,False,OK
NA1_LAG10_008_overlay,NA1_LAG10,1.0,10.0,overlay,3,unrelated,unrelated,,,affected,False,OK
NA1_LAG10_008_overlay,NA1_LAG10,1.0,10.0,overlay,5,unrelated,unrelated,,,affected,False,OK
NA1_LAG10_008_overlay,NA1_LAG10,1.0,10.0,overlay,6,unrelated,unrelated,,,affected,False,OK
NA1_LAG10_008_subplot,NA1_LAG10,1.0,10.0,subplot,1,affected,mild,C5,True,affected,True,OK
NA1_LAG10_008_subplot,NA1_LAG10,1.0,10.0,subplot,2,unrelated,unrelated,,,affected,False,OK
NA1_LAG10_008_subplot,NA1_LAG10,1.0,10.0,subplot,3,unrelated,unrelated,,,affected,False,OK
NA1_LAG10_008_subplot,NA1_LAG10,1.0,10.0,subplot,5,unrelated,unrelated,,,affected,False,OK
NA1_LAG10_008_subplot,NA1_LAG10,1.0,10.0,subplot,6,unrelated,unrelated,,,unrelated,True,OK
NA1_LAG10_009_overlay,NA1_LAG10,1.0,10.0,overlay,1,unrelated,unrelated,,,unrelated,True,OK
NA1_LAG10_009_overlay,NA1_LAG10,1.0,10.0,overlay,2,affected,mild,C2,False,affected,True,OK
NA1_LAG10_009_overlay,NA1_LAG10,1.0,10.0,overlay,3,unrelated,unrelated,,,unrelated,True,OK
NA1_LAG10_009_overlay,NA1_LAG10,1.0,10.0,overlay,4,unrelated,unrelated,,,unrelated,True,OK
NA1_LAG10_009_overlay,NA1_LAG10,1.0,10.0,overlay,6,unrelated,unrelated,,,unrelated,True,OK
NA1_LAG10_009_subplot,NA1_LAG10,1.0,10.0,subplot,1,unrelated,unrelated,,,unrelated,True,OK
NA1_LAG10_009_subplot,NA1_LAG10,1.0,10.0,subplot,2,affected,mild,C2,False,affected,True,OK
NA1_LAG10_009_subplot,NA1_LAG10,1.0,10.0,subplot,3,unrelated,unrelated,,,unrelated,True,OK
NA1_LAG10_009_subplot,NA1_LAG10,1.0,10.0,subplot,4,unrelated,unrelated,,,affected,False,OK
NA1_LAG10_009_subplot,NA1_LAG10,1.0,10.0,subplot,6,unrelated,unrelated,,,affected,False,OK
NA1_LAG10_010_overlay,NA1_LAG10,1.0,10.0,overlay,1,unrelated,unrelated,,,unrelated,True,OK
NA1_LAG10_010_overlay,NA1_LAG10,1.0,10.0,overlay,2,affected,cascade,C1,False,root,False,OK
NA1_LAG10_010_overlay,NA1_LAG10,1.0,10.0,overlay,3,unrelated,unrelated,,,unrelated,True,OK
NA1_LAG10_010_overlay,NA1_LAG10,1.0,10.0,overlay,4,unrelated,unrelated,,,unrelated,True,OK
NA1_LAG10_010_overlay,NA1_LAG10,1.0,10.0,overlay,6,unrelated,unrelated,,,unrelated,True,OK
NA1_LAG10_010_subplot,NA1_LAG10,1.0,10.0,subplot,1,unrelated,unrelated,,,unrelated,True,OK
NA1_LAG10_010_subplot,NA1_LAG10,1.0,10.0,subplot,2,affected,cascade,C1,False,unrelated,False,OK
NA1_LAG10_010_subplot,NA1_LAG10,1.0,10.0,subplot,3,unrelated,unrelated,,,unrelated,True,OK
NA1_LAG10_010_subplot,NA1_LAG10,1.0,10.0,subplot,4,unrelated,unrelated,,,unrelated,True,OK
NA1_LAG10_010_subplot,NA1_LAG10,1.0,10.0,subplot,6,unrelated,unrelated,,,unrelated,True,OK
NA1_LAG10_011_overlay,NA1_LAG10,1.0,10.0,overlay,1,unrelated,unrelated,,,unrelated,True,OK
NA1_LAG10_011_overlay,NA1_LAG10,1.0,10.0,overlay,2,unrelated,unrelated,,,unrelated,True,OK
NA1_LAG10_011_overlay,NA1_LAG10,1.0,10.0,overlay,3,unrelated,unrelated,,,unrelated,True,OK
NA1_LAG10_011_overlay,NA1_LAG10,1.0,10.0,overlay,4,unrelated,unrelated,,,unrelated,True,OK
NA1_LAG10_011_overlay,NA1_LAG10,1.0,10.0,overlay,6,affected,mild,C1,True,affected,True,OK
NA1_LAG10_011_subplot,NA1_LAG10,1.0,10.0,subplot,1,unrelated,unrelated,,,affected,False,OK
NA1_LAG10_011_subplot,NA1_LAG10,1.0,10.0,subplot,2,unrelated,unrelated,,,affected,False,OK
NA1_LAG10_011_subplot,NA1_LAG10,1.0,10.0,subplot,3,unrelated,unrelated,,,affected,False,OK
NA1_LAG10_011_subplot,NA1_LAG10,1.0,10.0,subplot,4,unrelated,unrelated,,,affected,False,OK
NA1_LAG10_011_subplot,NA1_LAG10,1.0,10.0,subplot,6,affected,mild,C1,True,affected,True,OK
NA1_LAG10_012_overlay,NA1_LAG10,1.0,10.0,overlay,1,unrelated,unrelated,,,unrelated,True,OK
NA1_LAG10_012_overlay,NA1_LAG10,1.0,10.0,overlay,2,unrelated,unrelated,,,unrelated,True,OK
NA1_LAG10_012_overlay,NA1_LAG10,1.0,10.0,overlay,3,unrelated,unrelated,,,unrelated,True,OK
NA1_LAG10_012_overlay,NA1_LAG10,1.0,10.0,overlay,4,unrelated,unrelated,,,unrelated,True,OK
NA1_LAG10_012_overlay,NA1_LAG10,1.0,10.0,overlay,6,affected,cascade,C5,True,affected,True,OK
NA1_LAG10_012_subplot,NA1_LAG10,1.0,10.0,subplot,1,unrelated,unrelated,,,affected,False,OK
NA1_LAG10_012_subplot,NA1_LAG10,1.0,10.0,subplot,2,unrelated,unrelated,,,unrelated,True,OK
NA1_LAG10_012_subplot,NA1_LAG10,1.0,10.0,subplot,3,unrelated,unrelated,,,root,False,OK
NA1_LAG10_012_subplot,NA1_LAG10,1.0,10.0,subplot,4,unrelated,unrelated,,,affected,False,OK
NA1_LAG10_012_subplot,NA1_LAG10,1.0,10.0,subplot,6,affected,cascade,C5,True,unrelated,False,OK
NA1_LAG10_013_overlay,NA1_LAG10,1.0,10.0,overlay,2,affected,cascade,C4,True,unrelated,False,OK
NA1_LAG10_013_overlay,NA1_LAG10,1.0,10.0,overlay,3,unrelated,unrelated,,,unrelated,True,OK
NA1_LAG10_013_overlay,NA1_LAG10,1.0,10.0,overlay,4,unrelated,unrelated,,,unrelated,True,OK
NA1_LAG10_013_overlay,NA1_LAG10,1.0,10.0,overlay,5,unrelated,unrelated,,,unrelated,True,OK
NA1_LAG10_013_overlay,NA1_LAG10,1.0,10.0,overlay,6,unrelated,unrelated,,,unrelated,True,OK
NA1_LAG10_013_subplot,NA1_LAG10,1.0,10.0,subplot,2,affected,cascade,C4,True,affected,True,OK
NA1_LAG10_013_subplot,NA1_LAG10,1.0,10.0,subplot,3,unrelated,unrelated,,,root,False,OK
NA1_LAG10_013_subplot,NA1_LAG10,1.0,10.0,subplot,4,unrelated,unrelated,,,affected,False,OK
NA1_LAG10_013_subplot,NA1_LAG10,1.0,10.0,subplot,5,unrelated,unrelated,,,affected,False,OK
NA1_LAG10_013_subplot,NA1_LAG10,1.0,10.0,subplot,6,unrelated,unrelated,,,unrelated,True,OK
NA1_LAG10_014_overlay,NA1_LAG10,1.0,10.0,overlay,1,unrelated,unrelated,,,unrelated,True,OK
NA1_LAG10_014_overlay,NA1_LAG10,1.0,10.0,overlay,3,unrelated,unrelated,,,unrelated,True,OK
NA1_LAG10_014_overlay,NA1_LAG10,1.0,10.0,overlay,4,unrelated,unrelated,,,unrelated,True,OK
NA1_LAG10_014_overlay,NA1_LAG10,1.0,10.0,overlay,5,affected,mild,C4,False,affected,True,OK
NA1_LAG10_014_overlay,NA1_LAG10,1.0,10.0,overlay,6,unrelated,unrelated,,,unrelated,True,OK
NA1_LAG10_014_subplot,NA1_LAG10,1.0,10.0,subplot,1,unrelated,unrelated,,,unrelated,True,OK
NA1_LAG10_014_subplot,NA1_LAG10,1.0,10.0,subplot,3,unrelated,unrelated,,,unrelated,True,OK
NA1_LAG10_014_subplot,NA1_LAG10,1.0,10.0,subplot,4,unrelated,unrelated,,,unrelated,True,OK
NA1_LAG10_014_subplot,NA1_LAG10,1.0,10.0,subplot,5,affected,mild,C4,False,unrelated,False,OK
NA1_LAG10_014_subplot,NA1_LAG10,1.0,10.0,subplot,6,unrelated,unrelated,,,unrelated,True,OK
NA1_LAG10_015_overlay,NA1_LAG10,1.0,10.0,overlay,1,unrelated,unrelated,,,unrelated,True,OK
NA1_LAG10_015_overlay,NA1_LAG10,1.0,10.0,overlay,2,unrelated,unrelated,,,unrelated,True,OK
NA1_LAG10_015_overlay,NA1_LAG10,1.0,10.0,overlay,3,unrelated,unrelated,,,unrelated,True,OK
NA1_LAG10_015_overlay,NA1_LAG10,1.0,10.0,overlay,4,affected,mild,C2,True,unrelated,False,OK
NA1_LAG10_015_overlay,NA1_LAG10,1.0,10.0,overlay,6,unrelated,unrelated,,,unrelated,True,OK
NA1_LAG10_015_subplot,NA1_LAG10,1.0,10.0,subplot,1,unrelated,unrelated,,,unrelated,True,OK
NA1_LAG10_015_subplot,NA1_LAG10,1.0,10.0,subplot,2,unrelated,unrelated,,,unrelated,True,OK
NA1_LAG10_015_subplot,NA1_LAG10,1.0,10.0,subplot,3,unrelated,unrelated,,,unrelated,True,OK
NA1_LAG10_015_subplot,NA1_LAG10,1.0,10.0,subplot,4,affected,mild,C2,True,unrelated,False,OK
NA1_LAG10_015_subplot,NA1_LAG10,1.0,10.0,subplot,6,unrelated,unrelated,,,unrelated,True,OK
NA1_LAG10_016_overlay,NA1_LAG10,1.0,10.0,overlay,1,unrelated,unrelated,,,unrelated,True,OK
NA1_LAG10_016_overlay,NA1_LAG10,1.0,10.0,overlay,3,unrelated,unrelated,,,unrelated,True,OK
NA1_LAG10_016_overlay,NA1_LAG10,1.0,10.0,overlay,4,unrelated,unrelated,,,unrelated,True,OK
NA1_LAG10_016_overlay,NA1_LAG10,1.0,10.0,overlay,5,affected,cascade,C1,False,unrelated,False,OK
NA1_LAG10_016_overlay,NA1_LAG10,1.0,10.0,overlay,6,unrelated,unrelated,,,affected,False,OK
NA1_LAG10_016_subplot,NA1_LAG10,1.0,10.0,subplot,1,unrelated,unrelated,,,unrelated,True,OK
NA1_LAG10_016_subplot,NA1_LAG10,1.0,10.0,subplot,3,unrelated,unrelated,,,unrelated,True,OK
NA1_LAG10_016_subplot,NA1_LAG10,1.0,10.0,subplot,4,unrelated,unrelated,,,unrelated,True,OK
NA1_LAG10_016_subplot,NA1_LAG10,1.0,10.0,subplot,5,affected,cascade,C1,False,affected,True,OK
NA1_LAG10_016_subplot,NA1_LAG10,1.0,10.0,subplot,6,unrelated,unrelated,,,unrelated,True,OK
NA1_LAG10_017_overlay,NA1_LAG10,1.0,10.0,overlay,1,affected,mild,C2,True,affected,True,OK
NA1_LAG10_017_overlay,NA1_LAG10,1.0,10.0,overlay,2,unrelated,unrelated,,,affected,False,OK
NA1_LAG10_017_overlay,NA1_LAG10,1.0,10.0,overlay,4,unrelated,unrelated,,,affected,False,OK
NA1_LAG10_017_overlay,NA1_LAG10,1.0,10.0,overlay,5,unrelated,unrelated,,,affected,False,OK
NA1_LAG10_017_overlay,NA1_LAG10,1.0,10.0,overlay,6,unrelated,unrelated,,,affected,False,OK
NA1_LAG10_017_subplot,NA1_LAG10,1.0,10.0,subplot,1,affected,mild,C2,True,affected,True,OK
NA1_LAG10_017_subplot,NA1_LAG10,1.0,10.0,subplot,2,unrelated,unrelated,,,affected,False,OK
NA1_LAG10_017_subplot,NA1_LAG10,1.0,10.0,subplot,4,unrelated,unrelated,,,unrelated,True,OK
NA1_LAG10_017_subplot,NA1_LAG10,1.0,10.0,subplot,5,unrelated,unrelated,,,affected,False,OK
NA1_LAG10_017_subplot,NA1_LAG10,1.0,10.0,subplot,6,unrelated,unrelated,,,unrelated,True,OK
NA1_LAG10_018_overlay,NA1_LAG10,1.0,10.0,overlay,1,unrelated,unrelated,,,unrelated,True,OK
NA1_LAG10_018_overlay,NA1_LAG10,1.0,10.0,overlay,3,unrelated,unrelated,,,unrelated,True,OK
NA1_LAG10_018_overlay,NA1_LAG10,1.0,10.0,overlay,4,affected,mild,C4,True,affected,True,OK
NA1_LAG10_018_overlay,NA1_LAG10,1.0,10.0,overlay,5,unrelated,unrelated,,,unrelated,True,OK
NA1_LAG10_018_overlay,NA1_LAG10,1.0,10.0,overlay,6,unrelated,unrelated,,,unrelated,True,OK
NA1_LAG10_018_subplot,NA1_LAG10,1.0,10.0,subplot,1,unrelated,unrelated,,,unrelated,True,OK
NA1_LAG10_018_subplot,NA1_LAG10,1.0,10.0,subplot,3,unrelated,unrelated,,,unrelated,True,OK
NA1_LAG10_018_subplot,NA1_LAG10,1.0,10.0,subplot,4,affected,mild,C4,True,unrelated,False,OK
NA1_LAG10_018_subplot,NA1_LAG10,1.0,10.0,subplot,5,unrelated,unrelated,,,unrelated,True,OK
NA1_LAG10_018_subplot,NA1_LAG10,1.0,10.0,subplot,6,unrelated,unrelated,,,unrelated,True,OK
NA1_LAG10_019_overlay,NA1_LAG10,1.0,10.0,overlay,1,unrelated,unrelated,,,unrelated,True,OK
NA1_LAG10_019_overlay,NA1_LAG10,1.0,10.0,overlay,2,affected,mild,C1,False,affected,True,OK
NA1_LAG10_019_overlay,NA1_LAG10,1.0,10.0,overlay,3,unrelated,unrelated,,,unrelated,True,OK
NA1_LAG10_019_overlay,NA1_LAG10,1.0,10.0,overlay,5,unrelated,unrelated,,,unrelated,True,OK
NA1_LAG10_019_overlay,NA1_LAG10,1.0,10.0,overlay,6,unrelated,unrelated,,,unrelated,True,OK
NA1_LAG10_019_subplot,NA1_LAG10,1.0,10.0,subplot,1,unrelated,unrelated,,,unrelated,True,OK
NA1_LAG10_019_subplot,NA1_LAG10,1.0,10.0,subplot,2,affected,mild,C1,False,unrelated,False,OK
NA1_LAG10_019_subplot,NA1_LAG10,1.0,10.0,subplot,3,unrelated,unrelated,,,unrelated,True,OK
NA1_LAG10_019_subplot,NA1_LAG10,1.0,10.0,subplot,5,unrelated,unrelated,,,unrelated,True,OK
NA1_LAG10_019_subplot,NA1_LAG10,1.0,10.0,subplot,6,unrelated,unrelated,,,unrelated,True,OK
NA1_LAG10_020_overlay,NA1_LAG10,1.0,10.0,overlay,1,unrelated,unrelated,,,unrelated,True,OK
NA1_LAG10_020_overlay,NA1_LAG10,1.0,10.0,overlay,3,unrelated,unrelated,,,unrelated,True,OK
NA1_LAG10_020_overlay,NA1_LAG10,1.0,10.0,overlay,4,unrelated,unrelated,,,unrelated,True,OK
NA1_LAG10_020_overlay,NA1_LAG10,1.0,10.0,overlay,5,unrelated,unrelated,,,unrelated,True,OK
NA1_LAG10_020_overlay,NA1_LAG10,1.0,10.0,overlay,6,affected,cascade,C4,False,affected,True,OK
NA1_LAG10_020_subplot,NA1_LAG10,1.0,10.0,subplot,1,unrelated,unrelated,,,unrelated,True,OK
NA1_LAG10_020_subplot,NA1_LAG10,1.0,10.0,subplot,3,unrelated,unrelated,,,unrelated,True,OK
NA1_LAG10_020_subplot,NA1_LAG10,1.0,10.0,subplot,4,unrelated,unrelated,,,unrelated,True,OK
NA1_LAG10_020_subplot,NA1_LAG10,1.0,10.0,subplot,5,unrelated,unrelated,,,unrelated,True,OK
NA1_LAG10_020_subplot,NA1_LAG10,1.0,10.0,subplot,6,affected,cascade,C4,False,unrelated,False,OK
NA1_LAG10_021_overlay,NA1_LAG10,1.0,10.0,overlay,1,unrelated,unrelated,,,unrelated,True,OK
NA1_LAG10_021_overlay,NA1_LAG10,1.0,10.0,overlay,2,affected,cascade,C2,True,unrelated,False,OK
NA1_LAG10_021_overlay,NA1_LAG10,1.0,10.0,overlay,4,unrelated,unrelated,,,unrelated,True,OK
NA1_LAG10_021_overlay,NA1_LAG10,1.0,10.0,overlay,5,unrelated,unrelated,,,unrelated,True,OK
NA1_LAG10_021_overlay,NA1_LAG10,1.0,10.0,overlay,6,unrelated,unrelated,,,unrelated,True,OK
NA1_LAG10_021_subplot,NA1_LAG10,1.0,10.0,subplot,1,unrelated,unrelated,,,affected,False,OK
NA1_LAG10_021_subplot,NA1_LAG10,1.0,10.0,subplot,2,affected,cascade,C2,True,affected,True,OK
NA1_LAG10_021_subplot,NA1_LAG10,1.0,10.0,subplot,4,unrelated,unrelated,,,unrelated,True,OK
NA1_LAG10_021_subplot,NA1_LAG10,1.0,10.0,subplot,5,unrelated,unrelated,,,affected,False,OK
NA1_LAG10_021_subplot,NA1_LAG10,1.0,10.0,subplot,6,unrelated,unrelated,,,unrelated,True,OK
NA1_LAG10_022_overlay,NA1_LAG10,1.0,10.0,overlay,1,unrelated,unrelated,,,unrelated,True,OK
NA1_LAG10_022_overlay,NA1_LAG10,1.0,10.0,overlay,2,unrelated,unrelated,,,unrelated,True,OK
NA1_LAG10_022_overlay,NA1_LAG10,1.0,10.0,overlay,3,unrelated,unrelated,,,unrelated,True,OK
NA1_LAG10_022_overlay,NA1_LAG10,1.0,10.0,overlay,4,unrelated,unrelated,,,unrelated,True,OK
NA1_LAG10_022_overlay,NA1_LAG10,1.0,10.0,overlay,6,affected,mild,C4,False,unrelated,False,OK
NA1_LAG10_022_subplot,NA1_LAG10,1.0,10.0,subplot,1,unrelated,unrelated,,,affected,False,OK
NA1_LAG10_022_subplot,NA1_LAG10,1.0,10.0,subplot,2,unrelated,unrelated,,,affected,False,OK
NA1_LAG10_022_subplot,NA1_LAG10,1.0,10.0,subplot,3,unrelated,unrelated,,,affected,False,OK
NA1_LAG10_022_subplot,NA1_LAG10,1.0,10.0,subplot,4,unrelated,unrelated,,,affected,False,OK
NA1_LAG10_022_subplot,NA1_LAG10,1.0,10.0,subplot,6,affected,mild,C4,False,affected,True,OK
NA1_LAG10_023_overlay,NA1_LAG10,1.0,10.0,overlay,1,unrelated,unrelated,,,affected,False,OK
NA1_LAG10_023_overlay,NA1_LAG10,1.0,10.0,overlay,2,unrelated,unrelated,,,affected,False,OK
NA1_LAG10_023_overlay,NA1_LAG10,1.0,10.0,overlay,4,unrelated,unrelated,,,affected,False,OK
NA1_LAG10_023_overlay,NA1_LAG10,1.0,10.0,overlay,5,unrelated,unrelated,,,affected,False,OK
NA1_LAG10_023_overlay,NA1_LAG10,1.0,10.0,overlay,6,affected,mild,C4,False,root,False,OK
NA1_LAG10_023_subplot,NA1_LAG10,1.0,10.0,subplot,1,unrelated,unrelated,,,affected,False,OK
NA1_LAG10_023_subplot,NA1_LAG10,1.0,10.0,subplot,2,unrelated,unrelated,,,affected,False,OK
NA1_LAG10_023_subplot,NA1_LAG10,1.0,10.0,subplot,4,unrelated,unrelated,,,unrelated,True,OK
NA1_LAG10_023_subplot,NA1_LAG10,1.0,10.0,subplot,5,unrelated,unrelated,,,unrelated,True,OK
NA1_LAG10_023_subplot,NA1_LAG10,1.0,10.0,subplot,6,affected,mild,C4,False,affected,True,OK
NA1_LAG10_024_overlay,NA1_LAG10,1.0,10.0,overlay,1,unrelated,unrelated,,,unrelated,True,OK
NA1_LAG10_024_overlay,NA1_LAG10,1.0,10.0,overlay,3,unrelated,unrelated,,,unrelated,True,OK
NA1_LAG10_024_overlay,NA1_LAG10,1.0,10.0,overlay,4,affected,cascade,C3,True,root,False,OK
NA1_LAG10_024_overlay,NA1_LAG10,1.0,10.0,overlay,5,unrelated,unrelated,,,unrelated,True,OK
NA1_LAG10_024_overlay,NA1_LAG10,1.0,10.0,overlay,6,unrelated,unrelated,,,unrelated,True,OK
NA1_LAG10_024_subplot,NA1_LAG10,1.0,10.0,subplot,1,unrelated,unrelated,,,unrelated,True,OK
NA1_LAG10_024_subplot,NA1_LAG10,1.0,10.0,subplot,3,unrelated,unrelated,,,unrelated,True,OK
NA1_LAG10_024_subplot,NA1_LAG10,1.0,10.0,subplot,4,affected,cascade,C3,True,affected,True,OK
NA1_LAG10_024_subplot,NA1_LAG10,1.0,10.0,subplot,5,unrelated,unrelated,,,unrelated,True,OK
NA1_LAG10_024_subplot,NA1_LAG10,1.0,10.0,subplot,6,unrelated,unrelated,,,unrelated,True,OK
NA1_LAG10_025_overlay,NA1_LAG10,1.0,10.0,overlay,1,affected,cascade,C3,False,root,False,OK
NA1_LAG10_025_overlay,NA1_LAG10,1.0,10.0,overlay,3,unrelated,unrelated,,,unrelated,True,OK
NA1_LAG10_025_overlay,NA1_LAG10,1.0,10.0,overlay,4,unrelated,unrelated,,,unrelated,True,OK
NA1_LAG10_025_overlay,NA1_LAG10,1.0,10.0,overlay,5,unrelated,unrelated,,,unrelated,True,OK
NA1_LAG10_025_overlay,NA1_LAG10,1.0,10.0,overlay,6,unrelated,unrelated,,,unrelated,True,OK
NA1_LAG10_025_subplot,NA1_LAG10,1.0,10.0,subplot,1,affected,cascade,C3,False,root,False,OK
NA1_LAG10_025_subplot,NA1_LAG10,1.0,10.0,subplot,3,unrelated,unrelated,,,affected,False,OK
NA1_LAG10_025_subplot,NA1_LAG10,1.0,10.0,subplot,4,unrelated,unrelated,,,unrelated,True,OK
NA1_LAG10_025_subplot,NA1_LAG10,1.0,10.0,subplot,5,unrelated,unrelated,,,unrelated,True,OK
NA1_LAG10_025_subplot,NA1_LAG10,1.0,10.0,subplot,6,unrelated,unrelated,,,affected,False,OK
NA1_LAG10_026_overlay,NA1_LAG10,1.0,10.0,overlay,2,unrelated,unrelated,,,unrelated,True,OK
NA1_LAG10_026_overlay,NA1_LAG10,1.0,10.0,overlay,3,affected,mild,C1,True,affected,True,OK
NA1_LAG10_026_overlay,NA1_LAG10,1.0,10.0,overlay,4,unrelated,unrelated,,,unrelated,True,OK
NA1_LAG10_026_overlay,NA1_LAG10,1.0,10.0,overlay,5,unrelated,unrelated,,,unrelated,True,OK
NA1_LAG10_026_overlay,NA1_LAG10,1.0,10.0,overlay,6,unrelated,unrelated,,,unrelated,True,OK
NA1_LAG10_026_subplot,NA1_LAG10,1.0,10.0,subplot,2,unrelated,unrelated,,,unrelated,True,OK
NA1_LAG10_026_subplot,NA1_LAG10,1.0,10.0,subplot,3,affected,mild,C1,True,unrelated,False,OK
NA1_LAG10_026_subplot,NA1_LAG10,1.0,10.0,subplot,4,unrelated,unrelated,,,unrelated,True,OK
NA1_LAG10_026_subplot,NA1_LAG10,1.0,10.0,subplot,5,unrelated,unrelated,,,unrelated,True,OK
NA1_LAG10_026_subplot,NA1_LAG10,1.0,10.0,subplot,6,unrelated,unrelated,,,unrelated,True,OK
NA1_LAG10_027_overlay,NA1_LAG10,1.0,10.0,overlay,1,unrelated,unrelated,,,unrelated,True,OK
NA1_LAG10_027_overlay,NA1_LAG10,1.0,10.0,overlay,3,affected,cascade,C3,False,root,False,OK
NA1_LAG10_027_overlay,NA1_LAG10,1.0,10.0,overlay,4,unrelated,unrelated,,,affected,False,OK
NA1_LAG10_027_overlay,NA1_LAG10,1.0,10.0,overlay,5,unrelated,unrelated,,,unrelated,True,OK
NA1_LAG10_027_overlay,NA1_LAG10,1.0,10.0,overlay,6,unrelated,unrelated,,,unrelated,True,OK
NA1_LAG10_027_subplot,NA1_LAG10,1.0,10.0,subplot,1,unrelated,unrelated,,,unrelated,True,OK
NA1_LAG10_027_subplot,NA1_LAG10,1.0,10.0,subplot,3,affected,cascade,C3,False,affected,True,OK
NA1_LAG10_027_subplot,NA1_LAG10,1.0,10.0,subplot,4,unrelated,unrelated,,,unrelated,True,OK
NA1_LAG10_027_subplot,NA1_LAG10,1.0,10.0,subplot,5,unrelated,unrelated,,,unrelated,True,OK
NA1_LAG10_027_subplot,NA1_LAG10,1.0,10.0,subplot,6,unrelated,unrelated,,,unrelated,True,OK
NA1_LAG10_028_overlay,NA1_LAG10,1.0,10.0,overlay,1,unrelated,unrelated,,,unrelated,True,OK
NA1_LAG10_028_overlay,NA1_LAG10,1.0,10.0,overlay,2,unrelated,unrelated,,,unrelated,True,OK
NA1_LAG10_028_overlay,NA1_LAG10,1.0,10.0,overlay,3,unrelated,unrelated,,,unrelated,True,OK
NA1_LAG10_028_overlay,NA1_LAG10,1.0,10.0,overlay,4,unrelated,unrelated,,,unrelated,True,OK
NA1_LAG10_028_overlay,NA1_LAG10,1.0,10.0,overlay,5,affected,mild,C2,True,affected,True,OK
NA1_LAG10_028_subplot,NA1_LAG10,1.0,10.0,subplot,1,unrelated,unrelated,,,affected,False,OK
NA1_LAG10_028_subplot,NA1_LAG10,1.0,10.0,subplot,2,unrelated,unrelated,,,affected,False,OK
NA1_LAG10_028_subplot,NA1_LAG10,1.0,10.0,subplot,3,unrelated,unrelated,,,affected,False,OK
NA1_LAG10_028_subplot,NA1_LAG10,1.0,10.0,subplot,4,unrelated,unrelated,,,affected,False,OK
NA1_LAG10_028_subplot,NA1_LAG10,1.0,10.0,subplot,5,affected,mild,C2,True,affected,True,OK
NA1_LAG10_029_overlay,NA1_LAG10,1.0,10.0,overlay,1,unrelated,unrelated,,,unrelated,True,OK
NA1_LAG10_029_overlay,NA1_LAG10,1.0,10.0,overlay,2,unrelated,unrelated,,,unrelated,True,OK
NA1_LAG10_029_overlay,NA1_LAG10,1.0,10.0,overlay,3,unrelated,unrelated,,,unrelated,True,OK
NA1_LAG10_029_overlay,NA1_LAG10,1.0,10.0,overlay,5,unrelated,unrelated,,,unrelated,True,OK
NA1_LAG10_029_overlay,NA1_LAG10,1.0,10.0,overlay,6,affected,mild,C3,True,affected,True,OK
NA1_LAG10_029_subplot,NA1_LAG10,1.0,10.0,subplot,1,unrelated,unrelated,,,affected,False,OK
NA1_LAG10_029_subplot,NA1_LAG10,1.0,10.0,subplot,2,unrelated,unrelated,,,affected,False,OK
NA1_LAG10_029_subplot,NA1_LAG10,1.0,10.0,subplot,3,unrelated,unrelated,,,unrelated,True,OK
NA1_LAG10_029_subplot,NA1_LAG10,1.0,10.0,subplot,5,unrelated,unrelated,,,unrelated,True,OK
NA1_LAG10_029_subplot,NA1_LAG10,1.0,10.0,subplot,6,affected,mild,C3,True,root,False,OK
NA1_LAG50_000_overlay,NA1_LAG50,1.0,50.0,overlay,2,affected,mild,C2,True,unrelated,False,OK
NA1_LAG50_000_overlay,NA1_LAG50,1.0,50.0,overlay,3,unrelated,unrelated,,,unrelated,True,OK
NA1_LAG50_000_overlay,NA1_LAG50,1.0,50.0,overlay,4,unrelated,unrelated,,,unrelated,True,OK
NA1_LAG50_000_overlay,NA1_LAG50,1.0,50.0,overlay,5,unrelated,unrelated,,,unrelated,True,OK
NA1_LAG50_000_overlay,NA1_LAG50,1.0,50.0,overlay,6,unrelated,unrelated,,,unrelated,True,OK
NA1_LAG50_000_subplot,NA1_LAG50,1.0,50.0,subplot,2,affected,mild,C2,True,affected,True,OK
NA1_LAG50_000_subplot,NA1_LAG50,1.0,50.0,subplot,3,unrelated,unrelated,,,affected,False,OK
NA1_LAG50_000_subplot,NA1_LAG50,1.0,50.0,subplot,4,unrelated,unrelated,,,affected,False,OK
NA1_LAG50_000_subplot,NA1_LAG50,1.0,50.0,subplot,5,unrelated,unrelated,,,affected,False,OK
NA1_LAG50_000_subplot,NA1_LAG50,1.0,50.0,subplot,6,unrelated,unrelated,,,unrelated,True,OK
NA1_LAG50_001_overlay,NA1_LAG50,1.0,50.0,overlay,1,unrelated,unrelated,,,unrelated,True,OK
NA1_LAG50_001_overlay,NA1_LAG50,1.0,50.0,overlay,2,unrelated,unrelated,,,unrelated,True,OK
NA1_LAG50_001_overlay,NA1_LAG50,1.0,50.0,overlay,4,unrelated,unrelated,,,unrelated,True,OK
NA1_LAG50_001_overlay,NA1_LAG50,1.0,50.0,overlay,5,affected,mild,C2,False,affected,True,OK
NA1_LAG50_001_overlay,NA1_LAG50,1.0,50.0,overlay,6,unrelated,unrelated,,,unrelated,True,OK
NA1_LAG50_001_subplot,NA1_LAG50,1.0,50.0,subplot,1,unrelated,unrelated,,,affected,False,OK
NA1_LAG50_001_subplot,NA1_LAG50,1.0,50.0,subplot,2,unrelated,unrelated,,,unrelated,True,OK
NA1_LAG50_001_subplot,NA1_LAG50,1.0,50.0,subplot,4,unrelated,unrelated,,,unrelated,True,OK
NA1_LAG50_001_subplot,NA1_LAG50,1.0,50.0,subplot,5,affected,mild,C2,False,root,False,OK
NA1_LAG50_001_subplot,NA1_LAG50,1.0,50.0,subplot,6,unrelated,unrelated,,,affected,False,OK
NA1_LAG50_002_overlay,NA1_LAG50,1.0,50.0,overlay,1,unrelated,unrelated,,,unrelated,True,OK
NA1_LAG50_002_overlay,NA1_LAG50,1.0,50.0,overlay,2,affected,mild,C2,True,unrelated,False,OK
NA1_LAG50_002_overlay,NA1_LAG50,1.0,50.0,overlay,3,unrelated,unrelated,,,unrelated,True,OK
NA1_LAG50_002_overlay,NA1_LAG50,1.0,50.0,overlay,4,unrelated,unrelated,,,unrelated,True,OK
NA1_LAG50_002_overlay,NA1_LAG50,1.0,50.0,overlay,6,unrelated,unrelated,,,unrelated,True,OK
NA1_LAG50_002_subplot,NA1_LAG50,1.0,50.0,subplot,1,unrelated,unrelated,,,unrelated,True,OK
NA1_LAG50_002_subplot,NA1_LAG50,1.0,50.0,subplot,2,affected,mild,C2,True,unrelated,False,OK
NA1_LAG50_002_subplot,NA1_LAG50,1.0,50.0,subplot,3,unrelated,unrelated,,,unrelated,True,OK
NA1_LAG50_002_subplot,NA1_LAG50,1.0,50.0,subplot,4,unrelated,unrelated,,,unrelated,True,OK
NA1_LAG50_002_subplot,NA1_LAG50,1.0,50.0,subplot,6,unrelated,unrelated,,,unrelated,True,OK
NA1_LAG50_003_overlay,NA1_LAG50,1.0,50.0,overlay,2,affected,cascade,C2,True,affected,True,OK
NA1_LAG50_003_overlay,NA1_LAG50,1.0,50.0,overlay,3,unrelated,unrelated,,,unrelated,True,OK
NA1_LAG50_003_overlay,NA1_LAG50,1.0,50.0,overlay,4,unrelated,unrelated,,,unrelated,True,OK
NA1_LAG50_003_overlay,NA1_LAG50,1.0,50.0,overlay,5,unrelated,unrelated,,,unrelated,True,OK
NA1_LAG50_003_overlay,NA1_LAG50,1.0,50.0,overlay,6,unrelated,unrelated,,,unrelated,True,OK
NA1_LAG50_003_subplot,NA1_LAG50,1.0,50.0,subplot,2,affected,cascade,C2,True,root,False,OK
NA1_LAG50_003_subplot,NA1_LAG50,1.0,50.0,subplot,3,unrelated,unrelated,,,affected,False,OK
NA1_LAG50_003_subplot,NA1_LAG50,1.0,50.0,subplot,4,unrelated,unrelated,,,affected,False,OK
NA1_LAG50_003_subplot,NA1_LAG50,1.0,50.0,subplot,5,unrelated,unrelated,,,affected,False,OK
NA1_LAG50_003_subplot,NA1_LAG50,1.0,50.0,subplot,6,unrelated,unrelated,,,affected,False,OK
NA1_LAG50_004_overlay,NA1_LAG50,1.0,50.0,overlay,1,unrelated,unrelated,,,unrelated,True,OK
NA1_LAG50_004_overlay,NA1_LAG50,1.0,50.0,overlay,2,unrelated,unrelated,,,unrelated,True,OK
NA1_LAG50_004_overlay,NA1_LAG50,1.0,50.0,overlay,4,unrelated,unrelated,,,unrelated,True,OK
NA1_LAG50_004_overlay,NA1_LAG50,1.0,50.0,overlay,5,affected,mild,C4,False,affected,True,OK
NA1_LAG50_004_overlay,NA1_LAG50,1.0,50.0,overlay,6,unrelated,unrelated,,,unrelated,True,OK
NA1_LAG50_004_subplot,NA1_LAG50,1.0,50.0,subplot,1,unrelated,unrelated,,,unrelated,True,OK
NA1_LAG50_004_subplot,NA1_LAG50,1.0,50.0,subplot,2,unrelated,unrelated,,,affected,False,OK
NA1_LAG50_004_subplot,NA1_LAG50,1.0,50.0,subplot,4,unrelated,unrelated,,,affected,False,OK
NA1_LAG50_004_subplot,NA1_LAG50,1.0,50.0,subplot,5,affected,mild,C4,False,affected,True,OK
NA1_LAG50_004_subplot,NA1_LAG50,1.0,50.0,subplot,6,unrelated,unrelated,,,affected,False,OK
NA1_LAG50_005_overlay,NA1_LAG50,1.0,50.0,overlay,1,unrelated,unrelated,,,unrelated,True,OK
NA1_LAG50_005_overlay,NA1_LAG50,1.0,50.0,overlay,2,unrelated,unrelated,,,unrelated,True,OK
NA1_LAG50_005_overlay,NA1_LAG50,1.0,50.0,overlay,3,unrelated,unrelated,,,unrelated,True,OK
NA1_LAG50_005_overlay,NA1_LAG50,1.0,50.0,overlay,4,unrelated,unrelated,,,unrelated,True,OK
NA1_LAG50_005_overlay,NA1_LAG50,1.0,50.0,overlay,5,affected,cascade,C5,False,unrelated,False,OK
NA1_LAG50_005_subplot,NA1_LAG50,1.0,50.0,subplot,1,unrelated,unrelated,,,unrelated,True,OK
NA1_LAG50_005_subplot,NA1_LAG50,1.0,50.0,subplot,2,unrelated,unrelated,,,unrelated,True,OK
NA1_LAG50_005_subplot,NA1_LAG50,1.0,50.0,subplot,3,unrelated,unrelated,,,unrelated,True,OK
NA1_LAG50_005_subplot,NA1_LAG50,1.0,50.0,subplot,4,unrelated,unrelated,,,unrelated,True,OK
NA1_LAG50_005_subplot,NA1_LAG50,1.0,50.0,subplot,5,affected,cascade,C5,False,unrelated,False,OK
NA1_LAG50_006_overlay,NA1_LAG50,1.0,50.0,overlay,1,unrelated,unrelated,,,unrelated,True,OK
NA1_LAG50_006_overlay,NA1_LAG50,1.0,50.0,overlay,2,affected,mild,C2,False,affected,True,OK
NA1_LAG50_006_overlay,NA1_LAG50,1.0,50.0,overlay,4,unrelated,unrelated,,,unrelated,True,OK
NA1_LAG50_006_overlay,NA1_LAG50,1.0,50.0,overlay,5,unrelated,unrelated,,,unrelated,True,OK
NA1_LAG50_006_overlay,NA1_LAG50,1.0,50.0,overlay,6,unrelated,unrelated,,,unrelated,True,OK
NA1_LAG50_006_subplot,NA1_LAG50,1.0,50.0,subplot,1,unrelated,unrelated,,,unrelated,True,OK
NA1_LAG50_006_subplot,NA1_LAG50,1.0,50.0,subplot,2,affected,mild,C2,False,unrelated,False,OK
NA1_LAG50_006_subplot,NA1_LAG50,1.0,50.0,subplot,4,unrelated,unrelated,,,unrelated,True,OK
NA1_LAG50_006_subplot,NA1_LAG50,1.0,50.0,subplot,5,unrelated,unrelated,,,unrelated,True,OK
NA1_LAG50_006_subplot,NA1_LAG50,1.0,50.0,subplot,6,unrelated,unrelated,,,unrelated,True,OK
NA1_LAG50_007_overlay,NA1_LAG50,1.0,50.0,overlay,1,unrelated,unrelated,,,unrelated,True,OK
NA1_LAG50_007_overlay,NA1_LAG50,1.0,50.0,overlay,2,affected,mild,C3,False,affected,True,OK
NA1_LAG50_007_overlay,NA1_LAG50,1.0,50.0,overlay,3,unrelated,unrelated,,,unrelated,True,OK
NA1_LAG50_007_overlay,NA1_LAG50,1.0,50.0,overlay,5,unrelated,unrelated,,,unrelated,True,OK
NA1_LAG50_007_overlay,NA1_LAG50,1.0,50.0,overlay,6,unrelated,unrelated,,,root,False,OK
NA1_LAG50_007_subplot,NA1_LAG50,1.0,50.0,subplot,1,unrelated,unrelated,,,unrelated,True,OK
NA1_LAG50_007_subplot,NA1_LAG50,1.0,50.0,subplot,2,affected,mild,C3,False,unrelated,False,OK
NA1_LAG50_007_subplot,NA1_LAG50,1.0,50.0,subplot,3,unrelated,unrelated,,,unrelated,True,OK
NA1_LAG50_007_subplot,NA1_LAG50,1.0,50.0,subplot,5,unrelated,unrelated,,,unrelated,True,OK
NA1_LAG50_007_subplot,NA1_LAG50,1.0,50.0,subplot,6,unrelated,unrelated,,,unrelated,True,OK
NA1_LAG50_008_overlay,NA1_LAG50,1.0,50.0,overlay,2,affected,mild,C2,False,affected,True,OK
NA1_LAG50_008_overlay,NA1_LAG50,1.0,50.0,overlay,3,unrelated,unrelated,,,unrelated,True,OK
NA1_LAG50_008_overlay,NA1_LAG50,1.0,50.0,overlay,4,unrelated,unrelated,,,unrelated,True,OK
NA1_LAG50_008_overlay,NA1_LAG50,1.0,50.0,overlay,5,unrelated,unrelated,,,unrelated,True,OK
NA1_LAG50_008_overlay,NA1_LAG50,1.0,50.0,overlay,6,unrelated,unrelated,,,unrelated,True,OK
NA1_LAG50_008_subplot,NA1_LAG50,1.0,50.0,subplot,2,affected,mild,C2,False,unrelated,False,OK
NA1_LAG50_008_subplot,NA1_LAG50,1.0,50.0,subplot,3,unrelated,unrelated,,,unrelated,True,OK
NA1_LAG50_008_subplot,NA1_LAG50,1.0,50.0,subplot,4,unrelated,unrelated,,,unrelated,True,OK
NA1_LAG50_008_subplot,NA1_LAG50,1.0,50.0,subplot,5,unrelated,unrelated,,,unrelated,True,OK
NA1_LAG50_008_subplot,NA1_LAG50,1.0,50.0,subplot,6,unrelated,unrelated,,,unrelated,True,OK
NA1_LAG50_009_overlay,NA1_LAG50,1.0,50.0,overlay,1,affected,cascade,C4,True,affected,True,OK
NA1_LAG50_009_overlay,NA1_LAG50,1.0,50.0,overlay,2,unrelated,unrelated,,,unrelated,True,OK
NA1_LAG50_009_overlay,NA1_LAG50,1.0,50.0,overlay,3,unrelated,unrelated,,,unrelated,True,OK
NA1_LAG50_009_overlay,NA1_LAG50,1.0,50.0,overlay,5,unrelated,unrelated,,,affected,False,OK
NA1_LAG50_009_overlay,NA1_LAG50,1.0,50.0,overlay,6,unrelated,unrelated,,,unrelated,True,OK
NA1_LAG50_009_subplot,NA1_LAG50,1.0,50.0,subplot,1,affected,cascade,C4,True,unrelated,False,OK
NA1_LAG50_009_subplot,NA1_LAG50,1.0,50.0,subplot,2,unrelated,unrelated,,,unrelated,True,OK
NA1_LAG50_009_subplot,NA1_LAG50,1.0,50.0,subplot,3,unrelated,unrelated,,,unrelated,True,OK
NA1_LAG50_009_subplot,NA1_LAG50,1.0,50.0,subplot,5,unrelated,unrelated,,,unrelated,True,OK
NA1_LAG50_009_subplot,NA1_LAG50,1.0,50.0,subplot,6,unrelated,unrelated,,,unrelated,True,OK
NA1_LAG50_010_overlay,NA1_LAG50,1.0,50.0,overlay,1,affected,mild,C4,True,affected,True,OK
NA1_LAG50_010_overlay,NA1_LAG50,1.0,50.0,overlay,3,unrelated,unrelated,,,unrelated,True,OK
NA1_LAG50_010_overlay,NA1_LAG50,1.0,50.0,overlay,4,unrelated,unrelated,,,unrelated,True,OK
NA1_LAG50_010_overlay,NA1_LAG50,1.0,50.0,overlay,5,unrelated,unrelated,,,unrelated,True,OK
NA1_LAG50_010_overlay,NA1_LAG50,1.0,50.0,overlay,6,unrelated,unrelated,,,unrelated,True,OK
NA1_LAG50_010_subplot,NA1_LAG50,1.0,50.0,subplot,1,affected,mild,C4,True,affected,True,OK
NA1_LAG50_010_subplot,NA1_LAG50,1.0,50.0,subplot,3,unrelated,unrelated,,,root,False,OK
NA1_LAG50_010_subplot,NA1_LAG50,1.0,50.0,subplot,4,unrelated,unrelated,,,affected,False,OK
NA1_LAG50_010_subplot,NA1_LAG50,1.0,50.0,subplot,5,unrelated,unrelated,,,unrelated,True,OK
NA1_LAG50_010_subplot,NA1_LAG50,1.0,50.0,subplot,6,unrelated,unrelated,,,affected,False,OK
NA1_LAG50_011_overlay,NA1_LAG50,1.0,50.0,overlay,1,unrelated,unrelated,,,unrelated,True,OK
NA1_LAG50_011_overlay,NA1_LAG50,1.0,50.0,overlay,3,unrelated,unrelated,,,unrelated,True,OK
NA1_LAG50_011_overlay,NA1_LAG50,1.0,50.0,overlay,4,affected,mild,C1,True,unrelated,False,OK
NA1_LAG50_011_overlay,NA1_LAG50,1.0,50.0,overlay,5,unrelated,unrelated,,,unrelated,True,OK
NA1_LAG50_011_overlay,NA1_LAG50,1.0,50.0,overlay,6,unrelated,unrelated,,,unrelated,True,OK
NA1_LAG50_011_subplot,NA1_LAG50,1.0,50.0,subplot,1,unrelated,unrelated,,,unrelated,True,OK
NA1_LAG50_011_subplot,NA1_LAG50,1.0,50.0,subplot,3,unrelated,unrelated,,,unrelated,True,OK
NA1_LAG50_011_subplot,NA1_LAG50,1.0,50.0,subplot,4,affected,mild,C1,True,unrelated,False,OK
NA1_LAG50_011_subplot,NA1_LAG50,1.0,50.0,subplot,5,unrelated,unrelated,,,unrelated,True,OK
NA1_LAG50_011_subplot,NA1_LAG50,1.0,50.0,subplot,6,unrelated,unrelated,,,unrelated,True,OK
NA1_LAG50_012_overlay,NA1_LAG50,1.0,50.0,overlay,1,affected,cascade,C5,True,unrelated,False,OK
NA1_LAG50_012_overlay,NA1_LAG50,1.0,50.0,overlay,2,unrelated,unrelated,,,unrelated,True,OK
NA1_LAG50_012_overlay,NA1_LAG50,1.0,50.0,overlay,3,unrelated,unrelated,,,unrelated,True,OK
NA1_LAG50_012_overlay,NA1_LAG50,1.0,50.0,overlay,4,unrelated,unrelated,,,unrelated,True,OK
NA1_LAG50_012_overlay,NA1_LAG50,1.0,50.0,overlay,6,unrelated,unrelated,,,unrelated,True,OK
NA1_LAG50_012_subplot,NA1_LAG50,1.0,50.0,subplot,1,affected,cascade,C5,True,unrelated,False,OK
NA1_LAG50_012_subplot,NA1_LAG50,1.0,50.0,subplot,2,unrelated,unrelated,,,unrelated,True,OK
NA1_LAG50_012_subplot,NA1_LAG50,1.0,50.0,subplot,3,unrelated,unrelated,,,unrelated,True,OK
NA1_LAG50_012_subplot,NA1_LAG50,1.0,50.0,subplot,4,unrelated,unrelated,,,unrelated,True,OK
NA1_LAG50_012_subplot,NA1_LAG50,1.0,50.0,subplot,6,unrelated,unrelated,,,unrelated,True,OK
NA1_LAG50_013_overlay,NA1_LAG50,1.0,50.0,overlay,1,unrelated,unrelated,,,unrelated,True,OK
NA1_LAG50_013_overlay,NA1_LAG50,1.0,50.0,overlay,2,affected,mild,C2,False,unrelated,False,OK
NA1_LAG50_013_overlay,NA1_LAG50,1.0,50.0,overlay,4,unrelated,unrelated,,,unrelated,True,OK
NA1_LAG50_013_overlay,NA1_LAG50,1.0,50.0,overlay,5,unrelated,unrelated,,,unrelated,True,OK
NA1_LAG50_013_overlay,NA1_LAG50,1.0,50.0,overlay,6,unrelated,unrelated,,,unrelated,True,OK
NA1_LAG50_013_subplot,NA1_LAG50,1.0,50.0,subplot,1,unrelated,unrelated,,,unrelated,True,OK
NA1_LAG50_013_subplot,NA1_LAG50,1.0,50.0,subplot,2,affected,mild,C2,False,unrelated,False,OK
NA1_LAG50_013_subplot,NA1_LAG50,1.0,50.0,subplot,4,unrelated,unrelated,,,unrelated,True,OK
NA1_LAG50_013_subplot,NA1_LAG50,1.0,50.0,subplot,5,unrelated,unrelated,,,unrelated,True,OK
NA1_LAG50_013_subplot,NA1_LAG50,1.0,50.0,subplot,6,unrelated,unrelated,,,unrelated,True,OK
NA1_LAG50_014_overlay,NA1_LAG50,1.0,50.0,overlay,1,unrelated,unrelated,,,unrelated,True,OK
NA1_LAG50_014_overlay,NA1_LAG50,1.0,50.0,overlay,2,unrelated,unrelated,,,unrelated,True,OK
NA1_LAG50_014_overlay,NA1_LAG50,1.0,50.0,overlay,4,unrelated,unrelated,,,affected,False,OK
NA1_LAG50_014_overlay,NA1_LAG50,1.0,50.0,overlay,5,affected,cascade,C2,True,unrelated,False,OK
NA1_LAG50_014_overlay,NA1_LAG50,1.0,50.0,overlay,6,unrelated,unrelated,,,unrelated,True,OK
NA1_LAG50_014_subplot,NA1_LAG50,1.0,50.0,subplot,1,unrelated,unrelated,,,unrelated,True,OK
NA1_LAG50_014_subplot,NA1_LAG50,1.0,50.0,subplot,2,unrelated,unrelated,,,unrelated,True,OK
NA1_LAG50_014_subplot,NA1_LAG50,1.0,50.0,subplot,4,unrelated,unrelated,,,unrelated,True,OK
NA1_LAG50_014_subplot,NA1_LAG50,1.0,50.0,subplot,5,affected,cascade,C2,True,affected,True,OK
NA1_LAG50_014_subplot,NA1_LAG50,1.0,50.0,subplot,6,unrelated,unrelated,,,unrelated,True,OK
NA1_LAG50_015_overlay,NA1_LAG50,1.0,50.0,overlay,2,affected,mild,C3,False,affected,True,OK
NA1_LAG50_015_overlay,NA1_LAG50,1.0,50.0,overlay,3,unrelated,unrelated,,,unrelated,True,OK
NA1_LAG50_015_overlay,NA1_LAG50,1.0,50.0,overlay,4,unrelated,unrelated,,,unrelated,True,OK
NA1_LAG50_015_overlay,NA1_LAG50,1.0,50.0,overlay,5,unrelated,unrelated,,,unrelated,True,OK
NA1_LAG50_015_overlay,NA1_LAG50,1.0,50.0,overlay,6,unrelated,unrelated,,,unrelated,True,OK
NA1_LAG50_015_subplot,NA1_LAG50,1.0,50.0,subplot,2,affected,mild,C3,False,unrelated,False,OK
NA1_LAG50_015_subplot,NA1_LAG50,1.0,50.0,subplot,3,unrelated,unrelated,,,unrelated,True,OK
NA1_LAG50_015_subplot,NA1_LAG50,1.0,50.0,subplot,4,unrelated,unrelated,,,unrelated,True,OK
NA1_LAG50_015_subplot,NA1_LAG50,1.0,50.0,subplot,5,unrelated,unrelated,,,unrelated,True,OK
NA1_LAG50_015_subplot,NA1_LAG50,1.0,50.0,subplot,6,unrelated,unrelated,,,unrelated,True,OK
NA1_LAG50_016_overlay,NA1_LAG50,1.0,50.0,overlay,2,unrelated,unrelated,,,unrelated,True,OK
NA1_LAG50_016_overlay,NA1_LAG50,1.0,50.0,overlay,3,unrelated,unrelated,,,unrelated,True,OK
NA1_LAG50_016_overlay,NA1_LAG50,1.0,50.0,overlay,4,unrelated,unrelated,,,unrelated,True,OK
NA1_LAG50_016_overlay,NA1_LAG50,1.0,50.0,overlay,5,affected,mild,C5,True,unrelated,False,OK
NA1_LAG50_016_overlay,NA1_LAG50,1.0,50.0,overlay,6,unrelated,unrelated,,,affected,False,OK
NA1_LAG50_016_subplot,NA1_LAG50,1.0,50.0,subplot,2,unrelated,unrelated,,,root,False,OK
NA1_LAG50_016_subplot,NA1_LAG50,1.0,50.0,subplot,3,unrelated,unrelated,,,unrelated,True,OK
NA1_LAG50_016_subplot,NA1_LAG50,1.0,50.0,subplot,4,unrelated,unrelated,,,affected,False,OK
NA1_LAG50_016_subplot,NA1_LAG50,1.0,50.0,subplot,5,affected,mild,C5,True,affected,True,OK
NA1_LAG50_016_subplot,NA1_LAG50,1.0,50.0,subplot,6,unrelated,unrelated,,,affected,False,OK
NA1_LAG50_017_overlay,NA1_LAG50,1.0,50.0,overlay,1,unrelated,unrelated,,,unrelated,True,OK
NA1_LAG50_017_overlay,NA1_LAG50,1.0,50.0,overlay,3,unrelated,unrelated,,,unrelated,True,OK
NA1_LAG50_017_overlay,NA1_LAG50,1.0,50.0,overlay,4,unrelated,unrelated,,,unrelated,True,OK
NA1_LAG50_017_overlay,NA1_LAG50,1.0,50.0,overlay,5,affected,mild,C1,True,affected,True,OK
NA1_LAG50_017_overlay,NA1_LAG50,1.0,50.0,overlay,6,unrelated,unrelated,,,unrelated,True,OK
NA1_LAG50_017_subplot,NA1_LAG50,1.0,50.0,subplot,1,unrelated,unrelated,,,unrelated,True,OK
NA1_LAG50_017_subplot,NA1_LAG50,1.0,50.0,subplot,3,unrelated,unrelated,,,unrelated,True,OK
NA1_LAG50_017_subplot,NA1_LAG50,1.0,50.0,subplot,4,unrelated,unrelated,,,unrelated,True,OK
NA1_LAG50_017_subplot,NA1_LAG50,1.0,50.0,subplot,5,affected,mild,C1,True,unrelated,False,OK
NA1_LAG50_017_subplot,NA1_LAG50,1.0,50.0,subplot,6,unrelated,unrelated,,,unrelated,True,OK
NA1_LAG50_018_overlay,NA1_LAG50,1.0,50.0,overlay,1,affected,cascade,C5,True,unrelated,False,OK
NA1_LAG50_018_overlay,NA1_LAG50,1.0,50.0,overlay,2,unrelated,unrelated,,,unrelated,True,OK
NA1_LAG50_018_overlay,NA1_LAG50,1.0,50.0,overlay,3,unrelated,unrelated,,,unrelated,True,OK
NA1_LAG50_018_overlay,NA1_LAG50,1.0,50.0,overlay,4,unrelated,unrelated,,,unrelated,True,OK
NA1_LAG50_018_overlay,NA1_LAG50,1.0,50.0,overlay,6,unrelated,unrelated,,,affected,False,OK
NA1_LAG50_018_subplot,NA1_LAG50,1.0,50.0,subplot,1,affected,cascade,C5,True,unrelated,False,OK
NA1_LAG50_018_subplot,NA1_LAG50,1.0,50.0,subplot,2,unrelated,unrelated,,,unrelated,True,OK
NA1_LAG50_018_subplot,NA1_LAG50,1.0,50.0,subplot,3,unrelated,unrelated,,,unrelated,True,OK
NA1_LAG50_018_subplot,NA1_LAG50,1.0,50.0,subplot,4,unrelated,unrelated,,,unrelated,True,OK
NA1_LAG50_018_subplot,NA1_LAG50,1.0,50.0,subplot,6,unrelated,unrelated,,,unrelated,True,OK
NA1_LAG50_019_overlay,NA1_LAG50,1.0,50.0,overlay,1,affected,cascade,C3,False,affected,True,OK
NA1_LAG50_019_overlay,NA1_LAG50,1.0,50.0,overlay,2,unrelated,unrelated,,,affected,False,OK
NA1_LAG50_019_overlay,NA1_LAG50,1.0,50.0,overlay,3,unrelated,unrelated,,,affected,False,OK
NA1_LAG50_019_overlay,NA1_LAG50,1.0,50.0,overlay,5,unrelated,unrelated,,,affected,False,OK
NA1_LAG50_019_overlay,NA1_LAG50,1.0,50.0,overlay,6,unrelated,unrelated,,,affected,False,OK
NA1_LAG50_019_subplot,NA1_LAG50,1.0,50.0,subplot,1,affected,cascade,C3,False,unrelated,False,OK
NA1_LAG50_019_subplot,NA1_LAG50,1.0,50.0,subplot,2,unrelated,unrelated,,,affected,False,OK
NA1_LAG50_019_subplot,NA1_LAG50,1.0,50.0,subplot,3,unrelated,unrelated,,,affected,False,OK
NA1_LAG50_019_subplot,NA1_LAG50,1.0,50.0,subplot,5,unrelated,unrelated,,,unrelated,True,OK
NA1_LAG50_019_subplot,NA1_LAG50,1.0,50.0,subplot,6,unrelated,unrelated,,,affected,False,OK
NA1_LAG50_020_overlay,NA1_LAG50,1.0,50.0,overlay,1,unrelated,unrelated,,,affected,False,OK
NA1_LAG50_020_overlay,NA1_LAG50,1.0,50.0,overlay,2,unrelated,unrelated,,,affected,False,OK
NA1_LAG50_020_overlay,NA1_LAG50,1.0,50.0,overlay,3,unrelated,unrelated,,,affected,False,OK
NA1_LAG50_020_overlay,NA1_LAG50,1.0,50.0,overlay,4,unrelated,unrelated,,,affected,False,OK
NA1_LAG50_020_overlay,NA1_LAG50,1.0,50.0,overlay,5,affected,mild,C2,True,root,False,OK
NA1_LAG50_020_subplot,NA1_LAG50,1.0,50.0,subplot,1,unrelated,unrelated,,,unrelated,True,OK
NA1_LAG50_020_subplot,NA1_LAG50,1.0,50.0,subplot,2,unrelated,unrelated,,,unrelated,True,OK
NA1_LAG50_020_subplot,NA1_LAG50,1.0,50.0,subplot,3,unrelated,unrelated,,,affected,False,OK
NA1_LAG50_020_subplot,NA1_LAG50,1.0,50.0,subplot,4,unrelated,unrelated,,,unrelated,True,OK
NA1_LAG50_020_subplot,NA1_LAG50,1.0,50.0,subplot,5,affected,mild,C2,True,unrelated,False,OK
NA1_LAG50_021_overlay,NA1_LAG50,1.0,50.0,overlay,1,unrelated,unrelated,,,unrelated,True,OK
NA1_LAG50_021_overlay,NA1_LAG50,1.0,50.0,overlay,2,unrelated,unrelated,,,unrelated,True,OK
NA1_LAG50_021_overlay,NA1_LAG50,1.0,50.0,overlay,3,unrelated,unrelated,,,unrelated,True,OK
NA1_LAG50_021_overlay,NA1_LAG50,1.0,50.0,overlay,4,unrelated,unrelated,,,unrelated,True,OK
NA1_LAG50_021_overlay,NA1_LAG50,1.0,50.0,overlay,6,affected,cascade,C4,True,affected,True,OK
NA1_LAG50_021_subplot,NA1_LAG50,1.0,50.0,subplot,1,unrelated,unrelated,,,unrelated,True,OK
NA1_LAG50_021_subplot,NA1_LAG50,1.0,50.0,subplot,2,unrelated,unrelated,,,unrelated,True,OK
NA1_LAG50_021_subplot,NA1_LAG50,1.0,50.0,subplot,3,unrelated,unrelated,,,unrelated,True,OK
NA1_LAG50_021_subplot,NA1_LAG50,1.0,50.0,subplot,4,unrelated,unrelated,,,unrelated,True,OK
NA1_LAG50_021_subplot,NA1_LAG50,1.0,50.0,subplot,6,affected,cascade,C4,True,unrelated,False,OK
NA1_LAG50_022_overlay,NA1_LAG50,1.0,50.0,overlay,1,affected,mild,C4,False,unrelated,False,OK
NA1_LAG50_022_overlay,NA1_LAG50,1.0,50.0,overlay,2,unrelated,unrelated,,,unrelated,True,OK
NA1_LAG50_022_overlay,NA1_LAG50,1.0,50.0,overlay,3,unrelated,unrelated,,,unrelated,True,OK
NA1_LAG50_022_overlay,NA1_LAG50,1.0,50.0,overlay,4,unrelated,unrelated,,,unrelated,True,OK
NA1_LAG50_022_overlay,NA1_LAG50,1.0,50.0,overlay,6,unrelated,unrelated,,,unrelated,True,OK
NA1_LAG50_022_subplot,NA1_LAG50,1.0,50.0,subplot,1,affected,mild,C4,False,affected,True,OK
NA1_LAG50_022_subplot,NA1_LAG50,1.0,50.0,subplot,2,unrelated,unrelated,,,unrelated,True,OK
NA1_LAG50_022_subplot,NA1_LAG50,1.0,50.0,subplot,3,unrelated,unrelated,,,affected,False,OK
NA1_LAG50_022_subplot,NA1_LAG50,1.0,50.0,subplot,4,unrelated,unrelated,,,unrelated,True,OK
NA1_LAG50_022_subplot,NA1_LAG50,1.0,50.0,subplot,6,unrelated,unrelated,,,unrelated,True,OK
NA1_LAG50_023_overlay,NA1_LAG50,1.0,50.0,overlay,1,affected,mild,C3,False,root,False,OK
NA1_LAG50_023_overlay,NA1_LAG50,1.0,50.0,overlay,2,unrelated,unrelated,,,affected,False,OK
NA1_LAG50_023_overlay,NA1_LAG50,1.0,50.0,overlay,3,unrelated,unrelated,,,affected,False,OK
NA1_LAG50_023_overlay,NA1_LAG50,1.0,50.0,overlay,5,unrelated,unrelated,,,affected,False,OK
NA1_LAG50_023_overlay,NA1_LAG50,1.0,50.0,overlay,6,unrelated,unrelated,,,affected,False,OK
NA1_LAG50_023_subplot,NA1_LAG50,1.0,50.0,subplot,1,affected,mild,C3,False,root,False,OK
NA1_LAG50_023_subplot,NA1_LAG50,1.0,50.0,subplot,2,unrelated,unrelated,,,affected,False,OK
NA1_LAG50_023_subplot,NA1_LAG50,1.0,50.0,subplot,3,unrelated,unrelated,,,affected,False,OK
NA1_LAG50_023_subplot,NA1_LAG50,1.0,50.0,subplot,5,unrelated,unrelated,,,unrelated,True,OK
NA1_LAG50_023_subplot,NA1_LAG50,1.0,50.0,subplot,6,unrelated,unrelated,,,unrelated,True,OK
NA1_LAG50_024_overlay,NA1_LAG50,1.0,50.0,overlay,2,unrelated,unrelated,,,unrelated,True,OK
NA1_LAG50_024_overlay,NA1_LAG50,1.0,50.0,overlay,3,affected,mild,C1,True,affected,True,OK
NA1_LAG50_024_overlay,NA1_LAG50,1.0,50.0,overlay,4,unrelated,unrelated,,,unrelated,True,OK
NA1_LAG50_024_overlay,NA1_LAG50,1.0,50.0,overlay,5,unrelated,unrelated,,,unrelated,True,OK
NA1_LAG50_024_overlay,NA1_LAG50,1.0,50.0,overlay,6,unrelated,unrelated,,,unrelated,True,OK
NA1_LAG50_024_subplot,NA1_LAG50,1.0,50.0,subplot,2,unrelated,unrelated,,,unrelated,True,OK
NA1_LAG50_024_subplot,NA1_LAG50,1.0,50.0,subplot,3,affected,mild,C1,True,unrelated,False,OK
NA1_LAG50_024_subplot,NA1_LAG50,1.0,50.0,subplot,4,unrelated,unrelated,,,unrelated,True,OK
NA1_LAG50_024_subplot,NA1_LAG50,1.0,50.0,subplot,5,unrelated,unrelated,,,unrelated,True,OK
NA1_LAG50_024_subplot,NA1_LAG50,1.0,50.0,subplot,6,unrelated,unrelated,,,unrelated,True,OK
NA1_LAG50_025_overlay,NA1_LAG50,1.0,50.0,overlay,1,unrelated,unrelated,,,unrelated,True,OK
NA1_LAG50_025_overlay,NA1_LAG50,1.0,50.0,overlay,2,affected,cascade,C1,False,root,False,OK
NA1_LAG50_025_overlay,NA1_LAG50,1.0,50.0,overlay,4,unrelated,unrelated,,,unrelated,True,OK
NA1_LAG50_025_overlay,NA1_LAG50,1.0,50.0,overlay,5,unrelated,unrelated,,,unrelated,True,OK
NA1_LAG50_025_overlay,NA1_LAG50,1.0,50.0,overlay,6,unrelated,unrelated,,,unrelated,True,OK
NA1_LAG50_025_subplot,NA1_LAG50,1.0,50.0,subplot,1,unrelated,unrelated,,,unrelated,True,OK
NA1_LAG50_025_subplot,NA1_LAG50,1.0,50.0,subplot,2,affected,cascade,C1,False,unrelated,False,OK
NA1_LAG50_025_subplot,NA1_LAG50,1.0,50.0,subplot,4,unrelated,unrelated,,,unrelated,True,OK
NA1_LAG50_025_subplot,NA1_LAG50,1.0,50.0,subplot,5,unrelated,unrelated,,,unrelated,True,OK
NA1_LAG50_025_subplot,NA1_LAG50,1.0,50.0,subplot,6,unrelated,unrelated,,,unrelated,True,OK
NA1_LAG50_026_overlay,NA1_LAG50,1.0,50.0,overlay,1,unrelated,unrelated,,,unrelated,True,OK
NA1_LAG50_026_overlay,NA1_LAG50,1.0,50.0,overlay,2,affected,mild,C1,False,affected,True,OK
NA1_LAG50_026_overlay,NA1_LAG50,1.0,50.0,overlay,4,unrelated,unrelated,,,unrelated,True,OK
NA1_LAG50_026_overlay,NA1_LAG50,1.0,50.0,overlay,5,unrelated,unrelated,,,unrelated,True,OK
NA1_LAG50_026_overlay,NA1_LAG50,1.0,50.0,overlay,6,unrelated,unrelated,,,unrelated,True,OK
NA1_LAG50_026_subplot,NA1_LAG50,1.0,50.0,subplot,1,unrelated,unrelated,,,unrelated,True,OK
NA1_LAG50_026_subplot,NA1_LAG50,1.0,50.0,subplot,2,affected,mild,C1,False,unrelated,False,OK
NA1_LAG50_026_subplot,NA1_LAG50,1.0,50.0,subplot,4,unrelated,unrelated,,,unrelated,True,OK
NA1_LAG50_026_subplot,NA1_LAG50,1.0,50.0,subplot,5,unrelated,unrelated,,,unrelated,True,OK
NA1_LAG50_026_subplot,NA1_LAG50,1.0,50.0,subplot,6,unrelated,unrelated,,,unrelated,True,OK
NA1_LAG50_027_overlay,NA1_LAG50,1.0,50.0,overlay,1,unrelated,unrelated,,,unrelated,True,OK
NA1_LAG50_027_overlay,NA1_LAG50,1.0,50.0,overlay,2,unrelated,unrelated,,,unrelated,True,OK
NA1_LAG50_027_overlay,NA1_LAG50,1.0,50.0,overlay,3,unrelated,unrelated,,,unrelated,True,OK
NA1_LAG50_027_overlay,NA1_LAG50,1.0,50.0,overlay,4,unrelated,unrelated,,,unrelated,True,OK
NA1_LAG50_027_overlay,NA1_LAG50,1.0,50.0,overlay,5,affected,mild,C1,True,affected,True,OK
NA1_LAG50_027_subplot,NA1_LAG50,1.0,50.0,subplot,1,unrelated,unrelated,,,unrelated,True,OK
NA1_LAG50_027_subplot,NA1_LAG50,1.0,50.0,subplot,2,unrelated,unrelated,,,unrelated,True,OK
NA1_LAG50_027_subplot,NA1_LAG50,1.0,50.0,subplot,3,unrelated,unrelated,,,unrelated,True,OK
NA1_LAG50_027_subplot,NA1_LAG50,1.0,50.0,subplot,4,unrelated,unrelated,,,unrelated,True,OK
NA1_LAG50_027_subplot,NA1_LAG50,1.0,50.0,subplot,5,affected,mild,C1,True,unrelated,False,OK
NA1_LAG50_028_overlay,NA1_LAG50,1.0,50.0,overlay,1,unrelated,unrelated,,,unrelated,True,OK
NA1_LAG50_028_overlay,NA1_LAG50,1.0,50.0,overlay,2,unrelated,unrelated,,,unrelated,True,OK
NA1_LAG50_028_overlay,NA1_LAG50,1.0,50.0,overlay,3,unrelated,unrelated,,,unrelated,True,OK
NA1_LAG50_028_overlay,NA1_LAG50,1.0,50.0,overlay,4,affected,cascade,C1,True,unrelated,False,OK
NA1_LAG50_028_overlay,NA1_LAG50,1.0,50.0,overlay,6,unrelated,unrelated,,,unrelated,True,OK
NA1_LAG50_028_subplot,NA1_LAG50,1.0,50.0,subplot,1,unrelated,unrelated,,,unrelated,True,OK
NA1_LAG50_028_subplot,NA1_LAG50,1.0,50.0,subplot,2,unrelated,unrelated,,,unrelated,True,OK
NA1_LAG50_028_subplot,NA1_LAG50,1.0,50.0,subplot,3,unrelated,unrelated,,,unrelated,True,OK
NA1_LAG50_028_subplot,NA1_LAG50,1.0,50.0,subplot,4,affected,cascade,C1,True,root,False,OK
NA1_LAG50_028_subplot,NA1_LAG50,1.0,50.0,subplot,6,unrelated,unrelated,,,unrelated,True,OK
NA1_LAG50_029_overlay,NA1_LAG50,1.0,50.0,overlay,2,unrelated,unrelated,,,unrelated,True,OK
NA1_LAG50_029_overlay,NA1_LAG50,1.0,50.0,overlay,3,unrelated,unrelated,,,unrelated,True,OK
NA1_LAG50_029_overlay,NA1_LAG50,1.0,50.0,overlay,4,unrelated,unrelated,,,unrelated,True,OK
NA1_LAG50_029_overlay,NA1_LAG50,1.0,50.0,overlay,5,affected,mild,C2,False,affected,True,OK
NA1_LAG50_029_overlay,NA1_LAG50,1.0,50.0,overlay,6,unrelated,unrelated,,,unrelated,True,OK
NA1_LAG50_029_subplot,NA1_LAG50,1.0,50.0,subplot,2,unrelated,unrelated,,,unrelated,True,OK
NA1_LAG50_029_subplot,NA1_LAG50,1.0,50.0,subplot,3,unrelated,unrelated,,,unrelated,True,OK
NA1_LAG50_029_subplot,NA1_LAG50,1.0,50.0,subplot,4,unrelated,unrelated,,,unrelated,True,OK
NA1_LAG50_029_subplot,NA1_LAG50,1.0,50.0,subplot,5,affected,mild,C2,False,unrelated,False,OK
NA1_LAG50_029_subplot,NA1_LAG50,1.0,50.0,subplot,6,unrelated,unrelated,,,unrelated,True,OK
NA2_LAG10_000_overlay,NA2_LAG10,2.0,10.0,overlay,1,unrelated,unrelated,,,unrelated,True,OK
NA2_LAG10_000_overlay,NA2_LAG10,2.0,10.0,overlay,2,affected,mild,C4,False,affected,True,OK
NA2_LAG10_000_overlay,NA2_LAG10,2.0,10.0,overlay,3,unrelated,unrelated,,,unrelated,True,OK
NA2_LAG10_000_overlay,NA2_LAG10,2.0,10.0,overlay,5,unrelated,unrelated,,,unrelated,True,OK
NA2_LAG10_000_overlay,NA2_LAG10,2.0,10.0,overlay,6,affected,mild,C5,False,unrelated,False,OK
NA2_LAG10_000_subplot,NA2_LAG10,2.0,10.0,subplot,1,unrelated,unrelated,,,unrelated,True,OK
NA2_LAG10_000_subplot,NA2_LAG10,2.0,10.0,subplot,2,affected,mild,C4,False,unrelated,False,OK
NA2_LAG10_000_subplot,NA2_LAG10,2.0,10.0,subplot,3,unrelated,unrelated,,,unrelated,True,OK
NA2_LAG10_000_subplot,NA2_LAG10,2.0,10.0,subplot,5,unrelated,unrelated,,,unrelated,True,OK
NA2_LAG10_000_subplot,NA2_LAG10,2.0,10.0,subplot,6,affected,mild,C5,False,unrelated,False,OK
NA2_LAG10_001_overlay,NA2_LAG10,2.0,10.0,overlay,2,unrelated,unrelated,,,unrelated,True,OK
NA2_LAG10_001_overlay,NA2_LAG10,2.0,10.0,overlay,3,unrelated,unrelated,,,unrelated,True,OK
NA2_LAG10_001_overlay,NA2_LAG10,2.0,10.0,overlay,4,affected,cascade,C5,False,unrelated,False,OK
NA2_LAG10_001_overlay,NA2_LAG10,2.0,10.0,overlay,5,affected,mild,C4,False,affected,True,OK
NA2_LAG10_001_overlay,NA2_LAG10,2.0,10.0,overlay,6,unrelated,unrelated,,,unrelated,True,OK
NA2_LAG10_001_subplot,NA2_LAG10,2.0,10.0,subplot,2,unrelated,unrelated,,,unrelated,True,OK
NA2_LAG10_001_subplot,NA2_LAG10,2.0,10.0,subplot,3,unrelated,unrelated,,,unrelated,True,OK
NA2_LAG10_001_subplot,NA2_LAG10,2.0,10.0,subplot,4,affected,cascade,C5,False,unrelated,False,OK
NA2_LAG10_001_subplot,NA2_LAG10,2.0,10.0,subplot,5,affected,mild,C4,False,unrelated,False,OK
NA2_LAG10_001_subplot,NA2_LAG10,2.0,10.0,subplot,6,unrelated,unrelated,,,unrelated,True,OK
NA2_LAG10_002_overlay,NA2_LAG10,2.0,10.0,overlay,1,unrelated,unrelated,,,unrelated,True,OK
NA2_LAG10_002_overlay,NA2_LAG10,2.0,10.0,overlay,3,affected,cascade,C1,True,unrelated,False,OK
NA2_LAG10_002_overlay,NA2_LAG10,2.0,10.0,overlay,4,unrelated,unrelated,,,unrelated,True,OK
NA2_LAG10_002_overlay,NA2_LAG10,2.0,10.0,overlay,5,unrelated,unrelated,,,unrelated,True,OK
NA2_LAG10_002_overlay,NA2_LAG10,2.0,10.0,overlay,6,affected,cascade,C1,True,unrelated,False,OK
NA2_LAG10_002_subplot,NA2_LAG10,2.0,10.0,subplot,1,unrelated,unrelated,,,unrelated,True,OK
NA2_LAG10_002_subplot,NA2_LAG10,2.0,10.0,subplot,3,affected,cascade,C1,True,root,False,OK
NA2_LAG10_002_subplot,NA2_LAG10,2.0,10.0,subplot,4,unrelated,unrelated,,,unrelated,True,OK
NA2_LAG10_002_subplot,NA2_LAG10,2.0,10.0,subplot,5,unrelated,unrelated,,,unrelated,True,OK
NA2_LAG10_002_subplot,NA2_LAG10,2.0,10.0,subplot,6,affected,cascade,C1,True,affected,True,OK
NA2_LAG10_003_overlay,NA2_LAG10,2.0,10.0,overlay,1,affected,mild,C1,False,affected,True,OK
NA2_LAG10_003_overlay,NA2_LAG10,2.0,10.0,overlay,3,unrelated,unrelated,,,unrelated,True,OK
NA2_LAG10_003_overlay,NA2_LAG10,2.0,10.0,overlay,4,unrelated,unrelated,,,unrelated,True,OK
NA2_LAG10_003_overlay,NA2_LAG10,2.0,10.0,overlay,5,unrelated,unrelated,,,unrelated,True,OK
NA2_LAG10_003_overlay,NA2_LAG10,2.0,10.0,overlay,6,affected,mild,C5,False,affected,True,OK
NA2_LAG10_003_subplot,NA2_LAG10,2.0,10.0,subplot,1,affected,mild,C1,False,unrelated,False,OK
NA2_LAG10_003_subplot,NA2_LAG10,2.0,10.0,subplot,3,unrelated,unrelated,,,unrelated,True,OK
NA2_LAG10_003_subplot,NA2_LAG10,2.0,10.0,subplot,4,unrelated,unrelated,,,unrelated,True,OK
NA2_LAG10_003_subplot,NA2_LAG10,2.0,10.0,subplot,5,unrelated,unrelated,,,unrelated,True,OK
NA2_LAG10_003_subplot,NA2_LAG10,2.0,10.0,subplot,6,affected,mild,C5,False,unrelated,False,OK
NA2_LAG10_004_overlay,NA2_LAG10,2.0,10.0,overlay,1,affected,cascade,C2,True,unrelated,False,OK
NA2_LAG10_004_overlay,NA2_LAG10,2.0,10.0,overlay,2,unrelated,unrelated,,,unrelated,True,OK
NA2_LAG10_004_overlay,NA2_LAG10,2.0,10.0,overlay,3,unrelated,unrelated,,,unrelated,True,OK
NA2_LAG10_004_overlay,NA2_LAG10,2.0,10.0,overlay,4,unrelated,unrelated,,,unrelated,True,OK
NA2_LAG10_004_overlay,NA2_LAG10,2.0,10.0,overlay,6,affected,mild,C4,False,affected,True,OK
NA2_LAG10_004_subplot,NA2_LAG10,2.0,10.0,subplot,1,affected,cascade,C2,True,affected,True,OK
NA2_LAG10_004_subplot,NA2_LAG10,2.0,10.0,subplot,2,unrelated,unrelated,,,affected,False,OK
NA2_LAG10_004_subplot,NA2_LAG10,2.0,10.0,subplot,3,unrelated,unrelated,,,affected,False,OK
NA2_LAG10_004_subplot,NA2_LAG10,2.0,10.0,subplot,4,unrelated,unrelated,,,affected,False,OK
NA2_LAG10_004_subplot,NA2_LAG10,2.0,10.0,subplot,6,affected,mild,C4,False,affected,True,OK
NA2_LAG10_005_overlay,NA2_LAG10,2.0,10.0,overlay,1,affected,mild,C4,True,affected,True,OK
NA2_LAG10_005_overlay,NA2_LAG10,2.0,10.0,overlay,2,unrelated,unrelated,,,affected,False,OK
NA2_LAG10_005_overlay,NA2_LAG10,2.0,10.0,overlay,4,unrelated,unrelated,,,affected,False,OK
NA2_LAG10_005_overlay,NA2_LAG10,2.0,10.0,overlay,5,unrelated,unrelated,,,affected,False,OK
NA2_LAG10_005_overlay,NA2_LAG10,2.0,10.0,overlay,6,affected,cascade,C4,True,affected,True,OK
NA2_LAG10_005_subplot,NA2_LAG10,2.0,10.0,subplot,1,affected,mild,C4,True,unrelated,False,OK
NA2_LAG10_005_subplot,NA2_LAG10,2.0,10.0,subplot,2,unrelated,unrelated,,,unrelated,True,OK
NA2_LAG10_005_subplot,NA2_LAG10,2.0,10.0,subplot,4,unrelated,unrelated,,,unrelated,True,OK
NA2_LAG10_005_subplot,NA2_LAG10,2.0,10.0,subplot,5,unrelated,unrelated,,,unrelated,True,OK
NA2_LAG10_005_subplot,NA2_LAG10,2.0,10.0,subplot,6,affected,cascade,C4,True,unrelated,False,OK
NA2_LAG10_006_overlay,NA2_LAG10,2.0,10.0,overlay,1,unrelated,unrelated,,,unrelated,True,OK
NA2_LAG10_006_overlay,NA2_LAG10,2.0,10.0,overlay,2,unrelated,unrelated,,,unrelated,True,OK
NA2_LAG10_006_overlay,NA2_LAG10,2.0,10.0,overlay,4,affected,cascade,C4,False,root,False,OK
NA2_LAG10_006_overlay,NA2_LAG10,2.0,10.0,overlay,5,unrelated,unrelated,,,affected,False,OK
NA2_LAG10_006_overlay,NA2_LAG10,2.0,10.0,overlay,6,affected,cascade,C3,False,unrelated,False,OK
NA2_LAG10_006_subplot,NA2_LAG10,2.0,10.0,subplot,1,unrelated,unrelated,,,unrelated,True,OK
NA2_LAG10_006_subplot,NA2_LAG10,2.0,10.0,subplot,2,unrelated,unrelated,,,unrelated,True,OK
NA2_LAG10_006_subplot,NA2_LAG10,2.0,10.0,subplot,4,affected,cascade,C4,False,unrelated,False,OK
NA2_LAG10_006_subplot,NA2_LAG10,2.0,10.0,subplot,5,unrelated,unrelated,,,unrelated,True,OK
NA2_LAG10_006_subplot,NA2_LAG10,2.0,10.0,subplot,6,affected,cascade,C3,False,affected,True,OK
NA2_LAG10_007_overlay,NA2_LAG10,2.0,10.0,overlay,1,unrelated,unrelated,,,unrelated,True,OK
NA2_LAG10_007_overlay,NA2_LAG10,2.0,10.0,overlay,2,unrelated,unrelated,,,unrelated,True,OK
NA2_LAG10_007_overlay,NA2_LAG10,2.0,10.0,overlay,3,affected,cascade,C2,True,unrelated,False,OK
NA2_LAG10_007_overlay,NA2_LAG10,2.0,10.0,overlay,4,unrelated,unrelated,,,unrelated,True,OK
NA2_LAG10_007_overlay,NA2_LAG10,2.0,10.0,overlay,6,affected,mild,C2,True,unrelated,False,OK
NA2_LAG10_007_subplot,NA2_LAG10,2.0,10.0,subplot,1,unrelated,unrelated,,,unrelated,True,OK
NA2_LAG10_007_subplot,NA2_LAG10,2.0,10.0,subplot,2,unrelated,unrelated,,,affected,False,OK
NA2_LAG10_007_subplot,NA2_LAG10,2.0,10.0,subplot,3,affected,cascade,C2,True,root,False,OK
NA2_LAG10_007_subplot,NA2_LAG10,2.0,10.0,subplot,4,unrelated,unrelated,,,affected,False,OK
NA2_LAG10_007_subplot,NA2_LAG10,2.0,10.0,subplot,6,affected,mild,C2,True,unrelated,False,OK
NA2_LAG10_008_overlay,NA2_LAG10,2.0,10.0,overlay,1,affected,cascade,C5,True,unrelated,False,OK
NA2_LAG10_008_overlay,NA2_LAG10,2.0,10.0,overlay,2,unrelated,unrelated,,,unrelated,True,OK
NA2_LAG10_008_overlay,NA2_LAG10,2.0,10.0,overlay,3,unrelated,unrelated,,,unrelated,True,OK
NA2_LAG10_008_overlay,NA2_LAG10,2.0,10.0,overlay,4,affected,mild,C5,True,unrelated,False,OK
NA2_LAG10_008_overlay,NA2_LAG10,2.0,10.0,overlay,5,unrelated,unrelated,,,unrelated,True,OK
NA2_LAG10_008_subplot,NA2_LAG10,2.0,10.0,subplot,1,affected,cascade,C5,True,unrelated,False,OK
NA2_LAG10_008_subplot,NA2_LAG10,2.0,10.0,subplot,2,unrelated,unrelated,,,unrelated,True,OK
NA2_LAG10_008_subplot,NA2_LAG10,2.0,10.0,subplot,3,unrelated,unrelated,,,unrelated,True,OK
NA2_LAG10_008_subplot,NA2_LAG10,2.0,10.0,subplot,4,affected,mild,C5,True,unrelated,False,OK
NA2_LAG10_008_subplot,NA2_LAG10,2.0,10.0,subplot,5,unrelated,unrelated,,,unrelated,True,OK
NA2_LAG10_009_overlay,NA2_LAG10,2.0,10.0,overlay,1,unrelated,unrelated,,,affected,False,OK
NA2_LAG10_009_overlay,NA2_LAG10,2.0,10.0,overlay,2,affected,mild,C5,True,affected,True,OK
NA2_LAG10_009_overlay,NA2_LAG10,2.0,10.0,overlay,4,unrelated,unrelated,,,affected,False,OK
NA2_LAG10_009_overlay,NA2_LAG10,2.0,10.0,overlay,5,affected,cascade,C2,False,root,False,OK
NA2_LAG10_009_overlay,NA2_LAG10,2.0,10.0,overlay,6,unrelated,unrelated,,,affected,False,OK
NA2_LAG10_009_subplot,NA2_LAG10,2.0,10.0,subplot,1,unrelated,unrelated,,,affected,False,OK
NA2_LAG10_009_subplot,NA2_LAG10,2.0,10.0,subplot,2,affected,mild,C5,True,affected,True,OK
NA2_LAG10_009_subplot,NA2_LAG10,2.0,10.0,subplot,4,unrelated,unrelated,,,affected,False,OK
NA2_LAG10_009_subplot,NA2_LAG10,2.0,10.0,subplot,5,affected,cascade,C2,False,root,False,OK
NA2_LAG10_009_subplot,NA2_LAG10,2.0,10.0,subplot,6,unrelated,unrelated,,,affected,False,OK
NA2_LAG10_010_overlay,NA2_LAG10,2.0,10.0,overlay,1,unrelated,unrelated,,,unrelated,True,OK
NA2_LAG10_010_overlay,NA2_LAG10,2.0,10.0,overlay,2,unrelated,unrelated,,,unrelated,True,OK
NA2_LAG10_010_overlay,NA2_LAG10,2.0,10.0,overlay,3,affected,mild,C5,True,unrelated,False,OK
NA2_LAG10_010_overlay,NA2_LAG10,2.0,10.0,overlay,5,unrelated,unrelated,,,affected,False,OK
NA2_LAG10_010_overlay,NA2_LAG10,2.0,10.0,overlay,6,affected,cascade,C3,False,unrelated,False,OK
NA2_LAG10_010_subplot,NA2_LAG10,2.0,10.0,subplot,1,unrelated,unrelated,,,affected,False,OK
NA2_LAG10_010_subplot,NA2_LAG10,2.0,10.0,subplot,2,unrelated,unrelated,,,unrelated,True,OK
NA2_LAG10_010_subplot,NA2_LAG10,2.0,10.0,subplot,3,affected,mild,C5,True,affected,True,OK
NA2_LAG10_010_subplot,NA2_LAG10,2.0,10.0,subplot,5,unrelated,unrelated,,,unrelated,True,OK
NA2_LAG10_010_subplot,NA2_LAG10,2.0,10.0,subplot,6,affected,cascade,C3,False,root,False,OK
NA2_LAG10_011_overlay,NA2_LAG10,2.0,10.0,overlay,2,affected,mild,C1,False,affected,True,OK
NA2_LAG10_011_overlay,NA2_LAG10,2.0,10.0,overlay,3,unrelated,unrelated,,,affected,False,OK
NA2_LAG10_011_overlay,NA2_LAG10,2.0,10.0,overlay,4,unrelated,unrelated,,,affected,False,OK
NA2_LAG10_011_overlay,NA2_LAG10,2.0,10.0,overlay,5,affected,cascade,C1,False,affected,True,OK
NA2_LAG10_011_overlay,NA2_LAG10,2.0,10.0,overlay,6,unrelated,unrelated,,,affected,False,OK
NA2_LAG10_011_subplot,NA2_LAG10,2.0,10.0,subplot,2,affected,mild,C1,False,affected,True,OK
NA2_LAG10_011_subplot,NA2_LAG10,2.0,10.0,subplot,3,unrelated,unrelated,,,affected,False,OK
NA2_LAG10_011_subplot,NA2_LAG10,2.0,10.0,subplot,4,unrelated,unrelated,,,affected,False,OK
NA2_LAG10_011_subplot,NA2_LAG10,2.0,10.0,subplot,5,affected,cascade,C1,False,root,False,OK
NA2_LAG10_011_subplot,NA2_LAG10,2.0,10.0,subplot,6,unrelated,unrelated,,,affected,False,OK
NA2_LAG10_012_overlay,NA2_LAG10,2.0,10.0,overlay,1,affected,mild,C3,False,affected,True,OK
NA2_LAG10_012_overlay,NA2_LAG10,2.0,10.0,overlay,3,unrelated,unrelated,,,unrelated,True,OK
NA2_LAG10_012_overlay,NA2_LAG10,2.0,10.0,overlay,4,affected,cascade,C4,True,unrelated,False,OK
NA2_LAG10_012_overlay,NA2_LAG10,2.0,10.0,overlay,5,unrelated,unrelated,,,unrelated,True,OK
NA2_LAG10_012_overlay,NA2_LAG10,2.0,10.0,overlay,6,unrelated,unrelated,,,unrelated,True,OK
NA2_LAG10_012_subplot,NA2_LAG10,2.0,10.0,subplot,1,affected,mild,C3,False,unrelated,False,OK
NA2_LAG10_012_subplot,NA2_LAG10,2.0,10.0,subplot,3,unrelated,unrelated,,,unrelated,True,OK
NA2_LAG10_012_subplot,NA2_LAG10,2.0,10.0,subplot,4,affected,cascade,C4,True,unrelated,False,OK
NA2_LAG10_012_subplot,NA2_LAG10,2.0,10.0,subplot,5,unrelated,unrelated,,,unrelated,True,OK
NA2_LAG10_012_subplot,NA2_LAG10,2.0,10.0,subplot,6,unrelated,unrelated,,,unrelated,True,OK
NA2_LAG10_013_overlay,NA2_LAG10,2.0,10.0,overlay,1,unrelated,unrelated,,,affected,False,OK
NA2_LAG10_013_overlay,NA2_LAG10,2.0,10.0,overlay,3,affected,mild,C5,False,affected,True,OK
NA2_LAG10_013_overlay,NA2_LAG10,2.0,10.0,overlay,4,unrelated,unrelated,,,affected,False,OK
NA2_LAG10_013_overlay,NA2_LAG10,2.0,10.0,overlay,5,unrelated,unrelated,,,affected,False,OK
NA2_LAG10_013_overlay,NA2_LAG10,2.0,10.0,overlay,6,affected,cascade,C4,True,affected,True,OK
NA2_LAG10_013_subplot,NA2_LAG10,2.0,10.0,subplot,1,unrelated,unrelated,,,affected,False,OK
NA2_LAG10_013_subplot,NA2_LAG10,2.0,10.0,subplot,3,affected,mild,C5,False,affected,True,OK
NA2_LAG10_013_subplot,NA2_LAG10,2.0,10.0,subplot,4,unrelated,unrelated,,,affected,False,OK
NA2_LAG10_013_subplot,NA2_LAG10,2.0,10.0,subplot,5,unrelated,unrelated,,,unrelated,True,OK
NA2_LAG10_013_subplot,NA2_LAG10,2.0,10.0,subplot,6,affected,cascade,C4,True,affected,True,OK
NA2_LAG10_014_overlay,NA2_LAG10,2.0,10.0,overlay,2,affected,cascade,C4,False,affected,True,OK
NA2_LAG10_014_overlay,NA2_LAG10,2.0,10.0,overlay,3,unrelated,unrelated,,,unrelated,True,OK
NA2_LAG10_014_overlay,NA2_LAG10,2.0,10.0,overlay,4,affected,cascade,C5,True,unrelated,False,OK
NA2_LAG10_014_overlay,NA2_LAG10,2.0,10.0,overlay,5,unrelated,unrelated,,,unrelated,True,OK
NA2_LAG10_014_overlay,NA2_LAG10,2.0,10.0,overlay,6,unrelated,unrelated,,,unrelated,True,OK
NA2_LAG10_014_subplot,NA2_LAG10,2.0,10.0,subplot,2,affected,cascade,C4,False,unrelated,False,OK
NA2_LAG10_014_subplot,NA2_LAG10,2.0,10.0,subplot,3,unrelated,unrelated,,,unrelated,True,OK
NA2_LAG10_014_subplot,NA2_LAG10,2.0,10.0,subplot,4,affected,cascade,C5,True,unrelated,False,OK
NA2_LAG10_014_subplot,NA2_LAG10,2.0,10.0,subplot,5,unrelated,unrelated,,,unrelated,True,OK
NA2_LAG10_014_subplot,NA2_LAG10,2.0,10.0,subplot,6,unrelated,unrelated,,,unrelated,True,OK
NA2_LAG10_015_overlay,NA2_LAG10,2.0,10.0,overlay,1,unrelated,unrelated,,,affected,False,OK
NA2_LAG10_015_overlay,NA2_LAG10,2.0,10.0,overlay,2,unrelated,unrelated,,,affected,False,OK
NA2_LAG10_015_overlay,NA2_LAG10,2.0,10.0,overlay,4,affected,cascade,C1,True,affected,True,OK
NA2_LAG10_015_overlay,NA2_LAG10,2.0,10.0,overlay,5,unrelated,unrelated,,,affected,False,OK
NA2_LAG10_015_overlay,NA2_LAG10,2.0,10.0,overlay,6,affected,mild,C2,False,root,False,OK
NA2_LAG10_015_subplot,NA2_LAG10,2.0,10.0,subplot,1,unrelated,unrelated,,,unrelated,True,OK
NA2_LAG10_015_subplot,NA2_LAG10,2.0,10.0,subplot,2,unrelated,unrelated,,,unrelated,True,OK
NA2_LAG10_015_subplot,NA2_LAG10,2.0,10.0,subplot,4,affected,cascade,C1,True,unrelated,False,OK
NA2_LAG10_015_subplot,NA2_LAG10,2.0,10.0,subplot,5,unrelated,unrelated,,,unrelated,True,OK
NA2_LAG10_015_subplot,NA2_LAG10,2.0,10.0,subplot,6,affected,mild,C2,False,unrelated,False,OK
NA2_LAG10_016_overlay,NA2_LAG10,2.0,10.0,overlay,1,affected,mild,C3,True,root,False,OK
NA2_LAG10_016_overlay,NA2_LAG10,2.0,10.0,overlay,2,affected,cascade,C3,True,affected,True,OK
NA2_LAG10_016_overlay,NA2_LAG10,2.0,10.0,overlay,3,unrelated,unrelated,,,affected,False,OK
NA2_LAG10_016_overlay,NA2_LAG10,2.0,10.0,overlay,5,unrelated,unrelated,,,affected,False,OK
NA2_LAG10_016_overlay,NA2_LAG10,2.0,10.0,overlay,6,unrelated,unrelated,,,affected,False,OK
NA2_LAG10_016_subplot,NA2_LAG10,2.0,10.0,subplot,1,affected,mild,C3,True,unrelated,False,OK
NA2_LAG10_016_subplot,NA2_LAG10,2.0,10.0,subplot,2,affected,cascade,C3,True,affected,True,OK
NA2_LAG10_016_subplot,NA2_LAG10,2.0,10.0,subplot,3,unrelated,unrelated,,,unrelated,True,OK
NA2_LAG10_016_subplot,NA2_LAG10,2.0,10.0,subplot,5,unrelated,unrelated,,,unrelated,True,OK
NA2_LAG10_016_subplot,NA2_LAG10,2.0,10.0,subplot,6,unrelated,unrelated,,,unrelated,True,OK
NA2_LAG10_017_overlay,NA2_LAG10,2.0,10.0,overlay,2,affected,mild,C5,False,root,False,OK
NA2_LAG10_017_overlay,NA2_LAG10,2.0,10.0,overlay,3,unrelated,unrelated,,,affected,False,OK
NA2_LAG10_017_overlay,NA2_LAG10,2.0,10.0,overlay,4,affected,cascade,C2,True,unrelated,False,OK
NA2_LAG10_017_overlay,NA2_LAG10,2.0,10.0,overlay,5,unrelated,unrelated,,,affected,False,OK
NA2_LAG10_017_overlay,NA2_LAG10,2.0,10.0,overlay,6,unrelated,unrelated,,,affected,False,OK
NA2_LAG10_017_subplot,NA2_LAG10,2.0,10.0,subplot,2,affected,mild,C5,False,affected,True,OK
NA2_LAG10_017_subplot,NA2_LAG10,2.0,10.0,subplot,3,unrelated,unrelated,,,unrelated,True,OK
NA2_LAG10_017_subplot,NA2_LAG10,2.0,10.0,subplot,4,affected,cascade,C2,True,affected,True,OK
NA2_LAG10_017_subplot,NA2_LAG10,2.0,10.0,subplot,5,unrelated,unrelated,,,unrelated,True,OK
NA2_LAG10_017_subplot,NA2_LAG10,2.0,10.0,subplot,6,unrelated,unrelated,,,unrelated,True,OK
NA2_LAG10_018_overlay,NA2_LAG10,2.0,10.0,overlay,1,affected,mild,C5,False,unrelated,False,OK
NA2_LAG10_018_overlay,NA2_LAG10,2.0,10.0,overlay,2,unrelated,unrelated,,,unrelated,True,OK
NA2_LAG10_018_overlay,NA2_LAG10,2.0,10.0,overlay,3,unrelated,unrelated,,,unrelated,True,OK
NA2_LAG10_018_overlay,NA2_LAG10,2.0,10.0,overlay,4,affected,mild,C4,False,affected,True,OK
NA2_LAG10_018_overlay,NA2_LAG10,2.0,10.0,overlay,5,unrelated,unrelated,,,unrelated,True,OK
NA2_LAG10_018_subplot,NA2_LAG10,2.0,10.0,subplot,1,affected,mild,C5,False,unrelated,False,OK
NA2_LAG10_018_subplot,NA2_LAG10,2.0,10.0,subplot,2,unrelated,unrelated,,,affected,False,OK
NA2_LAG10_018_subplot,NA2_LAG10,2.0,10.0,subplot,3,unrelated,unrelated,,,affected,False,OK
NA2_LAG10_018_subplot,NA2_LAG10,2.0,10.0,subplot,4,affected,mild,C4,False,affected,True,OK
NA2_LAG10_018_subplot,NA2_LAG10,2.0,10.0,subplot,5,unrelated,unrelated,,,unrelated,True,OK
NA2_LAG10_019_overlay,NA2_LAG10,2.0,10.0,overlay,1,unrelated,unrelated,,,unrelated,True,OK
NA2_LAG10_019_overlay,NA2_LAG10,2.0,10.0,overlay,2,unrelated,unrelated,,,unrelated,True,OK
NA2_LAG10_019_overlay,NA2_LAG10,2.0,10.0,overlay,4,affected,mild,C2,True,unrelated,False,OK
NA2_LAG10_019_overlay,NA2_LAG10,2.0,10.0,overlay,5,unrelated,unrelated,,,unrelated,True,OK
NA2_LAG10_019_overlay,NA2_LAG10,2.0,10.0,overlay,6,affected,mild,C2,True,unrelated,False,OK
NA2_LAG10_019_subplot,NA2_LAG10,2.0,10.0,subplot,1,unrelated,unrelated,,,unrelated,True,OK
NA2_LAG10_019_subplot,NA2_LAG10,2.0,10.0,subplot,2,unrelated,unrelated,,,unrelated,True,OK
NA2_LAG10_019_subplot,NA2_LAG10,2.0,10.0,subplot,4,affected,mild,C2,True,affected,True,OK
NA2_LAG10_019_subplot,NA2_LAG10,2.0,10.0,subplot,5,unrelated,unrelated,,,affected,False,OK
NA2_LAG10_019_subplot,NA2_LAG10,2.0,10.0,subplot,6,affected,mild,C2,True,affected,True,OK
NA2_LAG10_020_overlay,NA2_LAG10,2.0,10.0,overlay,1,unrelated,unrelated,,,affected,False,OK
NA2_LAG10_020_overlay,NA2_LAG10,2.0,10.0,overlay,2,unrelated,unrelated,,,affected,False,OK
NA2_LAG10_020_overlay,NA2_LAG10,2.0,10.0,overlay,3,affected,mild,C1,False,root,False,OK
NA2_LAG10_020_overlay,NA2_LAG10,2.0,10.0,overlay,4,affected,mild,C2,True,affected,True,OK
NA2_LAG10_020_overlay,NA2_LAG10,2.0,10.0,overlay,5,unrelated,unrelated,,,affected,False,OK
NA2_LAG10_020_subplot,NA2_LAG10,2.0,10.0,subplot,1,unrelated,unrelated,,,unrelated,True,OK
NA2_LAG10_020_subplot,NA2_LAG10,2.0,10.0,subplot,2,unrelated,unrelated,,,unrelated,True,OK
NA2_LAG10_020_subplot,NA2_LAG10,2.0,10.0,subplot,3,affected,mild,C1,False,unrelated,False,OK
NA2_LAG10_020_subplot,NA2_LAG10,2.0,10.0,subplot,4,affected,mild,C2,True,unrelated,False,OK
NA2_LAG10_020_subplot,NA2_LAG10,2.0,10.0,subplot,5,unrelated,unrelated,,,unrelated,True,OK
NA2_LAG10_021_overlay,NA2_LAG10,2.0,10.0,overlay,1,affected,mild,C5,True,affected,True,OK
NA2_LAG10_021_overlay,NA2_LAG10,2.0,10.0,overlay,2,unrelated,unrelated,,,affected,False,OK
NA2_LAG10_021_overlay,NA2_LAG10,2.0,10.0,overlay,3,affected,cascade,C5,True,root,False,OK
NA2_LAG10_021_overlay,NA2_LAG10,2.0,10.0,overlay,4,unrelated,unrelated,,,affected,False,OK
NA2_LAG10_021_overlay,NA2_LAG10,2.0,10.0,overlay,6,unrelated,unrelated,,,affected,False,OK
NA2_LAG10_021_subplot,NA2_LAG10,2.0,10.0,subplot,1,affected,mild,C5,True,unrelated,False,OK
NA2_LAG10_021_subplot,NA2_LAG10,2.0,10.0,subplot,2,unrelated,unrelated,,,unrelated,True,OK
NA2_LAG10_021_subplot,NA2_LAG10,2.0,10.0,subplot,3,affected,cascade,C5,True,unrelated,False,OK
NA2_LAG10_021_subplot,NA2_LAG10,2.0,10.0,subplot,4,unrelated,unrelated,,,unrelated,True,OK
NA2_LAG10_021_subplot,NA2_LAG10,2.0,10.0,subplot,6,unrelated,unrelated,,,unrelated,True,OK
NA2_LAG10_022_overlay,NA2_LAG10,2.0,10.0,overlay,1,affected,mild,C5,True,unrelated,False,OK
NA2_LAG10_022_overlay,NA2_LAG10,2.0,10.0,overlay,2,unrelated,unrelated,,,unrelated,True,OK
NA2_LAG10_022_overlay,NA2_LAG10,2.0,10.0,overlay,3,affected,mild,C5,True,unrelated,False,OK
NA2_LAG10_022_overlay,NA2_LAG10,2.0,10.0,overlay,4,unrelated,unrelated,,,unrelated,True,OK
NA2_LAG10_022_overlay,NA2_LAG10,2.0,10.0,overlay,6,unrelated,unrelated,,,unrelated,True,OK
NA2_LAG10_022_subplot,NA2_LAG10,2.0,10.0,subplot,1,affected,mild,C5,True,unrelated,False,OK
NA2_LAG10_022_subplot,NA2_LAG10,2.0,10.0,subplot,2,unrelated,unrelated,,,unrelated,True,OK
NA2_LAG10_022_subplot,NA2_LAG10,2.0,10.0,subplot,3,affected,mild,C5,True,unrelated,False,OK
NA2_LAG10_022_subplot,NA2_LAG10,2.0,10.0,subplot,4,unrelated,unrelated,,,unrelated,True,OK
NA2_LAG10_022_subplot,NA2_LAG10,2.0,10.0,subplot,6,unrelated,unrelated,,,unrelated,True,OK
NA2_LAG10_023_overlay,NA2_LAG10,2.0,10.0,overlay,2,unrelated,unrelated,,,unrelated,True,OK
NA2_LAG10_023_overlay,NA2_LAG10,2.0,10.0,overlay,3,affected,cascade,C4,True,affected,True,OK
NA2_LAG10_023_overlay,NA2_LAG10,2.0,10.0,overlay,4,affected,cascade,C1,False,root,False,OK
NA2_LAG10_023_overlay,NA2_LAG10,2.0,10.0,overlay,5,unrelated,unrelated,,,unrelated,True,OK
NA2_LAG10_023_overlay,NA2_LAG10,2.0,10.0,overlay,6,unrelated,unrelated,,,unrelated,True,OK
NA2_LAG10_023_subplot,NA2_LAG10,2.0,10.0,subplot,2,unrelated,unrelated,,,unrelated,True,OK
NA2_LAG10_023_subplot,NA2_LAG10,2.0,10.0,subplot,3,affected,cascade,C4,True,unrelated,False,OK
NA2_LAG10_023_subplot,NA2_LAG10,2.0,10.0,subplot,4,affected,cascade,C1,False,affected,True,OK
NA2_LAG10_023_subplot,NA2_LAG10,2.0,10.0,subplot,5,unrelated,unrelated,,,unrelated,True,OK
NA2_LAG10_023_subplot,NA2_LAG10,2.0,10.0,subplot,6,unrelated,unrelated,,,unrelated,True,OK
NA2_LAG10_024_overlay,NA2_LAG10,2.0,10.0,overlay,2,unrelated,unrelated,,,affected,False,OK
NA2_LAG10_024_overlay,NA2_LAG10,2.0,10.0,overlay,3,affected,cascade,C2,True,root,False,OK
NA2_LAG10_024_overlay,NA2_LAG10,2.0,10.0,overlay,4,affected,mild,C3,False,affected,True,OK
NA2_LAG10_024_overlay,NA2_LAG10,2.0,10.0,overlay,5,unrelated,unrelated,,,affected,False,OK
NA2_LAG10_024_overlay,NA2_LAG10,2.0,10.0,overlay,6,unrelated,unrelated,,,affected,False,OK
NA2_LAG10_024_subplot,NA2_LAG10,2.0,10.0,subplot,2,unrelated,unrelated,,,unrelated,True,OK
NA2_LAG10_024_subplot,NA2_LAG10,2.0,10.0,subplot,3,affected,cascade,C2,True,root,False,OK
NA2_LAG10_024_subplot,NA2_LAG10,2.0,10.0,subplot,4,affected,mild,C3,False,affected,True,OK
NA2_LAG10_024_subplot,NA2_LAG10,2.0,10.0,subplot,5,unrelated,unrelated,,,unrelated,True,OK
NA2_LAG10_024_subplot,NA2_LAG10,2.0,10.0,subplot,6,unrelated,unrelated,,,unrelated,True,OK
NA2_LAG10_025_overlay,NA2_LAG10,2.0,10.0,overlay,1,affected,cascade,C5,False,unrelated,False,OK
NA2_LAG10_025_overlay,NA2_LAG10,2.0,10.0,overlay,2,unrelated,unrelated,,,unrelated,True,OK
NA2_LAG10_025_overlay,NA2_LAG10,2.0,10.0,overlay,3,affected,cascade,C1,False,root,False,OK
NA2_LAG10_025_overlay,NA2_LAG10,2.0,10.0,overlay,4,unrelated,unrelated,,,unrelated,True,OK
NA2_LAG10_025_overlay,NA2_LAG10,2.0,10.0,overlay,5,unrelated,unrelated,,,unrelated,True,OK
NA2_LAG10_025_subplot,NA2_LAG10,2.0,10.0,subplot,1,affected,cascade,C5,False,affected,True,OK
NA2_LAG10_025_subplot,NA2_LAG10,2.0,10.0,subplot,2,unrelated,unrelated,,,unrelated,True,OK
NA2_LAG10_025_subplot,NA2_LAG10,2.0,10.0,subplot,3,affected,cascade,C1,False,affected,True,OK
NA2_LAG10_025_subplot,NA2_LAG10,2.0,10.0,subplot,4,unrelated,unrelated,,,unrelated,True,OK
NA2_LAG10_025_subplot,NA2_LAG10,2.0,10.0,subplot,5,unrelated,unrelated,,,unrelated,True,OK
NA2_LAG10_026_overlay,NA2_LAG10,2.0,10.0,overlay,1,unrelated,unrelated,,,unrelated,True,OK
NA2_LAG10_026_overlay,NA2_LAG10,2.0,10.0,overlay,2,unrelated,unrelated,,,unrelated,True,OK
NA2_LAG10_026_overlay,NA2_LAG10,2.0,10.0,overlay,3,affected,cascade,C3,False,root,False,OK
NA2_LAG10_026_overlay,NA2_LAG10,2.0,10.0,overlay,4,affected,mild,C5,True,unrelated,False,OK
NA2_LAG10_026_overlay,NA2_LAG10,2.0,10.0,overlay,6,unrelated,unrelated,,,unrelated,True,OK
NA2_LAG10_026_subplot,NA2_LAG10,2.0,10.0,subplot,1,unrelated,unrelated,,,unrelated,True,OK
NA2_LAG10_026_subplot,NA2_LAG10,2.0,10.0,subplot,2,unrelated,unrelated,,,unrelated,True,OK
NA2_LAG10_026_subplot,NA2_LAG10,2.0,10.0,subplot,3,affected,cascade,C3,False,affected,True,OK
NA2_LAG10_026_subplot,NA2_LAG10,2.0,10.0,subplot,4,affected,mild,C5,True,unrelated,False,OK
NA2_LAG10_026_subplot,NA2_LAG10,2.0,10.0,subplot,6,unrelated,unrelated,,,unrelated,True,OK
NA2_LAG10_027_overlay,NA2_LAG10,2.0,10.0,overlay,1,unrelated,unrelated,,,unrelated,True,OK
NA2_LAG10_027_overlay,NA2_LAG10,2.0,10.0,overlay,2,affected,mild,C4,False,unrelated,False,OK
NA2_LAG10_027_overlay,NA2_LAG10,2.0,10.0,overlay,3,unrelated,unrelated,,,unrelated,True,OK
NA2_LAG10_027_overlay,NA2_LAG10,2.0,10.0,overlay,4,affected,cascade,C1,False,root,False,OK
NA2_LAG10_027_overlay,NA2_LAG10,2.0,10.0,overlay,6,unrelated,unrelated,,,unrelated,True,OK
NA2_LAG10_027_subplot,NA2_LAG10,2.0,10.0,subplot,1,unrelated,unrelated,,,unrelated,True,OK
NA2_LAG10_027_subplot,NA2_LAG10,2.0,10.0,subplot,2,affected,mild,C4,False,affected,True,OK
NA2_LAG10_027_subplot,NA2_LAG10,2.0,10.0,subplot,3,unrelated,unrelated,,,unrelated,True,OK
NA2_LAG10_027_subplot,NA2_LAG10,2.0,10.0,subplot,4,affected,cascade,C1,False,root,False,OK
NA2_LAG10_027_subplot,NA2_LAG10,2.0,10.0,subplot,6,unrelated,unrelated,,,affected,False,OK
NA2_LAG10_028_overlay,NA2_LAG10,2.0,10.0,overlay,1,unrelated,unrelated,,,affected,False,OK
NA2_LAG10_028_overlay,NA2_LAG10,2.0,10.0,overlay,2,affected,cascade,C4,False,root,False,OK
NA2_LAG10_028_overlay,NA2_LAG10,2.0,10.0,overlay,3,affected,cascade,C1,True,affected,True,OK
NA2_LAG10_028_overlay,NA2_LAG10,2.0,10.0,overlay,5,unrelated,unrelated,,,affected,False,OK
NA2_LAG10_028_overlay,NA2_LAG10,2.0,10.0,overlay,6,unrelated,unrelated,,,unrelated,True,OK
NA2_LAG10_028_subplot,NA2_LAG10,2.0,10.0,subplot,1,unrelated,unrelated,,,affected,False,OK
NA2_LAG10_028_subplot,NA2_LAG10,2.0,10.0,subplot,2,affected,cascade,C4,False,affected,True,OK
NA2_LAG10_028_subplot,NA2_LAG10,2.0,10.0,subplot,3,affected,cascade,C1,True,affected,True,OK
NA2_LAG10_028_subplot,NA2_LAG10,2.0,10.0,subplot,5,unrelated,unrelated,,,affected,False,OK
NA2_LAG10_028_subplot,NA2_LAG10,2.0,10.0,subplot,6,unrelated,unrelated,,,affected,False,OK
NA2_LAG10_029_overlay,NA2_LAG10,2.0,10.0,overlay,1,unrelated,unrelated,,,unrelated,True,OK
NA2_LAG10_029_overlay,NA2_LAG10,2.0,10.0,overlay,2,affected,mild,C1,False,unrelated,False,OK
NA2_LAG10_029_overlay,NA2_LAG10,2.0,10.0,overlay,3,unrelated,unrelated,,,unrelated,True,OK
NA2_LAG10_029_overlay,NA2_LAG10,2.0,10.0,overlay,4,unrelated,unrelated,,,unrelated,True,OK
NA2_LAG10_029_overlay,NA2_LAG10,2.0,10.0,overlay,6,affected,mild,C5,False,unrelated,False,OK
NA2_LAG10_029_subplot,NA2_LAG10,2.0,10.0,subplot,1,unrelated,unrelated,,,unrelated,True,OK
NA2_LAG10_029_subplot,NA2_LAG10,2.0,10.0,subplot,2,affected,mild,C1,False,unrelated,False,OK
NA2_LAG10_029_subplot,NA2_LAG10,2.0,10.0,subplot,3,unrelated,unrelated,,,unrelated,True,OK
NA2_LAG10_029_subplot,NA2_LAG10,2.0,10.0,subplot,4,unrelated,unrelated,,,unrelated,True,OK
NA2_LAG10_029_subplot,NA2_LAG10,2.0,10.0,subplot,6,affected,mild,C5,False,unrelated,False,OK
NA2_LAG50_000_overlay,NA2_LAG50,2.0,50.0,overlay,1,unrelated,unrelated,,,unrelated,True,OK
NA2_LAG50_000_overlay,NA2_LAG50,2.0,50.0,overlay,3,unrelated,unrelated,,,unrelated,True,OK
NA2_LAG50_000_overlay,NA2_LAG50,2.0,50.0,overlay,4,unrelated,unrelated,,,unrelated,True,OK
NA2_LAG50_000_overlay,NA2_LAG50,2.0,50.0,overlay,5,affected,mild,C1,False,affected,True,OK
NA2_LAG50_000_overlay,NA2_LAG50,2.0,50.0,overlay,6,affected,mild,C4,True,affected,True,OK
NA2_LAG50_000_subplot,NA2_LAG50,2.0,50.0,subplot,1,unrelated,unrelated,,,affected,False,OK
NA2_LAG50_000_subplot,NA2_LAG50,2.0,50.0,subplot,3,unrelated,unrelated,,,root,False,OK
NA2_LAG50_000_subplot,NA2_LAG50,2.0,50.0,subplot,4,unrelated,unrelated,,,affected,False,OK
NA2_LAG50_000_subplot,NA2_LAG50,2.0,50.0,subplot,5,affected,mild,C1,False,unrelated,False,OK
NA2_LAG50_000_subplot,NA2_LAG50,2.0,50.0,subplot,6,affected,mild,C4,True,affected,True,OK
NA2_LAG50_001_overlay,NA2_LAG50,2.0,50.0,overlay,1,unrelated,unrelated,,,affected,False,OK
NA2_LAG50_001_overlay,NA2_LAG50,2.0,50.0,overlay,3,unrelated,unrelated,,,affected,False,OK
NA2_LAG50_001_overlay,NA2_LAG50,2.0,50.0,overlay,4,affected,cascade,C5,True,affected,True,OK
NA2_LAG50_001_overlay,NA2_LAG50,2.0,50.0,overlay,5,unrelated,unrelated,,,affected,False,OK
NA2_LAG50_001_overlay,NA2_LAG50,2.0,50.0,overlay,6,affected,cascade,C3,False,root,False,OK
NA2_LAG50_001_subplot,NA2_LAG50,2.0,50.0,subplot,1,unrelated,unrelated,,,unrelated,True,OK
NA2_LAG50_001_subplot,NA2_LAG50,2.0,50.0,subplot,3,unrelated,unrelated,,,unrelated,True,OK
NA2_LAG50_001_subplot,NA2_LAG50,2.0,50.0,subplot,4,affected,cascade,C5,True,unrelated,False,OK
NA2_LAG50_001_subplot,NA2_LAG50,2.0,50.0,subplot,5,unrelated,unrelated,,,unrelated,True,OK
NA2_LAG50_001_subplot,NA2_LAG50,2.0,50.0,subplot,6,affected,cascade,C3,False,unrelated,False,OK
NA2_LAG50_002_overlay,NA2_LAG50,2.0,50.0,overlay,1,unrelated,unrelated,,,unrelated,True,OK
NA2_LAG50_002_overlay,NA2_LAG50,2.0,50.0,overlay,2,affected,cascade,C3,True,unrelated,False,OK
NA2_LAG50_002_overlay,NA2_LAG50,2.0,50.0,overlay,4,affected,mild,C1,False,unrelated,False,OK
NA2_LAG50_002_overlay,NA2_LAG50,2.0,50.0,overlay,5,unrelated,unrelated,,,unrelated,True,OK
NA2_LAG50_002_overlay,NA2_LAG50,2.0,50.0,overlay,6,unrelated,unrelated,,,unrelated,True,OK
NA2_LAG50_002_subplot,NA2_LAG50,2.0,50.0,subplot,1,unrelated,unrelated,,,unrelated,True,OK
NA2_LAG50_002_subplot,NA2_LAG50,2.0,50.0,subplot,2,affected,cascade,C3,True,unrelated,False,OK
NA2_LAG50_002_subplot,NA2_LAG50,2.0,50.0,subplot,4,affected,mild,C1,False,unrelated,False,OK
NA2_LAG50_002_subplot,NA2_LAG50,2.0,50.0,subplot,5,unrelated,unrelated,,,unrelated,True,OK
NA2_LAG50_002_subplot,NA2_LAG50,2.0,50.0,subplot,6,unrelated,unrelated,,,unrelated,True,OK
NA2_LAG50_003_overlay,NA2_LAG50,2.0,50.0,overlay,1,unrelated,unrelated,,,unrelated,True,OK
NA2_LAG50_003_overlay,NA2_LAG50,2.0,50.0,overlay,2,affected,cascade,C2,False,root,False,OK
NA2_LAG50_003_overlay,NA2_LAG50,2.0,50.0,overlay,3,affected,mild,C5,False,affected,True,OK
NA2_LAG50_003_overlay,NA2_LAG50,2.0,50.0,overlay,4,unrelated,unrelated,,,affected,False,OK
NA2_LAG50_003_overlay,NA2_LAG50,2.0,50.0,overlay,5,unrelated,unrelated,,,affected,False,OK
NA2_LAG50_003_subplot,NA2_LAG50,2.0,50.0,subplot,1,unrelated,unrelated,,,affected,False,OK
NA2_LAG50_003_subplot,NA2_LAG50,2.0,50.0,subplot,2,affected,cascade,C2,False,root,False,OK
NA2_LAG50_003_subplot,NA2_LAG50,2.0,50.0,subplot,3,affected,mild,C5,False,affected,True,OK
NA2_LAG50_003_subplot,NA2_LAG50,2.0,50.0,subplot,4,unrelated,unrelated,,,affected,False,OK
NA2_LAG50_003_subplot,NA2_LAG50,2.0,50.0,subplot,5,unrelated,unrelated,,,unrelated,True,OK
NA2_LAG50_004_overlay,NA2_LAG50,2.0,50.0,overlay,1,unrelated,unrelated,,,affected,False,OK
NA2_LAG50_004_overlay,NA2_LAG50,2.0,50.0,overlay,2,affected,mild,C2,True,affected,True,OK
NA2_LAG50_004_overlay,NA2_LAG50,2.0,50.0,overlay,3,affected,cascade,C1,False,affected,True,OK
NA2_LAG50_004_overlay,NA2_LAG50,2.0,50.0,overlay,4,unrelated,unrelated,,,affected,False,OK
NA2_LAG50_004_overlay,NA2_LAG50,2.0,50.0,overlay,6,unrelated,unrelated,,,affected,False,OK
NA2_LAG50_004_subplot,NA2_LAG50,2.0,50.0,subplot,1,unrelated,unrelated,,,affected,False,OK
NA2_LAG50_004_subplot,NA2_LAG50,2.0,50.0,subplot,2,affected,mild,C2,True,affected,True,OK
NA2_LAG50_004_subplot,NA2_LAG50,2.0,50.0,subplot,3,affected,cascade,C1,False,affected,True,OK
NA2_LAG50_004_subplot,NA2_LAG50,2.0,50.0,subplot,4,unrelated,unrelated,,,affected,False,OK
NA2_LAG50_004_subplot,NA2_LAG50,2.0,50.0,subplot,6,unrelated,unrelated,,,affected,False,OK
NA2_LAG50_005_overlay,NA2_LAG50,2.0,50.0,overlay,2,affected,mild,C5,False,unlabeled,False,PARSE_ERROR
NA2_LAG50_005_overlay,NA2_LAG50,2.0,50.0,overlay,3,unrelated,unrelated,,,unlabeled,False,PARSE_ERROR
NA2_LAG50_005_overlay,NA2_LAG50,2.0,50.0,overlay,4,unrelated,unrelated,,,unlabeled,False,PARSE_ERROR
NA2_LAG50_005_overlay,NA2_LAG50,2.0,50.0,overlay,5,unrelated,unrelated,,,unlabeled,False,PARSE_ERROR
NA2_LAG50_005_overlay,NA2_LAG50,2.0,50.0,overlay,6,affected,mild,C5,False,unlabeled,False,PARSE_ERROR
NA2_LAG50_005_subplot,NA2_LAG50,2.0,50.0,subplot,2,affected,mild,C5,False,unrelated,False,OK
NA2_LAG50_005_subplot,NA2_LAG50,2.0,50.0,subplot,3,unrelated,unrelated,,,unrelated,True,OK
NA2_LAG50_005_subplot,NA2_LAG50,2.0,50.0,subplot,4,unrelated,unrelated,,,unrelated,True,OK
NA2_LAG50_005_subplot,NA2_LAG50,2.0,50.0,subplot,5,unrelated,unrelated,,,unrelated,True,OK
NA2_LAG50_005_subplot,NA2_LAG50,2.0,50.0,subplot,6,affected,mild,C5,False,unrelated,False,OK
NA2_LAG50_006_overlay,NA2_LAG50,2.0,50.0,overlay,1,affected,mild,C2,True,unlabeled,False,PARSE_ERROR
NA2_LAG50_006_overlay,NA2_LAG50,2.0,50.0,overlay,2,unrelated,unrelated,,,unlabeled,False,PARSE_ERROR
NA2_LAG50_006_overlay,NA2_LAG50,2.0,50.0,overlay,4,unrelated,unrelated,,,unlabeled,False,PARSE_ERROR
NA2_LAG50_006_overlay,NA2_LAG50,2.0,50.0,overlay,5,unrelated,unrelated,,,unlabeled,False,PARSE_ERROR
NA2_LAG50_006_overlay,NA2_LAG50,2.0,50.0,overlay,6,affected,cascade,C3,False,unlabeled,False,PARSE_ERROR
NA2_LAG50_006_subplot,NA2_LAG50,2.0,50.0,subplot,1,affected,mild,C2,True,affected,True,OK
NA2_LAG50_006_subplot,NA2_LAG50,2.0,50.0,subplot,2,unrelated,unrelated,,,affected,False,OK
NA2_LAG50_006_subplot,NA2_LAG50,2.0,50.0,subplot,4,unrelated,unrelated,,,affected,False,OK
NA2_LAG50_006_subplot,NA2_LAG50,2.0,50.0,subplot,5,unrelated,unrelated,,,affected,False,OK
NA2_LAG50_006_subplot,NA2_LAG50,2.0,50.0,subplot,6,affected,cascade,C3,False,affected,True,OK
NA2_LAG50_007_overlay,NA2_LAG50,2.0,50.0,overlay,1,affected,cascade,C3,True,affected,True,OK
NA2_LAG50_007_overlay,NA2_LAG50,2.0,50.0,overlay,2,unrelated,unrelated,,,affected,False,OK
NA2_LAG50_007_overlay,NA2_LAG50,2.0,50.0,overlay,4,unrelated,unrelated,,,affected,False,OK
NA2_LAG50_007_overlay,NA2_LAG50,2.0,50.0,overlay,5,unrelated,unrelated,,,affected,False,OK
NA2_LAG50_007_overlay,NA2_LAG50,2.0,50.0,overlay,6,affected,mild,C5,False,affected,True,OK
NA2_LAG50_007_subplot,NA2_LAG50,2.0,50.0,subplot,1,affected,cascade,C3,True,unrelated,False,OK
NA2_LAG50_007_subplot,NA2_LAG50,2.0,50.0,subplot,2,unrelated,unrelated,,,affected,False,OK
NA2_LAG50_007_subplot,NA2_LAG50,2.0,50.0,subplot,4,unrelated,unrelated,,,root,False,OK
NA2_LAG50_007_subplot,NA2_LAG50,2.0,50.0,subplot,5,unrelated,unrelated,,,unrelated,True,OK
NA2_LAG50_007_subplot,NA2_LAG50,2.0,50.0,subplot,6,affected,mild,C5,False,affected,True,OK
NA2_LAG50_008_overlay,NA2_LAG50,2.0,50.0,overlay,1,affected,mild,C3,True,root,False,OK
NA2_LAG50_008_overlay,NA2_LAG50,2.0,50.0,overlay,2,unrelated,unrelated,,,affected,False,OK
NA2_LAG50_008_overlay,NA2_LAG50,2.0,50.0,overlay,4,affected,mild,C1,False,affected,True,OK
NA2_LAG50_008_overlay,NA2_LAG50,2.0,50.0,overlay,5,unrelated,unrelated,,,affected,False,OK
NA2_LAG50_008_overlay,NA2_LAG50,2.0,50.0,overlay,6,unrelated,unrelated,,,affected,False,OK
NA2_LAG50_008_subplot,NA2_LAG50,2.0,50.0,subplot,1,affected,mild,C3,True,unrelated,False,OK
NA2_LAG50_008_subplot,NA2_LAG50,2.0,50.0,subplot,2,unrelated,unrelated,,,unrelated,True,OK
NA2_LAG50_008_subplot,NA2_LAG50,2.0,50.0,subplot,4,affected,mild,C1,False,unrelated,False,OK
NA2_LAG50_008_subplot,NA2_LAG50,2.0,50.0,subplot,5,unrelated,unrelated,,,unrelated,True,OK
NA2_LAG50_008_subplot,NA2_LAG50,2.0,50.0,subplot,6,unrelated,unrelated,,,unrelated,True,OK
NA2_LAG50_009_overlay,NA2_LAG50,2.0,50.0,overlay,1,unrelated,unrelated,,,affected,False,OK
NA2_LAG50_009_overlay,NA2_LAG50,2.0,50.0,overlay,2,affected,cascade,C1,True,affected,True,OK
NA2_LAG50_009_overlay,NA2_LAG50,2.0,50.0,overlay,3,affected,cascade,C5,False,affected,True,OK
NA2_LAG50_009_overlay,NA2_LAG50,2.0,50.0,overlay,4,unrelated,unrelated,,,affected,False,OK
NA2_LAG50_009_overlay,NA2_LAG50,2.0,50.0,overlay,5,unrelated,unrelated,,,affected,False,OK
NA2_LAG50_009_subplot,NA2_LAG50,2.0,50.0,subplot,1,unrelated,unrelated,,,affected,False,OK
NA2_LAG50_009_subplot,NA2_LAG50,2.0,50.0,subplot,2,affected,cascade,C1,True,root,False,OK
NA2_LAG50_009_subplot,NA2_LAG50,2.0,50.0,subplot,3,affected,cascade,C5,False,affected,True,OK
NA2_LAG50_009_subplot,NA2_LAG50,2.0,50.0,subplot,4,unrelated,unrelated,,,affected,False,OK
NA2_LAG50_009_subplot,NA2_LAG50,2.0,50.0,subplot,5,unrelated,unrelated,,,affected,False,OK
NA2_LAG50_010_overlay,NA2_LAG50,2.0,50.0,overlay,1,unrelated,unrelated,,,unrelated,True,OK
NA2_LAG50_010_overlay,NA2_LAG50,2.0,50.0,overlay,2,affected,cascade,C4,True,affected,True,OK
NA2_LAG50_010_overlay,NA2_LAG50,2.0,50.0,overlay,3,unrelated,unrelated,,,unrelated,True,OK
NA2_LAG50_010_overlay,NA2_LAG50,2.0,50.0,overlay,4,unrelated,unrelated,,,unrelated,True,OK
NA2_LAG50_010_overlay,NA2_LAG50,2.0,50.0,overlay,6,affected,mild,C1,False,affected,True,OK
NA2_LAG50_010_subplot,NA2_LAG50,2.0,50.0,subplot,1,unrelated,unrelated,,,affected,False,OK
NA2_LAG50_010_subplot,NA2_LAG50,2.0,50.0,subplot,2,affected,cascade,C4,True,affected,True,OK
NA2_LAG50_010_subplot,NA2_LAG50,2.0,50.0,subplot,3,unrelated,unrelated,,,affected,False,OK
NA2_LAG50_010_subplot,NA2_LAG50,2.0,50.0,subplot,4,unrelated,unrelated,,,root,False,OK
NA2_LAG50_010_subplot,NA2_LAG50,2.0,50.0,subplot,6,affected,mild,C1,False,affected,True,OK
NA2_LAG50_011_overlay,NA2_LAG50,2.0,50.0,overlay,1,affected,cascade,C4,False,affected,True,OK
NA2_LAG50_011_overlay,NA2_LAG50,2.0,50.0,overlay,3,affected,mild,C1,True,affected,True,OK
NA2_LAG50_011_overlay,NA2_LAG50,2.0,50.0,overlay,4,unrelated,unrelated,,,unrelated,True,OK
NA2_LAG50_011_overlay,NA2_LAG50,2.0,50.0,overlay,5,unrelated,unrelated,,,unrelated,True,OK
NA2_LAG50_011_overlay,NA2_LAG50,2.0,50.0,overlay,6,unrelated,unrelated,,,unrelated,True,OK
NA2_LAG50_011_subplot,NA2_LAG50,2.0,50.0,subplot,1,affected,cascade,C4,False,affected,True,OK
NA2_LAG50_011_subplot,NA2_LAG50,2.0,50.0,subplot,3,affected,mild,C1,True,affected,True,OK
NA2_LAG50_011_subplot,NA2_LAG50,2.0,50.0,subplot,4,unrelated,unrelated,,,root,False,OK
NA2_LAG50_011_subplot,NA2_LAG50,2.0,50.0,subplot,5,unrelated,unrelated,,,affected,False,OK
NA2_LAG50_011_subplot,NA2_LAG50,2.0,50.0,subplot,6,unrelated,unrelated,,,unrelated,True,OK
NA2_LAG50_012_overlay,NA2_LAG50,2.0,50.0,overlay,1,affected,cascade,C4,False,affected,True,OK
NA2_LAG50_012_overlay,NA2_LAG50,2.0,50.0,overlay,2,unrelated,unrelated,,,unrelated,True,OK
NA2_LAG50_012_overlay,NA2_LAG50,2.0,50.0,overlay,3,unrelated,unrelated,,,unrelated,True,OK
NA2_LAG50_012_overlay,NA2_LAG50,2.0,50.0,overlay,4,unrelated,unrelated,,,unrelated,True,OK
NA2_LAG50_012_overlay,NA2_LAG50,2.0,50.0,overlay,6,affected,mild,C4,False,root,False,OK
NA2_LAG50_012_subplot,NA2_LAG50,2.0,50.0,subplot,1,affected,cascade,C4,False,unrelated,False,OK
NA2_LAG50_012_subplot,NA2_LAG50,2.0,50.0,subplot,2,unrelated,unrelated,,,unrelated,True,OK
NA2_LAG50_012_subplot,NA2_LAG50,2.0,50.0,subplot,3,unrelated,unrelated,,,unrelated,True,OK
NA2_LAG50_012_subplot,NA2_LAG50,2.0,50.0,subplot,4,unrelated,unrelated,,,unrelated,True,OK
NA2_LAG50_012_subplot,NA2_LAG50,2.0,50.0,subplot,6,affected,mild,C4,False,unrelated,False,OK
NA2_LAG50_013_overlay,NA2_LAG50,2.0,50.0,overlay,2,unrelated,unrelated,,,unrelated,True,OK
NA2_LAG50_013_overlay,NA2_LAG50,2.0,50.0,overlay,3,unrelated,unrelated,,,unrelated,True,OK
NA2_LAG50_013_overlay,NA2_LAG50,2.0,50.0,overlay,4,unrelated,unrelated,,,unrelated,True,OK
NA2_LAG50_013_overlay,NA2_LAG50,2.0,50.0,overlay,5,affected,mild,C1,True,affected,True,OK
NA2_LAG50_013_overlay,NA2_LAG50,2.0,50.0,overlay,6,affected,cascade,C1,True,unrelated,False,OK
NA2_LAG50_013_subplot,NA2_LAG50,2.0,50.0,subplot,2,unrelated,unrelated,,,root,False,OK
NA2_LAG50_013_subplot,NA2_LAG50,2.0,50.0,subplot,3,unrelated,unrelated,,,unrelated,True,OK
NA2_LAG50_013_subplot,NA2_LAG50,2.0,50.0,subplot,4,unrelated,unrelated,,,affected,False,OK
NA2_LAG50_013_subplot,NA2_LAG50,2.0,50.0,subplot,5,affected,mild,C1,True,unrelated,False,OK
NA2_LAG50_013_subplot,NA2_LAG50,2.0,50.0,subplot,6,affected,cascade,C1,True,affected,True,OK
NA2_LAG50_014_overlay,NA2_LAG50,2.0,50.0,overlay,2,unrelated,unrelated,,,unrelated,True,OK
NA2_LAG50_014_overlay,NA2_LAG50,2.0,50.0,overlay,3,affected,mild,C5,False,unrelated,False,OK
NA2_LAG50_014_overlay,NA2_LAG50,2.0,50.0,overlay,4,unrelated,unrelated,,,unrelated,True,OK
NA2_LAG50_014_overlay,NA2_LAG50,2.0,50.0,overlay,5,affected,cascade,C1,True,affected,True,OK
NA2_LAG50_014_overlay,NA2_LAG50,2.0,50.0,overlay,6,unrelated,unrelated,,,unrelated,True,OK
NA2_LAG50_014_subplot,NA2_LAG50,2.0,50.0,subplot,2,unrelated,unrelated,,,unrelated,True,OK
NA2_LAG50_014_subplot,NA2_LAG50,2.0,50.0,subplot,3,affected,mild,C5,False,unrelated,False,OK
NA2_LAG50_014_subplot,NA2_LAG50,2.0,50.0,subplot,4,unrelated,unrelated,,,unrelated,True,OK
NA2_LAG50_014_subplot,NA2_LAG50,2.0,50.0,subplot,5,affected,cascade,C1,True,unrelated,False,OK
NA2_LAG50_014_subplot,NA2_LAG50,2.0,50.0,subplot,6,unrelated,unrelated,,,unrelated,True,OK
NA2_LAG50_015_overlay,NA2_LAG50,2.0,50.0,overlay,1,unrelated,unrelated,,,unrelated,True,OK
NA2_LAG50_015_overlay,NA2_LAG50,2.0,50.0,overlay,2,affected,cascade,C3,False,affected,True,OK
NA2_LAG50_015_overlay,NA2_LAG50,2.0,50.0,overlay,3,unrelated,unrelated,,,unrelated,True,OK
NA2_LAG50_015_overlay,NA2_LAG50,2.0,50.0,overlay,4,affected,mild,C1,True,unrelated,False,OK
NA2_LAG50_015_overlay,NA2_LAG50,2.0,50.0,overlay,6,unrelated,unrelated,,,unrelated,True,OK
NA2_LAG50_015_subplot,NA2_LAG50,2.0,50.0,subplot,1,unrelated,unrelated,,,unrelated,True,OK
NA2_LAG50_015_subplot,NA2_LAG50,2.0,50.0,subplot,2,affected,cascade,C3,False,unrelated,False,OK
NA2_LAG50_015_subplot,NA2_LAG50,2.0,50.0,subplot,3,unrelated,unrelated,,,unrelated,True,OK
NA2_LAG50_015_subplot,NA2_LAG50,2.0,50.0,subplot,4,affected,mild,C1,True,unrelated,False,OK
NA2_LAG50_015_subplot,NA2_LAG50,2.0,50.0,subplot,6,unrelated,unrelated,,,unrelated,True,OK
NA2_LAG50_016_overlay,NA2_LAG50,2.0,50.0,overlay,1,unrelated,unrelated,,,unrelated,True,OK
NA2_LAG50_016_overlay,NA2_LAG50,2.0,50.0,overlay,2,unrelated,unrelated,,,unrelated,True,OK
NA2_LAG50_016_overlay,NA2_LAG50,2.0,50.0,overlay,3,affected,mild,C2,True,unrelated,False,OK
NA2_LAG50_016_overlay,NA2_LAG50,2.0,50.0,overlay,4,affected,mild,C3,False,affected,True,OK
NA2_LAG50_016_overlay,NA2_LAG50,2.0,50.0,overlay,5,unrelated,unrelated,,,affected,False,OK
NA2_LAG50_016_subplot,NA2_LAG50,2.0,50.0,subplot,1,unrelated,unrelated,,,affected,False,OK
NA2_LAG50_016_subplot,NA2_LAG50,2.0,50.0,subplot,2,unrelated,unrelated,,,affected,False,OK
NA2_LAG50_016_subplot,NA2_LAG50,2.0,50.0,subplot,3,affected,mild,C2,True,affected,True,OK
NA2_LAG50_016_subplot,NA2_LAG50,2.0,50.0,subplot,4,affected,mild,C3,False,affected,True,OK
NA2_LAG50_016_subplot,NA2_LAG50,2.0,50.0,subplot,5,unrelated,unrelated,,,affected,False,OK
NA2_LAG50_017_overlay,NA2_LAG50,2.0,50.0,overlay,1,unrelated,unrelated,,,unrelated,True,OK
NA2_LAG50_017_overlay,NA2_LAG50,2.0,50.0,overlay,2,affected,mild,C2,False,affected,True,OK
NA2_LAG50_017_overlay,NA2_LAG50,2.0,50.0,overlay,3,affected,cascade,C3,False,affected,True,OK
NA2_LAG50_017_overlay,NA2_LAG50,2.0,50.0,overlay,4,unrelated,unrelated,,,affected,False,OK
NA2_LAG50_017_overlay,NA2_LAG50,2.0,50.0,overlay,6,unrelated,unrelated,,,affected,False,OK
NA2_LAG50_017_subplot,NA2_LAG50,2.0,50.0,subplot,1,unrelated,unrelated,,,unrelated,True,OK
NA2_LAG50_017_subplot,NA2_LAG50,2.0,50.0,subplot,2,affected,mild,C2,False,unrelated,False,OK
NA2_LAG50_017_subplot,NA2_LAG50,2.0,50.0,subplot,3,affected,cascade,C3,False,unrelated,False,OK
NA2_LAG50_017_subplot,NA2_LAG50,2.0,50.0,subplot,4,unrelated,unrelated,,,unrelated,True,OK
NA2_LAG50_017_subplot,NA2_LAG50,2.0,50.0,subplot,6,unrelated,unrelated,,,unrelated,True,OK
NA2_LAG50_018_overlay,NA2_LAG50,2.0,50.0,overlay,1,unrelated,unrelated,,,unrelated,True,OK
NA2_LAG50_018_overlay,NA2_LAG50,2.0,50.0,overlay,2,affected,cascade,C5,True,affected,True,OK
NA2_LAG50_018_overlay,NA2_LAG50,2.0,50.0,overlay,3,affected,mild,C2,False,affected,True,OK
NA2_LAG50_018_overlay,NA2_LAG50,2.0,50.0,overlay,4,unrelated,unrelated,,,affected,False,OK
NA2_LAG50_018_overlay,NA2_LAG50,2.0,50.0,overlay,6,unrelated,unrelated,,,root,False,OK
NA2_LAG50_018_subplot,NA2_LAG50,2.0,50.0,subplot,1,unrelated,unrelated,,,unrelated,True,OK
NA2_LAG50_018_subplot,NA2_LAG50,2.0,50.0,subplot,2,affected,cascade,C5,True,unrelated,False,OK
NA2_LAG50_018_subplot,NA2_LAG50,2.0,50.0,subplot,3,affected,mild,C2,False,unrelated,False,OK
NA2_LAG50_018_subplot,NA2_LAG50,2.0,50.0,subplot,4,unrelated,unrelated,,,unrelated,True,OK
NA2_LAG50_018_subplot,NA2_LAG50,2.0,50.0,subplot,6,unrelated,unrelated,,,unrelated,True,OK
NA2_LAG50_019_overlay,NA2_LAG50,2.0,50.0,overlay,1,unrelated,unrelated,,,unrelated,True,OK
NA2_LAG50_019_overlay,NA2_LAG50,2.0,50.0,overlay,2,unrelated,unrelated,,,unrelated,True,OK
NA2_LAG50_019_overlay,NA2_LAG50,2.0,50.0,overlay,3,affected,cascade,C3,False,unrelated,False,OK
NA2_LAG50_019_overlay,NA2_LAG50,2.0,50.0,overlay,4,unrelated,unrelated,,,unrelated,True,OK
NA2_LAG50_019_overlay,NA2_LAG50,2.0,50.0,overlay,5,affected,cascade,C3,False,unrelated,False,OK
NA2_LAG50_019_subplot,NA2_LAG50,2.0,50.0,subplot,1,unrelated,unrelated,,,unrelated,True,OK
NA2_LAG50_019_subplot,NA2_LAG50,2.0,50.0,subplot,2,unrelated,unrelated,,,unrelated,True,OK
NA2_LAG50_019_subplot,NA2_LAG50,2.0,50.0,subplot,3,affected,cascade,C3,False,unrelated,False,OK
NA2_LAG50_019_subplot,NA2_LAG50,2.0,50.0,subplot,4,unrelated,unrelated,,,unrelated,True,OK
NA2_LAG50_019_subplot,NA2_LAG50,2.0,50.0,subplot,5,affected,cascade,C3,False,unrelated,False,OK
NA2_LAG50_020_overlay,NA2_LAG50,2.0,50.0,overlay,1,affected,cascade,C4,True,affected,True,OK
NA2_LAG50_020_overlay,NA2_LAG50,2.0,50.0,overlay,2,unrelated,unrelated,,,affected,False,OK
NA2_LAG50_020_overlay,NA2_LAG50,2.0,50.0,overlay,3,unrelated,unrelated,,,affected,False,OK
NA2_LAG50_020_overlay,NA2_LAG50,2.0,50.0,overlay,4,affected,mild,C4,True,affected,True,OK
NA2_LAG50_020_overlay,NA2_LAG50,2.0,50.0,overlay,6,unrelated,unrelated,,,affected,False,OK
NA2_LAG50_020_subplot,NA2_LAG50,2.0,50.0,subplot,1,affected,cascade,C4,True,unrelated,False,OK
NA2_LAG50_020_subplot,NA2_LAG50,2.0,50.0,subplot,2,unrelated,unrelated,,,unrelated,True,OK
NA2_LAG50_020_subplot,NA2_LAG50,2.0,50.0,subplot,3,unrelated,unrelated,,,unrelated,True,OK
NA2_LAG50_020_subplot,NA2_LAG50,2.0,50.0,subplot,4,affected,mild,C4,True,unrelated,False,OK
NA2_LAG50_020_subplot,NA2_LAG50,2.0,50.0,subplot,6,unrelated,unrelated,,,unrelated,True,OK
NA2_LAG50_021_overlay,NA2_LAG50,2.0,50.0,overlay,1,unrelated,unrelated,,,unrelated,True,OK
NA2_LAG50_021_overlay,NA2_LAG50,2.0,50.0,overlay,3,affected,cascade,C1,True,unrelated,False,OK
NA2_LAG50_021_overlay,NA2_LAG50,2.0,50.0,overlay,4,affected,cascade,C1,True,unrelated,False,OK
NA2_LAG50_021_overlay,NA2_LAG50,2.0,50.0,overlay,5,unrelated,unrelated,,,unrelated,True,OK
NA2_LAG50_021_overlay,NA2_LAG50,2.0,50.0,overlay,6,unrelated,unrelated,,,unrelated,True,OK
NA2_LAG50_021_subplot,NA2_LAG50,2.0,50.0,subplot,1,unrelated,unrelated,,,affected,False,OK
NA2_LAG50_021_subplot,NA2_LAG50,2.0,50.0,subplot,3,affected,cascade,C1,True,affected,True,OK
NA2_LAG50_021_subplot,NA2_LAG50,2.0,50.0,subplot,4,affected,cascade,C1,True,affected,True,OK
NA2_LAG50_021_subplot,NA2_LAG50,2.0,50.0,subplot,5,unrelated,unrelated,,,affected,False,OK
NA2_LAG50_021_subplot,NA2_LAG50,2.0,50.0,subplot,6,unrelated,unrelated,,,affected,False,OK
NA2_LAG50_022_overlay,NA2_LAG50,2.0,50.0,overlay,1,affected,cascade,C2,True,affected,True,OK
NA2_LAG50_022_overlay,NA2_LAG50,2.0,50.0,overlay,2,unrelated,unrelated,,,affected,False,OK
NA2_LAG50_022_overlay,NA2_LAG50,2.0,50.0,overlay,3,affected,mild,C4,False,root,False,OK
NA2_LAG50_022_overlay,NA2_LAG50,2.0,50.0,overlay,4,unrelated,unrelated,,,affected,False,OK
NA2_LAG50_022_overlay,NA2_LAG50,2.0,50.0,overlay,6,unrelated,unrelated,,,affected,False,OK
NA2_LAG50_022_subplot,NA2_LAG50,2.0,50.0,subplot,1,affected,cascade,C2,True,root,False,OK
NA2_LAG50_022_subplot,NA2_LAG50,2.0,50.0,subplot,2,unrelated,unrelated,,,affected,False,OK
NA2_LAG50_022_subplot,NA2_LAG50,2.0,50.0,subplot,3,affected,mild,C4,False,affected,True,OK
NA2_LAG50_022_subplot,NA2_LAG50,2.0,50.0,subplot,4,unrelated,unrelated,,,affected,False,OK
NA2_LAG50_022_subplot,NA2_LAG50,2.0,50.0,subplot,6,unrelated,unrelated,,,affected,False,OK
NA2_LAG50_023_overlay,NA2_LAG50,2.0,50.0,overlay,1,unrelated,unrelated,,,unrelated,True,OK
NA2_LAG50_023_overlay,NA2_LAG50,2.0,50.0,overlay,2,affected,cascade,C5,False,root,False,OK
NA2_LAG50_023_overlay,NA2_LAG50,2.0,50.0,overlay,3,unrelated,unrelated,,,unrelated,True,OK
NA2_LAG50_023_overlay,NA2_LAG50,2.0,50.0,overlay,4,unrelated,unrelated,,,unrelated,True,OK
NA2_LAG50_023_overlay,NA2_LAG50,2.0,50.0,overlay,5,affected,cascade,C1,True,affected,True,OK
NA2_LAG50_023_subplot,NA2_LAG50,2.0,50.0,subplot,1,unrelated,unrelated,,,unrelated,True,OK
NA2_LAG50_023_subplot,NA2_LAG50,2.0,50.0,subplot,2,affected,cascade,C5,False,unrelated,False,OK
NA2_LAG50_023_subplot,NA2_LAG50,2.0,50.0,subplot,3,unrelated,unrelated,,,unrelated,True,OK
NA2_LAG50_023_subplot,NA2_LAG50,2.0,50.0,subplot,4,unrelated,unrelated,,,unrelated,True,OK
NA2_LAG50_023_subplot,NA2_LAG50,2.0,50.0,subplot,5,affected,cascade,C1,True,root,False,OK
NA2_LAG50_024_overlay,NA2_LAG50,2.0,50.0,overlay,1,affected,cascade,C4,False,affected,True,OK
NA2_LAG50_024_overlay,NA2_LAG50,2.0,50.0,overlay,2,unrelated,unrelated,,,affected,False,OK
NA2_LAG50_024_overlay,NA2_LAG50,2.0,50.0,overlay,3,unrelated,unrelated,,,affected,False,OK
NA2_LAG50_024_overlay,NA2_LAG50,2.0,50.0,overlay,4,affected,mild,C3,True,unrelated,False,OK
NA2_LAG50_024_overlay,NA2_LAG50,2.0,50.0,overlay,6,unrelated,unrelated,,,unrelated,True,OK
NA2_LAG50_024_subplot,NA2_LAG50,2.0,50.0,subplot,1,affected,cascade,C4,False,affected,True,OK
NA2_LAG50_024_subplot,NA2_LAG50,2.0,50.0,subplot,2,unrelated,unrelated,,,affected,False,OK
NA2_LAG50_024_subplot,NA2_LAG50,2.0,50.0,subplot,3,unrelated,unrelated,,,affected,False,OK
NA2_LAG50_024_subplot,NA2_LAG50,2.0,50.0,subplot,4,affected,mild,C3,True,root,False,OK
NA2_LAG50_024_subplot,NA2_LAG50,2.0,50.0,subplot,6,unrelated,unrelated,,,unrelated,True,OK
NA2_LAG50_025_overlay,NA2_LAG50,2.0,50.0,overlay,2,unrelated,unrelated,,,unrelated,True,OK
NA2_LAG50_025_overlay,NA2_LAG50,2.0,50.0,overlay,3,unrelated,unrelated,,,unrelated,True,OK
NA2_LAG50_025_overlay,NA2_LAG50,2.0,50.0,overlay,4,affected,cascade,C4,True,affected,True,OK
NA2_LAG50_025_overlay,NA2_LAG50,2.0,50.0,overlay,5,unrelated,unrelated,,,unrelated,True,OK
NA2_LAG50_025_overlay,NA2_LAG50,2.0,50.0,overlay,6,affected,cascade,C5,False,affected,True,OK
NA2_LAG50_025_subplot,NA2_LAG50,2.0,50.0,subplot,2,unrelated,unrelated,,,unrelated,True,OK
NA2_LAG50_025_subplot,NA2_LAG50,2.0,50.0,subplot,3,unrelated,unrelated,,,unrelated,True,OK
NA2_LAG50_025_subplot,NA2_LAG50,2.0,50.0,subplot,4,affected,cascade,C4,True,unrelated,False,OK
NA2_LAG50_025_subplot,NA2_LAG50,2.0,50.0,subplot,5,unrelated,unrelated,,,unrelated,True,OK
NA2_LAG50_025_subplot,NA2_LAG50,2.0,50.0,subplot,6,affected,cascade,C5,False,unrelated,False,OK
NA2_LAG50_026_overlay,NA2_LAG50,2.0,50.0,overlay,2,unrelated,unrelated,,,unrelated,True,OK
NA2_LAG50_026_overlay,NA2_LAG50,2.0,50.0,overlay,3,unrelated,unrelated,,,unrelated,True,OK
NA2_LAG50_026_overlay,NA2_LAG50,2.0,50.0,overlay,4,affected,mild,C3,False,affected,True,OK
NA2_LAG50_026_overlay,NA2_LAG50,2.0,50.0,overlay,5,unrelated,unrelated,,,unrelated,True,OK
NA2_LAG50_026_overlay,NA2_LAG50,2.0,50.0,overlay,6,affected,cascade,C2,False,affected,True,OK
NA2_LAG50_026_subplot,NA2_LAG50,2.0,50.0,subplot,2,unrelated,unrelated,,,unrelated,True,OK
NA2_LAG50_026_subplot,NA2_LAG50,2.0,50.0,subplot,3,unrelated,unrelated,,,unrelated,True,OK
NA2_LAG50_026_subplot,NA2_LAG50,2.0,50.0,subplot,4,affected,mild,C3,False,affected,True,OK
NA2_LAG50_026_subplot,NA2_LAG50,2.0,50.0,subplot,5,unrelated,unrelated,,,unrelated,True,OK
NA2_LAG50_026_subplot,NA2_LAG50,2.0,50.0,subplot,6,affected,cascade,C2,False,root,False,OK
NA2_LAG50_027_overlay,NA2_LAG50,2.0,50.0,overlay,1,affected,cascade,C1,False,affected,True,OK
NA2_LAG50_027_overlay,NA2_LAG50,2.0,50.0,overlay,2,affected,cascade,C2,False,root,False,OK
NA2_LAG50_027_overlay,NA2_LAG50,2.0,50.0,overlay,3,unrelated,unrelated,,,affected,False,OK
NA2_LAG50_027_overlay,NA2_LAG50,2.0,50.0,overlay,5,unrelated,unrelated,,,affected,False,OK
NA2_LAG50_027_overlay,NA2_LAG50,2.0,50.0,overlay,6,unrelated,unrelated,,,affected,False,OK
NA2_LAG50_027_subplot,NA2_LAG50,2.0,50.0,subplot,1,affected,cascade,C1,False,unrelated,False,OK
NA2_LAG50_027_subplot,NA2_LAG50,2.0,50.0,subplot,2,affected,cascade,C2,False,affected,True,OK
NA2_LAG50_027_subplot,NA2_LAG50,2.0,50.0,subplot,3,unrelated,unrelated,,,unrelated,True,OK
NA2_LAG50_027_subplot,NA2_LAG50,2.0,50.0,subplot,5,unrelated,unrelated,,,unrelated,True,OK
NA2_LAG50_027_subplot,NA2_LAG50,2.0,50.0,subplot,6,unrelated,unrelated,,,unrelated,True,OK
NA2_LAG50_028_overlay,NA2_LAG50,2.0,50.0,overlay,1,affected,cascade,C5,True,unlabeled,False,PARSE_ERROR
NA2_LAG50_028_overlay,NA2_LAG50,2.0,50.0,overlay,2,unrelated,unrelated,,,unlabeled,False,PARSE_ERROR
NA2_LAG50_028_overlay,NA2_LAG50,2.0,50.0,overlay,3,unrelated,unrelated,,,unlabeled,False,PARSE_ERROR
NA2_LAG50_028_overlay,NA2_LAG50,2.0,50.0,overlay,5,unrelated,unrelated,,,unlabeled,False,PARSE_ERROR
NA2_LAG50_028_overlay,NA2_LAG50,2.0,50.0,overlay,6,affected,cascade,C5,True,unlabeled,False,PARSE_ERROR
NA2_LAG50_028_subplot,NA2_LAG50,2.0,50.0,subplot,1,affected,cascade,C5,True,unrelated,False,OK
NA2_LAG50_028_subplot,NA2_LAG50,2.0,50.0,subplot,2,unrelated,unrelated,,,unrelated,True,OK
NA2_LAG50_028_subplot,NA2_LAG50,2.0,50.0,subplot,3,unrelated,unrelated,,,unrelated,True,OK
NA2_LAG50_028_subplot,NA2_LAG50,2.0,50.0,subplot,5,unrelated,unrelated,,,unrelated,True,OK
NA2_LAG50_028_subplot,NA2_LAG50,2.0,50.0,subplot,6,affected,cascade,C5,True,unrelated,False,OK
NA2_LAG50_029_overlay,NA2_LAG50,2.0,50.0,overlay,1,affected,mild,C5,True,unrelated,False,OK
NA2_LAG50_029_overlay,NA2_LAG50,2.0,50.0,overlay,2,unrelated,unrelated,,,unrelated,True,OK
NA2_LAG50_029_overlay,NA2_LAG50,2.0,50.0,overlay,3,unrelated,unrelated,,,unrelated,True,OK
NA2_LAG50_029_overlay,NA2_LAG50,2.0,50.0,overlay,4,unrelated,unrelated,,,unrelated,True,OK
NA2_LAG50_029_overlay,NA2_LAG50,2.0,50.0,overlay,5,affected,cascade,C4,False,root,False,OK
NA2_LAG50_029_subplot,NA2_LAG50,2.0,50.0,subplot,1,affected,mild,C5,True,unrelated,False,OK
NA2_LAG50_029_subplot,NA2_LAG50,2.0,50.0,subplot,2,unrelated,unrelated,,,unrelated,True,OK
NA2_LAG50_029_subplot,NA2_LAG50,2.0,50.0,subplot,3,unrelated,unrelated,,,unrelated,True,OK
NA2_LAG50_029_subplot,NA2_LAG50,2.0,50.0,subplot,4,unrelated,unrelated,,,unrelated,True,OK
NA2_LAG50_029_subplot,NA2_LAG50,2.0,50.0,subplot,5,affected,cascade,C4,False,unrelated,False,OK
NA3_LAG10_000_overlay,NA3_LAG10,3.0,10.0,overlay,1,affected,cascade,C2,True,root,False,OK
NA3_LAG10_000_overlay,NA3_LAG10,3.0,10.0,overlay,2,unrelated,unrelated,,,affected,False,OK
NA3_LAG10_000_overlay,NA3_LAG10,3.0,10.0,overlay,3,affected,mild,C2,True,affected,True,OK
NA3_LAG10_000_overlay,NA3_LAG10,3.0,10.0,overlay,5,affected,mild,C3,False,affected,True,OK
NA3_LAG10_000_overlay,NA3_LAG10,3.0,10.0,overlay,6,unrelated,unrelated,,,affected,False,OK
NA3_LAG10_000_subplot,NA3_LAG10,3.0,10.0,subplot,1,affected,cascade,C2,True,unrelated,False,OK
NA3_LAG10_000_subplot,NA3_LAG10,3.0,10.0,subplot,2,unrelated,unrelated,,,unrelated,True,OK
NA3_LAG10_000_subplot,NA3_LAG10,3.0,10.0,subplot,3,affected,mild,C2,True,unrelated,False,OK
NA3_LAG10_000_subplot,NA3_LAG10,3.0,10.0,subplot,5,affected,mild,C3,False,unrelated,False,OK
NA3_LAG10_000_subplot,NA3_LAG10,3.0,10.0,subplot,6,unrelated,unrelated,,,unrelated,True,OK
NA3_LAG10_001_overlay,NA3_LAG10,3.0,10.0,overlay,1,unrelated,unrelated,,,affected,False,OK
NA3_LAG10_001_overlay,NA3_LAG10,3.0,10.0,overlay,3,affected,cascade,C4,False,root,False,OK
NA3_LAG10_001_overlay,NA3_LAG10,3.0,10.0,overlay,4,affected,mild,C1,True,affected,True,OK
NA3_LAG10_001_overlay,NA3_LAG10,3.0,10.0,overlay,5,affected,mild,C1,True,affected,True,OK
NA3_LAG10_001_overlay,NA3_LAG10,3.0,10.0,overlay,6,unrelated,unrelated,,,affected,False,OK
NA3_LAG10_001_subplot,NA3_LAG10,3.0,10.0,subplot,1,unrelated,unrelated,,,affected,False,OK
NA3_LAG10_001_subplot,NA3_LAG10,3.0,10.0,subplot,3,affected,cascade,C4,False,affected,True,OK
NA3_LAG10_001_subplot,NA3_LAG10,3.0,10.0,subplot,4,affected,mild,C1,True,unrelated,False,OK
NA3_LAG10_001_subplot,NA3_LAG10,3.0,10.0,subplot,5,affected,mild,C1,True,unrelated,False,OK
NA3_LAG10_001_subplot,NA3_LAG10,3.0,10.0,subplot,6,unrelated,unrelated,,,unrelated,True,OK
NA3_LAG10_002_overlay,NA3_LAG10,3.0,10.0,overlay,1,affected,cascade,C2,True,root,False,OK
NA3_LAG10_002_overlay,NA3_LAG10,3.0,10.0,overlay,2,affected,mild,C3,False,affected,True,OK
NA3_LAG10_002_overlay,NA3_LAG10,3.0,10.0,overlay,3,unrelated,unrelated,,,unrelated,True,OK
NA3_LAG10_002_overlay,NA3_LAG10,3.0,10.0,overlay,5,unrelated,unrelated,,,unrelated,True,OK
NA3_LAG10_002_overlay,NA3_LAG10,3.0,10.0,overlay,6,affected,mild,C5,False,unrelated,False,OK
NA3_LAG10_002_subplot,NA3_LAG10,3.0,10.0,subplot,1,affected,cascade,C2,True,affected,True,OK
NA3_LAG10_002_subplot,NA3_LAG10,3.0,10.0,subplot,2,affected,mild,C3,False,affected,True,OK
NA3_LAG10_002_subplot,NA3_LAG10,3.0,10.0,subplot,3,unrelated,unrelated,,,unrelated,True,OK
NA3_LAG10_002_subplot,NA3_LAG10,3.0,10.0,subplot,5,unrelated,unrelated,,,unrelated,True,OK
NA3_LAG10_002_subplot,NA3_LAG10,3.0,10.0,subplot,6,affected,mild,C5,False,unrelated,False,OK
NA3_LAG10_003_overlay,NA3_LAG10,3.0,10.0,overlay,1,affected,cascade,C2,False,root,False,OK
NA3_LAG10_003_overlay,NA3_LAG10,3.0,10.0,overlay,2,unrelated,unrelated,,,affected,False,OK
NA3_LAG10_003_overlay,NA3_LAG10,3.0,10.0,overlay,3,affected,mild,C5,True,affected,True,OK
NA3_LAG10_003_overlay,NA3_LAG10,3.0,10.0,overlay,4,unrelated,unrelated,,,affected,False,OK
NA3_LAG10_003_overlay,NA3_LAG10,3.0,10.0,overlay,5,affected,mild,C2,False,affected,True,OK
NA3_LAG10_003_subplot,NA3_LAG10,3.0,10.0,subplot,1,affected,cascade,C2,False,affected,True,OK
NA3_LAG10_003_subplot,NA3_LAG10,3.0,10.0,subplot,2,unrelated,unrelated,,,affected,False,OK
NA3_LAG10_003_subplot,NA3_LAG10,3.0,10.0,subplot,3,affected,mild,C5,True,affected,True,OK
NA3_LAG10_003_subplot,NA3_LAG10,3.0,10.0,subplot,4,unrelated,unrelated,,,affected,False,OK
NA3_LAG10_003_subplot,NA3_LAG10,3.0,10.0,subplot,5,affected,mild,C2,False,root,False,OK
NA3_LAG10_004_overlay,NA3_LAG10,3.0,10.0,overlay,1,affected,cascade,C5,True,affected,True,OK
NA3_LAG10_004_overlay,NA3_LAG10,3.0,10.0,overlay,2,unrelated,unrelated,,,affected,False,OK
NA3_LAG10_004_overlay,NA3_LAG10,3.0,10.0,overlay,3,affected,cascade,C4,False,root,False,OK
NA3_LAG10_004_overlay,NA3_LAG10,3.0,10.0,overlay,4,unrelated,unrelated,,,affected,False,OK
NA3_LAG10_004_overlay,NA3_LAG10,3.0,10.0,overlay,5,affected,cascade,C5,True,affected,True,OK
NA3_LAG10_004_subplot,NA3_LAG10,3.0,10.0,subplot,1,affected,cascade,C5,True,affected,True,OK
NA3_LAG10_004_subplot,NA3_LAG10,3.0,10.0,subplot,2,unrelated,unrelated,,,affected,False,OK
NA3_LAG10_004_subplot,NA3_LAG10,3.0,10.0,subplot,3,affected,cascade,C4,False,affected,True,OK
NA3_LAG10_004_subplot,NA3_LAG10,3.0,10.0,subplot,4,unrelated,unrelated,,,root,False,OK
NA3_LAG10_004_subplot,NA3_LAG10,3.0,10.0,subplot,5,affected,cascade,C5,True,affected,True,OK
NA3_LAG10_005_overlay,NA3_LAG10,3.0,10.0,overlay,1,unrelated,unrelated,,,unrelated,True,OK
NA3_LAG10_005_overlay,NA3_LAG10,3.0,10.0,overlay,2,affected,cascade,C5,True,unrelated,False,OK
NA3_LAG10_005_overlay,NA3_LAG10,3.0,10.0,overlay,3,affected,mild,C4,False,unrelated,False,OK
NA3_LAG10_005_overlay,NA3_LAG10,3.0,10.0,overlay,4,affected,cascade,C2,False,root,False,OK
NA3_LAG10_005_overlay,NA3_LAG10,3.0,10.0,overlay,5,unrelated,unrelated,,,unrelated,True,OK
NA3_LAG10_005_subplot,NA3_LAG10,3.0,10.0,subplot,1,unrelated,unrelated,,,affected,False,OK
NA3_LAG10_005_subplot,NA3_LAG10,3.0,10.0,subplot,2,affected,cascade,C5,True,affected,True,OK
NA3_LAG10_005_subplot,NA3_LAG10,3.0,10.0,subplot,3,affected,mild,C4,False,affected,True,OK
NA3_LAG10_005_subplot,NA3_LAG10,3.0,10.0,subplot,4,affected,cascade,C2,False,root,False,OK
NA3_LAG10_005_subplot,NA3_LAG10,3.0,10.0,subplot,5,unrelated,unrelated,,,affected,False,OK
NA3_LAG10_006_overlay,NA3_LAG10,3.0,10.0,overlay,1,unrelated,unrelated,,,affected,False,OK
NA3_LAG10_006_overlay,NA3_LAG10,3.0,10.0,overlay,2,affected,mild,C3,False,unrelated,False,OK
NA3_LAG10_006_overlay,NA3_LAG10,3.0,10.0,overlay,4,affected,cascade,C5,False,affected,True,OK
NA3_LAG10_006_overlay,NA3_LAG10,3.0,10.0,overlay,5,affected,mild,C4,False,affected,True,OK
NA3_LAG10_006_overlay,NA3_LAG10,3.0,10.0,overlay,6,unrelated,unrelated,,,affected,False,OK
NA3_LAG10_006_subplot,NA3_LAG10,3.0,10.0,subplot,1,unrelated,unrelated,,,affected,False,OK
NA3_LAG10_006_subplot,NA3_LAG10,3.0,10.0,subplot,2,affected,mild,C3,False,affected,True,OK
NA3_LAG10_006_subplot,NA3_LAG10,3.0,10.0,subplot,4,affected,cascade,C5,False,affected,True,OK
NA3_LAG10_006_subplot,NA3_LAG10,3.0,10.0,subplot,5,affected,mild,C4,False,affected,True,OK
NA3_LAG10_006_subplot,NA3_LAG10,3.0,10.0,subplot,6,unrelated,unrelated,,,affected,False,OK
NA3_LAG10_007_overlay,NA3_LAG10,3.0,10.0,overlay,1,affected,mild,C2,True,affected,True,OK
NA3_LAG10_007_overlay,NA3_LAG10,3.0,10.0,overlay,2,unrelated,unrelated,,,affected,False,OK
NA3_LAG10_007_overlay,NA3_LAG10,3.0,10.0,overlay,3,affected,mild,C1,False,affected,True,OK
NA3_LAG10_007_overlay,NA3_LAG10,3.0,10.0,overlay,4,affected,mild,C1,False,affected,True,OK
NA3_LAG10_007_overlay,NA3_LAG10,3.0,10.0,overlay,5,unrelated,unrelated,,,affected,False,OK
NA3_LAG10_007_subplot,NA3_LAG10,3.0,10.0,subplot,1,affected,mild,C2,True,affected,True,OK
NA3_LAG10_007_subplot,NA3_LAG10,3.0,10.0,subplot,2,unrelated,unrelated,,,affected,False,OK
NA3_LAG10_007_subplot,NA3_LAG10,3.0,10.0,subplot,3,affected,mild,C1,False,affected,True,OK
NA3_LAG10_007_subplot,NA3_LAG10,3.0,10.0,subplot,4,affected,mild,C1,False,affected,True,OK
NA3_LAG10_007_subplot,NA3_LAG10,3.0,10.0,subplot,5,unrelated,unrelated,,,affected,False,OK
NA3_LAG10_008_overlay,NA3_LAG10,3.0,10.0,overlay,2,affected,cascade,C3,True,root,False,OK
NA3_LAG10_008_overlay,NA3_LAG10,3.0,10.0,overlay,3,affected,mild,C5,False,affected,True,OK
NA3_LAG10_008_overlay,NA3_LAG10,3.0,10.0,overlay,4,unrelated,unrelated,,,affected,False,OK
NA3_LAG10_008_overlay,NA3_LAG10,3.0,10.0,overlay,5,unrelated,unrelated,,,affected,False,OK
NA3_LAG10_008_overlay,NA3_LAG10,3.0,10.0,overlay,6,affected,mild,C1,False,unrelated,False,OK
NA3_LAG10_008_subplot,NA3_LAG10,3.0,10.0,subplot,2,affected,cascade,C3,True,affected,True,OK
NA3_LAG10_008_subplot,NA3_LAG10,3.0,10.0,subplot,3,affected,mild,C5,False,unrelated,False,OK
NA3_LAG10_008_subplot,NA3_LAG10,3.0,10.0,subplot,4,unrelated,unrelated,,,unrelated,True,OK
NA3_LAG10_008_subplot,NA3_LAG10,3.0,10.0,subplot,5,unrelated,unrelated,,,unrelated,True,OK
NA3_LAG10_008_subplot,NA3_LAG10,3.0,10.0,subplot,6,affected,mild,C1,False,unrelated,False,OK
NA3_LAG10_009_overlay,NA3_LAG10,3.0,10.0,overlay,1,unrelated,unrelated,,,affected,False,OK
NA3_LAG10_009_overlay,NA3_LAG10,3.0,10.0,overlay,3,affected,cascade,C1,False,root,False,OK
NA3_LAG10_009_overlay,NA3_LAG10,3.0,10.0,overlay,4,unrelated,unrelated,,,affected,False,OK
NA3_LAG10_009_overlay,NA3_LAG10,3.0,10.0,overlay,5,affected,cascade,C2,False,unrelated,False,OK
NA3_LAG10_009_overlay,NA3_LAG10,3.0,10.0,overlay,6,affected,mild,C3,True,affected,True,OK
NA3_LAG10_009_subplot,NA3_LAG10,3.0,10.0,subplot,1,unrelated,unrelated,,,unrelated,True,OK
NA3_LAG10_009_subplot,NA3_LAG10,3.0,10.0,subplot,3,affected,cascade,C1,False,affected,True,OK
NA3_LAG10_009_subplot,NA3_LAG10,3.0,10.0,subplot,4,unrelated,unrelated,,,affected,False,OK
NA3_LAG10_009_subplot,NA3_LAG10,3.0,10.0,subplot,5,affected,cascade,C2,False,root,False,OK
NA3_LAG10_009_subplot,NA3_LAG10,3.0,10.0,subplot,6,affected,mild,C3,True,unrelated,False,OK
NA3_LAG10_010_overlay,NA3_LAG10,3.0,10.0,overlay,1,unrelated,unrelated,,,affected,False,OK
NA3_LAG10_010_overlay,NA3_LAG10,3.0,10.0,overlay,3,affected,cascade,C4,True,affected,True,OK
NA3_LAG10_010_overlay,NA3_LAG10,3.0,10.0,overlay,4,affected,mild,C3,False,unrelated,False,OK
NA3_LAG10_010_overlay,NA3_LAG10,3.0,10.0,overlay,5,unrelated,unrelated,,,affected,False,OK
NA3_LAG10_010_overlay,NA3_LAG10,3.0,10.0,overlay,6,affected,cascade,C1,False,root,False,OK
NA3_LAG10_010_subplot,NA3_LAG10,3.0,10.0,subplot,1,unrelated,unrelated,,,unrelated,True,OK
NA3_LAG10_010_subplot,NA3_LAG10,3.0,10.0,subplot,3,affected,cascade,C4,True,affected,True,OK
NA3_LAG10_010_subplot,NA3_LAG10,3.0,10.0,subplot,4,affected,mild,C3,False,root,False,OK
NA3_LAG10_010_subplot,NA3_LAG10,3.0,10.0,subplot,5,unrelated,unrelated,,,unrelated,True,OK
NA3_LAG10_010_subplot,NA3_LAG10,3.0,10.0,subplot,6,affected,cascade,C1,False,unrelated,False,OK
NA3_LAG10_011_overlay,NA3_LAG10,3.0,10.0,overlay,1,affected,cascade,C3,False,affected,True,OK
NA3_LAG10_011_overlay,NA3_LAG10,3.0,10.0,overlay,2,unrelated,unrelated,,,unrelated,True,OK
NA3_LAG10_011_overlay,NA3_LAG10,3.0,10.0,overlay,3,affected,mild,C4,True,affected,True,OK
NA3_LAG10_011_overlay,NA3_LAG10,3.0,10.0,overlay,4,affected,cascade,C4,True,affected,True,OK
NA3_LAG10_011_overlay,NA3_LAG10,3.0,10.0,overlay,5,unrelated,unrelated,,,affected,False,OK
NA3_LAG10_011_subplot,NA3_LAG10,3.0,10.0,subplot,1,affected,cascade,C3,False,root,False,OK
NA3_LAG10_011_subplot,NA3_LAG10,3.0,10.0,subplot,2,unrelated,unrelated,,,unrelated,True,OK
NA3_LAG10_011_subplot,NA3_LAG10,3.0,10.0,subplot,3,affected,mild,C4,True,affected,True,OK
NA3_LAG10_011_subplot,NA3_LAG10,3.0,10.0,subplot,4,affected,cascade,C4,True,affected,True,OK
NA3_LAG10_011_subplot,NA3_LAG10,3.0,10.0,subplot,5,unrelated,unrelated,,,unrelated,True,OK
NA3_LAG10_012_overlay,NA3_LAG10,3.0,10.0,overlay,1,unrelated,unrelated,,,unrelated,True,OK
NA3_LAG10_012_overlay,NA3_LAG10,3.0,10.0,overlay,2,unrelated,unrelated,,,unrelated,True,OK
NA3_LAG10_012_overlay,NA3_LAG10,3.0,10.0,overlay,4,affected,mild,C2,False,unrelated,False,OK
NA3_LAG10_012_overlay,NA3_LAG10,3.0,10.0,overlay,5,affected,mild,C4,True,affected,True,OK
NA3_LAG10_012_overlay,NA3_LAG10,3.0,10.0,overlay,6,affected,mild,C1,False,affected,True,OK
NA3_LAG10_012_subplot,NA3_LAG10,3.0,10.0,subplot,1,unrelated,unrelated,,,unrelated,True,OK
NA3_LAG10_012_subplot,NA3_LAG10,3.0,10.0,subplot,2,unrelated,unrelated,,,unrelated,True,OK
NA3_LAG10_012_subplot,NA3_LAG10,3.0,10.0,subplot,4,affected,mild,C2,False,unrelated,False,OK
NA3_LAG10_012_subplot,NA3_LAG10,3.0,10.0,subplot,5,affected,mild,C4,True,unrelated,False,OK
NA3_LAG10_012_subplot,NA3_LAG10,3.0,10.0,subplot,6,affected,mild,C1,False,unrelated,False,OK
NA3_LAG10_013_overlay,NA3_LAG10,3.0,10.0,overlay,1,affected,cascade,C4,False,root,False,OK
NA3_LAG10_013_overlay,NA3_LAG10,3.0,10.0,overlay,2,unrelated,unrelated,,,affected,False,OK
NA3_LAG10_013_overlay,NA3_LAG10,3.0,10.0,overlay,4,affected,cascade,C3,False,affected,True,OK
NA3_LAG10_013_overlay,NA3_LAG10,3.0,10.0,overlay,5,affected,cascade,C5,True,affected,True,OK
NA3_LAG10_013_overlay,NA3_LAG10,3.0,10.0,overlay,6,unrelated,unrelated,,,affected,False,OK
NA3_LAG10_013_subplot,NA3_LAG10,3.0,10.0,subplot,1,affected,cascade,C4,False,unrelated,False,OK
NA3_LAG10_013_subplot,NA3_LAG10,3.0,10.0,subplot,2,unrelated,unrelated,,,unrelated,True,OK
NA3_LAG10_013_subplot,NA3_LAG10,3.0,10.0,subplot,4,affected,cascade,C3,False,affected,True,OK
NA3_LAG10_013_subplot,NA3_LAG10,3.0,10.0,subplot,5,affected,cascade,C5,True,unrelated,False,OK
NA3_LAG10_013_subplot,NA3_LAG10,3.0,10.0,subplot,6,unrelated,unrelated,,,unrelated,True,OK
NA3_LAG10_014_overlay,NA3_LAG10,3.0,10.0,overlay,1,unrelated,unrelated,,,unrelated,True,OK
NA3_LAG10_014_overlay,NA3_LAG10,3.0,10.0,overlay,2,affected,cascade,C4,True,unrelated,False,OK
NA3_LAG10_014_overlay,NA3_LAG10,3.0,10.0,overlay,3,unrelated,unrelated,,,unrelated,True,OK
NA3_LAG10_014_overlay,NA3_LAG10,3.0,10.0,overlay,5,affected,mild,C5,False,affected,True,OK
NA3_LAG10_014_overlay,NA3_LAG10,3.0,10.0,overlay,6,affected,mild,C3,False,root,False,OK
NA3_LAG10_014_subplot,NA3_LAG10,3.0,10.0,subplot,1,unrelated,unrelated,,,unrelated,True,OK
NA3_LAG10_014_subplot,NA3_LAG10,3.0,10.0,subplot,2,affected,cascade,C4,True,affected,True,OK
NA3_LAG10_014_subplot,NA3_LAG10,3.0,10.0,subplot,3,unrelated,unrelated,,,unrelated,True,OK
NA3_LAG10_014_subplot,NA3_LAG10,3.0,10.0,subplot,5,affected,mild,C5,False,affected,True,OK
NA3_LAG10_014_subplot,NA3_LAG10,3.0,10.0,subplot,6,affected,mild,C3,False,unrelated,False,OK
NA3_LAG10_015_overlay,NA3_LAG10,3.0,10.0,overlay,2,affected,mild,C5,True,affected,True,OK
NA3_LAG10_015_overlay,NA3_LAG10,3.0,10.0,overlay,3,affected,mild,C2,False,root,False,OK
NA3_LAG10_015_overlay,NA3_LAG10,3.0,10.0,overlay,4,unrelated,unrelated,,,affected,False,OK
NA3_LAG10_015_overlay,NA3_LAG10,3.0,10.0,overlay,5,affected,mild,C5,True,affected,True,OK
NA3_LAG10_015_overlay,NA3_LAG10,3.0,10.0,overlay,6,unrelated,unrelated,,,affected,False,OK
NA3_LAG10_015_subplot,NA3_LAG10,3.0,10.0,subplot,2,affected,mild,C5,True,unrelated,False,OK
NA3_LAG10_015_subplot,NA3_LAG10,3.0,10.0,subplot,3,affected,mild,C2,False,unrelated,False,OK
NA3_LAG10_015_subplot,NA3_LAG10,3.0,10.0,subplot,4,unrelated,unrelated,,,unrelated,True,OK
NA3_LAG10_015_subplot,NA3_LAG10,3.0,10.0,subplot,5,affected,mild,C5,True,unrelated,False,OK
NA3_LAG10_015_subplot,NA3_LAG10,3.0,10.0,subplot,6,unrelated,unrelated,,,unrelated,True,OK
NA3_LAG10_016_overlay,NA3_LAG10,3.0,10.0,overlay,2,unrelated,unrelated,,,unrelated,True,OK
NA3_LAG10_016_overlay,NA3_LAG10,3.0,10.0,overlay,3,affected,cascade,C2,True,root,False,OK
NA3_LAG10_016_overlay,NA3_LAG10,3.0,10.0,overlay,4,affected,mild,C2,True,affected,True,OK
NA3_LAG10_016_overlay,NA3_LAG10,3.0,10.0,overlay,5,unrelated,unrelated,,,affected,False,OK
NA3_LAG10_016_overlay,NA3_LAG10,3.0,10.0,overlay,6,affected,cascade,C2,True,affected,True,OK
NA3_LAG10_016_subplot,NA3_LAG10,3.0,10.0,subplot,2,unrelated,unrelated,,,unrelated,True,OK
NA3_LAG10_016_subplot,NA3_LAG10,3.0,10.0,subplot,3,affected,cascade,C2,True,affected,True,OK
NA3_LAG10_016_subplot,NA3_LAG10,3.0,10.0,subplot,4,affected,mild,C2,True,affected,True,OK
NA3_LAG10_016_subplot,NA3_LAG10,3.0,10.0,subplot,5,unrelated,unrelated,,,affected,False,OK
NA3_LAG10_016_subplot,NA3_LAG10,3.0,10.0,subplot,6,affected,cascade,C2,True,unrelated,False,OK
NA3_LAG10_017_overlay,NA3_LAG10,3.0,10.0,overlay,1,affected,mild,C4,False,affected,True,OK
NA3_LAG10_017_overlay,NA3_LAG10,3.0,10.0,overlay,2,affected,mild,C5,False,affected,True,OK
NA3_LAG10_017_overlay,NA3_LAG10,3.0,10.0,overlay,3,affected,cascade,C1,False,root,False,OK
NA3_LAG10_017_overlay,NA3_LAG10,3.0,10.0,overlay,4,unrelated,unrelated,,,affected,False,OK
NA3_LAG10_017_overlay,NA3_LAG10,3.0,10.0,overlay,6,unrelated,unrelated,,,affected,False,OK
NA3_LAG10_017_subplot,NA3_LAG10,3.0,10.0,subplot,1,affected,mild,C4,False,affected,True,OK
NA3_LAG10_017_subplot,NA3_LAG10,3.0,10.0,subplot,2,affected,mild,C5,False,affected,True,OK
NA3_LAG10_017_subplot,NA3_LAG10,3.0,10.0,subplot,3,affected,cascade,C1,False,root,False,OK
NA3_LAG10_017_subplot,NA3_LAG10,3.0,10.0,subplot,4,unrelated,unrelated,,,affected,False,OK
NA3_LAG10_017_subplot,NA3_LAG10,3.0,10.0,subplot,6,unrelated,unrelated,,,affected,False,OK
NA3_LAG10_018_overlay,NA3_LAG10,3.0,10.0,overlay,1,unrelated,unrelated,,,affected,False,OK
NA3_LAG10_018_overlay,NA3_LAG10,3.0,10.0,overlay,3,affected,cascade,C1,True,affected,True,OK
NA3_LAG10_018_overlay,NA3_LAG10,3.0,10.0,overlay,4,affected,mild,C3,False,root,False,OK
NA3_LAG10_018_overlay,NA3_LAG10,3.0,10.0,overlay,5,affected,mild,C1,True,affected,True,OK
NA3_LAG10_018_overlay,NA3_LAG10,3.0,10.0,overlay,6,unrelated,unrelated,,,affected,False,OK
NA3_LAG10_018_subplot,NA3_LAG10,3.0,10.0,subplot,1,unrelated,unrelated,,,unrelated,True,OK
NA3_LAG10_018_subplot,NA3_LAG10,3.0,10.0,subplot,3,affected,cascade,C1,True,root,False,OK
NA3_LAG10_018_subplot,NA3_LAG10,3.0,10.0,subplot,4,affected,mild,C3,False,affected,True,OK
NA3_LAG10_018_subplot,NA3_LAG10,3.0,10.0,subplot,5,affected,mild,C1,True,affected,True,OK
NA3_LAG10_018_subplot,NA3_LAG10,3.0,10.0,subplot,6,unrelated,unrelated,,,unrelated,True,OK
NA3_LAG10_019_overlay,NA3_LAG10,3.0,10.0,overlay,1,affected,cascade,C2,True,unrelated,False,OK
NA3_LAG10_019_overlay,NA3_LAG10,3.0,10.0,overlay,3,unrelated,unrelated,,,affected,False,OK
NA3_LAG10_019_overlay,NA3_LAG10,3.0,10.0,overlay,4,affected,cascade,C5,False,root,False,OK
NA3_LAG10_019_overlay,NA3_LAG10,3.0,10.0,overlay,5,unrelated,unrelated,,,affected,False,OK
NA3_LAG10_019_overlay,NA3_LAG10,3.0,10.0,overlay,6,affected,mild,C3,False,affected,True,OK
NA3_LAG10_019_subplot,NA3_LAG10,3.0,10.0,subplot,1,affected,cascade,C2,True,unrelated,False,OK
NA3_LAG10_019_subplot,NA3_LAG10,3.0,10.0,subplot,3,unrelated,unrelated,,,unrelated,True,OK
NA3_LAG10_019_subplot,NA3_LAG10,3.0,10.0,subplot,4,affected,cascade,C5,False,unrelated,False,OK
NA3_LAG10_019_subplot,NA3_LAG10,3.0,10.0,subplot,5,unrelated,unrelated,,,unrelated,True,OK
NA3_LAG10_019_subplot,NA3_LAG10,3.0,10.0,subplot,6,affected,mild,C3,False,unrelated,False,OK
NA3_LAG10_020_overlay,NA3_LAG10,3.0,10.0,overlay,1,affected,mild,C2,False,affected,True,OK
NA3_LAG10_020_overlay,NA3_LAG10,3.0,10.0,overlay,3,affected,cascade,C2,False,root,False,OK
NA3_LAG10_020_overlay,NA3_LAG10,3.0,10.0,overlay,4,unrelated,unrelated,,,affected,False,OK
NA3_LAG10_020_overlay,NA3_LAG10,3.0,10.0,overlay,5,unrelated,unrelated,,,affected,False,OK
NA3_LAG10_020_overlay,NA3_LAG10,3.0,10.0,overlay,6,affected,mild,C3,True,affected,True,OK
NA3_LAG10_020_subplot,NA3_LAG10,3.0,10.0,subplot,1,affected,mild,C2,False,affected,True,OK
NA3_LAG10_020_subplot,NA3_LAG10,3.0,10.0,subplot,3,affected,cascade,C2,False,root,False,OK
NA3_LAG10_020_subplot,NA3_LAG10,3.0,10.0,subplot,4,unrelated,unrelated,,,unrelated,True,OK
NA3_LAG10_020_subplot,NA3_LAG10,3.0,10.0,subplot,5,unrelated,unrelated,,,affected,False,OK
NA3_LAG10_020_subplot,NA3_LAG10,3.0,10.0,subplot,6,affected,mild,C3,True,unrelated,False,OK
NA3_LAG10_021_overlay,NA3_LAG10,3.0,10.0,overlay,1,affected,mild,C2,False,affected,True,OK
NA3_LAG10_021_overlay,NA3_LAG10,3.0,10.0,overlay,2,unrelated,unrelated,,,affected,False,OK
NA3_LAG10_021_overlay,NA3_LAG10,3.0,10.0,overlay,3,unrelated,unrelated,,,affected,False,OK
NA3_LAG10_021_overlay,NA3_LAG10,3.0,10.0,overlay,5,affected,mild,C1,True,affected,True,OK
NA3_LAG10_021_overlay,NA3_LAG10,3.0,10.0,overlay,6,affected,cascade,C1,True,root,False,OK
NA3_LAG10_021_subplot,NA3_LAG10,3.0,10.0,subplot,1,affected,mild,C2,False,unrelated,False,OK
NA3_LAG10_021_subplot,NA3_LAG10,3.0,10.0,subplot,2,unrelated,unrelated,,,unrelated,True,OK
NA3_LAG10_021_subplot,NA3_LAG10,3.0,10.0,subplot,3,unrelated,unrelated,,,unrelated,True,OK
NA3_LAG10_021_subplot,NA3_LAG10,3.0,10.0,subplot,5,affected,mild,C1,True,unrelated,False,OK
NA3_LAG10_021_subplot,NA3_LAG10,3.0,10.0,subplot,6,affected,cascade,C1,True,unrelated,False,OK
NA3_LAG10_022_overlay,NA3_LAG10,3.0,10.0,overlay,1,affected,mild,C1,False,affected,True,OK
NA3_LAG10_022_overlay,NA3_LAG10,3.0,10.0,overlay,3,unrelated,unrelated,,,affected,False,OK
NA3_LAG10_022_overlay,NA3_LAG10,3.0,10.0,overlay,4,affected,mild,C3,True,root,False,OK
NA3_LAG10_022_overlay,NA3_LAG10,3.0,10.0,overlay,5,affected,cascade,C1,False,affected,True,OK
NA3_LAG10_022_overlay,NA3_LAG10,3.0,10.0,overlay,6,unrelated,unrelated,,,unrelated,True,OK
NA3_LAG10_022_subplot,NA3_LAG10,3.0,10.0,subplot,1,affected,mild,C1,False,affected,True,OK
NA3_LAG10_022_subplot,NA3_LAG10,3.0,10.0,subplot,3,unrelated,unrelated,,,affected,False,OK
NA3_LAG10_022_subplot,NA3_LAG10,3.0,10.0,subplot,4,affected,mild,C3,True,affected,True,OK
NA3_LAG10_022_subplot,NA3_LAG10,3.0,10.0,subplot,5,affected,cascade,C1,False,root,False,OK
NA3_LAG10_022_subplot,NA3_LAG10,3.0,10.0,subplot,6,unrelated,unrelated,,,affected,False,OK
NA3_LAG10_023_overlay,NA3_LAG10,3.0,10.0,overlay,1,affected,mild,C1,False,affected,True,OK
NA3_LAG10_023_overlay,NA3_LAG10,3.0,10.0,overlay,2,affected,cascade,C3,False,affected,True,OK
NA3_LAG10_023_overlay,NA3_LAG10,3.0,10.0,overlay,3,affected,mild,C4,False,affected,True,OK
NA3_LAG10_023_overlay,NA3_LAG10,3.0,10.0,overlay,5,unrelated,unrelated,,,affected,False,OK
NA3_LAG10_023_overlay,NA3_LAG10,3.0,10.0,overlay,6,unrelated,unrelated,,,affected,False,OK
NA3_LAG10_023_subplot,NA3_LAG10,3.0,10.0,subplot,1,affected,mild,C1,False,unrelated,False,OK
NA3_LAG10_023_subplot,NA3_LAG10,3.0,10.0,subplot,2,affected,cascade,C3,False,root,False,OK
NA3_LAG10_023_subplot,NA3_LAG10,3.0,10.0,subplot,3,affected,mild,C4,False,affected,True,OK
NA3_LAG10_023_subplot,NA3_LAG10,3.0,10.0,subplot,5,unrelated,unrelated,,,unrelated,True,OK
NA3_LAG10_023_subplot,NA3_LAG10,3.0,10.0,subplot,6,unrelated,unrelated,,,unrelated,True,OK
NA3_LAG10_024_overlay,NA3_LAG10,3.0,10.0,overlay,2,affected,mild,C2,True,unlabeled,False,PARSE_ERROR
NA3_LAG10_024_overlay,NA3_LAG10,3.0,10.0,overlay,3,affected,mild,C5,False,unlabeled,False,PARSE_ERROR
NA3_LAG10_024_overlay,NA3_LAG10,3.0,10.0,overlay,4,unrelated,unrelated,,,unlabeled,False,PARSE_ERROR
NA3_LAG10_024_overlay,NA3_LAG10,3.0,10.0,overlay,5,unrelated,unrelated,,,unlabeled,False,PARSE_ERROR
NA3_LAG10_024_overlay,NA3_LAG10,3.0,10.0,overlay,6,affected,mild,C4,False,unlabeled,False,PARSE_ERROR
NA3_LAG10_024_subplot,NA3_LAG10,3.0,10.0,subplot,2,affected,mild,C2,True,affected,True,OK
NA3_LAG10_024_subplot,NA3_LAG10,3.0,10.0,subplot,3,affected,mild,C5,False,unrelated,False,OK
NA3_LAG10_024_subplot,NA3_LAG10,3.0,10.0,subplot,4,unrelated,unrelated,,,affected,False,OK
NA3_LAG10_024_subplot,NA3_LAG10,3.0,10.0,subplot,5,unrelated,unrelated,,,affected,False,OK
NA3_LAG10_024_subplot,NA3_LAG10,3.0,10.0,subplot,6,affected,mild,C4,False,affected,True,OK
NA3_LAG10_025_overlay,NA3_LAG10,3.0,10.0,overlay,1,unrelated,unrelated,,,affected,False,OK
NA3_LAG10_025_overlay,NA3_LAG10,3.0,10.0,overlay,2,affected,cascade,C2,True,unrelated,False,OK
NA3_LAG10_025_overlay,NA3_LAG10,3.0,10.0,overlay,3,affected,mild,C1,False,root,False,OK
NA3_LAG10_025_overlay,NA3_LAG10,3.0,10.0,overlay,5,unrelated,unrelated,,,affected,False,OK
NA3_LAG10_025_overlay,NA3_LAG10,3.0,10.0,overlay,6,affected,cascade,C2,True,unrelated,False,OK
NA3_LAG10_025_subplot,NA3_LAG10,3.0,10.0,subplot,1,unrelated,unrelated,,,affected,False,OK
NA3_LAG10_025_subplot,NA3_LAG10,3.0,10.0,subplot,2,affected,cascade,C2,True,root,False,OK
NA3_LAG10_025_subplot,NA3_LAG10,3.0,10.0,subplot,3,affected,mild,C1,False,unrelated,False,OK
NA3_LAG10_025_subplot,NA3_LAG10,3.0,10.0,subplot,5,unrelated,unrelated,,,unrelated,True,OK
NA3_LAG10_025_subplot,NA3_LAG10,3.0,10.0,subplot,6,affected,cascade,C2,True,affected,True,OK
NA3_LAG10_026_overlay,NA3_LAG10,3.0,10.0,overlay,1,unrelated,unrelated,,,affected,False,OK
NA3_LAG10_026_overlay,NA3_LAG10,3.0,10.0,overlay,2,affected,cascade,C5,False,affected,True,OK
NA3_LAG10_026_overlay,NA3_LAG10,3.0,10.0,overlay,3,unrelated,unrelated,,,affected,False,OK
NA3_LAG10_026_overlay,NA3_LAG10,3.0,10.0,overlay,4,affected,mild,C2,True,root,False,OK
NA3_LAG10_026_overlay,NA3_LAG10,3.0,10.0,overlay,5,affected,cascade,C5,False,affected,True,OK
NA3_LAG10_026_subplot,NA3_LAG10,3.0,10.0,subplot,1,unrelated,unrelated,,,affected,False,OK
NA3_LAG10_026_subplot,NA3_LAG10,3.0,10.0,subplot,2,affected,cascade,C5,False,affected,True,OK
NA3_LAG10_026_subplot,NA3_LAG10,3.0,10.0,subplot,3,unrelated,unrelated,,,unrelated,True,OK
NA3_LAG10_026_subplot,NA3_LAG10,3.0,10.0,subplot,4,affected,mild,C2,True,affected,True,OK
NA3_LAG10_026_subplot,NA3_LAG10,3.0,10.0,subplot,5,affected,cascade,C5,False,unrelated,False,OK
NA3_LAG10_027_overlay,NA3_LAG10,3.0,10.0,overlay,1,unrelated,unrelated,,,unrelated,True,OK
NA3_LAG10_027_overlay,NA3_LAG10,3.0,10.0,overlay,3,affected,cascade,C5,False,affected,True,OK
NA3_LAG10_027_overlay,NA3_LAG10,3.0,10.0,overlay,4,unrelated,unrelated,,,unrelated,True,OK
NA3_LAG10_027_overlay,NA3_LAG10,3.0,10.0,overlay,5,affected,mild,C4,False,affected,True,OK
NA3_LAG10_027_overlay,NA3_LAG10,3.0,10.0,overlay,6,affected,cascade,C1,True,affected,True,OK
NA3_LAG10_027_subplot,NA3_LAG10,3.0,10.0,subplot,1,unrelated,unrelated,,,affected,False,OK
NA3_LAG10_027_subplot,NA3_LAG10,3.0,10.0,subplot,3,affected,cascade,C5,False,unrelated,False,OK
NA3_LAG10_027_subplot,NA3_LAG10,3.0,10.0,subplot,4,unrelated,unrelated,,,root,False,OK
NA3_LAG10_027_subplot,NA3_LAG10,3.0,10.0,subplot,5,affected,mild,C4,False,affected,True,OK
NA3_LAG10_027_subplot,NA3_LAG10,3.0,10.0,subplot,6,affected,cascade,C1,True,unrelated,False,OK
NA3_LAG10_028_overlay,NA3_LAG10,3.0,10.0,overlay,1,unrelated,unrelated,,,affected,False,OK
NA3_LAG10_028_overlay,NA3_LAG10,3.0,10.0,overlay,2,affected,cascade,C2,False,root,False,OK
NA3_LAG10_028_overlay,NA3_LAG10,3.0,10.0,overlay,3,affected,mild,C1,False,affected,True,OK
NA3_LAG10_028_overlay,NA3_LAG10,3.0,10.0,overlay,4,unrelated,unrelated,,,affected,False,OK
NA3_LAG10_028_overlay,NA3_LAG10,3.0,10.0,overlay,5,affected,cascade,C3,True,affected,True,OK
NA3_LAG10_028_subplot,NA3_LAG10,3.0,10.0,subplot,1,unrelated,unrelated,,,unrelated,True,OK
NA3_LAG10_028_subplot,NA3_LAG10,3.0,10.0,subplot,2,affected,cascade,C2,False,unrelated,False,OK
NA3_LAG10_028_subplot,NA3_LAG10,3.0,10.0,subplot,3,affected,mild,C1,False,unrelated,False,OK
NA3_LAG10_028_subplot,NA3_LAG10,3.0,10.0,subplot,4,unrelated,unrelated,,,unrelated,True,OK
NA3_LAG10_028_subplot,NA3_LAG10,3.0,10.0,subplot,5,affected,cascade,C3,True,affected,True,OK
NA3_LAG10_029_overlay,NA3_LAG10,3.0,10.0,overlay,1,unrelated,unrelated,,,unrelated,True,OK
NA3_LAG10_029_overlay,NA3_LAG10,3.0,10.0,overlay,2,affected,cascade,C3,True,unrelated,False,OK
NA3_LAG10_029_overlay,NA3_LAG10,3.0,10.0,overlay,3,affected,mild,C4,False,unrelated,False,OK
NA3_LAG10_029_overlay,NA3_LAG10,3.0,10.0,overlay,4,affected,cascade,C3,True,root,False,OK
NA3_LAG10_029_overlay,NA3_LAG10,3.0,10.0,overlay,6,unrelated,unrelated,,,unrelated,True,OK
NA3_LAG10_029_subplot,NA3_LAG10,3.0,10.0,subplot,1,unrelated,unrelated,,,unrelated,True,OK
NA3_LAG10_029_subplot,NA3_LAG10,3.0,10.0,subplot,2,affected,cascade,C3,True,root,False,OK
NA3_LAG10_029_subplot,NA3_LAG10,3.0,10.0,subplot,3,affected,mild,C4,False,unrelated,False,OK
NA3_LAG10_029_subplot,NA3_LAG10,3.0,10.0,subplot,4,affected,cascade,C3,True,affected,True,OK
NA3_LAG10_029_subplot,NA3_LAG10,3.0,10.0,subplot,6,unrelated,unrelated,,,unrelated,True,OK
NA3_LAG50_000_overlay,NA3_LAG50,3.0,50.0,overlay,1,affected,mild,C5,True,affected,True,OK
NA3_LAG50_000_overlay,NA3_LAG50,3.0,50.0,overlay,3,unrelated,unrelated,,,affected,False,OK
NA3_LAG50_000_overlay,NA3_LAG50,3.0,50.0,overlay,4,affected,cascade,C3,False,affected,True,OK
NA3_LAG50_000_overlay,NA3_LAG50,3.0,50.0,overlay,5,affected,cascade,C1,False,root,False,OK
NA3_LAG50_000_overlay,NA3_LAG50,3.0,50.0,overlay,6,unrelated,unrelated,,,unrelated,True,OK
NA3_LAG50_000_subplot,NA3_LAG50,3.0,50.0,subplot,1,affected,mild,C5,True,affected,True,OK
NA3_LAG50_000_subplot,NA3_LAG50,3.0,50.0,subplot,3,unrelated,unrelated,,,affected,False,OK
NA3_LAG50_000_subplot,NA3_LAG50,3.0,50.0,subplot,4,affected,cascade,C3,False,affected,True,OK
NA3_LAG50_000_subplot,NA3_LAG50,3.0,50.0,subplot,5,affected,cascade,C1,False,root,False,OK
NA3_LAG50_000_subplot,NA3_LAG50,3.0,50.0,subplot,6,unrelated,unrelated,,,affected,False,OK
NA3_LAG50_001_overlay,NA3_LAG50,3.0,50.0,overlay,2,affected,cascade,C5,False,affected,True,OK
NA3_LAG50_001_overlay,NA3_LAG50,3.0,50.0,overlay,3,affected,cascade,C4,True,affected,True,OK
NA3_LAG50_001_overlay,NA3_LAG50,3.0,50.0,overlay,4,affected,mild,C4,True,affected,True,OK
NA3_LAG50_001_overlay,NA3_LAG50,3.0,50.0,overlay,5,unrelated,unrelated,,,affected,False,OK
NA3_LAG50_001_overlay,NA3_LAG50,3.0,50.0,overlay,6,unrelated,unrelated,,,affected,False,OK
NA3_LAG50_001_subplot,NA3_LAG50,3.0,50.0,subplot,2,affected,cascade,C5,False,unrelated,False,OK
NA3_LAG50_001_subplot,NA3_LAG50,3.0,50.0,subplot,3,affected,cascade,C4,True,unrelated,False,OK
NA3_LAG50_001_subplot,NA3_LAG50,3.0,50.0,subplot,4,affected,mild,C4,True,unrelated,False,OK
NA3_LAG50_001_subplot,NA3_LAG50,3.0,50.0,subplot,5,unrelated,unrelated,,,unrelated,True,OK
NA3_LAG50_001_subplot,NA3_LAG50,3.0,50.0,subplot,6,unrelated,unrelated,,,unrelated,True,OK
NA3_LAG50_002_overlay,NA3_LAG50,3.0,50.0,overlay,1,affected,cascade,C1,False,unrelated,False,OK
NA3_LAG50_002_overlay,NA3_LAG50,3.0,50.0,overlay,3,unrelated,unrelated,,,unrelated,True,OK
NA3_LAG50_002_overlay,NA3_LAG50,3.0,50.0,overlay,4,affected,cascade,C2,True,unrelated,False,OK
NA3_LAG50_002_overlay,NA3_LAG50,3.0,50.0,overlay,5,affected,cascade,C2,True,unrelated,False,OK
NA3_LAG50_002_overlay,NA3_LAG50,3.0,50.0,overlay,6,unrelated,unrelated,,,unrelated,True,OK
NA3_LAG50_002_subplot,NA3_LAG50,3.0,50.0,subplot,1,affected,cascade,C1,False,unrelated,False,OK
NA3_LAG50_002_subplot,NA3_LAG50,3.0,50.0,subplot,3,unrelated,unrelated,,,unrelated,True,OK
NA3_LAG50_002_subplot,NA3_LAG50,3.0,50.0,subplot,4,affected,cascade,C2,True,affected,True,OK
NA3_LAG50_002_subplot,NA3_LAG50,3.0,50.0,subplot,5,affected,cascade,C2,True,affected,True,OK
NA3_LAG50_002_subplot,NA3_LAG50,3.0,50.0,subplot,6,unrelated,unrelated,,,unrelated,True,OK
NA3_LAG50_003_overlay,NA3_LAG50,3.0,50.0,overlay,1,affected,mild,C3,True,affected,True,OK
NA3_LAG50_003_overlay,NA3_LAG50,3.0,50.0,overlay,3,affected,cascade,C3,True,unrelated,False,OK
NA3_LAG50_003_overlay,NA3_LAG50,3.0,50.0,overlay,4,unrelated,unrelated,,,affected,False,OK
NA3_LAG50_003_overlay,NA3_LAG50,3.0,50.0,overlay,5,affected,mild,C3,True,root,False,OK
NA3_LAG50_003_overlay,NA3_LAG50,3.0,50.0,overlay,6,unrelated,unrelated,,,affected,False,OK
NA3_LAG50_003_subplot,NA3_LAG50,3.0,50.0,subplot,1,affected,mild,C3,True,affected,True,OK
NA3_LAG50_003_subplot,NA3_LAG50,3.0,50.0,subplot,3,affected,cascade,C3,True,unrelated,False,OK
NA3_LAG50_003_subplot,NA3_LAG50,3.0,50.0,subplot,4,unrelated,unrelated,,,root,False,OK
NA3_LAG50_003_subplot,NA3_LAG50,3.0,50.0,subplot,5,affected,mild,C3,True,affected,True,OK
NA3_LAG50_003_subplot,NA3_LAG50,3.0,50.0,subplot,6,unrelated,unrelated,,,unrelated,True,OK
NA3_LAG50_004_overlay,NA3_LAG50,3.0,50.0,overlay,2,unrelated,unrelated,,,affected,False,OK
NA3_LAG50_004_overlay,NA3_LAG50,3.0,50.0,overlay,3,affected,cascade,C3,False,affected,True,OK
NA3_LAG50_004_overlay,NA3_LAG50,3.0,50.0,overlay,4,affected,cascade,C2,False,root,False,OK
NA3_LAG50_004_overlay,NA3_LAG50,3.0,50.0,overlay,5,affected,mild,C2,False,affected,True,OK
NA3_LAG50_004_overlay,NA3_LAG50,3.0,50.0,overlay,6,unrelated,unrelated,,,affected,False,OK
NA3_LAG50_004_subplot,NA3_LAG50,3.0,50.0,subplot,2,unrelated,unrelated,,,affected,False,OK
NA3_LAG50_004_subplot,NA3_LAG50,3.0,50.0,subplot,3,affected,cascade,C3,False,affected,True,OK
NA3_LAG50_004_subplot,NA3_LAG50,3.0,50.0,subplot,4,affected,cascade,C2,False,root,False,OK
NA3_LAG50_004_subplot,NA3_LAG50,3.0,50.0,subplot,5,affected,mild,C2,False,affected,True,OK
NA3_LAG50_004_subplot,NA3_LAG50,3.0,50.0,subplot,6,unrelated,unrelated,,,unrelated,True,OK
NA3_LAG50_005_overlay,NA3_LAG50,3.0,50.0,overlay,1,unrelated,unrelated,,,affected,False,OK
NA3_LAG50_005_overlay,NA3_LAG50,3.0,50.0,overlay,2,affected,cascade,C1,True,affected,True,OK
NA3_LAG50_005_overlay,NA3_LAG50,3.0,50.0,overlay,3,unrelated,unrelated,,,unrelated,True,OK
NA3_LAG50_005_overlay,NA3_LAG50,3.0,50.0,overlay,4,affected,cascade,C1,True,affected,True,OK
NA3_LAG50_005_overlay,NA3_LAG50,3.0,50.0,overlay,6,affected,mild,C1,True,affected,True,OK
NA3_LAG50_005_subplot,NA3_LAG50,3.0,50.0,subplot,1,unrelated,unrelated,,,unrelated,True,OK
NA3_LAG50_005_subplot,NA3_LAG50,3.0,50.0,subplot,2,affected,cascade,C1,True,unrelated,False,OK
NA3_LAG50_005_subplot,NA3_LAG50,3.0,50.0,subplot,3,unrelated,unrelated,,,unrelated,True,OK
NA3_LAG50_005_subplot,NA3_LAG50,3.0,50.0,subplot,4,affected,cascade,C1,True,unrelated,False,OK
NA3_LAG50_005_subplot,NA3_LAG50,3.0,50.0,subplot,6,affected,mild,C1,True,unrelated,False,OK
NA3_LAG50_006_overlay,NA3_LAG50,3.0,50.0,overlay,1,affected,cascade,C3,False,affected,True,OK
NA3_LAG50_006_overlay,NA3_LAG50,3.0,50.0,overlay,2,unrelated,unrelated,,,affected,False,OK
NA3_LAG50_006_overlay,NA3_LAG50,3.0,50.0,overlay,3,affected,mild,C2,True,affected,True,OK
NA3_LAG50_006_overlay,NA3_LAG50,3.0,50.0,overlay,4,affected,cascade,C1,False,affected,True,OK
NA3_LAG50_006_overlay,NA3_LAG50,3.0,50.0,overlay,5,unrelated,unrelated,,,root,False,OK
NA3_LAG50_006_subplot,NA3_LAG50,3.0,50.0,subplot,1,affected,cascade,C3,False,unrelated,False,OK
NA3_LAG50_006_subplot,NA3_LAG50,3.0,50.0,subplot,2,unrelated,unrelated,,,affected,False,OK
NA3_LAG50_006_subplot,NA3_LAG50,3.0,50.0,subplot,3,affected,mild,C2,True,unrelated,False,OK
NA3_LAG50_006_subplot,NA3_LAG50,3.0,50.0,subplot,4,affected,cascade,C1,False,root,False,OK
NA3_LAG50_006_subplot,NA3_LAG50,3.0,50.0,subplot,5,unrelated,unrelated,,,unrelated,True,OK
NA3_LAG50_007_overlay,NA3_LAG50,3.0,50.0,overlay,1,unrelated,unrelated,,,affected,False,OK
NA3_LAG50_007_overlay,NA3_LAG50,3.0,50.0,overlay,2,unrelated,unrelated,,,affected,False,OK
NA3_LAG50_007_overlay,NA3_LAG50,3.0,50.0,overlay,3,affected,cascade,C2,False,unrelated,False,OK
NA3_LAG50_007_overlay,NA3_LAG50,3.0,50.0,overlay,5,affected,mild,C5,False,affected,True,OK
NA3_LAG50_007_overlay,NA3_LAG50,3.0,50.0,overlay,6,affected,cascade,C1,True,affected,True,OK
NA3_LAG50_007_subplot,NA3_LAG50,3.0,50.0,subplot,1,unrelated,unrelated,,,unrelated,True,OK
NA3_LAG50_007_subplot,NA3_LAG50,3.0,50.0,subplot,2,unrelated,unrelated,,,unrelated,True,OK
NA3_LAG50_007_subplot,NA3_LAG50,3.0,50.0,subplot,3,affected,cascade,C2,False,affected,True,OK
NA3_LAG50_007_subplot,NA3_LAG50,3.0,50.0,subplot,5,affected,mild,C5,False,unrelated,False,OK
NA3_LAG50_007_subplot,NA3_LAG50,3.0,50.0,subplot,6,affected,cascade,C1,True,unrelated,False,OK
NA3_LAG50_008_overlay,NA3_LAG50,3.0,50.0,overlay,1,affected,mild,C4,True,unrelated,False,OK
NA3_LAG50_008_overlay,NA3_LAG50,3.0,50.0,overlay,2,unrelated,unrelated,,,unrelated,True,OK
NA3_LAG50_008_overlay,NA3_LAG50,3.0,50.0,overlay,3,affected,mild,C4,True,unrelated,False,OK
NA3_LAG50_008_overlay,NA3_LAG50,3.0,50.0,overlay,4,affected,mild,C4,True,unrelated,False,OK
NA3_LAG50_008_overlay,NA3_LAG50,3.0,50.0,overlay,5,unrelated,unrelated,,,unrelated,True,OK
NA3_LAG50_008_subplot,NA3_LAG50,3.0,50.0,subplot,1,affected,mild,C4,True,unrelated,False,OK
NA3_LAG50_008_subplot,NA3_LAG50,3.0,50.0,subplot,2,unrelated,unrelated,,,unrelated,True,OK
NA3_LAG50_008_subplot,NA3_LAG50,3.0,50.0,subplot,3,affected,mild,C4,True,unrelated,False,OK
NA3_LAG50_008_subplot,NA3_LAG50,3.0,50.0,subplot,4,affected,mild,C4,True,unrelated,False,OK
NA3_LAG50_008_subplot,NA3_LAG50,3.0,50.0,subplot,5,unrelated,unrelated,,,unrelated,True,OK
NA3_LAG50_009_overlay,NA3_LAG50,3.0,50.0,overlay,1,affected,mild,C3,False,affected,True,OK
NA3_LAG50_009_overlay,NA3_LAG50,3.0,50.0,overlay,2,affected,mild,C2,True,affected,True,OK
NA3_LAG50_009_overlay,NA3_LAG50,3.0,50.0,overlay,3,affected,cascade,C2,True,unrelated,False,OK
NA3_LAG50_009_overlay,NA3_LAG50,3.0,50.0,overlay,5,unrelated,unrelated,,,affected,False,OK
NA3_LAG50_009_overlay,NA3_LAG50,3.0,50.0,overlay,6,unrelated,unrelated,,,affected,False,OK
NA3_LAG50_009_subplot,NA3_LAG50,3.0,50.0,subplot,1,affected,mild,C3,False,unrelated,False,OK
NA3_LAG50_009_subplot,NA3_LAG50,3.0,50.0,subplot,2,affected,mild,C2,True,unrelated,False,OK
NA3_LAG50_009_subplot,NA3_LAG50,3.0,50.0,subplot,3,affected,cascade,C2,True,root,False,OK
NA3_LAG50_009_subplot,NA3_LAG50,3.0,50.0,subplot,5,unrelated,unrelated,,,unrelated,True,OK
NA3_LAG50_009_subplot,NA3_LAG50,3.0,50.0,subplot,6,unrelated,unrelated,,,unrelated,True,OK
NA3_LAG50_010_overlay,NA3_LAG50,3.0,50.0,overlay,2,unrelated,unrelated,,,affected,False,OK
NA3_LAG50_010_overlay,NA3_LAG50,3.0,50.0,overlay,3,unrelated,unrelated,,,affected,False,OK
NA3_LAG50_010_overlay,NA3_LAG50,3.0,50.0,overlay,4,affected,cascade,C2,True,unrelated,False,OK
NA3_LAG50_010_overlay,NA3_LAG50,3.0,50.0,overlay,5,affected,mild,C2,True,affected,True,OK
NA3_LAG50_010_overlay,NA3_LAG50,3.0,50.0,overlay,6,affected,mild,C4,False,affected,True,OK
NA3_LAG50_010_subplot,NA3_LAG50,3.0,50.0,subplot,2,unrelated,unrelated,,,unrelated,True,OK
NA3_LAG50_010_subplot,NA3_LAG50,3.0,50.0,subplot,3,unrelated,unrelated,,,unrelated,True,OK
NA3_LAG50_010_subplot,NA3_LAG50,3.0,50.0,subplot,4,affected,cascade,C2,True,affected,True,OK
NA3_LAG50_010_subplot,NA3_LAG50,3.0,50.0,subplot,5,affected,mild,C2,True,unrelated,False,OK
NA3_LAG50_010_subplot,NA3_LAG50,3.0,50.0,subplot,6,affected,mild,C4,False,unrelated,False,OK
NA3_LAG50_011_overlay,NA3_LAG50,3.0,50.0,overlay,1,unrelated,unrelated,,,affected,False,OK
NA3_LAG50_011_overlay,NA3_LAG50,3.0,50.0,overlay,2,affected,cascade,C2,True,unrelated,False,OK
NA3_LAG50_011_overlay,NA3_LAG50,3.0,50.0,overlay,3,affected,mild,C2,True,affected,True,OK
NA3_LAG50_011_overlay,NA3_LAG50,3.0,50.0,overlay,4,affected,cascade,C3,False,root,False,OK
NA3_LAG50_011_overlay,NA3_LAG50,3.0,50.0,overlay,6,unrelated,unrelated,,,unrelated,True,OK
NA3_LAG50_011_subplot,NA3_LAG50,3.0,50.0,subplot,1,unrelated,unrelated,,,unrelated,True,OK
NA3_LAG50_011_subplot,NA3_LAG50,3.0,50.0,subplot,2,affected,cascade,C2,True,affected,True,OK
NA3_LAG50_011_subplot,NA3_LAG50,3.0,50.0,subplot,3,affected,mild,C2,True,affected,True,OK
NA3_LAG50_011_subplot,NA3_LAG50,3.0,50.0,subplot,4,affected,cascade,C3,False,unrelated,False,OK
NA3_LAG50_011_subplot,NA3_LAG50,3.0,50.0,subplot,6,unrelated,unrelated,,,unrelated,True,OK
NA3_LAG50_012_overlay,NA3_LAG50,3.0,50.0,overlay,1,affected,mild,C4,False,unrelated,False,OK
NA3_LAG50_012_overlay,NA3_LAG50,3.0,50.0,overlay,2,affected,cascade,C5,True,unrelated,False,OK
NA3_LAG50_012_overlay,NA3_LAG50,3.0,50.0,overlay,4,unrelated,unrelated,,,unrelated,True,OK
NA3_LAG50_012_overlay,NA3_LAG50,3.0,50.0,overlay,5,affected,mild,C3,False,affected,True,OK
NA3_LAG50_012_overlay,NA3_LAG50,3.0,50.0,overlay,6,unrelated,unrelated,,,unrelated,True,OK
NA3_LAG50_012_subplot,NA3_LAG50,3.0,50.0,subplot,1,affected,mild,C4,False,affected,True,OK
NA3_LAG50_012_subplot,NA3_LAG50,3.0,50.0,subplot,2,affected,cascade,C5,True,root,False,OK
NA3_LAG50_012_subplot,NA3_LAG50,3.0,50.0,subplot,4,unrelated,unrelated,,,affected,False,OK
NA3_LAG50_012_subplot,NA3_LAG50,3.0,50.0,subplot,5,affected,mild,C3,False,affected,True,OK
NA3_LAG50_012_subplot,NA3_LAG50,3.0,50.0,subplot,6,unrelated,unrelated,,,unrelated,True,OK
NA3_LAG50_013_overlay,NA3_LAG50,3.0,50.0,overlay,2,affected,mild,C4,False,affected,True,OK
NA3_LAG50_013_overlay,NA3_LAG50,3.0,50.0,overlay,3,affected,cascade,C1,False,root,False,OK
NA3_LAG50_013_overlay,NA3_LAG50,3.0,50.0,overlay,4,unrelated,unrelated,,,affected,False,OK
NA3_LAG50_013_overlay,NA3_LAG50,3.0,50.0,overlay,5,unrelated,unrelated,,,affected,False,OK
NA3_LAG50_013_overlay,NA3_LAG50,3.0,50.0,overlay,6,affected,mild,C3,False,affected,True,OK
NA3_LAG50_013_subplot,NA3_LAG50,3.0,50.0,subplot,2,affected,mild,C4,False,affected,True,OK
NA3_LAG50_013_subplot,NA3_LAG50,3.0,50.0,subplot,3,affected,cascade,C1,False,root,False,OK
NA3_LAG50_013_subplot,NA3_LAG50,3.0,50.0,subplot,4,unrelated,unrelated,,,affected,False,OK
NA3_LAG50_013_subplot,NA3_LAG50,3.0,50.0,subplot,5,unrelated,unrelated,,,affected,False,OK
NA3_LAG50_013_subplot,NA3_LAG50,3.0,50.0,subplot,6,affected,mild,C3,False,affected,True,OK
NA3_LAG50_014_overlay,NA3_LAG50,3.0,50.0,overlay,1,affected,cascade,C4,True,unrelated,False,OK
NA3_LAG50_014_overlay,NA3_LAG50,3.0,50.0,overlay,2,affected,cascade,C4,True,unrelated,False,OK
NA3_LAG50_014_overlay,NA3_LAG50,3.0,50.0,overlay,3,unrelated,unrelated,,,unrelated,True,OK
NA3_LAG50_014_overlay,NA3_LAG50,3.0,50.0,overlay,4,unrelated,unrelated,,,unrelated,True,OK
NA3_LAG50_014_overlay,NA3_LAG50,3.0,50.0,overlay,6,affected,mild,C5,False,unrelated,False,OK
NA3_LAG50_014_subplot,NA3_LAG50,3.0,50.0,subplot,1,affected,cascade,C4,True,affected,True,OK
NA3_LAG50_014_subplot,NA3_LAG50,3.0,50.0,subplot,2,affected,cascade,C4,True,root,False,OK
NA3_LAG50_014_subplot,NA3_LAG50,3.0,50.0,subplot,3,unrelated,unrelated,,,unrelated,True,OK
NA3_LAG50_014_subplot,NA3_LAG50,3.0,50.0,subplot,4,unrelated,unrelated,,,affected,False,OK
NA3_LAG50_014_subplot,NA3_LAG50,3.0,50.0,subplot,6,affected,mild,C5,False,affected,True,OK
NA3_LAG50_015_overlay,NA3_LAG50,3.0,50.0,overlay,1,unrelated,unrelated,,,unrelated,True,OK
NA3_LAG50_015_overlay,NA3_LAG50,3.0,50.0,overlay,2,affected,mild,C5,True,unrelated,False,OK
NA3_LAG50_015_overlay,NA3_LAG50,3.0,50.0,overlay,4,unrelated,unrelated,,,unrelated,True,OK
NA3_LAG50_015_overlay,NA3_LAG50,3.0,50.0,overlay,5,affected,cascade,C5,True,affected,True,OK
NA3_LAG50_015_overlay,NA3_LAG50,3.0,50.0,overlay,6,affected,mild,C1,False,affected,True,OK
NA3_LAG50_015_subplot,NA3_LAG50,3.0,50.0,subplot,1,unrelated,unrelated,,,unrelated,True,OK
NA3_LAG50_015_subplot,NA3_LAG50,3.0,50.0,subplot,2,affected,mild,C5,True,unrelated,False,OK
NA3_LAG50_015_subplot,NA3_LAG50,3.0,50.0,subplot,4,unrelated,unrelated,,,unrelated,True,OK
NA3_LAG50_015_subplot,NA3_LAG50,3.0,50.0,subplot,5,affected,cascade,C5,True,unrelated,False,OK
NA3_LAG50_015_subplot,NA3_LAG50,3.0,50.0,subplot,6,affected,mild,C1,False,unrelated,False,OK
NA3_LAG50_016_overlay,NA3_LAG50,3.0,50.0,overlay,1,affected,cascade,C1,False,unrelated,False,OK
NA3_LAG50_016_overlay,NA3_LAG50,3.0,50.0,overlay,2,unrelated,unrelated,,,unrelated,True,OK
NA3_LAG50_016_overlay,NA3_LAG50,3.0,50.0,overlay,3,unrelated,unrelated,,,unrelated,True,OK
NA3_LAG50_016_overlay,NA3_LAG50,3.0,50.0,overlay,4,affected,cascade,C2,True,unrelated,False,OK
NA3_LAG50_016_overlay,NA3_LAG50,3.0,50.0,overlay,6,affected,cascade,C3,False,unrelated,False,OK
NA3_LAG50_016_subplot,NA3_LAG50,3.0,50.0,subplot,1,affected,cascade,C1,False,unrelated,False,OK
NA3_LAG50_016_subplot,NA3_LAG50,3.0,50.0,subplot,2,unrelated,unrelated,,,unrelated,True,OK
NA3_LAG50_016_subplot,NA3_LAG50,3.0,50.0,subplot,3,unrelated,unrelated,,,unrelated,True,OK
NA3_LAG50_016_subplot,NA3_LAG50,3.0,50.0,subplot,4,affected,cascade,C2,True,root,False,OK
NA3_LAG50_016_subplot,NA3_LAG50,3.0,50.0,subplot,6,affected,cascade,C3,False,unrelated,False,OK
NA3_LAG50_017_overlay,NA3_LAG50,3.0,50.0,overlay,2,affected,mild,C1,False,affected,True,OK
NA3_LAG50_017_overlay,NA3_LAG50,3.0,50.0,overlay,3,unrelated,unrelated,,,unrelated,True,OK
NA3_LAG50_017_overlay,NA3_LAG50,3.0,50.0,overlay,4,unrelated,unrelated,,,unrelated,True,OK
NA3_LAG50_017_overlay,NA3_LAG50,3.0,50.0,overlay,5,affected,mild,C5,True,affected,True,OK
NA3_LAG50_017_overlay,NA3_LAG50,3.0,50.0,overlay,6,affected,mild,C1,False,unrelated,False,OK
NA3_LAG50_017_subplot,NA3_LAG50,3.0,50.0,subplot,2,affected,mild,C1,False,unrelated,False,OK
NA3_LAG50_017_subplot,NA3_LAG50,3.0,50.0,subplot,3,unrelated,unrelated,,,unrelated,True,OK
NA3_LAG50_017_subplot,NA3_LAG50,3.0,50.0,subplot,4,unrelated,unrelated,,,unrelated,True,OK
NA3_LAG50_017_subplot,NA3_LAG50,3.0,50.0,subplot,5,affected,mild,C5,True,unrelated,False,OK
NA3_LAG50_017_subplot,NA3_LAG50,3.0,50.0,subplot,6,affected,mild,C1,False,unrelated,False,OK
NA3_LAG50_018_overlay,NA3_LAG50,3.0,50.0,overlay,1,affected,cascade,C5,True,unrelated,False,OK
NA3_LAG50_018_overlay,NA3_LAG50,3.0,50.0,overlay,2,unrelated,unrelated,,,unrelated,True,OK
NA3_LAG50_018_overlay,NA3_LAG50,3.0,50.0,overlay,3,unrelated,unrelated,,,unrelated,True,OK
NA3_LAG50_018_overlay,NA3_LAG50,3.0,50.0,overlay,4,affected,cascade,C1,False,affected,True,OK
NA3_LAG50_018_overlay,NA3_LAG50,3.0,50.0,overlay,5,affected,cascade,C5,True,unrelated,False,OK
NA3_LAG50_018_subplot,NA3_LAG50,3.0,50.0,subplot,1,affected,cascade,C5,True,affected,True,OK
NA3_LAG50_018_subplot,NA3_LAG50,3.0,50.0,subplot,2,unrelated,unrelated,,,unrelated,True,OK
NA3_LAG50_018_subplot,NA3_LAG50,3.0,50.0,subplot,3,unrelated,unrelated,,,affected,False,OK
NA3_LAG50_018_subplot,NA3_LAG50,3.0,50.0,subplot,4,affected,cascade,C1,False,root,False,OK
NA3_LAG50_018_subplot,NA3_LAG50,3.0,50.0,subplot,5,affected,cascade,C5,True,affected,True,OK
NA3_LAG50_019_overlay,NA3_LAG50,3.0,50.0,overlay,2,affected,mild,C5,True,affected,True,OK
NA3_LAG50_019_overlay,NA3_LAG50,3.0,50.0,overlay,3,unrelated,unrelated,,,affected,False,OK
NA3_LAG50_019_overlay,NA3_LAG50,3.0,50.0,overlay,4,affected,cascade,C5,True,affected,True,OK
NA3_LAG50_019_overlay,NA3_LAG50,3.0,50.0,overlay,5,unrelated,unrelated,,,affected,False,OK
NA3_LAG50_019_overlay,NA3_LAG50,3.0,50.0,overlay,6,affected,mild,C5,True,affected,True,OK
NA3_LAG50_019_subplot,NA3_LAG50,3.0,50.0,subplot,2,affected,mild,C5,True,unrelated,False,OK
NA3_LAG50_019_subplot,NA3_LAG50,3.0,50.0,subplot,3,unrelated,unrelated,,,unrelated,True,OK
NA3_LAG50_019_subplot,NA3_LAG50,3.0,50.0,subplot,4,affected,cascade,C5,True,unrelated,False,OK
NA3_LAG50_019_subplot,NA3_LAG50,3.0,50.0,subplot,5,unrelated,unrelated,,,unrelated,True,OK
NA3_LAG50_019_subplot,NA3_LAG50,3.0,50.0,subplot,6,affected,mild,C5,True,unrelated,False,OK
NA3_LAG50_020_overlay,NA3_LAG50,3.0,50.0,overlay,1,unrelated,unrelated,,,unrelated,True,OK
NA3_LAG50_020_overlay,NA3_LAG50,3.0,50.0,overlay,2,affected,cascade,C5,False,affected,True,OK
NA3_LAG50_020_overlay,NA3_LAG50,3.0,50.0,overlay,3,unrelated,unrelated,,,affected,False,OK
NA3_LAG50_020_overlay,NA3_LAG50,3.0,50.0,overlay,4,affected,mild,C3,True,root,False,OK
NA3_LAG50_020_overlay,NA3_LAG50,3.0,50.0,overlay,6,affected,cascade,C3,True,unrelated,False,OK
NA3_LAG50_020_subplot,NA3_LAG50,3.0,50.0,subplot,1,unrelated,unrelated,,,unrelated,True,OK
NA3_LAG50_020_subplot,NA3_LAG50,3.0,50.0,subplot,2,affected,cascade,C5,False,unrelated,False,OK
NA3_LAG50_020_subplot,NA3_LAG50,3.0,50.0,subplot,3,unrelated,unrelated,,,unrelated,True,OK
NA3_LAG50_020_subplot,NA3_LAG50,3.0,50.0,subplot,4,affected,mild,C3,True,unrelated,False,OK
NA3_LAG50_020_subplot,NA3_LAG50,3.0,50.0,subplot,6,affected,cascade,C3,True,unrelated,False,OK
NA3_LAG50_021_overlay,NA3_LAG50,3.0,50.0,overlay,1,affected,cascade,C3,True,affected,True,OK
NA3_LAG50_021_overlay,NA3_LAG50,3.0,50.0,overlay,2,affected,mild,C3,True,affected,True,OK
NA3_LAG50_021_overlay,NA3_LAG50,3.0,50.0,overlay,4,unrelated,unrelated,,,affected,False,OK
NA3_LAG50_021_overlay,NA3_LAG50,3.0,50.0,overlay,5,affected,mild,C3,True,affected,True,OK
NA3_LAG50_021_overlay,NA3_LAG50,3.0,50.0,overlay,6,unrelated,unrelated,,,affected,False,OK
NA3_LAG50_021_subplot,NA3_LAG50,3.0,50.0,subplot,1,affected,cascade,C3,True,unrelated,False,OK
NA3_LAG50_021_subplot,NA3_LAG50,3.0,50.0,subplot,2,affected,mild,C3,True,affected,True,OK
NA3_LAG50_021_subplot,NA3_LAG50,3.0,50.0,subplot,4,unrelated,unrelated,,,root,False,OK
NA3_LAG50_021_subplot,NA3_LAG50,3.0,50.0,subplot,5,affected,mild,C3,True,affected,True,OK
NA3_LAG50_021_subplot,NA3_LAG50,3.0,50.0,subplot,6,unrelated,unrelated,,,unrelated,True,OK
NA3_LAG50_022_overlay,NA3_LAG50,3.0,50.0,overlay,1,unrelated,unrelated,,,unrelated,True,OK
NA3_LAG50_022_overlay,NA3_LAG50,3.0,50.0,overlay,2,unrelated,unrelated,,,unrelated,True,OK
NA3_LAG50_022_overlay,NA3_LAG50,3.0,50.0,overlay,3,affected,mild,C5,False,unrelated,False,OK
NA3_LAG50_022_overlay,NA3_LAG50,3.0,50.0,overlay,5,affected,mild,C3,True,affected,True,OK
NA3_LAG50_022_overlay,NA3_LAG50,3.0,50.0,overlay,6,affected,cascade,C1,False,unrelated,False,OK
NA3_LAG50_022_subplot,NA3_LAG50,3.0,50.0,subplot,1,unrelated,unrelated,,,unrelated,True,OK
NA3_LAG50_022_subplot,NA3_LAG50,3.0,50.0,subplot,2,unrelated,unrelated,,,unrelated,True,OK
NA3_LAG50_022_subplot,NA3_LAG50,3.0,50.0,subplot,3,affected,mild,C5,False,unrelated,False,OK
NA3_LAG50_022_subplot,NA3_LAG50,3.0,50.0,subplot,5,affected,mild,C3,True,unrelated,False,OK
NA3_LAG50_022_subplot,NA3_LAG50,3.0,50.0,subplot,6,affected,cascade,C1,False,unrelated,False,OK
NA3_LAG50_023_overlay,NA3_LAG50,3.0,50.0,overlay,1,unrelated,unrelated,,,affected,False,OK
NA3_LAG50_023_overlay,NA3_LAG50,3.0,50.0,overlay,2,affected,mild,C5,False,affected,True,OK
NA3_LAG50_023_overlay,NA3_LAG50,3.0,50.0,overlay,4,affected,mild,C3,True,affected,True,OK
NA3_LAG50_023_overlay,NA3_LAG50,3.0,50.0,overlay,5,unrelated,unrelated,,,affected,False,OK
NA3_LAG50_023_overlay,NA3_LAG50,3.0,50.0,overlay,6,affected,mild,C3,True,affected,True,OK
NA3_LAG50_023_subplot,NA3_LAG50,3.0,50.0,subplot,1,unrelated,unrelated,,,unrelated,True,OK
NA3_LAG50_023_subplot,NA3_LAG50,3.0,50.0,subplot,2,affected,mild,C5,False,affected,True,OK
NA3_LAG50_023_subplot,NA3_LAG50,3.0,50.0,subplot,4,affected,mild,C3,True,root,False,OK
NA3_LAG50_023_subplot,NA3_LAG50,3.0,50.0,subplot,5,unrelated,unrelated,,,unrelated,True,OK
NA3_LAG50_023_subplot,NA3_LAG50,3.0,50.0,subplot,6,affected,mild,C3,True,affected,True,OK
NA3_LAG50_024_overlay,NA3_LAG50,3.0,50.0,overlay,1,unrelated,unrelated,,,unlabeled,False,PARSE_ERROR
NA3_LAG50_024_overlay,NA3_LAG50,3.0,50.0,overlay,2,affected,mild,C5,True,unlabeled,False,PARSE_ERROR
NA3_LAG50_024_overlay,NA3_LAG50,3.0,50.0,overlay,3,affected,mild,C5,True,unlabeled,False,PARSE_ERROR
NA3_LAG50_024_overlay,NA3_LAG50,3.0,50.0,overlay,4,affected,mild,C5,True,unlabeled,False,PARSE_ERROR
NA3_LAG50_024_overlay,NA3_LAG50,3.0,50.0,overlay,5,unrelated,unrelated,,,unlabeled,False,PARSE_ERROR
NA3_LAG50_024_subplot,NA3_LAG50,3.0,50.0,subplot,1,unrelated,unrelated,,,unrelated,True,OK
NA3_LAG50_024_subplot,NA3_LAG50,3.0,50.0,subplot,2,affected,mild,C5,True,unrelated,False,OK
NA3_LAG50_024_subplot,NA3_LAG50,3.0,50.0,subplot,3,affected,mild,C5,True,unrelated,False,OK
NA3_LAG50_024_subplot,NA3_LAG50,3.0,50.0,subplot,4,affected,mild,C5,True,unrelated,False,OK
NA3_LAG50_024_subplot,NA3_LAG50,3.0,50.0,subplot,5,unrelated,unrelated,,,unrelated,True,OK
NA3_LAG50_025_overlay,NA3_LAG50,3.0,50.0,overlay,1,affected,mild,C2,False,unrelated,False,OK
NA3_LAG50_025_overlay,NA3_LAG50,3.0,50.0,overlay,3,affected,mild,C3,False,affected,True,OK
NA3_LAG50_025_overlay,NA3_LAG50,3.0,50.0,overlay,4,unrelated,unrelated,,,affected,False,OK
NA3_LAG50_025_overlay,NA3_LAG50,3.0,50.0,overlay,5,affected,mild,C4,True,affected,True,OK
NA3_LAG50_025_overlay,NA3_LAG50,3.0,50.0,overlay,6,unrelated,unrelated,,,affected,False,OK
NA3_LAG50_025_subplot,NA3_LAG50,3.0,50.0,subplot,1,affected,mild,C2,False,unrelated,False,OK
NA3_LAG50_025_subplot,NA3_LAG50,3.0,50.0,subplot,3,affected,mild,C3,False,unrelated,False,OK
NA3_LAG50_025_subplot,NA3_LAG50,3.0,50.0,subplot,4,unrelated,unrelated,,,unrelated,True,OK
NA3_LAG50_025_subplot,NA3_LAG50,3.0,50.0,subplot,5,affected,mild,C4,True,unrelated,False,OK
NA3_LAG50_025_subplot,NA3_LAG50,3.0,50.0,subplot,6,unrelated,unrelated,,,unrelated,True,OK
NA3_LAG50_026_overlay,NA3_LAG50,3.0,50.0,overlay,1,affected,cascade,C2,True,unrelated,False,OK
NA3_LAG50_026_overlay,NA3_LAG50,3.0,50.0,overlay,2,unrelated,unrelated,,,unrelated,True,OK
NA3_LAG50_026_overlay,NA3_LAG50,3.0,50.0,overlay,3,unrelated,unrelated,,,unrelated,True,OK
NA3_LAG50_026_overlay,NA3_LAG50,3.0,50.0,overlay,5,affected,cascade,C2,True,unrelated,False,OK
NA3_LAG50_026_overlay,NA3_LAG50,3.0,50.0,overlay,6,affected,mild,C2,True,unrelated,False,OK
NA3_LAG50_026_subplot,NA3_LAG50,3.0,50.0,subplot,1,affected,cascade,C2,True,affected,True,OK
NA3_LAG50_026_subplot,NA3_LAG50,3.0,50.0,subplot,2,unrelated,unrelated,,,unrelated,True,OK
NA3_LAG50_026_subplot,NA3_LAG50,3.0,50.0,subplot,3,unrelated,unrelated,,,unrelated,True,OK
NA3_LAG50_026_subplot,NA3_LAG50,3.0,50.0,subplot,5,affected,cascade,C2,True,affected,True,OK
NA3_LAG50_026_subplot,NA3_LAG50,3.0,50.0,subplot,6,affected,mild,C2,True,unrelated,False,OK
NA3_LAG50_027_overlay,NA3_LAG50,3.0,50.0,overlay,1,unrelated,unrelated,,,affected,False,OK
NA3_LAG50_027_overlay,NA3_LAG50,3.0,50.0,overlay,2,affected,cascade,C4,False,affected,True,OK
NA3_LAG50_027_overlay,NA3_LAG50,3.0,50.0,overlay,4,unrelated,unrelated,,,affected,False,OK
NA3_LAG50_027_overlay,NA3_LAG50,3.0,50.0,overlay,5,affected,cascade,C1,False,root,False,OK
NA3_LAG50_027_overlay,NA3_LAG50,3.0,50.0,overlay,6,affected,mild,C3,True,unrelated,False,OK
NA3_LAG50_027_subplot,NA3_LAG50,3.0,50.0,subplot,1,unrelated,unrelated,,,affected,False,OK
NA3_LAG50_027_subplot,NA3_LAG50,3.0,50.0,subplot,2,affected,cascade,C4,False,affected,True,OK
NA3_LAG50_027_subplot,NA3_LAG50,3.0,50.0,subplot,4,unrelated,unrelated,,,affected,False,OK
NA3_LAG50_027_subplot,NA3_LAG50,3.0,50.0,subplot,5,affected,cascade,C1,False,root,False,OK
NA3_LAG50_027_subplot,NA3_LAG50,3.0,50.0,subplot,6,affected,mild,C3,True,affected,True,OK
NA3_LAG50_028_overlay,NA3_LAG50,3.0,50.0,overlay,1,affected,mild,C5,True,affected,True,OK
NA3_LAG50_028_overlay,NA3_LAG50,3.0,50.0,overlay,2,affected,cascade,C5,True,affected,True,OK
NA3_LAG50_028_overlay,NA3_LAG50,3.0,50.0,overlay,4,unrelated,unrelated,,,affected,False,OK
NA3_LAG50_028_overlay,NA3_LAG50,3.0,50.0,overlay,5,unrelated,unrelated,,,affected,False,OK
NA3_LAG50_028_overlay,NA3_LAG50,3.0,50.0,overlay,6,affected,cascade,C5,True,affected,True,OK
NA3_LAG50_028_subplot,NA3_LAG50,3.0,50.0,subplot,1,affected,mild,C5,True,unrelated,False,OK
NA3_LAG50_028_subplot,NA3_LAG50,3.0,50.0,subplot,2,affected,cascade,C5,True,unrelated,False,OK
NA3_LAG50_028_subplot,NA3_LAG50,3.0,50.0,subplot,4,unrelated,unrelated,,,unrelated,True,OK
NA3_LAG50_028_subplot,NA3_LAG50,3.0,50.0,subplot,5,unrelated,unrelated,,,unrelated,True,OK
NA3_LAG50_028_subplot,NA3_LAG50,3.0,50.0,subplot,6,affected,cascade,C5,True,unrelated,False,OK
NA3_LAG50_029_overlay,NA3_LAG50,3.0,50.0,overlay,1,affected,mild,C3,False,affected,True,OK
NA3_LAG50_029_overlay,NA3_LAG50,3.0,50.0,overlay,3,affected,mild,C2,True,affected,True,OK
NA3_LAG50_029_overlay,NA3_LAG50,3.0,50.0,overlay,4,unrelated,unrelated,,,affected,False,OK
NA3_LAG50_029_overlay,NA3_LAG50,3.0,50.0,overlay,5,affected,mild,C1,False,affected,True,OK
NA3_LAG50_029_overlay,NA3_LAG50,3.0,50.0,overlay,6,unrelated,unrelated,,,affected,False,OK
NA3_LAG50_029_subplot,NA3_LAG50,3.0,50.0,subplot,1,affected,mild,C3,False,affected,True,OK
NA3_LAG50_029_subplot,NA3_LAG50,3.0,50.0,subplot,3,affected,mild,C2,True,unrelated,False,OK
NA3_LAG50_029_subplot,NA3_LAG50,3.0,50.0,subplot,4,unrelated,unrelated,,,unrelated,True,OK
NA3_LAG50_029_subplot,NA3_LAG50,3.0,50.0,subplot,5,affected,mild,C1,False,affected,True,OK
NA3_LAG50_029_subplot,NA3_LAG50,3.0,50.0,subplot,6,unrelated,unrelated,,,unrelated,True,OK
NA4_LAG10_000_overlay,NA4_LAG10,4.0,10.0,overlay,1,affected,cascade,C3,True,affected,True,OK
NA4_LAG10_000_overlay,NA4_LAG10,4.0,10.0,overlay,2,affected,mild,C2,False,affected,True,OK
NA4_LAG10_000_overlay,NA4_LAG10,4.0,10.0,overlay,3,unrelated,unrelated,,,unrelated,True,OK
NA4_LAG10_000_overlay,NA4_LAG10,4.0,10.0,overlay,5,affected,mild,C3,True,root,False,OK
NA4_LAG10_000_overlay,NA4_LAG10,4.0,10.0,overlay,6,affected,mild,C2,False,affected,True,OK
NA4_LAG10_000_subplot,NA4_LAG10,4.0,10.0,subplot,1,affected,cascade,C3,True,root,False,OK
NA4_LAG10_000_subplot,NA4_LAG10,4.0,10.0,subplot,2,affected,mild,C2,False,affected,True,OK
NA4_LAG10_000_subplot,NA4_LAG10,4.0,10.0,subplot,3,unrelated,unrelated,,,affected,False,OK
NA4_LAG10_000_subplot,NA4_LAG10,4.0,10.0,subplot,5,affected,mild,C3,True,affected,True,OK
NA4_LAG10_000_subplot,NA4_LAG10,4.0,10.0,subplot,6,affected,mild,C2,False,unrelated,False,OK
NA4_LAG10_001_overlay,NA4_LAG10,4.0,10.0,overlay,1,affected,cascade,C2,False,unrelated,False,OK
NA4_LAG10_001_overlay,NA4_LAG10,4.0,10.0,overlay,2,unrelated,unrelated,,,root,False,OK
NA4_LAG10_001_overlay,NA4_LAG10,4.0,10.0,overlay,3,affected,cascade,C4,True,affected,True,OK
NA4_LAG10_001_overlay,NA4_LAG10,4.0,10.0,overlay,4,affected,mild,C4,True,affected,True,OK
NA4_LAG10_001_overlay,NA4_LAG10,4.0,10.0,overlay,6,affected,cascade,C4,True,affected,True,OK
NA4_LAG10_001_subplot,NA4_LAG10,4.0,10.0,subplot,1,affected,cascade,C2,False,root,False,OK
NA4_LAG10_001_subplot,NA4_LAG10,4.0,10.0,subplot,2,unrelated,unrelated,,,unrelated,True,OK
NA4_LAG10_001_subplot,NA4_LAG10,4.0,10.0,subplot,3,affected,cascade,C4,True,affected,True,OK
NA4_LAG10_001_subplot,NA4_LAG10,4.0,10.0,subplot,4,affected,mild,C4,True,affected,True,OK
NA4_LAG10_001_subplot,NA4_LAG10,4.0,10.0,subplot,6,affected,cascade,C4,True,affected,True,OK
NA4_LAG10_002_overlay,NA4_LAG10,4.0,10.0,overlay,2,unrelated,unrelated,,,unrelated,True,OK
NA4_LAG10_002_overlay,NA4_LAG10,4.0,10.0,overlay,3,affected,mild,C2,False,affected,True,OK
NA4_LAG10_002_overlay,NA4_LAG10,4.0,10.0,overlay,4,affected,cascade,C3,True,root,False,OK
NA4_LAG10_002_overlay,NA4_LAG10,4.0,10.0,overlay,5,affected,mild,C3,True,unrelated,False,OK
NA4_LAG10_002_overlay,NA4_LAG10,4.0,10.0,overlay,6,affected,mild,C3,True,unrelated,False,OK
NA4_LAG10_002_subplot,NA4_LAG10,4.0,10.0,subplot,2,unrelated,unrelated,,,unrelated,True,OK
NA4_LAG10_002_subplot,NA4_LAG10,4.0,10.0,subplot,3,affected,mild,C2,False,unrelated,False,OK
NA4_LAG10_002_subplot,NA4_LAG10,4.0,10.0,subplot,4,affected,cascade,C3,True,affected,True,OK
NA4_LAG10_002_subplot,NA4_LAG10,4.0,10.0,subplot,5,affected,mild,C3,True,unrelated,False,OK
NA4_LAG10_002_subplot,NA4_LAG10,4.0,10.0,subplot,6,affected,mild,C3,True,unrelated,False,OK
NA4_LAG10_003_overlay,NA4_LAG10,4.0,10.0,overlay,1,affected,cascade,C3,True,affected,True,OK
NA4_LAG10_003_overlay,NA4_LAG10,4.0,10.0,overlay,3,unrelated,unrelated,,,affected,False,OK
NA4_LAG10_003_overlay,NA4_LAG10,4.0,10.0,overlay,4,affected,mild,C5,False,affected,True,OK
NA4_LAG10_003_overlay,NA4_LAG10,4.0,10.0,overlay,5,affected,mild,C3,True,root,False,OK
NA4_LAG10_003_overlay,NA4_LAG10,4.0,10.0,overlay,6,affected,mild,C2,False,affected,True,OK
NA4_LAG10_003_subplot,NA4_LAG10,4.0,10.0,subplot,1,affected,cascade,C3,True,root,False,OK
NA4_LAG10_003_subplot,NA4_LAG10,4.0,10.0,subplot,3,unrelated,unrelated,,,affected,False,OK
NA4_LAG10_003_subplot,NA4_LAG10,4.0,10.0,subplot,4,affected,mild,C5,False,affected,True,OK
NA4_LAG10_003_subplot,NA4_LAG10,4.0,10.0,subplot,5,affected,mild,C3,True,affected,True,OK
NA4_LAG10_003_subplot,NA4_LAG10,4.0,10.0,subplot,6,affected,mild,C2,False,unrelated,False,OK
NA4_LAG10_004_overlay,NA4_LAG10,4.0,10.0,overlay,1,affected,cascade,C3,True,unrelated,False,OK
NA4_LAG10_004_overlay,NA4_LAG10,4.0,10.0,overlay,2,affected,cascade,C4,False,unrelated,False,OK
NA4_LAG10_004_overlay,NA4_LAG10,4.0,10.0,overlay,3,affected,mild,C1,False,unrelated,False,OK
NA4_LAG10_004_overlay,NA4_LAG10,4.0,10.0,overlay,4,unrelated,unrelated,,,affected,False,OK
NA4_LAG10_004_overlay,NA4_LAG10,4.0,10.0,overlay,6,affected,cascade,C3,True,unrelated,False,OK
NA4_LAG10_004_subplot,NA4_LAG10,4.0,10.0,subplot,1,affected,cascade,C3,True,affected,True,OK
NA4_LAG10_004_subplot,NA4_LAG10,4.0,10.0,subplot,2,affected,cascade,C4,False,unrelated,False,OK
NA4_LAG10_004_subplot,NA4_LAG10,4.0,10.0,subplot,3,affected,mild,C1,False,unrelated,False,OK
NA4_LAG10_004_subplot,NA4_LAG10,4.0,10.0,subplot,4,unrelated,unrelated,,,unrelated,True,OK
NA4_LAG10_004_subplot,NA4_LAG10,4.0,10.0,subplot,6,affected,cascade,C3,True,root,False,OK
NA4_LAG10_005_overlay,NA4_LAG10,4.0,10.0,overlay,1,affected,mild,C4,False,affected,True,OK
NA4_LAG10_005_overlay,NA4_LAG10,4.0,10.0,overlay,2,affected,cascade,C1,False,root,False,OK
NA4_LAG10_005_overlay,NA4_LAG10,4.0,10.0,overlay,3,affected,mild,C2,True,affected,True,OK
NA4_LAG10_005_overlay,NA4_LAG10,4.0,10.0,overlay,4,affected,mild,C2,True,affected,True,OK
NA4_LAG10_005_overlay,NA4_LAG10,4.0,10.0,overlay,6,unrelated,unrelated,,,affected,False,OK
NA4_LAG10_005_subplot,NA4_LAG10,4.0,10.0,subplot,1,affected,mild,C4,False,unrelated,False,OK
NA4_LAG10_005_subplot,NA4_LAG10,4.0,10.0,subplot,2,affected,cascade,C1,False,affected,True,OK
NA4_LAG10_005_subplot,NA4_LAG10,4.0,10.0,subplot,3,affected,mild,C2,True,unrelated,False,OK
NA4_LAG10_005_subplot,NA4_LAG10,4.0,10.0,subplot,4,affected,mild,C2,True,affected,True,OK
NA4_LAG10_005_subplot,NA4_LAG10,4.0,10.0,subplot,6,unrelated,unrelated,,,unrelated,True,OK
NA4_LAG10_006_overlay,NA4_LAG10,4.0,10.0,overlay,1,affected,cascade,C5,True,affected,True,OK
NA4_LAG10_006_overlay,NA4_LAG10,4.0,10.0,overlay,2,unrelated,unrelated,,,unrelated,True,OK
NA4_LAG10_006_overlay,NA4_LAG10,4.0,10.0,overlay,3,affected,mild,C1,False,root,False,OK
NA4_LAG10_006_overlay,NA4_LAG10,4.0,10.0,overlay,4,affected,mild,C5,True,affected,True,OK
NA4_LAG10_006_overlay,NA4_LAG10,4.0,10.0,overlay,6,affected,mild,C5,True,affected,True,OK
NA4_LAG10_006_subplot,NA4_LAG10,4.0,10.0,subplot,1,affected,cascade,C5,True,unrelated,False,OK
NA4_LAG10_006_subplot,NA4_LAG10,4.0,10.0,subplot,2,unrelated,unrelated,,,unrelated,True,OK
NA4_LAG10_006_subplot,NA4_LAG10,4.0,10.0,subplot,3,affected,mild,C1,False,unrelated,False,OK
NA4_LAG10_006_subplot,NA4_LAG10,4.0,10.0,subplot,4,affected,mild,C5,True,unrelated,False,OK
NA4_LAG10_006_subplot,NA4_LAG10,4.0,10.0,subplot,6,affected,mild,C5,True,unrelated,False,OK
NA4_LAG10_007_overlay,NA4_LAG10,4.0,10.0,overlay,2,affected,cascade,C2,True,unrelated,False,OK
NA4_LAG10_007_overlay,NA4_LAG10,4.0,10.0,overlay,3,affected,mild,C5,False,affected,True,OK
NA4_LAG10_007_overlay,NA4_LAG10,4.0,10.0,overlay,4,affected,mild,C5,False,affected,True,OK
NA4_LAG10_007_overlay,NA4_LAG10,4.0,10.0,overlay,5,affected,cascade,C1,False,root,False,OK
NA4_LAG10_007_overlay,NA4_LAG10,4.0,10.0,overlay,6,unrelated,unrelated,,,affected,False,OK
NA4_LAG10_007_subplot,NA4_LAG10,4.0,10.0,subplot,2,affected,cascade,C2,True,unrelated,False,OK
NA4_LAG10_007_subplot,NA4_LAG10,4.0,10.0,subplot,3,affected,mild,C5,False,affected,True,OK
NA4_LAG10_007_subplot,NA4_LAG10,4.0,10.0,subplot,4,affected,mild,C5,False,affected,True,OK
NA4_LAG10_007_subplot,NA4_LAG10,4.0,10.0,subplot,5,affected,cascade,C1,False,root,False,OK
NA4_LAG10_007_subplot,NA4_LAG10,4.0,10.0,subplot,6,unrelated,unrelated,,,affected,False,OK
NA4_LAG10_008_overlay,NA4_LAG10,4.0,10.0,overlay,2,affected,mild,C5,True,affected,True,OK
NA4_LAG10_008_overlay,NA4_LAG10,4.0,10.0,overlay,3,affected,mild,C4,False,affected,True,OK
NA4_LAG10_008_overlay,NA4_LAG10,4.0,10.0,overlay,4,affected,cascade,C5,True,affected,True,OK
NA4_LAG10_008_overlay,NA4_LAG10,4.0,10.0,overlay,5,unrelated,unrelated,,,affected,False,OK
NA4_LAG10_008_overlay,NA4_LAG10,4.0,10.0,overlay,6,affected,cascade,C3,False,root,False,OK
NA4_LAG10_008_subplot,NA4_LAG10,4.0,10.0,subplot,2,affected,mild,C5,True,unrelated,False,OK
NA4_LAG10_008_subplot,NA4_LAG10,4.0,10.0,subplot,3,affected,mild,C4,False,unrelated,False,OK
NA4_LAG10_008_subplot,NA4_LAG10,4.0,10.0,subplot,4,affected,cascade,C5,True,unrelated,False,OK
NA4_LAG10_008_subplot,NA4_LAG10,4.0,10.0,subplot,5,unrelated,unrelated,,,unrelated,True,OK
NA4_LAG10_008_subplot,NA4_LAG10,4.0,10.0,subplot,6,affected,cascade,C3,False,root,False,OK
NA4_LAG10_009_overlay,NA4_LAG10,4.0,10.0,overlay,1,affected,cascade,C1,False,root,False,OK
NA4_LAG10_009_overlay,NA4_LAG10,4.0,10.0,overlay,2,affected,cascade,C3,True,unrelated,False,OK
NA4_LAG10_009_overlay,NA4_LAG10,4.0,10.0,overlay,3,affected,mild,C2,False,affected,True,OK
NA4_LAG10_009_overlay,NA4_LAG10,4.0,10.0,overlay,5,affected,cascade,C3,True,unrelated,False,OK
NA4_LAG10_009_overlay,NA4_LAG10,4.0,10.0,overlay,6,unrelated,unrelated,,,unrelated,True,OK
NA4_LAG10_009_subplot,NA4_LAG10,4.0,10.0,subplot,1,affected,cascade,C1,False,unrelated,False,OK
NA4_LAG10_009_subplot,NA4_LAG10,4.0,10.0,subplot,2,affected,cascade,C3,True,root,False,OK
NA4_LAG10_009_subplot,NA4_LAG10,4.0,10.0,subplot,3,affected,mild,C2,False,unrelated,False,OK
NA4_LAG10_009_subplot,NA4_LAG10,4.0,10.0,subplot,5,affected,cascade,C3,True,affected,True,OK
NA4_LAG10_009_subplot,NA4_LAG10,4.0,10.0,subplot,6,unrelated,unrelated,,,unrelated,True,OK
NA4_LAG10_010_overlay,NA4_LAG10,4.0,10.0,overlay,1,unrelated,unrelated,,,affected,False,OK
NA4_LAG10_010_overlay,NA4_LAG10,4.0,10.0,overlay,2,affected,cascade,C2,True,root,False,OK
NA4_LAG10_010_overlay,NA4_LAG10,4.0,10.0,overlay,4,affected,mild,C3,False,affected,True,OK
NA4_LAG10_010_overlay,NA4_LAG10,4.0,10.0,overlay,5,affected,cascade,C5,False,affected,True,OK
NA4_LAG10_010_overlay,NA4_LAG10,4.0,10.0,overlay,6,affected,cascade,C3,False,affected,True,OK
NA4_LAG10_010_subplot,NA4_LAG10,4.0,10.0,subplot,1,unrelated,unrelated,,,unrelated,True,OK
NA4_LAG10_010_subplot,NA4_LAG10,4.0,10.0,subplot,2,affected,cascade,C2,True,affected,True,OK
NA4_LAG10_010_subplot,NA4_LAG10,4.0,10.0,subplot,4,affected,mild,C3,False,affected,True,OK
NA4_LAG10_010_subplot,NA4_LAG10,4.0,10.0,subplot,5,affected,cascade,C5,False,unrelated,False,OK
NA4_LAG10_010_subplot,NA4_LAG10,4.0,10.0,subplot,6,affected,cascade,C3,False,root,False,OK
NA4_LAG10_011_overlay,NA4_LAG10,4.0,10.0,overlay,1,affected,mild,C4,False,affected,True,OK
NA4_LAG10_011_overlay,NA4_LAG10,4.0,10.0,overlay,2,affected,cascade,C2,False,root,False,OK
NA4_LAG10_011_overlay,NA4_LAG10,4.0,10.0,overlay,3,affected,cascade,C4,False,affected,True,OK
NA4_LAG10_011_overlay,NA4_LAG10,4.0,10.0,overlay,4,affected,mild,C4,False,affected,True,OK
NA4_LAG10_011_overlay,NA4_LAG10,4.0,10.0,overlay,6,unrelated,unrelated,,,affected,False,OK
NA4_LAG10_011_subplot,NA4_LAG10,4.0,10.0,subplot,1,affected,mild,C4,False,affected,True,OK
NA4_LAG10_011_subplot,NA4_LAG10,4.0,10.0,subplot,2,affected,cascade,C2,False,root,False,OK
NA4_LAG10_011_subplot,NA4_LAG10,4.0,10.0,subplot,3,affected,cascade,C4,False,affected,True,OK
NA4_LAG10_011_subplot,NA4_LAG10,4.0,10.0,subplot,4,affected,mild,C4,False,affected,True,OK
NA4_LAG10_011_subplot,NA4_LAG10,4.0,10.0,subplot,6,unrelated,unrelated,,,unrelated,True,OK
NA4_LAG10_012_overlay,NA4_LAG10,4.0,10.0,overlay,1,affected,mild,C4,True,affected,True,OK
NA4_LAG10_012_overlay,NA4_LAG10,4.0,10.0,overlay,2,affected,cascade,C4,True,affected,True,OK
NA4_LAG10_012_overlay,NA4_LAG10,4.0,10.0,overlay,4,affected,mild,C2,False,affected,True,OK
NA4_LAG10_012_overlay,NA4_LAG10,4.0,10.0,overlay,5,unrelated,unrelated,,,affected,False,OK
NA4_LAG10_012_overlay,NA4_LAG10,4.0,10.0,overlay,6,affected,cascade,C3,False,root,False,OK
NA4_LAG10_012_subplot,NA4_LAG10,4.0,10.0,subplot,1,affected,mild,C4,True,unrelated,False,OK
NA4_LAG10_012_subplot,NA4_LAG10,4.0,10.0,subplot,2,affected,cascade,C4,True,unrelated,False,OK
NA4_LAG10_012_subplot,NA4_LAG10,4.0,10.0,subplot,4,affected,mild,C2,False,affected,True,OK
NA4_LAG10_012_subplot,NA4_LAG10,4.0,10.0,subplot,5,unrelated,unrelated,,,unrelated,True,OK
NA4_LAG10_012_subplot,NA4_LAG10,4.0,10.0,subplot,6,affected,cascade,C3,False,root,False,OK
NA4_LAG10_013_overlay,NA4_LAG10,4.0,10.0,overlay,1,affected,mild,C1,True,unrelated,False,OK
NA4_LAG10_013_overlay,NA4_LAG10,4.0,10.0,overlay,2,affected,mild,C5,False,affected,True,OK
NA4_LAG10_013_overlay,NA4_LAG10,4.0,10.0,overlay,3,affected,mild,C1,True,unrelated,False,OK
NA4_LAG10_013_overlay,NA4_LAG10,4.0,10.0,overlay,4,unrelated,unrelated,,,unrelated,True,OK
NA4_LAG10_013_overlay,NA4_LAG10,4.0,10.0,overlay,5,affected,mild,C1,True,unrelated,False,OK
NA4_LAG10_013_subplot,NA4_LAG10,4.0,10.0,subplot,1,affected,mild,C1,True,unrelated,False,OK
NA4_LAG10_013_subplot,NA4_LAG10,4.0,10.0,subplot,2,affected,mild,C5,False,unrelated,False,OK
NA4_LAG10_013_subplot,NA4_LAG10,4.0,10.0,subplot,3,affected,mild,C1,True,unrelated,False,OK
NA4_LAG10_013_subplot,NA4_LAG10,4.0,10.0,subplot,4,unrelated,unrelated,,,unrelated,True,OK
NA4_LAG10_013_subplot,NA4_LAG10,4.0,10.0,subplot,5,affected,mild,C1,True,unrelated,False,OK
NA4_LAG10_014_overlay,NA4_LAG10,4.0,10.0,overlay,1,affected,mild,C4,True,affected,True,OK
NA4_LAG10_014_overlay,NA4_LAG10,4.0,10.0,overlay,3,unrelated,unrelated,,,affected,False,OK
NA4_LAG10_014_overlay,NA4_LAG10,4.0,10.0,overlay,4,affected,cascade,C4,True,affected,True,OK
NA4_LAG10_014_overlay,NA4_LAG10,4.0,10.0,overlay,5,affected,mild,C3,False,root,False,OK
NA4_LAG10_014_overlay,NA4_LAG10,4.0,10.0,overlay,6,affected,cascade,C4,True,affected,True,OK
NA4_LAG10_014_subplot,NA4_LAG10,4.0,10.0,subplot,1,affected,mild,C4,True,affected,True,OK
NA4_LAG10_014_subplot,NA4_LAG10,4.0,10.0,subplot,3,unrelated,unrelated,,,affected,False,OK
NA4_LAG10_014_subplot,NA4_LAG10,4.0,10.0,subplot,4,affected,cascade,C4,True,affected,True,OK
NA4_LAG10_014_subplot,NA4_LAG10,4.0,10.0,subplot,5,affected,mild,C3,False,root,False,OK
NA4_LAG10_014_subplot,NA4_LAG10,4.0,10.0,subplot,6,affected,cascade,C4,True,unrelated,False,OK
NA4_LAG10_015_overlay,NA4_LAG10,4.0,10.0,overlay,2,affected,cascade,C5,False,affected,True,OK
NA4_LAG10_015_overlay,NA4_LAG10,4.0,10.0,overlay,3,affected,cascade,C2,True,unrelated,False,OK
NA4_LAG10_015_overlay,NA4_LAG10,4.0,10.0,overlay,4,unrelated,unrelated,,,affected,False,OK
NA4_LAG10_015_overlay,NA4_LAG10,4.0,10.0,overlay,5,affected,cascade,C1,False,affected,True,OK
NA4_LAG10_015_overlay,NA4_LAG10,4.0,10.0,overlay,6,affected,cascade,C2,True,root,False,OK
NA4_LAG10_015_subplot,NA4_LAG10,4.0,10.0,subplot,2,affected,cascade,C5,False,unrelated,False,OK
NA4_LAG10_015_subplot,NA4_LAG10,4.0,10.0,subplot,3,affected,cascade,C2,True,affected,True,OK
NA4_LAG10_015_subplot,NA4_LAG10,4.0,10.0,subplot,4,unrelated,unrelated,,,unrelated,True,OK
NA4_LAG10_015_subplot,NA4_LAG10,4.0,10.0,subplot,5,affected,cascade,C1,False,unrelated,False,OK
NA4_LAG10_015_subplot,NA4_LAG10,4.0,10.0,subplot,6,affected,cascade,C2,True,unrelated,False,OK
NA4_LAG10_016_overlay,NA4_LAG10,4.0,10.0,overlay,1,affected,cascade,C3,False,affected,True,OK
NA4_LAG10_016_overlay,NA4_LAG10,4.0,10.0,overlay,3,affected,mild,C3,False,root,False,OK
NA4_LAG10_016_overlay,NA4_LAG10,4.0,10.0,overlay,4,unrelated,unrelated,,,affected,False,OK
NA4_LAG10_016_overlay,NA4_LAG10,4.0,10.0,overlay,5,affected,mild,C5,True,affected,True,OK
NA4_LAG10_016_overlay,NA4_LAG10,4.0,10.0,overlay,6,affected,cascade,C5,True,affected,True,OK
NA4_LAG10_016_subplot,NA4_LAG10,4.0,10.0,subplot,1,affected,cascade,C3,False,root,False,OK
NA4_LAG10_016_subplot,NA4_LAG10,4.0,10.0,subplot,3,affected,mild,C3,False,unrelated,False,OK
NA4_LAG10_016_subplot,NA4_LAG10,4.0,10.0,subplot,4,unrelated,unrelated,,,affected,False,OK
NA4_LAG10_016_subplot,NA4_LAG10,4.0,10.0,subplot,5,affected,mild,C5,True,unrelated,False,OK
NA4_LAG10_016_subplot,NA4_LAG10,4.0,10.0,subplot,6,affected,cascade,C5,True,affected,True,OK
NA4_LAG10_017_overlay,NA4_LAG10,4.0,10.0,overlay,1,affected,mild,C4,False,affected,True,OK
NA4_LAG10_017_overlay,NA4_LAG10,4.0,10.0,overlay,2,affected,cascade,C5,False,affected,True,OK
NA4_LAG10_017_overlay,NA4_LAG10,4.0,10.0,overlay,3,affected,mild,C1,True,affected,True,OK
NA4_LAG10_017_overlay,NA4_LAG10,4.0,10.0,overlay,4,unrelated,unrelated,,,affected,False,OK
NA4_LAG10_017_overlay,NA4_LAG10,4.0,10.0,overlay,5,affected,cascade,C1,True,affected,True,OK
NA4_LAG10_017_subplot,NA4_LAG10,4.0,10.0,subplot,1,affected,mild,C4,False,unrelated,False,OK
NA4_LAG10_017_subplot,NA4_LAG10,4.0,10.0,subplot,2,affected,cascade,C5,False,unrelated,False,OK
NA4_LAG10_017_subplot,NA4_LAG10,4.0,10.0,subplot,3,affected,mild,C1,True,unrelated,False,OK
NA4_LAG10_017_subplot,NA4_LAG10,4.0,10.0,subplot,4,unrelated,unrelated,,,unrelated,True,OK
NA4_LAG10_017_subplot,NA4_LAG10,4.0,10.0,subplot,5,affected,cascade,C1,True,root,False,OK
NA4_LAG10_018_overlay,NA4_LAG10,4.0,10.0,overlay,1,affected,mild,C4,True,unrelated,False,OK
NA4_LAG10_018_overlay,NA4_LAG10,4.0,10.0,overlay,2,affected,mild,C4,True,unrelated,False,OK
NA4_LAG10_018_overlay,NA4_LAG10,4.0,10.0,overlay,3,affected,mild,C4,True,unrelated,False,OK
NA4_LAG10_018_overlay,NA4_LAG10,4.0,10.0,overlay,4,unrelated,unrelated,,,affected,False,OK
NA4_LAG10_018_overlay,NA4_LAG10,4.0,10.0,overlay,6,affected,mild,C2,False,unrelated,False,OK
NA4_LAG10_018_subplot,NA4_LAG10,4.0,10.0,subplot,1,affected,mild,C4,True,unrelated,False,OK
NA4_LAG10_018_subplot,NA4_LAG10,4.0,10.0,subplot,2,affected,mild,C4,True,root,False,OK
NA4_LAG10_018_subplot,NA4_LAG10,4.0,10.0,subplot,3,affected,mild,C4,True,affected,True,OK
NA4_LAG10_018_subplot,NA4_LAG10,4.0,10.0,subplot,4,unrelated,unrelated,,,affected,False,OK
NA4_LAG10_018_subplot,NA4_LAG10,4.0,10.0,subplot,6,affected,mild,C2,False,affected,True,OK
NA4_LAG10_019_overlay,NA4_LAG10,4.0,10.0,overlay,1,affected,mild,C2,False,affected,True,OK
NA4_LAG10_019_overlay,NA4_LAG10,4.0,10.0,overlay,2,affected,cascade,C2,False,root,False,OK
NA4_LAG10_019_overlay,NA4_LAG10,4.0,10.0,overlay,3,affected,cascade,C3,False,affected,True,OK
NA4_LAG10_019_overlay,NA4_LAG10,4.0,10.0,overlay,4,affected,cascade,C4,False,affected,True,OK
NA4_LAG10_019_overlay,NA4_LAG10,4.0,10.0,overlay,6,unrelated,unrelated,,,affected,False,OK
NA4_LAG10_019_subplot,NA4_LAG10,4.0,10.0,subplot,1,affected,mild,C2,False,unrelated,False,OK
NA4_LAG10_019_subplot,NA4_LAG10,4.0,10.0,subplot,2,affected,cascade,C2,False,unrelated,False,OK
NA4_LAG10_019_subplot,NA4_LAG10,4.0,10.0,subplot,3,affected,cascade,C3,False,affected,True,OK
NA4_LAG10_019_subplot,NA4_LAG10,4.0,10.0,subplot,4,affected,cascade,C4,False,unrelated,False,OK
NA4_LAG10_019_subplot,NA4_LAG10,4.0,10.0,subplot,6,unrelated,unrelated,,,unrelated,True,OK
NA4_LAG10_020_overlay,NA4_LAG10,4.0,10.0,overlay,1,affected,cascade,C5,False,affected,True,OK
NA4_LAG10_020_overlay,NA4_LAG10,4.0,10.0,overlay,3,unrelated,unrelated,,,affected,False,OK
NA4_LAG10_020_overlay,NA4_LAG10,4.0,10.0,overlay,4,affected,mild,C4,True,unrelated,False,OK
NA4_LAG10_020_overlay,NA4_LAG10,4.0,10.0,overlay,5,affected,mild,C4,True,affected,True,OK
NA4_LAG10_020_overlay,NA4_LAG10,4.0,10.0,overlay,6,affected,cascade,C2,False,unrelated,False,OK
NA4_LAG10_020_subplot,NA4_LAG10,4.0,10.0,subplot,1,affected,cascade,C5,False,unlabeled,False,PARSE_ERROR
NA4_LAG10_020_subplot,NA4_LAG10,4.0,10.0,subplot,3,unrelated,unrelated,,,unlabeled,False,PARSE_ERROR
NA4_LAG10_020_subplot,NA4_LAG10,4.0,10.0,subplot,4,affected,mild,C4,True,unlabeled,False,PARSE_ERROR
NA4_LAG10_020_subplot,NA4_LAG10,4.0,10.0,subplot,5,affected,mild,C4,True,unlabeled,False,PARSE_ERROR
NA4_LAG10_020_subplot,NA4_LAG10,4.0,10.0,subplot,6,affected,cascade,C2,False,unlabeled,False,PARSE_ERROR
NA4_LAG10_021_overlay,NA4_LAG10,4.0,10.0,overlay,2,affected,mild,C4,True,affected,True,OK
NA4_LAG10_021_overlay,NA4_LAG10,4.0,10.0,overlay,3,affected,cascade,C4,True,affected,True,OK
NA4_LAG10_021_overlay,NA4_LAG10,4.0,10.0,overlay,4,unrelated,unrelated,,,affected,False,OK
NA4_LAG10_021_overlay,NA4_LAG10,4.0,10.0,overlay,5,affected,mild,C3,False,root,False,OK
NA4_LAG10_021_overlay,NA4_LAG10,4.0,10.0,overlay,6,affected,cascade,C4,True,affected,True,OK
NA4_LAG10_021_subplot,NA4_LAG10,4.0,10.0,subplot,2,affected,mild,C4,True,unrelated,False,OK
NA4_LAG10_021_subplot,NA4_LAG10,4.0,10.0,subplot,3,affected,cascade,C4,True,unrelated,False,OK
NA4_LAG10_021_subplot,NA4_LAG10,4.0,10.0,subplot,4,unrelated,unrelated,,,unrelated,True,OK
NA4_LAG10_021_subplot,NA4_LAG10,4.0,10.0,subplot,5,affected,mild,C3,False,unrelated,False,OK
NA4_LAG10_021_subplot,NA4_LAG10,4.0,10.0,subplot,6,affected,cascade,C4,True,unrelated,False,OK
NA4_LAG10_022_overlay,NA4_LAG10,4.0,10.0,overlay,1,affected,mild,C2,True,affected,True,OK
NA4_LAG10_022_overlay,NA4_LAG10,4.0,10.0,overlay,2,affected,mild,C4,False,affected,True,OK
NA4_LAG10_022_overlay,NA4_LAG10,4.0,10.0,overlay,3,affected,cascade,C5,False,affected,True,OK
NA4_LAG10_022_overlay,NA4_LAG10,4.0,10.0,overlay,4,affected,mild,C1,False,root,False,OK
NA4_LAG10_022_overlay,NA4_LAG10,4.0,10.0,overlay,6,unrelated,unrelated,,,unrelated,True,OK
NA4_LAG10_022_subplot,NA4_LAG10,4.0,10.0,subplot,1,affected,mild,C2,True,affected,True,OK
NA4_LAG10_022_subplot,NA4_LAG10,4.0,10.0,subplot,2,affected,mild,C4,False,affected,True,OK
NA4_LAG10_022_subplot,NA4_LAG10,4.0,10.0,subplot,3,affected,cascade,C5,False,affected,True,OK
NA4_LAG10_022_subplot,NA4_LAG10,4.0,10.0,subplot,4,affected,mild,C1,False,affected,True,OK
NA4_LAG10_022_subplot,NA4_LAG10,4.0,10.0,subplot,6,unrelated,unrelated,,,affected,False,OK
NA4_LAG10_023_overlay,NA4_LAG10,4.0,10.0,overlay,1,unrelated,unrelated,,,affected,False,OK
NA4_LAG10_023_overlay,NA4_LAG10,4.0,10.0,overlay,2,affected,mild,C5,True,affected,True,OK
NA4_LAG10_023_overlay,NA4_LAG10,4.0,10.0,overlay,3,affected,mild,C3,False,unrelated,False,OK
NA4_LAG10_023_overlay,NA4_LAG10,4.0,10.0,overlay,5,affected,mild,C2,False,affected,True,OK
NA4_LAG10_023_overlay,NA4_LAG10,4.0,10.0,overlay,6,affected,mild,C3,False,affected,True,OK
NA4_LAG10_023_subplot,NA4_LAG10,4.0,10.0,subplot,1,unrelated,unrelated,,,unrelated,True,OK
NA4_LAG10_023_subplot,NA4_LAG10,4.0,10.0,subplot,2,affected,mild,C5,True,affected,True,OK
NA4_LAG10_023_subplot,NA4_LAG10,4.0,10.0,subplot,3,affected,mild,C3,False,root,False,OK
NA4_LAG10_023_subplot,NA4_LAG10,4.0,10.0,subplot,5,affected,mild,C2,False,affected,True,OK
NA4_LAG10_023_subplot,NA4_LAG10,4.0,10.0,subplot,6,affected,mild,C3,False,unrelated,False,OK
NA4_LAG10_024_overlay,NA4_LAG10,4.0,10.0,overlay,1,affected,mild,C3,True,affected,True,OK
NA4_LAG10_024_overlay,NA4_LAG10,4.0,10.0,overlay,2,unrelated,unrelated,,,unrelated,True,OK
NA4_LAG10_024_overlay,NA4_LAG10,4.0,10.0,overlay,3,affected,mild,C4,False,affected,True,OK
NA4_LAG10_024_overlay,NA4_LAG10,4.0,10.0,overlay,4,affected,mild,C3,True,affected,True,OK
NA4_LAG10_024_overlay,NA4_LAG10,4.0,10.0,overlay,6,affected,mild,C3,True,affected,True,OK
NA4_LAG10_024_subplot,NA4_LAG10,4.0,10.0,subplot,1,affected,mild,C3,True,unrelated,False,OK
NA4_LAG10_024_subplot,NA4_LAG10,4.0,10.0,subplot,2,unrelated,unrelated,,,root,False,OK
NA4_LAG10_024_subplot,NA4_LAG10,4.0,10.0,subplot,3,affected,mild,C4,False,affected,True,OK
NA4_LAG10_024_subplot,NA4_LAG10,4.0,10.0,subplot,4,affected,mild,C3,True,affected,True,OK
NA4_LAG10_024_subplot,NA4_LAG10,4.0,10.0,subplot,6,affected,mild,C3,True,affected,True,OK
NA4_LAG10_025_overlay,NA4_LAG10,4.0,10.0,overlay,1,affected,cascade,C4,False,affected,True,OK
NA4_LAG10_025_overlay,NA4_LAG10,4.0,10.0,overlay,2,unrelated,unrelated,,,affected,False,OK
NA4_LAG10_025_overlay,NA4_LAG10,4.0,10.0,overlay,4,affected,mild,C2,True,affected,True,OK
NA4_LAG10_025_overlay,NA4_LAG10,4.0,10.0,overlay,5,affected,cascade,C3,False,affected,True,OK
NA4_LAG10_025_overlay,NA4_LAG10,4.0,10.0,overlay,6,affected,mild,C2,True,affected,True,OK
NA4_LAG10_025_subplot,NA4_LAG10,4.0,10.0,subplot,1,affected,cascade,C4,False,unrelated,False,OK
NA4_LAG10_025_subplot,NA4_LAG10,4.0,10.0,subplot,2,unrelated,unrelated,,,unrelated,True,OK
NA4_LAG10_025_subplot,NA4_LAG10,4.0,10.0,subplot,4,affected,mild,C2,True,unrelated,False,OK
NA4_LAG10_025_subplot,NA4_LAG10,4.0,10.0,subplot,5,affected,cascade,C3,False,affected,True,OK
NA4_LAG10_025_subplot,NA4_LAG10,4.0,10.0,subplot,6,affected,mild,C2,True,unrelated,False,OK
NA4_LAG10_026_overlay,NA4_LAG10,4.0,10.0,overlay,1,affected,mild,C3,False,root,False,OK
NA4_LAG10_026_overlay,NA4_LAG10,4.0,10.0,overlay,3,unrelated,unrelated,,,affected,False,OK
NA4_LAG10_026_overlay,NA4_LAG10,4.0,10.0,overlay,4,affected,mild,C5,True,affected,True,OK
NA4_LAG10_026_overlay,NA4_LAG10,4.0,10.0,overlay,5,affected,cascade,C5,True,affected,True,OK
NA4_LAG10_026_overlay,NA4_LAG10,4.0,10.0,overlay,6,affected,cascade,C1,False,unrelated,False,OK
NA4_LAG10_026_subplot,NA4_LAG10,4.0,10.0,subplot,1,affected,mild,C3,False,affected,True,OK
NA4_LAG10_026_subplot,NA4_LAG10,4.0,10.0,subplot,3,unrelated,unrelated,,,affected,False,OK
NA4_LAG10_026_subplot,NA4_LAG10,4.0,10.0,subplot,4,affected,mild,C5,True,affected,True,OK
NA4_LAG10_026_subplot,NA4_LAG10,4.0,10.0,subplot,5,affected,cascade,C5,True,affected,True,OK
NA4_LAG10_026_subplot,NA4_LAG10,4.0,10.0,subplot,6,affected,cascade,C1,False,affected,True,OK
NA4_LAG10_027_overlay,NA4_LAG10,4.0,10.0,overlay,1,affected,mild,C3,True,affected,True,OK
NA4_LAG10_027_overlay,NA4_LAG10,4.0,10.0,overlay,2,unrelated,unrelated,,,affected,False,OK
NA4_LAG10_027_overlay,NA4_LAG10,4.0,10.0,overlay,3,affected,mild,C5,False,affected,True,OK
NA4_LAG10_027_overlay,NA4_LAG10,4.0,10.0,overlay,4,affected,mild,C1,False,affected,True,OK
NA4_LAG10_027_overlay,NA4_LAG10,4.0,10.0,overlay,6,affected,mild,C3,True,affected,True,OK
NA4_LAG10_027_subplot,NA4_LAG10,4.0,10.0,subplot,1,affected,mild,C3,True,unrelated,False,OK
NA4_LAG10_027_subplot,NA4_LAG10,4.0,10.0,subplot,2,unrelated,unrelated,,,unrelated,True,OK
NA4_LAG10_027_subplot,NA4_LAG10,4.0,10.0,subplot,3,affected,mild,C5,False,unrelated,False,OK
NA4_LAG10_027_subplot,NA4_LAG10,4.0,10.0,subplot,4,affected,mild,C1,False,unrelated,False,OK
NA4_LAG10_027_subplot,NA4_LAG10,4.0,10.0,subplot,6,affected,mild,C3,True,unrelated,False,OK
NA4_LAG10_028_overlay,NA4_LAG10,4.0,10.0,overlay,1,affected,mild,C4,True,affected,True,OK
NA4_LAG10_028_overlay,NA4_LAG10,4.0,10.0,overlay,2,unrelated,unrelated,,,affected,False,OK
NA4_LAG10_028_overlay,NA4_LAG10,4.0,10.0,overlay,3,affected,cascade,C4,True,affected,True,OK
NA4_LAG10_028_overlay,NA4_LAG10,4.0,10.0,overlay,5,affected,cascade,C2,False,root,False,OK
NA4_LAG10_028_overlay,NA4_LAG10,4.0,10.0,overlay,6,affected,cascade,C4,True,affected,True,OK
NA4_LAG10_028_subplot,NA4_LAG10,4.0,10.0,subplot,1,affected,mild,C4,True,affected,True,OK
NA4_LAG10_028_subplot,NA4_LAG10,4.0,10.0,subplot,2,unrelated,unrelated,,,affected,False,OK
NA4_LAG10_028_subplot,NA4_LAG10,4.0,10.0,subplot,3,affected,cascade,C4,True,affected,True,OK
NA4_LAG10_028_subplot,NA4_LAG10,4.0,10.0,subplot,5,affected,cascade,C2,False,root,False,OK
NA4_LAG10_028_subplot,NA4_LAG10,4.0,10.0,subplot,6,affected,cascade,C4,True,affected,True,OK
NA4_LAG10_029_overlay,NA4_LAG10,4.0,10.0,overlay,2,affected,mild,C1,True,affected,True,OK
NA4_LAG10_029_overlay,NA4_LAG10,4.0,10.0,overlay,3,unrelated,unrelated,,,affected,False,OK
NA4_LAG10_029_overlay,NA4_LAG10,4.0,10.0,overlay,4,affected,mild,C5,False,affected,True,OK
NA4_LAG10_029_overlay,NA4_LAG10,4.0,10.0,overlay,5,affected,mild,C3,False,root,False,OK
NA4_LAG10_029_overlay,NA4_LAG10,4.0,10.0,overlay,6,affected,mild,C5,False,affected,True,OK
NA4_LAG10_029_subplot,NA4_LAG10,4.0,10.0,subplot,2,affected,mild,C1,True,affected,True,OK
NA4_LAG10_029_subplot,NA4_LAG10,4.0,10.0,subplot,3,unrelated,unrelated,,,affected,False,OK
NA4_LAG10_029_subplot,NA4_LAG10,4.0,10.0,subplot,4,affected,mild,C5,False,affected,True,OK
NA4_LAG10_029_subplot,NA4_LAG10,4.0,10.0,subplot,5,affected,mild,C3,False,root,False,OK
NA4_LAG10_029_subplot,NA4_LAG10,4.0,10.0,subplot,6,affected,mild,C5,False,affected,True,OK
NA4_LAG50_000_overlay,NA4_LAG50,4.0,50.0,overlay,1,unrelated,unrelated,,,affected,False,OK
NA4_LAG50_000_overlay,NA4_LAG50,4.0,50.0,overlay,2,affected,mild,C3,True,affected,True,OK
NA4_LAG50_000_overlay,NA4_LAG50,4.0,50.0,overlay,4,affected,mild,C3,True,affected,True,OK
NA4_LAG50_000_overlay,NA4_LAG50,4.0,50.0,overlay,5,affected,mild,C2,False,affected,True,OK
NA4_LAG50_000_overlay,NA4_LAG50,4.0,50.0,overlay,6,affected,cascade,C5,False,affected,True,OK
NA4_LAG50_000_subplot,NA4_LAG50,4.0,50.0,subplot,1,unrelated,unrelated,,,affected,False,OK
NA4_LAG50_000_subplot,NA4_LAG50,4.0,50.0,subplot,2,affected,mild,C3,True,affected,True,OK
NA4_LAG50_000_subplot,NA4_LAG50,4.0,50.0,subplot,4,affected,mild,C3,True,root,False,OK
NA4_LAG50_000_subplot,NA4_LAG50,4.0,50.0,subplot,5,affected,mild,C2,False,affected,True,OK
NA4_LAG50_000_subplot,NA4_LAG50,4.0,50.0,subplot,6,affected,cascade,C5,False,unrelated,False,OK
NA4_LAG50_001_overlay,NA4_LAG50,4.0,50.0,overlay,1,affected,cascade,C2,False,unrelated,False,OK
NA4_LAG50_001_overlay,NA4_LAG50,4.0,50.0,overlay,2,unrelated,unrelated,,,unrelated,True,OK
NA4_LAG50_001_overlay,NA4_LAG50,4.0,50.0,overlay,3,affected,mild,C3,False,root,False,OK
NA4_LAG50_001_overlay,NA4_LAG50,4.0,50.0,overlay,5,affected,cascade,C5,True,affected,True,OK
NA4_LAG50_001_overlay,NA4_LAG50,4.0,50.0,overlay,6,affected,cascade,C2,False,affected,True,OK
NA4_LAG50_001_subplot,NA4_LAG50,4.0,50.0,subplot,1,affected,cascade,C2,False,root,False,OK
NA4_LAG50_001_subplot,NA4_LAG50,4.0,50.0,subplot,2,unrelated,unrelated,,,unrelated,True,OK
NA4_LAG50_001_subplot,NA4_LAG50,4.0,50.0,subplot,3,affected,mild,C3,False,affected,True,OK
NA4_LAG50_001_subplot,NA4_LAG50,4.0,50.0,subplot,5,affected,cascade,C5,True,affected,True,OK
NA4_LAG50_001_subplot,NA4_LAG50,4.0,50.0,subplot,6,affected,cascade,C2,False,unrelated,False,OK
NA4_LAG50_002_overlay,NA4_LAG50,4.0,50.0,overlay,1,affected,cascade,C5,False,affected,True,OK
NA4_LAG50_002_overlay,NA4_LAG50,4.0,50.0,overlay,2,affected,mild,C2,True,affected,True,OK
NA4_LAG50_002_overlay,NA4_LAG50,4.0,50.0,overlay,3,affected,mild,C3,False,affected,True,OK
NA4_LAG50_002_overlay,NA4_LAG50,4.0,50.0,overlay,5,affected,cascade,C1,False,root,False,OK
NA4_LAG50_002_overlay,NA4_LAG50,4.0,50.0,overlay,6,unrelated,unrelated,,,affected,False,OK
NA4_LAG50_002_subplot,NA4_LAG50,4.0,50.0,subplot,1,affected,cascade,C5,False,affected,True,OK
NA4_LAG50_002_subplot,NA4_LAG50,4.0,50.0,subplot,2,affected,mild,C2,True,affected,True,OK
NA4_LAG50_002_subplot,NA4_LAG50,4.0,50.0,subplot,3,affected,mild,C3,False,affected,True,OK
NA4_LAG50_002_subplot,NA4_LAG50,4.0,50.0,subplot,5,affected,cascade,C1,False,unrelated,False,OK
NA4_LAG50_002_subplot,NA4_LAG50,4.0,50.0,subplot,6,unrelated,unrelated,,,affected,False,OK
NA4_LAG50_003_overlay,NA4_LAG50,4.0,50.0,overlay,1,affected,cascade,C5,False,unrelated,False,OK
NA4_LAG50_003_overlay,NA4_LAG50,4.0,50.0,overlay,2,affected,cascade,C1,True,unrelated,False,OK
NA4_LAG50_003_overlay,NA4_LAG50,4.0,50.0,overlay,3,affected,mild,C1,True,unrelated,False,OK
NA4_LAG50_003_overlay,NA4_LAG50,4.0,50.0,overlay,5,affected,mild,C4,False,affected,True,OK
NA4_LAG50_003_overlay,NA4_LAG50,4.0,50.0,overlay,6,unrelated,unrelated,,,affected,False,OK
NA4_LAG50_003_subplot,NA4_LAG50,4.0,50.0,subplot,1,affected,cascade,C5,False,affected,True,OK
NA4_LAG50_003_subplot,NA4_LAG50,4.0,50.0,subplot,2,affected,cascade,C1,True,unrelated,False,OK
NA4_LAG50_003_subplot,NA4_LAG50,4.0,50.0,subplot,3,affected,mild,C1,True,affected,True,OK
NA4_LAG50_003_subplot,NA4_LAG50,4.0,50.0,subplot,5,affected,mild,C4,False,root,False,OK
NA4_LAG50_003_subplot,NA4_LAG50,4.0,50.0,subplot,6,unrelated,unrelated,,,unrelated,True,OK
NA4_LAG50_004_overlay,NA4_LAG50,4.0,50.0,overlay,1,affected,cascade,C2,True,unrelated,False,OK
NA4_LAG50_004_overlay,NA4_LAG50,4.0,50.0,overlay,2,affected,mild,C5,False,unrelated,False,OK
NA4_LAG50_004_overlay,NA4_LAG50,4.0,50.0,overlay,3,affected,mild,C5,False,unrelated,False,OK
NA4_LAG50_004_overlay,NA4_LAG50,4.0,50.0,overlay,5,affected,cascade,C2,True,unrelated,False,OK
NA4_LAG50_004_overlay,NA4_LAG50,4.0,50.0,overlay,6,unrelated,unrelated,,,unrelated,True,OK
NA4_LAG50_004_subplot,NA4_LAG50,4.0,50.0,subplot,1,affected,cascade,C2,True,root,False,OK
NA4_LAG50_004_subplot,NA4_LAG50,4.0,50.0,subplot,2,affected,mild,C5,False,unrelated,False,OK
NA4_LAG50_004_subplot,NA4_LAG50,4.0,50.0,subplot,3,affected,mild,C5,False,unrelated,False,OK
NA4_LAG50_004_subplot,NA4_LAG50,4.0,50.0,subplot,5,affected,cascade,C2,True,affected,True,OK
NA4_LAG50_004_subplot,NA4_LAG50,4.0,50.0,subplot,6,unrelated,unrelated,,,unrelated,True,OK
NA4_LAG50_005_overlay,NA4_LAG50,4.0,50.0,overlay,1,affected,cascade,C5,False,affected,True,OK
NA4_LAG50_005_overlay,NA4_LAG50,4.0,50.0,overlay,2,affected,mild,C3,False,unrelated,False,OK
NA4_LAG50_005_overlay,NA4_LAG50,4.0,50.0,overlay,3,affected,cascade,C1,False,root,False,OK
NA4_LAG50_005_overlay,NA4_LAG50,4.0,50.0,overlay,4,affected,cascade,C4,True,affected,True,OK
NA4_LAG50_005_overlay,NA4_LAG50,4.0,50.0,overlay,6,unrelated,unrelated,,,affected,False,OK
NA4_LAG50_005_subplot,NA4_LAG50,4.0,50.0,subplot,1,affected,cascade,C5,False,unrelated,False,OK
NA4_LAG50_005_subplot,NA4_LAG50,4.0,50.0,subplot,2,affected,mild,C3,False,unrelated,False,OK
NA4_LAG50_005_subplot,NA4_LAG50,4.0,50.0,subplot,3,affected,cascade,C1,False,affected,True,OK
NA4_LAG50_005_subplot,NA4_LAG50,4.0,50.0,subplot,4,affected,cascade,C4,True,affected,True,OK
NA4_LAG50_005_subplot,NA4_LAG50,4.0,50.0,subplot,6,unrelated,unrelated,,,unrelated,True,OK
NA4_LAG50_006_overlay,NA4_LAG50,4.0,50.0,overlay,1,affected,mild,C3,False,affected,True,OK
NA4_LAG50_006_overlay,NA4_LAG50,4.0,50.0,overlay,3,affected,mild,C5,False,affected,True,OK
NA4_LAG50_006_overlay,NA4_LAG50,4.0,50.0,overlay,4,affected,cascade,C4,False,root,False,OK
NA4_LAG50_006_overlay,NA4_LAG50,4.0,50.0,overlay,5,affected,mild,C4,False,affected,True,OK
NA4_LAG50_006_overlay,NA4_LAG50,4.0,50.0,overlay,6,unrelated,unrelated,,,affected,False,OK
NA4_LAG50_006_subplot,NA4_LAG50,4.0,50.0,subplot,1,affected,mild,C3,False,affected,True,OK
NA4_LAG50_006_subplot,NA4_LAG50,4.0,50.0,subplot,3,affected,mild,C5,False,unrelated,False,OK
NA4_LAG50_006_subplot,NA4_LAG50,4.0,50.0,subplot,4,affected,cascade,C4,False,affected,True,OK
NA4_LAG50_006_subplot,NA4_LAG50,4.0,50.0,subplot,5,affected,mild,C4,False,unrelated,False,OK
NA4_LAG50_006_subplot,NA4_LAG50,4.0,50.0,subplot,6,unrelated,unrelated,,,unrelated,True,OK
NA4_LAG50_007_overlay,NA4_LAG50,4.0,50.0,overlay,2,affected,cascade,C4,True,affected,True,OK
NA4_LAG50_007_overlay,NA4_LAG50,4.0,50.0,overlay,3,affected,cascade,C4,True,affected,True,OK
NA4_LAG50_007_overlay,NA4_LAG50,4.0,50.0,overlay,4,unrelated,unrelated,,,affected,False,OK
NA4_LAG50_007_overlay,NA4_LAG50,4.0,50.0,overlay,5,affected,mild,C3,False,root,False,OK
NA4_LAG50_007_overlay,NA4_LAG50,4.0,50.0,overlay,6,affected,cascade,C4,True,affected,True,OK
NA4_LAG50_007_subplot,NA4_LAG50,4.0,50.0,subplot,2,affected,cascade,C4,True,unrelated,False,OK
NA4_LAG50_007_subplot,NA4_LAG50,4.0,50.0,subplot,3,affected,cascade,C4,True,unrelated,False,OK
NA4_LAG50_007_subplot,NA4_LAG50,4.0,50.0,subplot,4,unrelated,unrelated,,,unrelated,True,OK
NA4_LAG50_007_subplot,NA4_LAG50,4.0,50.0,subplot,5,affected,mild,C3,False,unrelated,False,OK
NA4_LAG50_007_subplot,NA4_LAG50,4.0,50.0,subplot,6,affected,cascade,C4,True,unrelated,False,OK
NA4_LAG50_008_overlay,NA4_LAG50,4.0,50.0,overlay,1,affected,cascade,C4,True,affected,True,OK
NA4_LAG50_008_overlay,NA4_LAG50,4.0,50.0,overlay,2,affected,mild,C4,True,affected,True,OK
NA4_LAG50_008_overlay,NA4_LAG50,4.0,50.0,overlay,4,affected,cascade,C4,True,affected,True,OK
NA4_LAG50_008_overlay,NA4_LAG50,4.0,50.0,overlay,5,affected,cascade,C3,False,unrelated,False,OK
NA4_LAG50_008_overlay,NA4_LAG50,4.0,50.0,overlay,6,unrelated,unrelated,,,unrelated,True,OK
NA4_LAG50_008_subplot,NA4_LAG50,4.0,50.0,subplot,1,affected,cascade,C4,True,unrelated,False,OK
NA4_LAG50_008_subplot,NA4_LAG50,4.0,50.0,subplot,2,affected,mild,C4,True,root,False,OK
NA4_LAG50_008_subplot,NA4_LAG50,4.0,50.0,subplot,4,affected,cascade,C4,True,affected,True,OK
NA4_LAG50_008_subplot,NA4_LAG50,4.0,50.0,subplot,5,affected,cascade,C3,False,unrelated,False,OK
NA4_LAG50_008_subplot,NA4_LAG50,4.0,50.0,subplot,6,unrelated,unrelated,,,unrelated,True,OK
NA4_LAG50_009_overlay,NA4_LAG50,4.0,50.0,overlay,1,unrelated,unrelated,,,affected,False,OK
NA4_LAG50_009_overlay,NA4_LAG50,4.0,50.0,overlay,2,affected,cascade,C2,True,affected,True,OK
NA4_LAG50_009_overlay,NA4_LAG50,4.0,50.0,overlay,3,affected,cascade,C2,True,affected,True,OK
NA4_LAG50_009_overlay,NA4_LAG50,4.0,50.0,overlay,4,affected,cascade,C2,True,affected,True,OK
NA4_LAG50_009_overlay,NA4_LAG50,4.0,50.0,overlay,6,affected,cascade,C5,False,affected,True,OK
NA4_LAG50_009_subplot,NA4_LAG50,4.0,50.0,subplot,1,unrelated,unrelated,,,unrelated,True,OK
NA4_LAG50_009_subplot,NA4_LAG50,4.0,50.0,subplot,2,affected,cascade,C2,True,affected,True,OK
NA4_LAG50_009_subplot,NA4_LAG50,4.0,50.0,subplot,3,affected,cascade,C2,True,affected,True,OK
NA4_LAG50_009_subplot,NA4_LAG50,4.0,50.0,subplot,4,affected,cascade,C2,True,root,False,OK
NA4_LAG50_009_subplot,NA4_LAG50,4.0,50.0,subplot,6,affected,cascade,C5,False,unrelated,False,OK
NA4_LAG50_010_overlay,NA4_LAG50,4.0,50.0,overlay,1,affected,cascade,C5,True,affected,True,OK
NA4_LAG50_010_overlay,NA4_LAG50,4.0,50.0,overlay,2,unrelated,unrelated,,,affected,False,OK
NA4_LAG50_010_overlay,NA4_LAG50,4.0,50.0,overlay,4,affected,mild,C1,False,root,False,OK
NA4_LAG50_010_overlay,NA4_LAG50,4.0,50.0,overlay,5,affected,cascade,C4,False,affected,True,OK
NA4_LAG50_010_overlay,NA4_LAG50,4.0,50.0,overlay,6,affected,mild,C5,True,affected,True,OK
NA4_LAG50_010_subplot,NA4_LAG50,4.0,50.0,subplot,1,affected,cascade,C5,True,unrelated,False,OK
NA4_LAG50_010_subplot,NA4_LAG50,4.0,50.0,subplot,2,unrelated,unrelated,,,unrelated,True,OK
NA4_LAG50_010_subplot,NA4_LAG50,4.0,50.0,subplot,4,affected,mild,C1,False,unrelated,False,OK
NA4_LAG50_010_subplot,NA4_LAG50,4.0,50.0,subplot,5,affected,cascade,C4,False,unrelated,False,OK
NA4_LAG50_010_subplot,NA4_LAG50,4.0,50.0,subplot,6,affected,mild,C5,True,unrelated,False,OK
NA4_LAG50_011_overlay,NA4_LAG50,4.0,50.0,overlay,1,affected,mild,C1,False,affected,True,OK
NA4_LAG50_011_overlay,NA4_LAG50,4.0,50.0,overlay,2,affected,mild,C2,True,affected,True,OK
NA4_LAG50_011_overlay,NA4_LAG50,4.0,50.0,overlay,3,affected,cascade,C5,False,affected,True,OK
NA4_LAG50_011_overlay,NA4_LAG50,4.0,50.0,overlay,4,affected,cascade,C1,False,affected,True,OK
NA4_LAG50_011_overlay,NA4_LAG50,4.0,50.0,overlay,6,unrelated,unrelated,,,affected,False,OK
NA4_LAG50_011_subplot,NA4_LAG50,4.0,50.0,subplot,1,affected,mild,C1,False,affected,True,OK
NA4_LAG50_011_subplot,NA4_LAG50,4.0,50.0,subplot,2,affected,mild,C2,True,affected,True,OK
NA4_LAG50_011_subplot,NA4_LAG50,4.0,50.0,subplot,3,affected,cascade,C5,False,affected,True,OK
NA4_LAG50_011_subplot,NA4_LAG50,4.0,50.0,subplot,4,affected,cascade,C1,False,root,False,OK
NA4_LAG50_011_subplot,NA4_LAG50,4.0,50.0,subplot,6,unrelated,unrelated,,,affected,False,OK
NA4_LAG50_012_overlay,NA4_LAG50,4.0,50.0,overlay,1,affected,mild,C2,True,affected,True,OK
NA4_LAG50_012_overlay,NA4_LAG50,4.0,50.0,overlay,2,affected,cascade,C2,True,unrelated,False,OK
NA4_LAG50_012_overlay,NA4_LAG50,4.0,50.0,overlay,3,affected,mild,C1,False,affected,True,OK
NA4_LAG50_012_overlay,NA4_LAG50,4.0,50.0,overlay,4,unrelated,unrelated,,,affected,False,OK
NA4_LAG50_012_overlay,NA4_LAG50,4.0,50.0,overlay,5,affected,mild,C4,False,affected,True,OK
NA4_LAG50_012_subplot,NA4_LAG50,4.0,50.0,subplot,1,affected,mild,C2,True,unrelated,False,OK
NA4_LAG50_012_subplot,NA4_LAG50,4.0,50.0,subplot,2,affected,cascade,C2,True,root,False,OK
NA4_LAG50_012_subplot,NA4_LAG50,4.0,50.0,subplot,3,affected,mild,C1,False,unrelated,False,OK
NA4_LAG50_012_subplot,NA4_LAG50,4.0,50.0,subplot,4,unrelated,unrelated,,,affected,False,OK
NA4_LAG50_012_subplot,NA4_LAG50,4.0,50.0,subplot,5,affected,mild,C4,False,affected,True,OK
NA4_LAG50_013_overlay,NA4_LAG50,4.0,50.0,overlay,1,affected,cascade,C3,True,unrelated,False,OK
NA4_LAG50_013_overlay,NA4_LAG50,4.0,50.0,overlay,3,unrelated,unrelated,,,unrelated,True,OK
NA4_LAG50_013_overlay,NA4_LAG50,4.0,50.0,overlay,4,affected,mild,C3,True,root,False,OK
NA4_LAG50_013_overlay,NA4_LAG50,4.0,50.0,overlay,5,affected,cascade,C3,True,affected,True,OK
NA4_LAG50_013_overlay,NA4_LAG50,4.0,50.0,overlay,6,affected,mild,C3,True,unrelated,False,OK
NA4_LAG50_013_subplot,NA4_LAG50,4.0,50.0,subplot,1,affected,cascade,C3,True,affected,True,OK
NA4_LAG50_013_subplot,NA4_LAG50,4.0,50.0,subplot,3,unrelated,unrelated,,,affected,False,OK
NA4_LAG50_013_subplot,NA4_LAG50,4.0,50.0,subplot,4,affected,mild,C3,True,root,False,OK
NA4_LAG50_013_subplot,NA4_LAG50,4.0,50.0,subplot,5,affected,cascade,C3,True,unrelated,False,OK
NA4_LAG50_013_subplot,NA4_LAG50,4.0,50.0,subplot,6,affected,mild,C3,True,affected,True,OK
NA4_LAG50_014_overlay,NA4_LAG50,4.0,50.0,overlay,1,affected,cascade,C5,True,affected,True,OK
NA4_LAG50_014_overlay,NA4_LAG50,4.0,50.0,overlay,2,affected,mild,C5,True,affected,True,OK
NA4_LAG50_014_overlay,NA4_LAG50,4.0,50.0,overlay,3,affected,mild,C2,False,affected,True,OK
NA4_LAG50_014_overlay,NA4_LAG50,4.0,50.0,overlay,4,affected,mild,C2,False,affected,True,OK
NA4_LAG50_014_overlay,NA4_LAG50,4.0,50.0,overlay,6,unrelated,unrelated,,,affected,False,OK
NA4_LAG50_014_subplot,NA4_LAG50,4.0,50.0,subplot,1,affected,cascade,C5,True,unrelated,False,OK
NA4_LAG50_014_subplot,NA4_LAG50,4.0,50.0,subplot,2,affected,mild,C5,True,unrelated,False,OK
NA4_LAG50_014_subplot,NA4_LAG50,4.0,50.0,subplot,3,affected,mild,C2,False,unrelated,False,OK
NA4_LAG50_014_subplot,NA4_LAG50,4.0,50.0,subplot,4,affected,mild,C2,False,unrelated,False,OK
NA4_LAG50_014_subplot,NA4_LAG50,4.0,50.0,subplot,6,unrelated,unrelated,,,unrelated,True,OK
NA4_LAG50_015_overlay,NA4_LAG50,4.0,50.0,overlay,1,affected,mild,C1,True,affected,True,OK
NA4_LAG50_015_overlay,NA4_LAG50,4.0,50.0,overlay,2,unrelated,unrelated,,,affected,False,OK
NA4_LAG50_015_overlay,NA4_LAG50,4.0,50.0,overlay,3,affected,cascade,C1,True,affected,True,OK
NA4_LAG50_015_overlay,NA4_LAG50,4.0,50.0,overlay,5,affected,cascade,C1,True,root,False,OK
NA4_LAG50_015_overlay,NA4_LAG50,4.0,50.0,overlay,6,affected,cascade,C3,False,unrelated,False,OK
NA4_LAG50_015_subplot,NA4_LAG50,4.0,50.0,subplot,1,affected,mild,C1,True,affected,True,OK
NA4_LAG50_015_subplot,NA4_LAG50,4.0,50.0,subplot,2,unrelated,unrelated,,,affected,False,OK
NA4_LAG50_015_subplot,NA4_LAG50,4.0,50.0,subplot,3,affected,cascade,C1,True,root,False,OK
NA4_LAG50_015_subplot,NA4_LAG50,4.0,50.0,subplot,5,affected,cascade,C1,True,affected,True,OK
NA4_LAG50_015_subplot,NA4_LAG50,4.0,50.0,subplot,6,affected,cascade,C3,False,unrelated,False,OK
NA4_LAG50_016_overlay,NA4_LAG50,4.0,50.0,overlay,1,affected,cascade,C3,False,root,False,OK
NA4_LAG50_016_overlay,NA4_LAG50,4.0,50.0,overlay,2,affected,mild,C1,False,affected,True,OK
NA4_LAG50_016_overlay,NA4_LAG50,4.0,50.0,overlay,3,affected,mild,C4,True,affected,True,OK
NA4_LAG50_016_overlay,NA4_LAG50,4.0,50.0,overlay,4,unrelated,unrelated,,,affected,False,OK
NA4_LAG50_016_overlay,NA4_LAG50,4.0,50.0,overlay,6,affected,cascade,C4,True,affected,True,OK
NA4_LAG50_016_subplot,NA4_LAG50,4.0,50.0,subplot,1,affected,cascade,C3,False,unrelated,False,OK
NA4_LAG50_016_subplot,NA4_LAG50,4.0,50.0,subplot,2,affected,mild,C1,False,unrelated,False,OK
NA4_LAG50_016_subplot,NA4_LAG50,4.0,50.0,subplot,3,affected,mild,C4,True,root,False,OK
NA4_LAG50_016_subplot,NA4_LAG50,4.0,50.0,subplot,4,unrelated,unrelated,,,affected,False,OK
NA4_LAG50_016_subplot,NA4_LAG50,4.0,50.0,subplot,6,affected,cascade,C4,True,affected,True,OK
NA4_LAG50_017_overlay,NA4_LAG50,4.0,50.0,overlay,1,affected,mild,C2,False,affected,True,OK
NA4_LAG50_017_overlay,NA4_LAG50,4.0,50.0,overlay,2,affected,cascade,C2,False,root,False,OK
NA4_LAG50_017_overlay,NA4_LAG50,4.0,50.0,overlay,3,affected,mild,C5,True,affected,True,OK
NA4_LAG50_017_overlay,NA4_LAG50,4.0,50.0,overlay,4,unrelated,unrelated,,,affected,False,OK
NA4_LAG50_017_overlay,NA4_LAG50,4.0,50.0,overlay,6,affected,mild,C2,False,affected,True,OK
NA4_LAG50_017_subplot,NA4_LAG50,4.0,50.0,subplot,1,affected,mild,C2,False,unrelated,False,OK
NA4_LAG50_017_subplot,NA4_LAG50,4.0,50.0,subplot,2,affected,cascade,C2,False,affected,True,OK
NA4_LAG50_017_subplot,NA4_LAG50,4.0,50.0,subplot,3,affected,mild,C5,True,unrelated,False,OK
NA4_LAG50_017_subplot,NA4_LAG50,4.0,50.0,subplot,4,unrelated,unrelated,,,unrelated,True,OK
NA4_LAG50_017_subplot,NA4_LAG50,4.0,50.0,subplot,6,affected,mild,C2,False,unrelated,False,OK
NA4_LAG50_018_overlay,NA4_LAG50,4.0,50.0,overlay,1,affected,cascade,C4,True,unrelated,False,OK
NA4_LAG50_018_overlay,NA4_LAG50,4.0,50.0,overlay,3,affected,cascade,C4,True,unrelated,False,OK
NA4_LAG50_018_overlay,NA4_LAG50,4.0,50.0,overlay,4,unrelated,unrelated,,,affected,False,OK
NA4_LAG50_018_overlay,NA4_LAG50,4.0,50.0,overlay,5,affected,mild,C4,True,affected,True,OK
NA4_LAG50_018_overlay,NA4_LAG50,4.0,50.0,overlay,6,affected,mild,C4,True,affected,True,OK
NA4_LAG50_018_subplot,NA4_LAG50,4.0,50.0,subplot,1,affected,cascade,C4,True,unrelated,False,OK
NA4_LAG50_018_subplot,NA4_LAG50,4.0,50.0,subplot,3,affected,cascade,C4,True,unrelated,False,OK
NA4_LAG50_018_subplot,NA4_LAG50,4.0,50.0,subplot,4,unrelated,unrelated,,,unrelated,True,OK
NA4_LAG50_018_subplot,NA4_LAG50,4.0,50.0,subplot,5,affected,mild,C4,True,unrelated,False,OK
NA4_LAG50_018_subplot,NA4_LAG50,4.0,50.0,subplot,6,affected,mild,C4,True,unrelated,False,OK
NA4_LAG50_019_overlay,NA4_LAG50,4.0,50.0,overlay,1,affected,mild,C3,False,unrelated,False,OK
NA4_LAG50_019_overlay,NA4_LAG50,4.0,50.0,overlay,2,affected,cascade,C4,False,root,False,OK
NA4_LAG50_019_overlay,NA4_LAG50,4.0,50.0,overlay,3,affected,mild,C5,True,affected,True,OK
NA4_LAG50_019_overlay,NA4_LAG50,4.0,50.0,overlay,5,unrelated,unrelated,,,affected,False,OK
NA4_LAG50_019_overlay,NA4_LAG50,4.0,50.0,overlay,6,affected,cascade,C5,True,affected,True,OK
NA4_LAG50_019_subplot,NA4_LAG50,4.0,50.0,subplot,1,affected,mild,C3,False,affected,True,OK
NA4_LAG50_019_subplot,NA4_LAG50,4.0,50.0,subplot,2,affected,cascade,C4,False,affected,True,OK
NA4_LAG50_019_subplot,NA4_LAG50,4.0,50.0,subplot,3,affected,mild,C5,True,affected,True,OK
NA4_LAG50_019_subplot,NA4_LAG50,4.0,50.0,subplot,5,unrelated,unrelated,,,affected,False,OK
NA4_LAG50_019_subplot,NA4_LAG50,4.0,50.0,subplot,6,affected,cascade,C5,True,affected,True,OK
NA4_LAG50_020_overlay,NA4_LAG50,4.0,50.0,overlay,1,affected,cascade,C1,True,unrelated,False,OK
NA4_LAG50_020_overlay,NA4_LAG50,4.0,50.0,overlay,2,affected,mild,C5,False,unrelated,False,OK
NA4_LAG50_020_overlay,NA4_LAG50,4.0,50.0,overlay,3,affected,mild,C5,False,unrelated,False,OK
NA4_LAG50_020_overlay,NA4_LAG50,4.0,50.0,overlay,5,unrelated,unrelated,,,unrelated,True,OK
NA4_LAG50_020_overlay,NA4_LAG50,4.0,50.0,overlay,6,affected,mild,C1,True,affected,True,OK
NA4_LAG50_020_subplot,NA4_LAG50,4.0,50.0,subplot,1,affected,cascade,C1,True,affected,True,OK
NA4_LAG50_020_subplot,NA4_LAG50,4.0,50.0,subplot,2,affected,mild,C5,False,root,False,OK
NA4_LAG50_020_subplot,NA4_LAG50,4.0,50.0,subplot,3,affected,mild,C5,False,affected,True,OK
NA4_LAG50_020_subplot,NA4_LAG50,4.0,50.0,subplot,5,unrelated,unrelated,,,affected,False,OK
NA4_LAG50_020_subplot,NA4_LAG50,4.0,50.0,subplot,6,affected,mild,C1,True,unrelated,False,OK
NA4_LAG50_021_overlay,NA4_LAG50,4.0,50.0,overlay,1,unrelated,unrelated,,,affected,False,OK
NA4_LAG50_021_overlay,NA4_LAG50,4.0,50.0,overlay,2,affected,cascade,C4,False,affected,True,OK
NA4_LAG50_021_overlay,NA4_LAG50,4.0,50.0,overlay,4,affected,mild,C2,True,affected,True,OK
NA4_LAG50_021_overlay,NA4_LAG50,4.0,50.0,overlay,5,affected,cascade,C2,True,unrelated,False,OK
NA4_LAG50_021_overlay,NA4_LAG50,4.0,50.0,overlay,6,affected,mild,C5,False,affected,True,OK
NA4_LAG50_021_subplot,NA4_LAG50,4.0,50.0,subplot,1,unrelated,unrelated,,,affected,False,OK
NA4_LAG50_021_subplot,NA4_LAG50,4.0,50.0,subplot,2,affected,cascade,C4,False,affected,True,OK
NA4_LAG50_021_subplot,NA4_LAG50,4.0,50.0,subplot,4,affected,mild,C2,True,affected,True,OK
NA4_LAG50_021_subplot,NA4_LAG50,4.0,50.0,subplot,5,affected,cascade,C2,True,root,False,OK
NA4_LAG50_021_subplot,NA4_LAG50,4.0,50.0,subplot,6,affected,mild,C5,False,affected,True,OK
NA4_LAG50_022_overlay,NA4_LAG50,4.0,50.0,overlay,1,unrelated,unrelated,,,unrelated,True,OK
NA4_LAG50_022_overlay,NA4_LAG50,4.0,50.0,overlay,2,affected,cascade,C3,False,root,False,OK
NA4_LAG50_022_overlay,NA4_LAG50,4.0,50.0,overlay,3,affected,mild,C1,False,unrelated,False,OK
NA4_LAG50_022_overlay,NA4_LAG50,4.0,50.0,overlay,4,affected,cascade,C5,True,unrelated,False,OK
NA4_LAG50_022_overlay,NA4_LAG50,4.0,50.0,overlay,6,affected,mild,C5,True,unrelated,False,OK
NA4_LAG50_022_subplot,NA4_LAG50,4.0,50.0,subplot,1,unrelated,unrelated,,,affected,False,OK
NA4_LAG50_022_subplot,NA4_LAG50,4.0,50.0,subplot,2,affected,cascade,C3,False,affected,True,OK
NA4_LAG50_022_subplot,NA4_LAG50,4.0,50.0,subplot,3,affected,mild,C1,False,affected,True,OK
NA4_LAG50_022_subplot,NA4_LAG50,4.0,50.0,subplot,4,affected,cascade,C5,True,root,False,OK
NA4_LAG50_022_subplot,NA4_LAG50,4.0,50.0,subplot,6,affected,mild,C5,True,affected,True,OK
NA4_LAG50_023_overlay,NA4_LAG50,4.0,50.0,overlay,2,affected,cascade,C2,True,unrelated,False,OK
NA4_LAG50_023_overlay,NA4_LAG50,4.0,50.0,overlay,3,affected,mild,C3,False,unrelated,False,OK
NA4_LAG50_023_overlay,NA4_LAG50,4.0,50.0,overlay,4,unrelated,unrelated,,,root,False,OK
NA4_LAG50_023_overlay,NA4_LAG50,4.0,50.0,overlay,5,affected,mild,C4,False,affected,True,OK
NA4_LAG50_023_overlay,NA4_LAG50,4.0,50.0,overlay,6,affected,cascade,C3,False,affected,True,OK
NA4_LAG50_023_subplot,NA4_LAG50,4.0,50.0,subplot,2,affected,cascade,C2,True,root,False,OK
NA4_LAG50_023_subplot,NA4_LAG50,4.0,50.0,subplot,3,affected,mild,C3,False,affected,True,OK
NA4_LAG50_023_subplot,NA4_LAG50,4.0,50.0,subplot,4,unrelated,unrelated,,,affected,False,OK
NA4_LAG50_023_subplot,NA4_LAG50,4.0,50.0,subplot,5,affected,mild,C4,False,unrelated,False,OK
NA4_LAG50_023_subplot,NA4_LAG50,4.0,50.0,subplot,6,affected,cascade,C3,False,unrelated,False,OK
NA4_LAG50_024_overlay,NA4_LAG50,4.0,50.0,overlay,1,affected,mild,C5,True,unrelated,False,OK
NA4_LAG50_024_overlay,NA4_LAG50,4.0,50.0,overlay,2,affected,cascade,C5,True,unrelated,False,OK
NA4_LAG50_024_overlay,NA4_LAG50,4.0,50.0,overlay,3,affected,cascade,C5,True,unrelated,False,OK
NA4_LAG50_024_overlay,NA4_LAG50,4.0,50.0,overlay,4,unrelated,unrelated,,,unrelated,True,OK
NA4_LAG50_024_overlay,NA4_LAG50,4.0,50.0,overlay,6,affected,mild,C5,True,unrelated,False,OK
NA4_LAG50_024_subplot,NA4_LAG50,4.0,50.0,subplot,1,affected,mild,C5,True,unrelated,False,OK
NA4_LAG50_024_subplot,NA4_LAG50,4.0,50.0,subplot,2,affected,cascade,C5,True,root,False,OK
NA4_LAG50_024_subplot,NA4_LAG50,4.0,50.0,subplot,3,affected,cascade,C5,True,affected,True,OK
NA4_LAG50_024_subplot,NA4_LAG50,4.0,50.0,subplot,4,unrelated,unrelated,,,affected,False,OK
NA4_LAG50_024_subplot,NA4_LAG50,4.0,50.0,subplot,6,affected,mild,C5,True,unrelated,False,OK
NA4_LAG50_025_overlay,NA4_LAG50,4.0,50.0,overlay,2,unrelated,unrelated,,,affected,False,OK
NA4_LAG50_025_overlay,NA4_LAG50,4.0,50.0,overlay,3,affected,cascade,C3,False,root,False,OK
NA4_LAG50_025_overlay,NA4_LAG50,4.0,50.0,overlay,4,affected,mild,C5,True,affected,True,OK
NA4_LAG50_025_overlay,NA4_LAG50,4.0,50.0,overlay,5,affected,mild,C5,True,affected,True,OK
NA4_LAG50_025_overlay,NA4_LAG50,4.0,50.0,overlay,6,affected,cascade,C5,True,affected,True,OK
NA4_LAG50_025_subplot,NA4_LAG50,4.0,50.0,subplot,2,unrelated,unrelated,,,unrelated,True,OK
NA4_LAG50_025_subplot,NA4_LAG50,4.0,50.0,subplot,3,affected,cascade,C3,False,unrelated,False,OK
NA4_LAG50_025_subplot,NA4_LAG50,4.0,50.0,subplot,4,affected,mild,C5,True,unrelated,False,OK
NA4_LAG50_025_subplot,NA4_LAG50,4.0,50.0,subplot,5,affected,mild,C5,True,unrelated,False,OK
NA4_LAG50_025_subplot,NA4_LAG50,4.0,50.0,subplot,6,affected,cascade,C5,True,unrelated,False,OK
NA4_LAG50_026_overlay,NA4_LAG50,4.0,50.0,overlay,1,affected,cascade,C1,False,affected,True,OK
NA4_LAG50_026_overlay,NA4_LAG50,4.0,50.0,overlay,2,unrelated,unrelated,,,affected,False,OK
NA4_LAG50_026_overlay,NA4_LAG50,4.0,50.0,overlay,4,affected,cascade,C3,False,affected,True,OK
NA4_LAG50_026_overlay,NA4_LAG50,4.0,50.0,overlay,5,affected,mild,C5,False,affected,True,OK
NA4_LAG50_026_overlay,NA4_LAG50,4.0,50.0,overlay,6,affected,cascade,C4,True,unrelated,False,OK
NA4_LAG50_026_subplot,NA4_LAG50,4.0,50.0,subplot,1,affected,cascade,C1,False,affected,True,OK
NA4_LAG50_026_subplot,NA4_LAG50,4.0,50.0,subplot,2,unrelated,unrelated,,,root,False,OK
NA4_LAG50_026_subplot,NA4_LAG50,4.0,50.0,subplot,4,affected,cascade,C3,False,unrelated,False,OK
NA4_LAG50_026_subplot,NA4_LAG50,4.0,50.0,subplot,5,affected,mild,C5,False,affected,True,OK
NA4_LAG50_026_subplot,NA4_LAG50,4.0,50.0,subplot,6,affected,cascade,C4,True,affected,True,OK
NA4_LAG50_027_overlay,NA4_LAG50,4.0,50.0,overlay,1,affected,cascade,C3,True,unrelated,False,OK
NA4_LAG50_027_overlay,NA4_LAG50,4.0,50.0,overlay,2,unrelated,unrelated,,,unrelated,True,OK
NA4_LAG50_027_overlay,NA4_LAG50,4.0,50.0,overlay,3,affected,mild,C1,False,unrelated,False,OK
NA4_LAG50_027_overlay,NA4_LAG50,4.0,50.0,overlay,4,affected,cascade,C1,False,unrelated,False,OK
NA4_LAG50_027_overlay,NA4_LAG50,4.0,50.0,overlay,6,affected,cascade,C3,True,unrelated,False,OK
NA4_LAG50_027_subplot,NA4_LAG50,4.0,50.0,subplot,1,affected,cascade,C3,True,unrelated,False,OK
NA4_LAG50_027_subplot,NA4_LAG50,4.0,50.0,subplot,2,unrelated,unrelated,,,root,False,OK
NA4_LAG50_027_subplot,NA4_LAG50,4.0,50.0,subplot,3,affected,mild,C1,False,affected,True,OK
NA4_LAG50_027_subplot,NA4_LAG50,4.0,50.0,subplot,4,affected,cascade,C1,False,affected,True,OK
NA4_LAG50_027_subplot,NA4_LAG50,4.0,50.0,subplot,6,affected,cascade,C3,True,unrelated,False,OK
NA4_LAG50_028_overlay,NA4_LAG50,4.0,50.0,overlay,1,unrelated,unrelated,,,affected,False,OK
NA4_LAG50_028_overlay,NA4_LAG50,4.0,50.0,overlay,2,affected,mild,C2,False,affected,True,OK
NA4_LAG50_028_overlay,NA4_LAG50,4.0,50.0,overlay,3,affected,cascade,C4,False,affected,True,OK
NA4_LAG50_028_overlay,NA4_LAG50,4.0,50.0,overlay,4,affected,mild,C3,False,affected,True,OK
NA4_LAG50_028_overlay,NA4_LAG50,4.0,50.0,overlay,6,affected,mild,C4,False,unrelated,False,OK
NA4_LAG50_028_subplot,NA4_LAG50,4.0,50.0,subplot,1,unrelated,unrelated,,,affected,False,OK
NA4_LAG50_028_subplot,NA4_LAG50,4.0,50.0,subplot,2,affected,mild,C2,False,affected,True,OK
NA4_LAG50_028_subplot,NA4_LAG50,4.0,50.0,subplot,3,affected,cascade,C4,False,affected,True,OK
NA4_LAG50_028_subplot,NA4_LAG50,4.0,50.0,subplot,4,affected,mild,C3,False,affected,True,OK
NA4_LAG50_028_subplot,NA4_LAG50,4.0,50.0,subplot,6,affected,mild,C4,False,affected,True,OK
NA4_LAG50_029_overlay,NA4_LAG50,4.0,50.0,overlay,1,affected,mild,C2,False,unrelated,False,OK
NA4_LAG50_029_overlay,NA4_LAG50,4.0,50.0,overlay,2,affected,mild,C2,False,unrelated,False,OK
NA4_LAG50_029_overlay,NA4_LAG50,4.0,50.0,overlay,3,affected,mild,C5,False,unrelated,False,OK
NA4_LAG50_029_overlay,NA4_LAG50,4.0,50.0,overlay,5,affected,cascade,C3,True,unrelated,False,OK
NA4_LAG50_029_overlay,NA4_LAG50,4.0,50.0,overlay,6,unrelated,unrelated,,,unrelated,True,OK
NA4_LAG50_029_subplot,NA4_LAG50,4.0,50.0,subplot,1,affected,mild,C2,False,unrelated,False,OK
NA4_LAG50_029_subplot,NA4_LAG50,4.0,50.0,subplot,2,affected,mild,C2,False,unrelated,False,OK
NA4_LAG50_029_subplot,NA4_LAG50,4.0,50.0,subplot,3,affected,mild,C5,False,unrelated,False,OK
NA4_LAG50_029_subplot,NA4_LAG50,4.0,50.0,subplot,5,affected,cascade,C3,True,unrelated,False,OK
NA4_LAG50_029_subplot,NA4_LAG50,4.0,50.0,subplot,6,unrelated,unrelated,,,unrelated,True,OK
NA5_LAG10_000_overlay,NA5_LAG10,5.0,10.0,overlay,1,affected,cascade,C4,False,affected,True,OK
NA5_LAG10_000_overlay,NA5_LAG10,5.0,10.0,overlay,2,affected,mild,C3,True,affected,True,OK
NA5_LAG10_000_overlay,NA5_LAG10,5.0,10.0,overlay,3,affected,cascade,C3,True,unrelated,False,OK
NA5_LAG10_000_overlay,NA5_LAG10,5.0,10.0,overlay,4,affected,cascade,C3,True,unrelated,False,OK
NA5_LAG10_000_overlay,NA5_LAG10,5.0,10.0,overlay,6,affected,cascade,C3,True,unrelated,False,OK
NA5_LAG10_000_subplot,NA5_LAG10,5.0,10.0,subplot,1,affected,cascade,C4,False,unrelated,False,OK
NA5_LAG10_000_subplot,NA5_LAG10,5.0,10.0,subplot,2,affected,mild,C3,True,unrelated,False,OK
NA5_LAG10_000_subplot,NA5_LAG10,5.0,10.0,subplot,3,affected,cascade,C3,True,root,False,OK
NA5_LAG10_000_subplot,NA5_LAG10,5.0,10.0,subplot,4,affected,cascade,C3,True,affected,True,OK
NA5_LAG10_000_subplot,NA5_LAG10,5.0,10.0,subplot,6,affected,cascade,C3,True,affected,True,OK
NA5_LAG10_001_overlay,NA5_LAG10,5.0,10.0,overlay,1,affected,cascade,C5,False,unrelated,False,OK
NA5_LAG10_001_overlay,NA5_LAG10,5.0,10.0,overlay,2,affected,mild,C1,True,unrelated,False,OK
NA5_LAG10_001_overlay,NA5_LAG10,5.0,10.0,overlay,3,affected,mild,C1,True,unrelated,False,OK
NA5_LAG10_001_overlay,NA5_LAG10,5.0,10.0,overlay,4,affected,mild,C5,False,unrelated,False,OK
NA5_LAG10_001_overlay,NA5_LAG10,5.0,10.0,overlay,6,affected,cascade,C3,False,affected,True,OK
NA5_LAG10_001_subplot,NA5_LAG10,5.0,10.0,subplot,1,affected,cascade,C5,False,unrelated,False,OK
NA5_LAG10_001_subplot,NA5_LAG10,5.0,10.0,subplot,2,affected,mild,C1,True,unrelated,False,OK
NA5_LAG10_001_subplot,NA5_LAG10,5.0,10.0,subplot,3,affected,mild,C1,True,unrelated,False,OK
NA5_LAG10_001_subplot,NA5_LAG10,5.0,10.0,subplot,4,affected,mild,C5,False,unrelated,False,OK
NA5_LAG10_001_subplot,NA5_LAG10,5.0,10.0,subplot,6,affected,cascade,C3,False,affected,True,OK
NA5_LAG10_002_overlay,NA5_LAG10,5.0,10.0,overlay,1,affected,cascade,C4,False,root,False,OK
NA5_LAG10_002_overlay,NA5_LAG10,5.0,10.0,overlay,2,affected,cascade,C1,True,unrelated,False,OK
NA5_LAG10_002_overlay,NA5_LAG10,5.0,10.0,overlay,3,affected,mild,C5,False,affected,True,OK
NA5_LAG10_002_overlay,NA5_LAG10,5.0,10.0,overlay,4,affected,cascade,C1,True,unrelated,False,OK
NA5_LAG10_002_overlay,NA5_LAG10,5.0,10.0,overlay,5,affected,cascade,C1,True,unrelated,False,OK
NA5_LAG10_002_subplot,NA5_LAG10,5.0,10.0,subplot,1,affected,cascade,C4,False,unrelated,False,OK
NA5_LAG10_002_subplot,NA5_LAG10,5.0,10.0,subplot,2,affected,cascade,C1,True,root,False,OK
NA5_LAG10_002_subplot,NA5_LAG10,5.0,10.0,subplot,3,affected,mild,C5,False,unrelated,False,OK
NA5_LAG10_002_subplot,NA5_LAG10,5.0,10.0,subplot,4,affected,cascade,C1,True,affected,True,OK
NA5_LAG10_002_subplot,NA5_LAG10,5.0,10.0,subplot,5,affected,cascade,C1,True,unrelated,False,OK
NA5_LAG10_003_overlay,NA5_LAG10,5.0,10.0,overlay,1,affected,cascade,C3,True,unrelated,False,OK
NA5_LAG10_003_overlay,NA5_LAG10,5.0,10.0,overlay,2,affected,cascade,C4,False,unrelated,False,OK
NA5_LAG10_003_overlay,NA5_LAG10,5.0,10.0,overlay,3,affected,mild,C3,True,root,False,OK
NA5_LAG10_003_overlay,NA5_LAG10,5.0,10.0,overlay,4,affected,cascade,C3,True,affected,True,OK
NA5_LAG10_003_overlay,NA5_LAG10,5.0,10.0,overlay,5,affected,cascade,C3,True,affected,True,OK
NA5_LAG10_003_subplot,NA5_LAG10,5.0,10.0,subplot,1,affected,cascade,C3,True,root,False,OK
NA5_LAG10_003_subplot,NA5_LAG10,5.0,10.0,subplot,2,affected,cascade,C4,False,unrelated,False,OK
NA5_LAG10_003_subplot,NA5_LAG10,5.0,10.0,subplot,3,affected,mild,C3,True,unrelated,False,OK
NA5_LAG10_003_subplot,NA5_LAG10,5.0,10.0,subplot,4,affected,cascade,C3,True,affected,True,OK
NA5_LAG10_003_subplot,NA5_LAG10,5.0,10.0,subplot,5,affected,cascade,C3,True,affected,True,OK
NA5_LAG10_004_overlay,NA5_LAG10,5.0,10.0,overlay,1,affected,mild,C1,False,root,False,OK
NA5_LAG10_004_overlay,NA5_LAG10,5.0,10.0,overlay,2,affected,cascade,C4,True,affected,True,OK
NA5_LAG10_004_overlay,NA5_LAG10,5.0,10.0,overlay,3,affected,mild,C4,True,affected,True,OK
NA5_LAG10_004_overlay,NA5_LAG10,5.0,10.0,overlay,4,affected,cascade,C4,True,affected,True,OK
NA5_LAG10_004_overlay,NA5_LAG10,5.0,10.0,overlay,6,affected,mild,C3,False,unrelated,False,OK
NA5_LAG10_004_subplot,NA5_LAG10,5.0,10.0,subplot,1,affected,mild,C1,False,affected,True,OK
NA5_LAG10_004_subplot,NA5_LAG10,5.0,10.0,subplot,2,affected,cascade,C4,True,affected,True,OK
NA5_LAG10_004_subplot,NA5_LAG10,5.0,10.0,subplot,3,affected,mild,C4,True,affected,True,OK
NA5_LAG10_004_subplot,NA5_LAG10,5.0,10.0,subplot,4,affected,cascade,C4,True,affected,True,OK
NA5_LAG10_004_subplot,NA5_LAG10,5.0,10.0,subplot,6,affected,mild,C3,False,root,False,OK
NA5_LAG10_005_overlay,NA5_LAG10,5.0,10.0,overlay,1,affected,cascade,C1,True,unrelated,False,OK
NA5_LAG10_005_overlay,NA5_LAG10,5.0,10.0,overlay,2,affected,mild,C1,True,unrelated,False,OK
NA5_LAG10_005_overlay,NA5_LAG10,5.0,10.0,overlay,4,affected,cascade,C2,False,root,False,OK
NA5_LAG10_005_overlay,NA5_LAG10,5.0,10.0,overlay,5,affected,mild,C1,True,unrelated,False,OK
NA5_LAG10_005_overlay,NA5_LAG10,5.0,10.0,overlay,6,affected,cascade,C1,True,unrelated,False,OK
NA5_LAG10_005_subplot,NA5_LAG10,5.0,10.0,subplot,1,affected,cascade,C1,True,affected,True,OK
NA5_LAG10_005_subplot,NA5_LAG10,5.0,10.0,subplot,2,affected,mild,C1,True,affected,True,OK
NA5_LAG10_005_subplot,NA5_LAG10,5.0,10.0,subplot,4,affected,cascade,C2,False,root,False,OK
NA5_LAG10_005_subplot,NA5_LAG10,5.0,10.0,subplot,5,affected,mild,C1,True,affected,True,OK
NA5_LAG10_005_subplot,NA5_LAG10,5.0,10.0,subplot,6,affected,cascade,C1,True,unrelated,False,OK
NA5_LAG10_006_overlay,NA5_LAG10,5.0,10.0,overlay,2,affected,cascade,C3,True,root,False,OK
NA5_LAG10_006_overlay,NA5_LAG10,5.0,10.0,overlay,3,affected,cascade,C2,False,unrelated,False,OK
NA5_LAG10_006_overlay,NA5_LAG10,5.0,10.0,overlay,4,affected,mild,C4,False,affected,True,OK
NA5_LAG10_006_overlay,NA5_LAG10,5.0,10.0,overlay,5,affected,mild,C1,False,affected,True,OK
NA5_LAG10_006_overlay,NA5_LAG10,5.0,10.0,overlay,6,affected,cascade,C1,False,affected,True,OK
NA5_LAG10_006_subplot,NA5_LAG10,5.0,10.0,subplot,2,affected,cascade,C3,True,root,False,OK
NA5_LAG10_006_subplot,NA5_LAG10,5.0,10.0,subplot,3,affected,cascade,C2,False,unrelated,False,OK
NA5_LAG10_006_subplot,NA5_LAG10,5.0,10.0,subplot,4,affected,mild,C4,False,unrelated,False,OK
NA5_LAG10_006_subplot,NA5_LAG10,5.0,10.0,subplot,5,affected,mild,C1,False,unrelated,False,OK
NA5_LAG10_006_subplot,NA5_LAG10,5.0,10.0,subplot,6,affected,cascade,C1,False,affected,True,OK
NA5_LAG10_007_overlay,NA5_LAG10,5.0,10.0,overlay,2,affected,cascade,C4,True,unrelated,False,OK
NA5_LAG10_007_overlay,NA5_LAG10,5.0,10.0,overlay,3,affected,mild,C3,False,unrelated,False,OK
NA5_LAG10_007_overlay,NA5_LAG10,5.0,10.0,overlay,4,affected,cascade,C2,False,root,False,OK
NA5_LAG10_007_overlay,NA5_LAG10,5.0,10.0,overlay,5,affected,cascade,C4,True,unrelated,False,OK
NA5_LAG10_007_overlay,NA5_LAG10,5.0,10.0,overlay,6,affected,cascade,C4,True,unrelated,False,OK
NA5_LAG10_007_subplot,NA5_LAG10,5.0,10.0,subplot,2,affected,cascade,C4,True,affected,True,OK
NA5_LAG10_007_subplot,NA5_LAG10,5.0,10.0,subplot,3,affected,mild,C3,False,affected,True,OK
NA5_LAG10_007_subplot,NA5_LAG10,5.0,10.0,subplot,4,affected,cascade,C2,False,root,False,OK
NA5_LAG10_007_subplot,NA5_LAG10,5.0,10.0,subplot,5,affected,cascade,C4,True,affected,True,OK
NA5_LAG10_007_subplot,NA5_LAG10,5.0,10.0,subplot,6,affected,cascade,C4,True,affected,True,OK
NA5_LAG10_008_overlay,NA5_LAG10,5.0,10.0,overlay,2,affected,mild,C5,True,affected,True,OK
NA5_LAG10_008_overlay,NA5_LAG10,5.0,10.0,overlay,3,affected,cascade,C5,True,affected,True,OK
NA5_LAG10_008_overlay,NA5_LAG10,5.0,10.0,overlay,4,affected,cascade,C4,False,root,False,OK
NA5_LAG10_008_overlay,NA5_LAG10,5.0,10.0,overlay,5,affected,mild,C3,False,affected,True,OK
NA5_LAG10_008_overlay,NA5_LAG10,5.0,10.0,overlay,6,affected,mild,C3,False,unrelated,False,OK
NA5_LAG10_008_subplot,NA5_LAG10,5.0,10.0,subplot,2,affected,mild,C5,True,affected,True,OK
NA5_LAG10_008_subplot,NA5_LAG10,5.0,10.0,subplot,3,affected,cascade,C5,True,affected,True,OK
NA5_LAG10_008_subplot,NA5_LAG10,5.0,10.0,subplot,4,affected,cascade,C4,False,affected,True,OK
NA5_LAG10_008_subplot,NA5_LAG10,5.0,10.0,subplot,5,affected,mild,C3,False,root,False,OK
NA5_LAG10_008_subplot,NA5_LAG10,5.0,10.0,subplot,6,affected,mild,C3,False,unrelated,False,OK
NA5_LAG10_009_overlay,NA5_LAG10,5.0,10.0,overlay,1,affected,cascade,C3,False,root,False,OK
NA5_LAG10_009_overlay,NA5_LAG10,5.0,10.0,overlay,2,affected,cascade,C4,False,affected,True,OK
NA5_LAG10_009_overlay,NA5_LAG10,5.0,10.0,overlay,3,affected,cascade,C2,True,unrelated,False,OK
NA5_LAG10_009_overlay,NA5_LAG10,5.0,10.0,overlay,4,affected,cascade,C4,False,affected,True,OK
NA5_LAG10_009_overlay,NA5_LAG10,5.0,10.0,overlay,6,affected,mild,C2,True,affected,True,OK
NA5_LAG10_009_subplot,NA5_LAG10,5.0,10.0,subplot,1,affected,cascade,C3,False,root,False,OK
NA5_LAG10_009_subplot,NA5_LAG10,5.0,10.0,subplot,2,affected,cascade,C4,False,unrelated,False,OK
NA5_LAG10_009_subplot,NA5_LAG10,5.0,10.0,subplot,3,affected,cascade,C2,True,unrelated,False,OK
NA5_LAG10_009_subplot,NA5_LAG10,5.0,10.0,subplot,4,affected,cascade,C4,False,unrelated,False,OK
NA5_LAG10_009_subplot,NA5_LAG10,5.0,10.0,subplot,6,affected,mild,C2,True,unrelated,False,OK
NA5_LAG10_010_overlay,NA5_LAG10,5.0,10.0,overlay,1,affected,mild,C1,True,unrelated,False,OK
NA5_LAG10_010_overlay,NA5_LAG10,5.0,10.0,overlay,2,affected,mild,C1,True,unrelated,False,OK
NA5_LAG10_010_overlay,NA5_LAG10,5.0,10.0,overlay,3,affected,cascade,C1,True,unrelated,False,OK
NA5_LAG10_010_overlay,NA5_LAG10,5.0,10.0,overlay,5,affected,mild,C1,True,unrelated,False,OK
NA5_LAG10_010_overlay,NA5_LAG10,5.0,10.0,overlay,6,affected,mild,C1,True,unrelated,False,OK
NA5_LAG10_010_subplot,NA5_LAG10,5.0,10.0,subplot,1,affected,mild,C1,True,unrelated,False,OK
NA5_LAG10_010_subplot,NA5_LAG10,5.0,10.0,subplot,2,affected,mild,C1,True,unrelated,False,OK
NA5_LAG10_010_subplot,NA5_LAG10,5.0,10.0,subplot,3,affected,cascade,C1,True,affected,True,OK
NA5_LAG10_010_subplot,NA5_LAG10,5.0,10.0,subplot,5,affected,mild,C1,True,unrelated,False,OK
NA5_LAG10_010_subplot,NA5_LAG10,5.0,10.0,subplot,6,affected,mild,C1,True,unrelated,False,OK
NA5_LAG10_011_overlay,NA5_LAG10,5.0,10.0,overlay,1,affected,mild,C2,False,affected,True,OK
NA5_LAG10_011_overlay,NA5_LAG10,5.0,10.0,overlay,2,affected,cascade,C3,False,root,False,OK
NA5_LAG10_011_overlay,NA5_LAG10,5.0,10.0,overlay,4,affected,cascade,C5,True,affected,True,OK
NA5_LAG10_011_overlay,NA5_LAG10,5.0,10.0,overlay,5,affected,cascade,C1,False,unrelated,False,OK
NA5_LAG10_011_overlay,NA5_LAG10,5.0,10.0,overlay,6,affected,cascade,C1,False,unrelated,False,OK
NA5_LAG10_011_subplot,NA5_LAG10,5.0,10.0,subplot,1,affected,mild,C2,False,unrelated,False,OK
NA5_LAG10_011_subplot,NA5_LAG10,5.0,10.0,subplot,2,affected,cascade,C3,False,root,False,OK
NA5_LAG10_011_subplot,NA5_LAG10,5.0,10.0,subplot,4,affected,cascade,C5,True,unrelated,False,OK
NA5_LAG10_011_subplot,NA5_LAG10,5.0,10.0,subplot,5,affected,cascade,C1,False,unrelated,False,OK
NA5_LAG10_011_subplot,NA5_LAG10,5.0,10.0,subplot,6,affected,cascade,C1,False,affected,True,OK
NA5_LAG10_012_overlay,NA5_LAG10,5.0,10.0,overlay,2,affected,mild,C4,False,root,False,OK
NA5_LAG10_012_overlay,NA5_LAG10,5.0,10.0,overlay,3,affected,cascade,C3,False,unrelated,False,OK
NA5_LAG10_012_overlay,NA5_LAG10,5.0,10.0,overlay,4,affected,cascade,C1,True,unrelated,False,OK
NA5_LAG10_012_overlay,NA5_LAG10,5.0,10.0,overlay,5,affected,cascade,C3,False,affected,True,OK
NA5_LAG10_012_overlay,NA5_LAG10,5.0,10.0,overlay,6,affected,cascade,C1,True,unrelated,False,OK
NA5_LAG10_012_subplot,NA5_LAG10,5.0,10.0,subplot,2,affected,mild,C4,False,unrelated,False,OK
NA5_LAG10_012_subplot,NA5_LAG10,5.0,10.0,subplot,3,affected,cascade,C3,False,root,False,OK
NA5_LAG10_012_subplot,NA5_LAG10,5.0,10.0,subplot,4,affected,cascade,C1,True,unrelated,False,OK
NA5_LAG10_012_subplot,NA5_LAG10,5.0,10.0,subplot,5,affected,cascade,C3,False,affected,True,OK
NA5_LAG10_012_subplot,NA5_LAG10,5.0,10.0,subplot,6,affected,cascade,C1,True,unrelated,False,OK
NA5_LAG10_013_overlay,NA5_LAG10,5.0,10.0,overlay,1,affected,cascade,C2,False,root,False,OK
NA5_LAG10_013_overlay,NA5_LAG10,5.0,10.0,overlay,3,affected,cascade,C3,True,affected,True,OK
NA5_LAG10_013_overlay,NA5_LAG10,5.0,10.0,overlay,4,affected,cascade,C4,False,affected,True,OK
NA5_LAG10_013_overlay,NA5_LAG10,5.0,10.0,overlay,5,affected,mild,C3,True,affected,True,OK
NA5_LAG10_013_overlay,NA5_LAG10,5.0,10.0,overlay,6,affected,mild,C5,False,affected,True,OK
NA5_LAG10_013_subplot,NA5_LAG10,5.0,10.0,subplot,1,affected,cascade,C2,False,unrelated,False,OK
NA5_LAG10_013_subplot,NA5_LAG10,5.0,10.0,subplot,3,affected,cascade,C3,True,affected,True,OK
NA5_LAG10_013_subplot,NA5_LAG10,5.0,10.0,subplot,4,affected,cascade,C4,False,unrelated,False,OK
NA5_LAG10_013_subplot,NA5_LAG10,5.0,10.0,subplot,5,affected,mild,C3,True,unrelated,False,OK
NA5_LAG10_013_subplot,NA5_LAG10,5.0,10.0,subplot,6,affected,mild,C5,False,unrelated,False,OK
NA5_LAG10_014_overlay,NA5_LAG10,5.0,10.0,overlay,1,affected,mild,C5,False,affected,True,OK
NA5_LAG10_014_overlay,NA5_LAG10,5.0,10.0,overlay,2,affected,cascade,C2,True,unrelated,False,OK
NA5_LAG10_014_overlay,NA5_LAG10,5.0,10.0,overlay,4,affected,cascade,C5,False,affected,True,OK
NA5_LAG10_014_overlay,NA5_LAG10,5.0,10.0,overlay,5,affected,cascade,C5,False,root,False,OK
NA5_LAG10_014_overlay,NA5_LAG10,5.0,10.0,overlay,6,affected,mild,C2,True,affected,True,OK
NA5_LAG10_014_subplot,NA5_LAG10,5.0,10.0,subplot,1,affected,mild,C5,False,affected,True,OK
NA5_LAG10_014_subplot,NA5_LAG10,5.0,10.0,subplot,2,affected,cascade,C2,True,unrelated,False,OK
NA5_LAG10_014_subplot,NA5_LAG10,5.0,10.0,subplot,4,affected,cascade,C5,False,affected,True,OK
NA5_LAG10_014_subplot,NA5_LAG10,5.0,10.0,subplot,5,affected,cascade,C5,False,affected,True,OK
NA5_LAG10_014_subplot,NA5_LAG10,5.0,10.0,subplot,6,affected,mild,C2,True,affected,True,OK
NA5_LAG10_015_overlay,NA5_LAG10,5.0,10.0,overlay,1,affected,cascade,C2,False,root,False,OK
NA5_LAG10_015_overlay,NA5_LAG10,5.0,10.0,overlay,3,affected,mild,C3,True,affected,True,OK
NA5_LAG10_015_overlay,NA5_LAG10,5.0,10.0,overlay,4,affected,mild,C1,False,affected,True,OK
NA5_LAG10_015_overlay,NA5_LAG10,5.0,10.0,overlay,5,affected,mild,C5,False,affected,True,OK
NA5_LAG10_015_overlay,NA5_LAG10,5.0,10.0,overlay,6,affected,mild,C3,True,affected,True,OK
NA5_LAG10_015_subplot,NA5_LAG10,5.0,10.0,subplot,1,affected,cascade,C2,False,unrelated,False,OK
NA5_LAG10_015_subplot,NA5_LAG10,5.0,10.0,subplot,3,affected,mild,C3,True,unrelated,False,OK
NA5_LAG10_015_subplot,NA5_LAG10,5.0,10.0,subplot,4,affected,mild,C1,False,root,False,OK
NA5_LAG10_015_subplot,NA5_LAG10,5.0,10.0,subplot,5,affected,mild,C5,False,affected,True,OK
NA5_LAG10_015_subplot,NA5_LAG10,5.0,10.0,subplot,6,affected,mild,C3,True,unrelated,False,OK
NA5_LAG10_016_overlay,NA5_LAG10,5.0,10.0,overlay,2,affected,mild,C2,True,unrelated,False,OK
NA5_LAG10_016_overlay,NA5_LAG10,5.0,10.0,overlay,3,affected,cascade,C3,False,affected,True,OK
NA5_LAG10_016_overlay,NA5_LAG10,5.0,10.0,overlay,4,affected,mild,C2,True,unrelated,False,OK
NA5_LAG10_016_overlay,NA5_LAG10,5.0,10.0,overlay,5,affected,mild,C2,True,unrelated,False,OK
NA5_LAG10_016_overlay,NA5_LAG10,5.0,10.0,overlay,6,affected,mild,C2,True,unrelated,False,OK
NA5_LAG10_016_subplot,NA5_LAG10,5.0,10.0,subplot,2,affected,mild,C2,True,unrelated,False,OK
NA5_LAG10_016_subplot,NA5_LAG10,5.0,10.0,subplot,3,affected,cascade,C3,False,affected,True,OK
NA5_LAG10_016_subplot,NA5_LAG10,5.0,10.0,subplot,4,affected,mild,C2,True,unrelated,False,OK
NA5_LAG10_016_subplot,NA5_LAG10,5.0,10.0,subplot,5,affected,mild,C2,True,unrelated,False,OK
NA5_LAG10_016_subplot,NA5_LAG10,5.0,10.0,subplot,6,affected,mild,C2,True,unrelated,False,OK
NA5_LAG10_017_overlay,NA5_LAG10,5.0,10.0,overlay,1,affected,mild,C4,True,affected,True,OK
NA5_LAG10_017_overlay,NA5_LAG10,5.0,10.0,overlay,2,affected,cascade,C2,False,affected,True,OK
NA5_LAG10_017_overlay,NA5_LAG10,5.0,10.0,overlay,3,affected,cascade,C2,False,root,False,OK
NA5_LAG10_017_overlay,NA5_LAG10,5.0,10.0,overlay,4,affected,mild,C4,True,affected,True,OK
NA5_LAG10_017_overlay,NA5_LAG10,5.0,10.0,overlay,5,affected,cascade,C4,True,affected,True,OK
NA5_LAG10_017_subplot,NA5_LAG10,5.0,10.0,subplot,1,affected,mild,C4,True,unrelated,False,OK
NA5_LAG10_017_subplot,NA5_LAG10,5.0,10.0,subplot,2,affected,cascade,C2,False,unrelated,False,OK
NA5_LAG10_017_subplot,NA5_LAG10,5.0,10.0,subplot,3,affected,cascade,C2,False,unrelated,False,OK
NA5_LAG10_017_subplot,NA5_LAG10,5.0,10.0,subplot,4,affected,mild,C4,True,unrelated,False,OK
NA5_LAG10_017_subplot,NA5_LAG10,5.0,10.0,subplot,5,affected,cascade,C4,True,unrelated,False,OK
NA5_LAG10_018_overlay,NA5_LAG10,5.0,10.0,overlay,1,affected,mild,C5,False,root,False,OK
NA5_LAG10_018_overlay,NA5_LAG10,5.0,10.0,overlay,2,affected,cascade,C1,True,unrelated,False,OK
NA5_LAG10_018_overlay,NA5_LAG10,5.0,10.0,overlay,3,affected,mild,C1,True,affected,True,OK
NA5_LAG10_018_overlay,NA5_LAG10,5.0,10.0,overlay,4,affected,cascade,C1,True,unrelated,False,OK
NA5_LAG10_018_overlay,NA5_LAG10,5.0,10.0,overlay,6,affected,cascade,C1,True,unrelated,False,OK
NA5_LAG10_018_subplot,NA5_LAG10,5.0,10.0,subplot,1,affected,mild,C5,False,unrelated,False,OK
NA5_LAG10_018_subplot,NA5_LAG10,5.0,10.0,subplot,2,affected,cascade,C1,True,unrelated,False,OK
NA5_LAG10_018_subplot,NA5_LAG10,5.0,10.0,subplot,3,affected,mild,C1,True,unrelated,False,OK
NA5_LAG10_018_subplot,NA5_LAG10,5.0,10.0,subplot,4,affected,cascade,C1,True,affected,True,OK
NA5_LAG10_018_subplot,NA5_LAG10,5.0,10.0,subplot,6,affected,cascade,C1,True,unrelated,False,OK
NA5_LAG10_019_overlay,NA5_LAG10,5.0,10.0,overlay,1,affected,mild,C5,False,affected,True,OK
NA5_LAG10_019_overlay,NA5_LAG10,5.0,10.0,overlay,2,affected,mild,C5,False,affected,True,OK
NA5_LAG10_019_overlay,NA5_LAG10,5.0,10.0,overlay,4,affected,mild,C3,True,affected,True,OK
NA5_LAG10_019_overlay,NA5_LAG10,5.0,10.0,overlay,5,affected,mild,C3,True,affected,True,OK
NA5_LAG10_019_overlay,NA5_LAG10,5.0,10.0,overlay,6,affected,cascade,C5,False,affected,True,OK
NA5_LAG10_019_subplot,NA5_LAG10,5.0,10.0,subplot,1,affected,mild,C5,False,unrelated,False,OK
NA5_LAG10_019_subplot,NA5_LAG10,5.0,10.0,subplot,2,affected,mild,C5,False,affected,True,OK
NA5_LAG10_019_subplot,NA5_LAG10,5.0,10.0,subplot,4,affected,mild,C3,True,root,False,OK
NA5_LAG10_019_subplot,NA5_LAG10,5.0,10.0,subplot,5,affected,mild,C3,True,affected,True,OK
NA5_LAG10_019_subplot,NA5_LAG10,5.0,10.0,subplot,6,affected,cascade,C5,False,unrelated,False,OK
NA5_LAG10_020_overlay,NA5_LAG10,5.0,10.0,overlay,1,affected,mild,C1,False,root,False,OK
NA5_LAG10_020_overlay,NA5_LAG10,5.0,10.0,overlay,2,affected,mild,C4,True,unrelated,False,OK
NA5_LAG10_020_overlay,NA5_LAG10,5.0,10.0,overlay,4,affected,mild,C4,True,unrelated,False,OK
NA5_LAG10_020_overlay,NA5_LAG10,5.0,10.0,overlay,5,affected,cascade,C5,False,affected,True,OK
NA5_LAG10_020_overlay,NA5_LAG10,5.0,10.0,overlay,6,affected,cascade,C4,True,unrelated,False,OK
NA5_LAG10_020_subplot,NA5_LAG10,5.0,10.0,subplot,1,affected,mild,C1,False,unrelated,False,OK
NA5_LAG10_020_subplot,NA5_LAG10,5.0,10.0,subplot,2,affected,mild,C4,True,unrelated,False,OK
NA5_LAG10_020_subplot,NA5_LAG10,5.0,10.0,subplot,4,affected,mild,C4,True,unrelated,False,OK
NA5_LAG10_020_subplot,NA5_LAG10,5.0,10.0,subplot,5,affected,cascade,C5,False,unrelated,False,OK
NA5_LAG10_020_subplot,NA5_LAG10,5.0,10.0,subplot,6,affected,cascade,C4,True,unrelated,False,OK
NA5_LAG10_021_overlay,NA5_LAG10,5.0,10.0,overlay,2,affected,mild,C3,False,affected,True,OK
NA5_LAG10_021_overlay,NA5_LAG10,5.0,10.0,overlay,3,affected,mild,C5,False,affected,True,OK
NA5_LAG10_021_overlay,NA5_LAG10,5.0,10.0,overlay,4,affected,cascade,C2,False,unrelated,False,OK
NA5_LAG10_021_overlay,NA5_LAG10,5.0,10.0,overlay,5,affected,cascade,C4,False,affected,True,OK
NA5_LAG10_021_overlay,NA5_LAG10,5.0,10.0,overlay,6,affected,cascade,C2,False,affected,True,OK
NA5_LAG10_021_subplot,NA5_LAG10,5.0,10.0,subplot,2,affected,mild,C3,False,affected,True,OK
NA5_LAG10_021_subplot,NA5_LAG10,5.0,10.0,subplot,3,affected,mild,C5,False,affected,True,OK
NA5_LAG10_021_subplot,NA5_LAG10,5.0,10.0,subplot,4,affected,cascade,C2,False,affected,True,OK
NA5_LAG10_021_subplot,NA5_LAG10,5.0,10.0,subplot,5,affected,cascade,C4,False,unrelated,False,OK
NA5_LAG10_021_subplot,NA5_LAG10,5.0,10.0,subplot,6,affected,cascade,C2,False,affected,True,OK
NA5_LAG10_022_overlay,NA5_LAG10,5.0,10.0,overlay,1,affected,mild,C3,True,affected,True,OK
NA5_LAG10_022_overlay,NA5_LAG10,5.0,10.0,overlay,2,affected,mild,C2,False,affected,True,OK
NA5_LAG10_022_overlay,NA5_LAG10,5.0,10.0,overlay,3,affected,mild,C5,False,root,False,OK
NA5_LAG10_022_overlay,NA5_LAG10,5.0,10.0,overlay,4,affected,mild,C3,True,affected,True,OK
NA5_LAG10_022_overlay,NA5_LAG10,5.0,10.0,overlay,6,affected,mild,C2,False,affected,True,OK
NA5_LAG10_022_subplot,NA5_LAG10,5.0,10.0,subplot,1,affected,mild,C3,True,unrelated,False,OK
NA5_LAG10_022_subplot,NA5_LAG10,5.0,10.0,subplot,2,affected,mild,C2,False,unrelated,False,OK
NA5_LAG10_022_subplot,NA5_LAG10,5.0,10.0,subplot,3,affected,mild,C5,False,unrelated,False,OK
NA5_LAG10_022_subplot,NA5_LAG10,5.0,10.0,subplot,4,affected,mild,C3,True,unrelated,False,OK
NA5_LAG10_022_subplot,NA5_LAG10,5.0,10.0,subplot,6,affected,mild,C2,False,unrelated,False,OK
NA5_LAG10_023_overlay,NA5_LAG10,5.0,10.0,overlay,1,affected,mild,C5,True,unrelated,False,OK
NA5_LAG10_023_overlay,NA5_LAG10,5.0,10.0,overlay,2,affected,mild,C5,True,unrelated,False,OK
NA5_LAG10_023_overlay,NA5_LAG10,5.0,10.0,overlay,4,affected,mild,C5,True,affected,True,OK
NA5_LAG10_023_overlay,NA5_LAG10,5.0,10.0,overlay,5,affected,mild,C1,False,affected,True,OK
NA5_LAG10_023_overlay,NA5_LAG10,5.0,10.0,overlay,6,affected,mild,C2,False,affected,True,OK
NA5_LAG10_023_subplot,NA5_LAG10,5.0,10.0,subplot,1,affected,mild,C5,True,unrelated,False,OK
NA5_LAG10_023_subplot,NA5_LAG10,5.0,10.0,subplot,2,affected,mild,C5,True,unrelated,False,OK
NA5_LAG10_023_subplot,NA5_LAG10,5.0,10.0,subplot,4,affected,mild,C5,True,unrelated,False,OK
NA5_LAG10_023_subplot,NA5_LAG10,5.0,10.0,subplot,5,affected,mild,C1,False,unrelated,False,OK
NA5_LAG10_023_subplot,NA5_LAG10,5.0,10.0,subplot,6,affected,mild,C2,False,unrelated,False,OK
NA5_LAG10_024_overlay,NA5_LAG10,5.0,10.0,overlay,1,affected,mild,C4,False,affected,True,OK
NA5_LAG10_024_overlay,NA5_LAG10,5.0,10.0,overlay,3,affected,cascade,C2,True,unrelated,False,OK
NA5_LAG10_024_overlay,NA5_LAG10,5.0,10.0,overlay,4,affected,mild,C1,False,root,False,OK
NA5_LAG10_024_overlay,NA5_LAG10,5.0,10.0,overlay,5,affected,cascade,C2,True,unrelated,False,OK
NA5_LAG10_024_overlay,NA5_LAG10,5.0,10.0,overlay,6,affected,cascade,C2,True,unrelated,False,OK
NA5_LAG10_024_subplot,NA5_LAG10,5.0,10.0,subplot,1,affected,mild,C4,False,unrelated,False,OK
NA5_LAG10_024_subplot,NA5_LAG10,5.0,10.0,subplot,3,affected,cascade,C2,True,affected,True,OK
NA5_LAG10_024_subplot,NA5_LAG10,5.0,10.0,subplot,4,affected,mild,C1,False,unrelated,False,OK
NA5_LAG10_024_subplot,NA5_LAG10,5.0,10.0,subplot,5,affected,cascade,C2,True,affected,True,OK
NA5_LAG10_024_subplot,NA5_LAG10,5.0,10.0,subplot,6,affected,cascade,C2,True,affected,True,OK
NA5_LAG10_025_overlay,NA5_LAG10,5.0,10.0,overlay,1,affected,mild,C1,True,unrelated,False,OK
NA5_LAG10_025_overlay,NA5_LAG10,5.0,10.0,overlay,2,affected,mild,C1,True,unrelated,False,OK
NA5_LAG10_025_overlay,NA5_LAG10,5.0,10.0,overlay,3,affected,mild,C1,True,unrelated,False,OK
NA5_LAG10_025_overlay,NA5_LAG10,5.0,10.0,overlay,4,affected,cascade,C1,True,unrelated,False,OK
NA5_LAG10_025_overlay,NA5_LAG10,5.0,10.0,overlay,6,affected,mild,C1,True,unrelated,False,OK
NA5_LAG10_025_subplot,NA5_LAG10,5.0,10.0,subplot,1,affected,mild,C1,True,unrelated,False,OK
NA5_LAG10_025_subplot,NA5_LAG10,5.0,10.0,subplot,2,affected,mild,C1,True,unrelated,False,OK
NA5_LAG10_025_subplot,NA5_LAG10,5.0,10.0,subplot,3,affected,mild,C1,True,unrelated,False,OK
NA5_LAG10_025_subplot,NA5_LAG10,5.0,10.0,subplot,4,affected,cascade,C1,True,root,False,OK
NA5_LAG10_025_subplot,NA5_LAG10,5.0,10.0,subplot,6,affected,mild,C1,True,unrelated,False,OK
NA5_LAG10_026_overlay,NA5_LAG10,5.0,10.0,overlay,1,affected,cascade,C1,True,affected,True,OK
NA5_LAG10_026_overlay,NA5_LAG10,5.0,10.0,overlay,2,affected,cascade,C1,True,affected,True,OK
NA5_LAG10_026_overlay,NA5_LAG10,5.0,10.0,overlay,4,affected,cascade,C1,True,affected,True,OK
NA5_LAG10_026_overlay,NA5_LAG10,5.0,10.0,overlay,5,affected,cascade,C1,True,affected,True,OK
NA5_LAG10_026_overlay,NA5_LAG10,5.0,10.0,overlay,6,affected,cascade,C1,True,affected,True,OK
NA5_LAG10_026_subplot,NA5_LAG10,5.0,10.0,subplot,1,affected,cascade,C1,True,unrelated,False,OK
NA5_LAG10_026_subplot,NA5_LAG10,5.0,10.0,subplot,2,affected,cascade,C1,True,unrelated,False,OK
NA5_LAG10_026_subplot,NA5_LAG10,5.0,10.0,subplot,4,affected,cascade,C1,True,unrelated,False,OK
NA5_LAG10_026_subplot,NA5_LAG10,5.0,10.0,subplot,5,affected,cascade,C1,True,unrelated,False,OK
NA5_LAG10_026_subplot,NA5_LAG10,5.0,10.0,subplot,6,affected,cascade,C1,True,unrelated,False,OK
NA5_LAG10_027_overlay,NA5_LAG10,5.0,10.0,overlay,1,affected,mild,C2,False,affected,True,OK
NA5_LAG10_027_overlay,NA5_LAG10,5.0,10.0,overlay,2,affected,mild,C1,True,affected,True,OK
NA5_LAG10_027_overlay,NA5_LAG10,5.0,10.0,overlay,3,affected,mild,C1,True,affected,True,OK
NA5_LAG10_027_overlay,NA5_LAG10,5.0,10.0,overlay,5,affected,mild,C1,True,affected,True,OK
NA5_LAG10_027_overlay,NA5_LAG10,5.0,10.0,overlay,6,affected,mild,C3,False,unrelated,False,OK
NA5_LAG10_027_subplot,NA5_LAG10,5.0,10.0,subplot,1,affected,mild,C2,False,affected,True,OK
NA5_LAG10_027_subplot,NA5_LAG10,5.0,10.0,subplot,2,affected,mild,C1,True,affected,True,OK
NA5_LAG10_027_subplot,NA5_LAG10,5.0,10.0,subplot,3,affected,mild,C1,True,unrelated,False,OK
NA5_LAG10_027_subplot,NA5_LAG10,5.0,10.0,subplot,5,affected,mild,C1,True,affected,True,OK
NA5_LAG10_027_subplot,NA5_LAG10,5.0,10.0,subplot,6,affected,mild,C3,False,unrelated,False,OK
NA5_LAG10_028_overlay,NA5_LAG10,5.0,10.0,overlay,2,affected,cascade,C1,False,root,False,OK
NA5_LAG10_028_overlay,NA5_LAG10,5.0,10.0,overlay,3,affected,cascade,C2,True,unrelated,False,OK
NA5_LAG10_028_overlay,NA5_LAG10,5.0,10.0,overlay,4,affected,cascade,C2,True,unrelated,False,OK
NA5_LAG10_028_overlay,NA5_LAG10,5.0,10.0,overlay,5,affected,mild,C2,True,affected,True,OK
NA5_LAG10_028_overlay,NA5_LAG10,5.0,10.0,overlay,6,affected,cascade,C3,False,affected,True,OK
NA5_LAG10_028_subplot,NA5_LAG10,5.0,10.0,subplot,2,affected,cascade,C1,False,affected,True,OK
NA5_LAG10_028_subplot,NA5_LAG10,5.0,10.0,subplot,3,affected,cascade,C2,True,unrelated,False,OK
NA5_LAG10_028_subplot,NA5_LAG10,5.0,10.0,subplot,4,affected,cascade,C2,True,unrelated,False,OK
NA5_LAG10_028_subplot,NA5_LAG10,5.0,10.0,subplot,5,affected,mild,C2,True,unrelated,False,OK
NA5_LAG10_028_subplot,NA5_LAG10,5.0,10.0,subplot,6,affected,cascade,C3,False,root,False,OK
NA5_LAG10_029_overlay,NA5_LAG10,5.0,10.0,overlay,1,affected,mild,C4,True,affected,True,OK
NA5_LAG10_029_overlay,NA5_LAG10,5.0,10.0,overlay,2,affected,cascade,C3,False,affected,True,OK
NA5_LAG10_029_overlay,NA5_LAG10,5.0,10.0,overlay,3,affected,mild,C4,True,affected,True,OK
NA5_LAG10_029_overlay,NA5_LAG10,5.0,10.0,overlay,4,affected,mild,C5,False,affected,True,OK
NA5_LAG10_029_overlay,NA5_LAG10,5.0,10.0,overlay,5,affected,cascade,C2,False,root,False,OK
NA5_LAG10_029_subplot,NA5_LAG10,5.0,10.0,subplot,1,affected,mild,C4,True,unrelated,False,OK
NA5_LAG10_029_subplot,NA5_LAG10,5.0,10.0,subplot,2,affected,cascade,C3,False,affected,True,OK
NA5_LAG10_029_subplot,NA5_LAG10,5.0,10.0,subplot,3,affected,mild,C4,True,unrelated,False,OK
NA5_LAG10_029_subplot,NA5_LAG10,5.0,10.0,subplot,4,affected,mild,C5,False,unrelated,False,OK
NA5_LAG10_029_subplot,NA5_LAG10,5.0,10.0,subplot,5,affected,cascade,C2,False,unrelated,False,OK
NA5_LAG50_000_overlay,NA5_LAG50,5.0,50.0,overlay,1,affected,cascade,C5,False,affected,True,OK
NA5_LAG50_000_overlay,NA5_LAG50,5.0,50.0,overlay,2,affected,cascade,C2,False,root,False,OK
NA5_LAG50_000_overlay,NA5_LAG50,5.0,50.0,overlay,3,affected,mild,C2,False,affected,True,OK
NA5_LAG50_000_overlay,NA5_LAG50,5.0,50.0,overlay,5,affected,mild,C1,True,affected,True,OK
NA5_LAG50_000_overlay,NA5_LAG50,5.0,50.0,overlay,6,affected,cascade,C1,True,unrelated,False,OK
NA5_LAG50_000_subplot,NA5_LAG50,5.0,50.0,subplot,1,affected,cascade,C5,False,affected,True,OK
NA5_LAG50_000_subplot,NA5_LAG50,5.0,50.0,subplot,2,affected,cascade,C2,False,root,False,OK
NA5_LAG50_000_subplot,NA5_LAG50,5.0,50.0,subplot,3,affected,mild,C2,False,affected,True,OK
NA5_LAG50_000_subplot,NA5_LAG50,5.0,50.0,subplot,5,affected,mild,C1,True,affected,True,OK
NA5_LAG50_000_subplot,NA5_LAG50,5.0,50.0,subplot,6,affected,cascade,C1,True,unrelated,False,OK
NA5_LAG50_001_overlay,NA5_LAG50,5.0,50.0,overlay,1,affected,cascade,C3,False,affected,True,OK
NA5_LAG50_001_overlay,NA5_LAG50,5.0,50.0,overlay,3,affected,cascade,C2,True,unrelated,False,OK
NA5_LAG50_001_overlay,NA5_LAG50,5.0,50.0,overlay,4,affected,mild,C2,True,affected,True,OK
NA5_LAG50_001_overlay,NA5_LAG50,5.0,50.0,overlay,5,affected,cascade,C2,True,unrelated,False,OK
NA5_LAG50_001_overlay,NA5_LAG50,5.0,50.0,overlay,6,affected,mild,C2,True,unrelated,False,OK
NA5_LAG50_001_subplot,NA5_LAG50,5.0,50.0,subplot,1,affected,cascade,C3,False,unrelated,False,OK
NA5_LAG50_001_subplot,NA5_LAG50,5.0,50.0,subplot,3,affected,cascade,C2,True,affected,True,OK
NA5_LAG50_001_subplot,NA5_LAG50,5.0,50.0,subplot,4,affected,mild,C2,True,unrelated,False,OK
NA5_LAG50_001_subplot,NA5_LAG50,5.0,50.0,subplot,5,affected,cascade,C2,True,affected,True,OK
NA5_LAG50_001_subplot,NA5_LAG50,5.0,50.0,subplot,6,affected,mild,C2,True,unrelated,False,OK
NA5_LAG50_002_overlay,NA5_LAG50,5.0,50.0,overlay,1,affected,mild,C3,False,root,False,OK
NA5_LAG50_002_overlay,NA5_LAG50,5.0,50.0,overlay,2,affected,mild,C1,True,affected,True,OK
NA5_LAG50_002_overlay,NA5_LAG50,5.0,50.0,overlay,3,affected,cascade,C1,True,affected,True,OK
NA5_LAG50_002_overlay,NA5_LAG50,5.0,50.0,overlay,5,affected,cascade,C1,True,affected,True,OK
NA5_LAG50_002_overlay,NA5_LAG50,5.0,50.0,overlay,6,affected,mild,C5,False,affected,True,OK
NA5_LAG50_002_subplot,NA5_LAG50,5.0,50.0,subplot,1,affected,mild,C3,False,unrelated,False,OK
NA5_LAG50_002_subplot,NA5_LAG50,5.0,50.0,subplot,2,affected,mild,C1,True,unrelated,False,OK
NA5_LAG50_002_subplot,NA5_LAG50,5.0,50.0,subplot,3,affected,cascade,C1,True,root,False,OK
NA5_LAG50_002_subplot,NA5_LAG50,5.0,50.0,subplot,5,affected,cascade,C1,True,affected,True,OK
NA5_LAG50_002_subplot,NA5_LAG50,5.0,50.0,subplot,6,affected,mild,C5,False,unrelated,False,OK
NA5_LAG50_003_overlay,NA5_LAG50,5.0,50.0,overlay,1,affected,mild,C3,False,unrelated,False,OK
NA5_LAG50_003_overlay,NA5_LAG50,5.0,50.0,overlay,2,affected,cascade,C4,True,unrelated,False,OK
NA5_LAG50_003_overlay,NA5_LAG50,5.0,50.0,overlay,3,affected,cascade,C4,True,unrelated,False,OK
NA5_LAG50_003_overlay,NA5_LAG50,5.0,50.0,overlay,5,affected,mild,C2,False,affected,True,OK
NA5_LAG50_003_overlay,NA5_LAG50,5.0,50.0,overlay,6,affected,mild,C4,True,affected,True,OK
NA5_LAG50_003_subplot,NA5_LAG50,5.0,50.0,subplot,1,affected,mild,C3,False,unrelated,False,OK
NA5_LAG50_003_subplot,NA5_LAG50,5.0,50.0,subplot,2,affected,cascade,C4,True,unrelated,False,OK
NA5_LAG50_003_subplot,NA5_LAG50,5.0,50.0,subplot,3,affected,cascade,C4,True,unrelated,False,OK
NA5_LAG50_003_subplot,NA5_LAG50,5.0,50.0,subplot,5,affected,mild,C2,False,unrelated,False,OK
NA5_LAG50_003_subplot,NA5_LAG50,5.0,50.0,subplot,6,affected,mild,C4,True,unrelated,False,OK
NA5_LAG50_004_overlay,NA5_LAG50,5.0,50.0,overlay,1,affected,mild,C4,False,unrelated,False,OK
NA5_LAG50_004_overlay,NA5_LAG50,5.0,50.0,overlay,2,affected,cascade,C5,True,unrelated,False,OK
NA5_LAG50_004_overlay,NA5_LAG50,5.0,50.0,overlay,3,affected,cascade,C5,True,unrelated,False,OK
NA5_LAG50_004_overlay,NA5_LAG50,5.0,50.0,overlay,4,affected,cascade,C5,True,unrelated,False,OK
NA5_LAG50_004_overlay,NA5_LAG50,5.0,50.0,overlay,6,affected,mild,C5,True,affected,True,OK
NA5_LAG50_004_subplot,NA5_LAG50,5.0,50.0,subplot,1,affected,mild,C4,False,unrelated,False,OK
NA5_LAG50_004_subplot,NA5_LAG50,5.0,50.0,subplot,2,affected,cascade,C5,True,unrelated,False,OK
NA5_LAG50_004_subplot,NA5_LAG50,5.0,50.0,subplot,3,affected,cascade,C5,True,unrelated,False,OK
NA5_LAG50_004_subplot,NA5_LAG50,5.0,50.0,subplot,4,affected,cascade,C5,True,unrelated,False,OK
NA5_LAG50_004_subplot,NA5_LAG50,5.0,50.0,subplot,6,affected,mild,C5,True,unrelated,False,OK
NA5_LAG50_005_overlay,NA5_LAG50,5.0,50.0,overlay,2,affected,mild,C4,False,affected,True,OK
NA5_LAG50_005_overlay,NA5_LAG50,5.0,50.0,overlay,3,affected,cascade,C3,True,affected,True,OK
NA5_LAG50_005_overlay,NA5_LAG50,5.0,50.0,overlay,4,affected,cascade,C3,True,affected,True,OK
NA5_LAG50_005_overlay,NA5_LAG50,5.0,50.0,overlay,5,affected,cascade,C3,True,root,False,OK
NA5_LAG50_005_overlay,NA5_LAG50,5.0,50.0,overlay,6,affected,cascade,C2,False,affected,True,OK
NA5_LAG50_005_subplot,NA5_LAG50,5.0,50.0,subplot,2,affected,mild,C4,False,affected,True,OK
NA5_LAG50_005_subplot,NA5_LAG50,5.0,50.0,subplot,3,affected,cascade,C3,True,unrelated,False,OK
NA5_LAG50_005_subplot,NA5_LAG50,5.0,50.0,subplot,4,affected,cascade,C3,True,unrelated,False,OK
NA5_LAG50_005_subplot,NA5_LAG50,5.0,50.0,subplot,5,affected,cascade,C3,True,unrelated,False,OK
NA5_LAG50_005_subplot,NA5_LAG50,5.0,50.0,subplot,6,affected,cascade,C2,False,root,False,OK
NA5_LAG50_006_overlay,NA5_LAG50,5.0,50.0,overlay,1,affected,cascade,C1,True,unrelated,False,OK
NA5_LAG50_006_overlay,NA5_LAG50,5.0,50.0,overlay,2,affected,cascade,C2,False,unrelated,False,OK
NA5_LAG50_006_overlay,NA5_LAG50,5.0,50.0,overlay,3,affected,mild,C5,False,affected,True,OK
NA5_LAG50_006_overlay,NA5_LAG50,5.0,50.0,overlay,4,affected,cascade,C1,True,unrelated,False,OK
NA5_LAG50_006_overlay,NA5_LAG50,5.0,50.0,overlay,6,affected,cascade,C1,True,unrelated,False,OK
NA5_LAG50_006_subplot,NA5_LAG50,5.0,50.0,subplot,1,affected,cascade,C1,True,affected,True,OK
NA5_LAG50_006_subplot,NA5_LAG50,5.0,50.0,subplot,2,affected,cascade,C2,False,root,False,OK
NA5_LAG50_006_subplot,NA5_LAG50,5.0,50.0,subplot,3,affected,mild,C5,False,affected,True,OK
NA5_LAG50_006_subplot,NA5_LAG50,5.0,50.0,subplot,4,affected,cascade,C1,True,unrelated,False,OK
NA5_LAG50_006_subplot,NA5_LAG50,5.0,50.0,subplot,6,affected,cascade,C1,True,affected,True,OK
NA5_LAG50_007_overlay,NA5_LAG50,5.0,50.0,overlay,1,affected,mild,C3,False,unrelated,False,OK
NA5_LAG50_007_overlay,NA5_LAG50,5.0,50.0,overlay,2,affected,cascade,C4,True,root,False,OK
NA5_LAG50_007_overlay,NA5_LAG50,5.0,50.0,overlay,3,affected,mild,C1,False,affected,True,OK
NA5_LAG50_007_overlay,NA5_LAG50,5.0,50.0,overlay,4,affected,cascade,C1,False,affected,True,OK
NA5_LAG50_007_overlay,NA5_LAG50,5.0,50.0,overlay,6,affected,cascade,C4,True,affected,True,OK
NA5_LAG50_007_subplot,NA5_LAG50,5.0,50.0,subplot,1,affected,mild,C3,False,affected,True,OK
NA5_LAG50_007_subplot,NA5_LAG50,5.0,50.0,subplot,2,affected,cascade,C4,True,affected,True,OK
NA5_LAG50_007_subplot,NA5_LAG50,5.0,50.0,subplot,3,affected,mild,C1,False,affected,True,OK
NA5_LAG50_007_subplot,NA5_LAG50,5.0,50.0,subplot,4,affected,cascade,C1,False,root,False,OK
NA5_LAG50_007_subplot,NA5_LAG50,5.0,50.0,subplot,6,affected,cascade,C4,True,unrelated,False,OK
NA5_LAG50_008_overlay,NA5_LAG50,5.0,50.0,overlay,1,affected,cascade,C3,True,unrelated,False,OK
NA5_LAG50_008_overlay,NA5_LAG50,5.0,50.0,overlay,2,affected,mild,C3,True,affected,True,OK
NA5_LAG50_008_overlay,NA5_LAG50,5.0,50.0,overlay,3,affected,mild,C2,False,affected,True,OK
NA5_LAG50_008_overlay,NA5_LAG50,5.0,50.0,overlay,4,affected,cascade,C2,False,root,False,OK
NA5_LAG50_008_overlay,NA5_LAG50,5.0,50.0,overlay,6,affected,cascade,C2,False,unrelated,False,OK
NA5_LAG50_008_subplot,NA5_LAG50,5.0,50.0,subplot,1,affected,cascade,C3,True,unrelated,False,OK
NA5_LAG50_008_subplot,NA5_LAG50,5.0,50.0,subplot,2,affected,mild,C3,True,unrelated,False,OK
NA5_LAG50_008_subplot,NA5_LAG50,5.0,50.0,subplot,3,affected,mild,C2,False,unrelated,False,OK
NA5_LAG50_008_subplot,NA5_LAG50,5.0,50.0,subplot,4,affected,cascade,C2,False,root,False,OK
NA5_LAG50_008_subplot,NA5_LAG50,5.0,50.0,subplot,6,affected,cascade,C2,False,affected,True,OK
NA5_LAG50_009_overlay,NA5_LAG50,5.0,50.0,overlay,1,affected,mild,C1,False,affected,True,OK
NA5_LAG50_009_overlay,NA5_LAG50,5.0,50.0,overlay,2,affected,cascade,C4,False,affected,True,OK
NA5_LAG50_009_overlay,NA5_LAG50,5.0,50.0,overlay,3,affected,cascade,C2,True,unrelated,False,OK
NA5_LAG50_009_overlay,NA5_LAG50,5.0,50.0,overlay,4,affected,cascade,C2,True,unrelated,False,OK
NA5_LAG50_009_overlay,NA5_LAG50,5.0,50.0,overlay,6,affected,cascade,C4,False,affected,True,OK
NA5_LAG50_009_subplot,NA5_LAG50,5.0,50.0,subplot,1,affected,mild,C1,False,unrelated,False,OK
NA5_LAG50_009_subplot,NA5_LAG50,5.0,50.0,subplot,2,affected,cascade,C4,False,unrelated,False,OK
NA5_LAG50_009_subplot,NA5_LAG50,5.0,50.0,subplot,3,affected,cascade,C2,True,root,False,OK
NA5_LAG50_009_subplot,NA5_LAG50,5.0,50.0,subplot,4,affected,cascade,C2,True,affected,True,OK
NA5_LAG50_009_subplot,NA5_LAG50,5.0,50.0,subplot,6,affected,cascade,C4,False,unrelated,False,OK
NA5_LAG50_010_overlay,NA5_LAG50,5.0,50.0,overlay,2,affected,cascade,C2,False,unrelated,False,OK
NA5_LAG50_010_overlay,NA5_LAG50,5.0,50.0,overlay,3,affected,cascade,C4,True,affected,True,OK
NA5_LAG50_010_overlay,NA5_LAG50,5.0,50.0,overlay,4,affected,mild,C4,True,affected,True,OK
NA5_LAG50_010_overlay,NA5_LAG50,5.0,50.0,overlay,5,affected,mild,C4,True,root,False,OK
NA5_LAG50_010_overlay,NA5_LAG50,5.0,50.0,overlay,6,affected,cascade,C1,False,affected,True,OK
NA5_LAG50_010_subplot,NA5_LAG50,5.0,50.0,subplot,2,affected,cascade,C2,False,root,False,OK
NA5_LAG50_010_subplot,NA5_LAG50,5.0,50.0,subplot,3,affected,cascade,C4,True,unrelated,False,OK
NA5_LAG50_010_subplot,NA5_LAG50,5.0,50.0,subplot,4,affected,mild,C4,True,affected,True,OK
NA5_LAG50_010_subplot,NA5_LAG50,5.0,50.0,subplot,5,affected,mild,C4,True,affected,True,OK
NA5_LAG50_010_subplot,NA5_LAG50,5.0,50.0,subplot,6,affected,cascade,C1,False,unrelated,False,OK
NA5_LAG50_011_overlay,NA5_LAG50,5.0,50.0,overlay,1,affected,mild,C4,False,affected,True,OK
NA5_LAG50_011_overlay,NA5_LAG50,5.0,50.0,overlay,2,affected,mild,C2,True,affected,True,OK
NA5_LAG50_011_overlay,NA5_LAG50,5.0,50.0,overlay,3,affected,cascade,C3,False,affected,True,OK
NA5_LAG50_011_overlay,NA5_LAG50,5.0,50.0,overlay,5,affected,cascade,C2,True,unrelated,False,OK
NA5_LAG50_011_overlay,NA5_LAG50,5.0,50.0,overlay,6,affected,cascade,C1,False,affected,True,OK
NA5_LAG50_011_subplot,NA5_LAG50,5.0,50.0,subplot,1,affected,mild,C4,False,affected,True,OK
NA5_LAG50_011_subplot,NA5_LAG50,5.0,50.0,subplot,2,affected,mild,C2,True,affected,True,OK
NA5_LAG50_011_subplot,NA5_LAG50,5.0,50.0,subplot,3,affected,cascade,C3,False,affected,True,OK
NA5_LAG50_011_subplot,NA5_LAG50,5.0,50.0,subplot,5,affected,cascade,C2,True,affected,True,OK
NA5_LAG50_011_subplot,NA5_LAG50,5.0,50.0,subplot,6,affected,cascade,C1,False,unrelated,False,OK
NA5_LAG50_012_overlay,NA5_LAG50,5.0,50.0,overlay,2,affected,mild,C4,False,affected,True,OK
NA5_LAG50_012_overlay,NA5_LAG50,5.0,50.0,overlay,3,affected,mild,C5,False,affected,True,OK
NA5_LAG50_012_overlay,NA5_LAG50,5.0,50.0,overlay,4,affected,cascade,C3,True,unrelated,False,OK
NA5_LAG50_012_overlay,NA5_LAG50,5.0,50.0,overlay,5,affected,cascade,C3,True,root,False,OK
NA5_LAG50_012_overlay,NA5_LAG50,5.0,50.0,overlay,6,affected,mild,C3,True,unrelated,False,OK
NA5_LAG50_012_subplot,NA5_LAG50,5.0,50.0,subplot,2,affected,mild,C4,False,affected,True,OK
NA5_LAG50_012_subplot,NA5_LAG50,5.0,50.0,subplot,3,affected,mild,C5,False,affected,True,OK
NA5_LAG50_012_subplot,NA5_LAG50,5.0,50.0,subplot,4,affected,cascade,C3,True,unrelated,False,OK
NA5_LAG50_012_subplot,NA5_LAG50,5.0,50.0,subplot,5,affected,cascade,C3,True,unrelated,False,OK
NA5_LAG50_012_subplot,NA5_LAG50,5.0,50.0,subplot,6,affected,mild,C3,True,affected,True,OK
NA5_LAG50_013_overlay,NA5_LAG50,5.0,50.0,overlay,1,affected,cascade,C4,False,root,False,OK
NA5_LAG50_013_overlay,NA5_LAG50,5.0,50.0,overlay,3,affected,mild,C1,False,unrelated,False,OK
NA5_LAG50_013_overlay,NA5_LAG50,5.0,50.0,overlay,4,affected,mild,C1,False,affected,True,OK
NA5_LAG50_013_overlay,NA5_LAG50,5.0,50.0,overlay,5,affected,cascade,C5,True,affected,True,OK
NA5_LAG50_013_overlay,NA5_LAG50,5.0,50.0,overlay,6,affected,cascade,C5,True,affected,True,OK
NA5_LAG50_013_subplot,NA5_LAG50,5.0,50.0,subplot,1,affected,cascade,C4,False,root,False,OK
NA5_LAG50_013_subplot,NA5_LAG50,5.0,50.0,subplot,3,affected,mild,C1,False,affected,True,OK
NA5_LAG50_013_subplot,NA5_LAG50,5.0,50.0,subplot,4,affected,mild,C1,False,affected,True,OK
NA5_LAG50_013_subplot,NA5_LAG50,5.0,50.0,subplot,5,affected,cascade,C5,True,unrelated,False,OK
NA5_LAG50_013_subplot,NA5_LAG50,5.0,50.0,subplot,6,affected,cascade,C5,True,affected,True,OK
NA5_LAG50_014_overlay,NA5_LAG50,5.0,50.0,overlay,1,affected,mild,C3,True,unrelated,False,OK
NA5_LAG50_014_overlay,NA5_LAG50,5.0,50.0,overlay,3,affected,cascade,C4,False,root,False,OK
NA5_LAG50_014_overlay,NA5_LAG50,5.0,50.0,overlay,4,affected,mild,C3,True,affected,True,OK
NA5_LAG50_014_overlay,NA5_LAG50,5.0,50.0,overlay,5,affected,mild,C3,True,unrelated,False,OK
NA5_LAG50_014_overlay,NA5_LAG50,5.0,50.0,overlay,6,affected,mild,C3,True,unrelated,False,OK
NA5_LAG50_014_subplot,NA5_LAG50,5.0,50.0,subplot,1,affected,mild,C3,True,affected,True,OK
NA5_LAG50_014_subplot,NA5_LAG50,5.0,50.0,subplot,3,affected,cascade,C4,False,unrelated,False,OK
NA5_LAG50_014_subplot,NA5_LAG50,5.0,50.0,subplot,4,affected,mild,C3,True,affected,True,OK
NA5_LAG50_014_subplot,NA5_LAG50,5.0,50.0,subplot,5,affected,mild,C3,True,affected,True,OK
NA5_LAG50_014_subplot,NA5_LAG50,5.0,50.0,subplot,6,affected,mild,C3,True,unrelated,False,OK
NA5_LAG50_015_overlay,NA5_LAG50,5.0,50.0,overlay,1,affected,mild,C5,True,affected,True,OK
NA5_LAG50_015_overlay,NA5_LAG50,5.0,50.0,overlay,2,affected,mild,C3,False,unrelated,False,OK
NA5_LAG50_015_overlay,NA5_LAG50,5.0,50.0,overlay,4,affected,cascade,C1,False,root,False,OK
NA5_LAG50_015_overlay,NA5_LAG50,5.0,50.0,overlay,5,affected,cascade,C5,True,affected,True,OK
NA5_LAG50_015_overlay,NA5_LAG50,5.0,50.0,overlay,6,affected,cascade,C4,False,affected,True,OK
NA5_LAG50_015_subplot,NA5_LAG50,5.0,50.0,subplot,1,affected,mild,C5,True,affected,True,OK
NA5_LAG50_015_subplot,NA5_LAG50,5.0,50.0,subplot,2,affected,mild,C3,False,affected,True,OK
NA5_LAG50_015_subplot,NA5_LAG50,5.0,50.0,subplot,4,affected,cascade,C1,False,root,False,OK
NA5_LAG50_015_subplot,NA5_LAG50,5.0,50.0,subplot,5,affected,cascade,C5,True,affected,True,OK
NA5_LAG50_015_subplot,NA5_LAG50,5.0,50.0,subplot,6,affected,cascade,C4,False,unrelated,False,OK
NA5_LAG50_016_overlay,NA5_LAG50,5.0,50.0,overlay,1,affected,mild,C3,False,affected,True,OK
NA5_LAG50_016_overlay,NA5_LAG50,5.0,50.0,overlay,3,affected,mild,C2,False,affected,True,OK
NA5_LAG50_016_overlay,NA5_LAG50,5.0,50.0,overlay,4,affected,mild,C5,True,affected,True,OK
NA5_LAG50_016_overlay,NA5_LAG50,5.0,50.0,overlay,5,affected,cascade,C2,False,root,False,OK
NA5_LAG50_016_overlay,NA5_LAG50,5.0,50.0,overlay,6,affected,cascade,C3,False,affected,True,OK
NA5_LAG50_016_subplot,NA5_LAG50,5.0,50.0,subplot,1,affected,mild,C3,False,affected,True,OK
NA5_LAG50_016_subplot,NA5_LAG50,5.0,50.0,subplot,3,affected,mild,C2,False,affected,True,OK
NA5_LAG50_016_subplot,NA5_LAG50,5.0,50.0,subplot,4,affected,mild,C5,True,affected,True,OK
NA5_LAG50_016_subplot,NA5_LAG50,5.0,50.0,subplot,5,affected,cascade,C2,False,root,False,OK
NA5_LAG50_016_subplot,NA5_LAG50,5.0,50.0,subplot,6,affected,cascade,C3,False,unrelated,False,OK
NA5_LAG50_017_overlay,NA5_LAG50,5.0,50.0,overlay,1,affected,mild,C2,False,affected,True,OK
NA5_LAG50_017_overlay,NA5_LAG50,5.0,50.0,overlay,3,affected,mild,C3,True,affected,True,OK
NA5_LAG50_017_overlay,NA5_LAG50,5.0,50.0,overlay,4,affected,cascade,C1,False,root,False,OK
NA5_LAG50_017_overlay,NA5_LAG50,5.0,50.0,overlay,5,affected,mild,C3,True,affected,True,OK
NA5_LAG50_017_overlay,NA5_LAG50,5.0,50.0,overlay,6,affected,cascade,C5,False,affected,True,OK
NA5_LAG50_017_subplot,NA5_LAG50,5.0,50.0,subplot,1,affected,mild,C2,False,unrelated,False,OK
NA5_LAG50_017_subplot,NA5_LAG50,5.0,50.0,subplot,3,affected,mild,C3,True,unrelated,False,OK
NA5_LAG50_017_subplot,NA5_LAG50,5.0,50.0,subplot,4,affected,cascade,C1,False,root,False,OK
NA5_LAG50_017_subplot,NA5_LAG50,5.0,50.0,subplot,5,affected,mild,C3,True,affected,True,OK
NA5_LAG50_017_subplot,NA5_LAG50,5.0,50.0,subplot,6,affected,cascade,C5,False,unrelated,False,OK
NA5_LAG50_018_overlay,NA5_LAG50,5.0,50.0,overlay,1,affected,cascade,C3,True,affected,True,OK
NA5_LAG50_018_overlay,NA5_LAG50,5.0,50.0,overlay,2,affected,mild,C3,True,unrelated,False,OK
NA5_LAG50_018_overlay,NA5_LAG50,5.0,50.0,overlay,3,affected,cascade,C1,False,affected,True,OK
NA5_LAG50_018_overlay,NA5_LAG50,5.0,50.0,overlay,5,affected,cascade,C4,False,affected,True,OK
NA5_LAG50_018_overlay,NA5_LAG50,5.0,50.0,overlay,6,affected,mild,C1,False,affected,True,OK
NA5_LAG50_018_subplot,NA5_LAG50,5.0,50.0,subplot,1,affected,cascade,C3,True,affected,True,OK
NA5_LAG50_018_subplot,NA5_LAG50,5.0,50.0,subplot,2,affected,mild,C3,True,affected,True,OK
NA5_LAG50_018_subplot,NA5_LAG50,5.0,50.0,subplot,3,affected,cascade,C1,False,root,False,OK
NA5_LAG50_018_subplot,NA5_LAG50,5.0,50.0,subplot,5,affected,cascade,C4,False,unrelated,False,OK
NA5_LAG50_018_subplot,NA5_LAG50,5.0,50.0,subplot,6,affected,mild,C1,False,unrelated,False,OK
NA5_LAG50_019_overlay,NA5_LAG50,5.0,50.0,overlay,1,affected,cascade,C2,False,unrelated,False,OK
NA5_LAG50_019_overlay,NA5_LAG50,5.0,50.0,overlay,2,affected,cascade,C3,True,unrelated,False,OK
NA5_LAG50_019_overlay,NA5_LAG50,5.0,50.0,overlay,3,affected,mild,C3,True,unrelated,False,OK
NA5_LAG50_019_overlay,NA5_LAG50,5.0,50.0,overlay,4,affected,cascade,C4,False,affected,True,OK
NA5_LAG50_019_overlay,NA5_LAG50,5.0,50.0,overlay,6,affected,mild,C3,True,affected,True,OK
NA5_LAG50_019_subplot,NA5_LAG50,5.0,50.0,subplot,1,affected,cascade,C2,False,root,False,OK
NA5_LAG50_019_subplot,NA5_LAG50,5.0,50.0,subplot,2,affected,cascade,C3,True,unrelated,False,OK
NA5_LAG50_019_subplot,NA5_LAG50,5.0,50.0,subplot,3,affected,mild,C3,True,affected,True,OK
NA5_LAG50_019_subplot,NA5_LAG50,5.0,50.0,subplot,4,affected,cascade,C4,False,unrelated,False,OK
NA5_LAG50_019_subplot,NA5_LAG50,5.0,50.0,subplot,6,affected,mild,C3,True,affected,True,OK
NA5_LAG50_020_overlay,NA5_LAG50,5.0,50.0,overlay,1,affected,mild,C5,True,affected,True,OK
NA5_LAG50_020_overlay,NA5_LAG50,5.0,50.0,overlay,3,affected,cascade,C3,False,root,False,OK
NA5_LAG50_020_overlay,NA5_LAG50,5.0,50.0,overlay,4,affected,mild,C5,True,affected,True,OK
NA5_LAG50_020_overlay,NA5_LAG50,5.0,50.0,overlay,5,affected,mild,C2,False,affected,True,OK
NA5_LAG50_020_overlay,NA5_LAG50,5.0,50.0,overlay,6,affected,mild,C4,False,affected,True,OK
NA5_LAG50_020_subplot,NA5_LAG50,5.0,50.0,subplot,1,affected,mild,C5,True,unrelated,False,OK
NA5_LAG50_020_subplot,NA5_LAG50,5.0,50.0,subplot,3,affected,cascade,C3,False,unrelated,False,OK
NA5_LAG50_020_subplot,NA5_LAG50,5.0,50.0,subplot,4,affected,mild,C5,True,affected,True,OK
NA5_LAG50_020_subplot,NA5_LAG50,5.0,50.0,subplot,5,affected,mild,C2,False,unrelated,False,OK
NA5_LAG50_020_subplot,NA5_LAG50,5.0,50.0,subplot,6,affected,mild,C4,False,unrelated,False,OK
NA5_LAG50_021_overlay,NA5_LAG50,5.0,50.0,overlay,2,affected,mild,C5,True,unrelated,False,OK
NA5_LAG50_021_overlay,NA5_LAG50,5.0,50.0,overlay,3,affected,mild,C3,False,root,False,OK
NA5_LAG50_021_overlay,NA5_LAG50,5.0,50.0,overlay,4,affected,cascade,C5,True,unrelated,False,OK
NA5_LAG50_021_overlay,NA5_LAG50,5.0,50.0,overlay,5,affected,mild,C4,False,unrelated,False,OK
NA5_LAG50_021_overlay,NA5_LAG50,5.0,50.0,overlay,6,affected,mild,C5,True,unrelated,False,OK
NA5_LAG50_021_subplot,NA5_LAG50,5.0,50.0,subplot,2,affected,mild,C5,True,affected,True,OK
NA5_LAG50_021_subplot,NA5_LAG50,5.0,50.0,subplot,3,affected,mild,C3,False,unrelated,False,OK
NA5_LAG50_021_subplot,NA5_LAG50,5.0,50.0,subplot,4,affected,cascade,C5,True,affected,True,OK
NA5_LAG50_021_subplot,NA5_LAG50,5.0,50.0,subplot,5,affected,mild,C4,False,affected,True,OK
NA5_LAG50_021_subplot,NA5_LAG50,5.0,50.0,subplot,6,affected,mild,C5,True,affected,True,OK
NA5_LAG50_022_overlay,NA5_LAG50,5.0,50.0,overlay,1,affected,cascade,C2,True,unrelated,False,OK
NA5_LAG50_022_overlay,NA5_LAG50,5.0,50.0,overlay,2,affected,cascade,C1,False,root,False,OK
NA5_LAG50_022_overlay,NA5_LAG50,5.0,50.0,overlay,4,affected,cascade,C2,True,unrelated,False,OK
NA5_LAG50_022_overlay,NA5_LAG50,5.0,50.0,overlay,5,affected,cascade,C2,True,unrelated,False,OK
NA5_LAG50_022_overlay,NA5_LAG50,5.0,50.0,overlay,6,affected,mild,C2,True,affected,True,OK
NA5_LAG50_022_subplot,NA5_LAG50,5.0,50.0,subplot,1,affected,cascade,C2,True,affected,True,OK
NA5_LAG50_022_subplot,NA5_LAG50,5.0,50.0,subplot,2,affected,cascade,C1,False,unrelated,False,OK
NA5_LAG50_022_subplot,NA5_LAG50,5.0,50.0,subplot,4,affected,cascade,C2,True,affected,True,OK
NA5_LAG50_022_subplot,NA5_LAG50,5.0,50.0,subplot,5,affected,cascade,C2,True,unrelated,False,OK
NA5_LAG50_022_subplot,NA5_LAG50,5.0,50.0,subplot,6,affected,mild,C2,True,unrelated,False,OK
NA5_LAG50_023_overlay,NA5_LAG50,5.0,50.0,overlay,1,affected,mild,C2,False,affected,True,OK
NA5_LAG50_023_overlay,NA5_LAG50,5.0,50.0,overlay,2,affected,cascade,C3,True,affected,True,OK
NA5_LAG50_023_overlay,NA5_LAG50,5.0,50.0,overlay,4,affected,cascade,C2,False,root,False,OK
NA5_LAG50_023_overlay,NA5_LAG50,5.0,50.0,overlay,5,affected,mild,C1,False,affected,True,OK
NA5_LAG50_023_overlay,NA5_LAG50,5.0,50.0,overlay,6,affected,cascade,C3,True,affected,True,OK
NA5_LAG50_023_subplot,NA5_LAG50,5.0,50.0,subplot,1,affected,mild,C2,False,unrelated,False,OK
NA5_LAG50_023_subplot,NA5_LAG50,5.0,50.0,subplot,2,affected,cascade,C3,True,unrelated,False,OK
NA5_LAG50_023_subplot,NA5_LAG50,5.0,50.0,subplot,4,affected,cascade,C2,False,affected,True,OK
NA5_LAG50_023_subplot,NA5_LAG50,5.0,50.0,subplot,5,affected,mild,C1,False,unrelated,False,OK
NA5_LAG50_023_subplot,NA5_LAG50,5.0,50.0,subplot,6,affected,cascade,C3,True,unrelated,False,OK
NA5_LAG50_024_overlay,NA5_LAG50,5.0,50.0,overlay,1,affected,mild,C5,True,unrelated,False,OK
NA5_LAG50_024_overlay,NA5_LAG50,5.0,50.0,overlay,2,affected,mild,C1,False,affected,True,OK
NA5_LAG50_024_overlay,NA5_LAG50,5.0,50.0,overlay,3,affected,mild,C4,False,unrelated,False,OK
NA5_LAG50_024_overlay,NA5_LAG50,5.0,50.0,overlay,5,affected,mild,C4,False,unrelated,False,OK
NA5_LAG50_024_overlay,NA5_LAG50,5.0,50.0,overlay,6,affected,cascade,C5,True,unrelated,False,OK
NA5_LAG50_024_subplot,NA5_LAG50,5.0,50.0,subplot,1,affected,mild,C5,True,affected,True,OK
NA5_LAG50_024_subplot,NA5_LAG50,5.0,50.0,subplot,2,affected,mild,C1,False,affected,True,OK
NA5_LAG50_024_subplot,NA5_LAG50,5.0,50.0,subplot,3,affected,mild,C4,False,affected,True,OK
NA5_LAG50_024_subplot,NA5_LAG50,5.0,50.0,subplot,5,affected,mild,C4,False,affected,True,OK
NA5_LAG50_024_subplot,NA5_LAG50,5.0,50.0,subplot,6,affected,cascade,C5,True,affected,True,OK
NA5_LAG50_025_overlay,NA5_LAG50,5.0,50.0,overlay,1,affected,mild,C1,False,affected,True,OK
NA5_LAG50_025_overlay,NA5_LAG50,5.0,50.0,overlay,2,affected,cascade,C5,True,unrelated,False,OK
NA5_LAG50_025_overlay,NA5_LAG50,5.0,50.0,overlay,4,affected,mild,C3,False,root,False,OK
NA5_LAG50_025_overlay,NA5_LAG50,5.0,50.0,overlay,5,affected,mild,C5,True,affected,True,OK
NA5_LAG50_025_overlay,NA5_LAG50,5.0,50.0,overlay,6,affected,cascade,C5,True,affected,True,OK
NA5_LAG50_025_subplot,NA5_LAG50,5.0,50.0,subplot,1,affected,mild,C1,False,unrelated,False,OK
NA5_LAG50_025_subplot,NA5_LAG50,5.0,50.0,subplot,2,affected,cascade,C5,True,unrelated,False,OK
NA5_LAG50_025_subplot,NA5_LAG50,5.0,50.0,subplot,4,affected,mild,C3,False,unrelated,False,OK
NA5_LAG50_025_subplot,NA5_LAG50,5.0,50.0,subplot,5,affected,mild,C5,True,unrelated,False,OK
NA5_LAG50_025_subplot,NA5_LAG50,5.0,50.0,subplot,6,affected,cascade,C5,True,unrelated,False,OK
NA5_LAG50_026_overlay,NA5_LAG50,5.0,50.0,overlay,1,affected,mild,C4,True,affected,True,OK
NA5_LAG50_026_overlay,NA5_LAG50,5.0,50.0,overlay,2,affected,cascade,C3,False,affected,True,OK
NA5_LAG50_026_overlay,NA5_LAG50,5.0,50.0,overlay,4,affected,mild,C1,False,affected,True,OK
NA5_LAG50_026_overlay,NA5_LAG50,5.0,50.0,overlay,5,affected,mild,C4,True,affected,True,OK
NA5_LAG50_026_overlay,NA5_LAG50,5.0,50.0,overlay,6,affected,mild,C2,False,affected,True,OK
NA5_LAG50_026_subplot,NA5_LAG50,5.0,50.0,subplot,1,affected,mild,C4,True,affected,True,OK
NA5_LAG50_026_subplot,NA5_LAG50,5.0,50.0,subplot,2,affected,cascade,C3,False,unrelated,False,OK
NA5_LAG50_026_subplot,NA5_LAG50,5.0,50.0,subplot,4,affected,mild,C1,False,affected,True,OK
NA5_LAG50_026_subplot,NA5_LAG50,5.0,50.0,subplot,5,affected,mild,C4,True,unrelated,False,OK
NA5_LAG50_026_subplot,NA5_LAG50,5.0,50.0,subplot,6,affected,mild,C2,False,affected,True,OK
NA5_LAG50_027_overlay,NA5_LAG50,5.0,50.0,overlay,2,affected,mild,C2,True,affected,True,OK
NA5_LAG50_027_overlay,NA5_LAG50,5.0,50.0,overlay,3,affected,cascade,C5,False,affected,True,OK
NA5_LAG50_027_overlay,NA5_LAG50,5.0,50.0,overlay,4,affected,mild,C5,False,affected,True,OK
NA5_LAG50_027_overlay,NA5_LAG50,5.0,50.0,overlay,5,affected,cascade,C3,False,affected,True,OK
NA5_LAG50_027_overlay,NA5_LAG50,5.0,50.0,overlay,6,affected,mild,C2,True,affected,True,OK
NA5_LAG50_027_subplot,NA5_LAG50,5.0,50.0,subplot,2,affected,mild,C2,True,affected,True,OK
NA5_LAG50_027_subplot,NA5_LAG50,5.0,50.0,subplot,3,affected,cascade,C5,False,root,False,OK
NA5_LAG50_027_subplot,NA5_LAG50,5.0,50.0,subplot,4,affected,mild,C5,False,affected,True,OK
NA5_LAG50_027_subplot,NA5_LAG50,5.0,50.0,subplot,5,affected,cascade,C3,False,unrelated,False,OK
NA5_LAG50_027_subplot,NA5_LAG50,5.0,50.0,subplot,6,affected,mild,C2,True,affected,True,OK
NA5_LAG50_028_overlay,NA5_LAG50,5.0,50.0,overlay,2,affected,mild,C3,False,unrelated,False,OK
NA5_LAG50_028_overlay,NA5_LAG50,5.0,50.0,overlay,3,affected,cascade,C1,True,affected,True,OK
NA5_LAG50_028_overlay,NA5_LAG50,5.0,50.0,overlay,4,affected,mild,C2,False,unrelated,False,OK
NA5_LAG50_028_overlay,NA5_LAG50,5.0,50.0,overlay,5,affected,mild,C1,True,affected,True,OK
NA5_LAG50_028_overlay,NA5_LAG50,5.0,50.0,overlay,6,affected,cascade,C3,False,unrelated,False,OK
NA5_LAG50_028_subplot,NA5_LAG50,5.0,50.0,subplot,2,affected,mild,C3,False,root,False,OK
NA5_LAG50_028_subplot,NA5_LAG50,5.0,50.0,subplot,3,affected,cascade,C1,True,unrelated,False,OK
NA5_LAG50_028_subplot,NA5_LAG50,5.0,50.0,subplot,4,affected,mild,C2,False,affected,True,OK
NA5_LAG50_028_subplot,NA5_LAG50,5.0,50.0,subplot,5,affected,mild,C1,True,unrelated,False,OK
NA5_LAG50_028_subplot,NA5_LAG50,5.0,50.0,subplot,6,affected,cascade,C3,False,unrelated,False,OK
NA5_LAG50_029_overlay,NA5_LAG50,5.0,50.0,overlay,1,affected,mild,C5,False,affected,True,OK
NA5_LAG50_029_overlay,NA5_LAG50,5.0,50.0,overlay,2,affected,mild,C1,False,affected,True,OK
NA5_LAG50_029_overlay,NA5_LAG50,5.0,50.0,overlay,3,affected,cascade,C2,False,root,False,OK
NA5_LAG50_029_overlay,NA5_LAG50,5.0,50.0,overlay,4,affected,mild,C1,False,affected,True,OK
NA5_LAG50_029_overlay,NA5_LAG50,5.0,50.0,overlay,6,affected,cascade,C4,False,affected,True,OK
NA5_LAG50_029_subplot,NA5_LAG50,5.0,50.0,subplot,1,affected,mild,C5,False,unrelated,False,OK
NA5_LAG50_029_subplot,NA5_LAG50,5.0,50.0,subplot,2,affected,mild,C1,False,unrelated,False,OK
NA5_LAG50_029_subplot,NA5_LAG50,5.0,50.0,subplot,3,affected,cascade,C2,False,affected,True,OK
NA5_LAG50_029_subplot,NA5_LAG50,5.0,50.0,subplot,4,affected,mild,C1,False,unrelated,False,OK
NA5_LAG50_029_subplot,NA5_LAG50,5.0,50.0,subplot,6,affected,cascade,C4,False,unrelated,False,OK
NORMAL_000_overlay,NORMAL,,,overlay,1,unrelated,unrelated,,,unrelated,True,OK
NORMAL_000_overlay,NORMAL,,,overlay,2,unrelated,unrelated,,,unrelated,True,OK
NORMAL_000_overlay,NORMAL,,,overlay,3,unrelated,unrelated,,,unrelated,True,OK
NORMAL_000_overlay,NORMAL,,,overlay,4,unrelated,unrelated,,,unrelated,True,OK
NORMAL_000_overlay,NORMAL,,,overlay,5,unrelated,unrelated,,,unrelated,True,OK
NORMAL_000_overlay,NORMAL,,,overlay,6,unrelated,unrelated,,,unrelated,True,OK
NORMAL_000_subplot,NORMAL,,,subplot,1,unrelated,unrelated,,,unrelated,True,OK
NORMAL_000_subplot,NORMAL,,,subplot,2,unrelated,unrelated,,,unrelated,True,OK
NORMAL_000_subplot,NORMAL,,,subplot,3,unrelated,unrelated,,,unrelated,True,OK
NORMAL_000_subplot,NORMAL,,,subplot,4,unrelated,unrelated,,,unrelated,True,OK
NORMAL_000_subplot,NORMAL,,,subplot,5,unrelated,unrelated,,,unrelated,True,OK
NORMAL_000_subplot,NORMAL,,,subplot,6,unrelated,unrelated,,,unrelated,True,OK
NORMAL_001_overlay,NORMAL,,,overlay,1,unrelated,unrelated,,,unrelated,True,OK
NORMAL_001_overlay,NORMAL,,,overlay,2,unrelated,unrelated,,,unrelated,True,OK
NORMAL_001_overlay,NORMAL,,,overlay,3,unrelated,unrelated,,,unrelated,True,OK
NORMAL_001_overlay,NORMAL,,,overlay,4,unrelated,unrelated,,,unrelated,True,OK
NORMAL_001_overlay,NORMAL,,,overlay,5,unrelated,unrelated,,,unrelated,True,OK
NORMAL_001_overlay,NORMAL,,,overlay,6,unrelated,unrelated,,,unrelated,True,OK
NORMAL_001_subplot,NORMAL,,,subplot,1,unrelated,unrelated,,,unrelated,True,OK
NORMAL_001_subplot,NORMAL,,,subplot,2,unrelated,unrelated,,,unrelated,True,OK
NORMAL_001_subplot,NORMAL,,,subplot,3,unrelated,unrelated,,,unrelated,True,OK
NORMAL_001_subplot,NORMAL,,,subplot,4,unrelated,unrelated,,,unrelated,True,OK
NORMAL_001_subplot,NORMAL,,,subplot,5,unrelated,unrelated,,,unrelated,True,OK
NORMAL_001_subplot,NORMAL,,,subplot,6,unrelated,unrelated,,,unrelated,True,OK
NORMAL_002_overlay,NORMAL,,,overlay,1,unrelated,unrelated,,,unrelated,True,OK
NORMAL_002_overlay,NORMAL,,,overlay,2,unrelated,unrelated,,,unrelated,True,OK
NORMAL_002_overlay,NORMAL,,,overlay,3,unrelated,unrelated,,,unrelated,True,OK
NORMAL_002_overlay,NORMAL,,,overlay,4,unrelated,unrelated,,,unrelated,True,OK
NORMAL_002_overlay,NORMAL,,,overlay,5,unrelated,unrelated,,,unrelated,True,OK
NORMAL_002_overlay,NORMAL,,,overlay,6,unrelated,unrelated,,,unrelated,True,OK
NORMAL_002_subplot,NORMAL,,,subplot,1,unrelated,unrelated,,,unrelated,True,OK
NORMAL_002_subplot,NORMAL,,,subplot,2,unrelated,unrelated,,,unrelated,True,OK
NORMAL_002_subplot,NORMAL,,,subplot,3,unrelated,unrelated,,,unrelated,True,OK
NORMAL_002_subplot,NORMAL,,,subplot,4,unrelated,unrelated,,,unrelated,True,OK
NORMAL_002_subplot,NORMAL,,,subplot,5,unrelated,unrelated,,,unrelated,True,OK
NORMAL_002_subplot,NORMAL,,,subplot,6,unrelated,unrelated,,,unrelated,True,OK
NORMAL_003_overlay,NORMAL,,,overlay,1,unrelated,unrelated,,,unrelated,True,OK
NORMAL_003_overlay,NORMAL,,,overlay,2,unrelated,unrelated,,,unrelated,True,OK
NORMAL_003_overlay,NORMAL,,,overlay,3,unrelated,unrelated,,,unrelated,True,OK
NORMAL_003_overlay,NORMAL,,,overlay,4,unrelated,unrelated,,,unrelated,True,OK
NORMAL_003_overlay,NORMAL,,,overlay,5,unrelated,unrelated,,,unrelated,True,OK
NORMAL_003_overlay,NORMAL,,,overlay,6,unrelated,unrelated,,,unrelated,True,OK
NORMAL_003_subplot,NORMAL,,,subplot,1,unrelated,unrelated,,,unrelated,True,OK
NORMAL_003_subplot,NORMAL,,,subplot,2,unrelated,unrelated,,,unrelated,True,OK
NORMAL_003_subplot,NORMAL,,,subplot,3,unrelated,unrelated,,,unrelated,True,OK
NORMAL_003_subplot,NORMAL,,,subplot,4,unrelated,unrelated,,,unrelated,True,OK
NORMAL_003_subplot,NORMAL,,,subplot,5,unrelated,unrelated,,,unrelated,True,OK
NORMAL_003_subplot,NORMAL,,,subplot,6,unrelated,unrelated,,,unrelated,True,OK
NORMAL_004_overlay,NORMAL,,,overlay,1,unrelated,unrelated,,,unrelated,True,OK
NORMAL_004_overlay,NORMAL,,,overlay,2,unrelated,unrelated,,,unrelated,True,OK
NORMAL_004_overlay,NORMAL,,,overlay,3,unrelated,unrelated,,,unrelated,True,OK
NORMAL_004_overlay,NORMAL,,,overlay,4,unrelated,unrelated,,,unrelated,True,OK
NORMAL_004_overlay,NORMAL,,,overlay,5,unrelated,unrelated,,,unrelated,True,OK
NORMAL_004_overlay,NORMAL,,,overlay,6,unrelated,unrelated,,,unrelated,True,OK
NORMAL_004_subplot,NORMAL,,,subplot,1,unrelated,unrelated,,,unrelated,True,OK
NORMAL_004_subplot,NORMAL,,,subplot,2,unrelated,unrelated,,,unrelated,True,OK
NORMAL_004_subplot,NORMAL,,,subplot,3,unrelated,unrelated,,,unrelated,True,OK
NORMAL_004_subplot,NORMAL,,,subplot,4,unrelated,unrelated,,,unrelated,True,OK
NORMAL_004_subplot,NORMAL,,,subplot,5,unrelated,unrelated,,,unrelated,True,OK
NORMAL_004_subplot,NORMAL,,,subplot,6,unrelated,unrelated,,,unrelated,True,OK
NORMAL_005_overlay,NORMAL,,,overlay,1,unrelated,unrelated,,,unrelated,True,OK
NORMAL_005_overlay,NORMAL,,,overlay,2,unrelated,unrelated,,,unrelated,True,OK
NORMAL_005_overlay,NORMAL,,,overlay,3,unrelated,unrelated,,,unrelated,True,OK
NORMAL_005_overlay,NORMAL,,,overlay,4,unrelated,unrelated,,,unrelated,True,OK
NORMAL_005_overlay,NORMAL,,,overlay,5,unrelated,unrelated,,,unrelated,True,OK
NORMAL_005_overlay,NORMAL,,,overlay,6,unrelated,unrelated,,,unrelated,True,OK
NORMAL_005_subplot,NORMAL,,,subplot,1,unrelated,unrelated,,,affected,False,OK
NORMAL_005_subplot,NORMAL,,,subplot,2,unrelated,unrelated,,,affected,False,OK
NORMAL_005_subplot,NORMAL,,,subplot,3,unrelated,unrelated,,,affected,False,OK
NORMAL_005_subplot,NORMAL,,,subplot,4,unrelated,unrelated,,,affected,False,OK
NORMAL_005_subplot,NORMAL,,,subplot,5,unrelated,unrelated,,,affected,False,OK
NORMAL_005_subplot,NORMAL,,,subplot,6,unrelated,unrelated,,,affected,False,OK
NORMAL_006_overlay,NORMAL,,,overlay,1,unrelated,unrelated,,,unrelated,True,OK
NORMAL_006_overlay,NORMAL,,,overlay,2,unrelated,unrelated,,,unrelated,True,OK
NORMAL_006_overlay,NORMAL,,,overlay,3,unrelated,unrelated,,,unrelated,True,OK
NORMAL_006_overlay,NORMAL,,,overlay,4,unrelated,unrelated,,,unrelated,True,OK
NORMAL_006_overlay,NORMAL,,,overlay,5,unrelated,unrelated,,,unrelated,True,OK
NORMAL_006_overlay,NORMAL,,,overlay,6,unrelated,unrelated,,,unrelated,True,OK
NORMAL_006_subplot,NORMAL,,,subplot,1,unrelated,unrelated,,,unrelated,True,OK
NORMAL_006_subplot,NORMAL,,,subplot,2,unrelated,unrelated,,,unrelated,True,OK
NORMAL_006_subplot,NORMAL,,,subplot,3,unrelated,unrelated,,,unrelated,True,OK
NORMAL_006_subplot,NORMAL,,,subplot,4,unrelated,unrelated,,,unrelated,True,OK
NORMAL_006_subplot,NORMAL,,,subplot,5,unrelated,unrelated,,,unrelated,True,OK
NORMAL_006_subplot,NORMAL,,,subplot,6,unrelated,unrelated,,,unrelated,True,OK
NORMAL_007_overlay,NORMAL,,,overlay,1,unrelated,unrelated,,,unrelated,True,OK
NORMAL_007_overlay,NORMAL,,,overlay,2,unrelated,unrelated,,,unrelated,True,OK
NORMAL_007_overlay,NORMAL,,,overlay,3,unrelated,unrelated,,,unrelated,True,OK
NORMAL_007_overlay,NORMAL,,,overlay,4,unrelated,unrelated,,,unrelated,True,OK
NORMAL_007_overlay,NORMAL,,,overlay,5,unrelated,unrelated,,,unrelated,True,OK
NORMAL_007_overlay,NORMAL,,,overlay,6,unrelated,unrelated,,,unrelated,True,OK
NORMAL_007_subplot,NORMAL,,,subplot,1,unrelated,unrelated,,,unrelated,True,OK
NORMAL_007_subplot,NORMAL,,,subplot,2,unrelated,unrelated,,,unrelated,True,OK
NORMAL_007_subplot,NORMAL,,,subplot,3,unrelated,unrelated,,,unrelated,True,OK
NORMAL_007_subplot,NORMAL,,,subplot,4,unrelated,unrelated,,,unrelated,True,OK
NORMAL_007_subplot,NORMAL,,,subplot,5,unrelated,unrelated,,,unrelated,True,OK
NORMAL_007_subplot,NORMAL,,,subplot,6,unrelated,unrelated,,,unrelated,True,OK
NORMAL_008_overlay,NORMAL,,,overlay,1,unrelated,unrelated,,,unrelated,True,OK
NORMAL_008_overlay,NORMAL,,,overlay,2,unrelated,unrelated,,,unrelated,True,OK
NORMAL_008_overlay,NORMAL,,,overlay,3,unrelated,unrelated,,,unrelated,True,OK
NORMAL_008_overlay,NORMAL,,,overlay,4,unrelated,unrelated,,,unrelated,True,OK
NORMAL_008_overlay,NORMAL,,,overlay,5,unrelated,unrelated,,,unrelated,True,OK
NORMAL_008_overlay,NORMAL,,,overlay,6,unrelated,unrelated,,,unrelated,True,OK
NORMAL_008_subplot,NORMAL,,,subplot,1,unrelated,unrelated,,,unrelated,True,OK
NORMAL_008_subplot,NORMAL,,,subplot,2,unrelated,unrelated,,,unrelated,True,OK
NORMAL_008_subplot,NORMAL,,,subplot,3,unrelated,unrelated,,,unrelated,True,OK
NORMAL_008_subplot,NORMAL,,,subplot,4,unrelated,unrelated,,,unrelated,True,OK
NORMAL_008_subplot,NORMAL,,,subplot,5,unrelated,unrelated,,,unrelated,True,OK
NORMAL_008_subplot,NORMAL,,,subplot,6,unrelated,unrelated,,,unrelated,True,OK
NORMAL_009_overlay,NORMAL,,,overlay,1,unrelated,unrelated,,,unrelated,True,OK
NORMAL_009_overlay,NORMAL,,,overlay,2,unrelated,unrelated,,,unrelated,True,OK
NORMAL_009_overlay,NORMAL,,,overlay,3,unrelated,unrelated,,,unrelated,True,OK
NORMAL_009_overlay,NORMAL,,,overlay,4,unrelated,unrelated,,,unrelated,True,OK
NORMAL_009_overlay,NORMAL,,,overlay,5,unrelated,unrelated,,,unrelated,True,OK
NORMAL_009_overlay,NORMAL,,,overlay,6,unrelated,unrelated,,,unrelated,True,OK
NORMAL_009_subplot,NORMAL,,,subplot,1,unrelated,unrelated,,,unrelated,True,OK
NORMAL_009_subplot,NORMAL,,,subplot,2,unrelated,unrelated,,,unrelated,True,OK
NORMAL_009_subplot,NORMAL,,,subplot,3,unrelated,unrelated,,,unrelated,True,OK
NORMAL_009_subplot,NORMAL,,,subplot,4,unrelated,unrelated,,,unrelated,True,OK
NORMAL_009_subplot,NORMAL,,,subplot,5,unrelated,unrelated,,,unrelated,True,OK
NORMAL_009_subplot,NORMAL,,,subplot,6,unrelated,unrelated,,,unrelated,True,OK
NORMAL_010_overlay,NORMAL,,,overlay,1,unrelated,unrelated,,,unrelated,True,OK
NORMAL_010_overlay,NORMAL,,,overlay,2,unrelated,unrelated,,,unrelated,True,OK
NORMAL_010_overlay,NORMAL,,,overlay,3,unrelated,unrelated,,,unrelated,True,OK
NORMAL_010_overlay,NORMAL,,,overlay,4,unrelated,unrelated,,,unrelated,True,OK
NORMAL_010_overlay,NORMAL,,,overlay,5,unrelated,unrelated,,,unrelated,True,OK
NORMAL_010_overlay,NORMAL,,,overlay,6,unrelated,unrelated,,,unrelated,True,OK
NORMAL_010_subplot,NORMAL,,,subplot,1,unrelated,unrelated,,,unrelated,True,OK
NORMAL_010_subplot,NORMAL,,,subplot,2,unrelated,unrelated,,,unrelated,True,OK
NORMAL_010_subplot,NORMAL,,,subplot,3,unrelated,unrelated,,,unrelated,True,OK
NORMAL_010_subplot,NORMAL,,,subplot,4,unrelated,unrelated,,,unrelated,True,OK
NORMAL_010_subplot,NORMAL,,,subplot,5,unrelated,unrelated,,,unrelated,True,OK
NORMAL_010_subplot,NORMAL,,,subplot,6,unrelated,unrelated,,,unrelated,True,OK
NORMAL_011_overlay,NORMAL,,,overlay,1,unrelated,unrelated,,,unrelated,True,OK
NORMAL_011_overlay,NORMAL,,,overlay,2,unrelated,unrelated,,,unrelated,True,OK
NORMAL_011_overlay,NORMAL,,,overlay,3,unrelated,unrelated,,,unrelated,True,OK
NORMAL_011_overlay,NORMAL,,,overlay,4,unrelated,unrelated,,,unrelated,True,OK
NORMAL_011_overlay,NORMAL,,,overlay,5,unrelated,unrelated,,,unrelated,True,OK
NORMAL_011_overlay,NORMAL,,,overlay,6,unrelated,unrelated,,,unrelated,True,OK
NORMAL_011_subplot,NORMAL,,,subplot,1,unrelated,unrelated,,,unrelated,True,OK
NORMAL_011_subplot,NORMAL,,,subplot,2,unrelated,unrelated,,,unrelated,True,OK
NORMAL_011_subplot,NORMAL,,,subplot,3,unrelated,unrelated,,,unrelated,True,OK
NORMAL_011_subplot,NORMAL,,,subplot,4,unrelated,unrelated,,,unrelated,True,OK
NORMAL_011_subplot,NORMAL,,,subplot,5,unrelated,unrelated,,,unrelated,True,OK
NORMAL_011_subplot,NORMAL,,,subplot,6,unrelated,unrelated,,,unrelated,True,OK
NORMAL_012_overlay,NORMAL,,,overlay,1,unrelated,unrelated,,,unrelated,True,OK
NORMAL_012_overlay,NORMAL,,,overlay,2,unrelated,unrelated,,,unrelated,True,OK
NORMAL_012_overlay,NORMAL,,,overlay,3,unrelated,unrelated,,,unrelated,True,OK
NORMAL_012_overlay,NORMAL,,,overlay,4,unrelated,unrelated,,,unrelated,True,OK
NORMAL_012_overlay,NORMAL,,,overlay,5,unrelated,unrelated,,,unrelated,True,OK
NORMAL_012_overlay,NORMAL,,,overlay,6,unrelated,unrelated,,,unrelated,True,OK
NORMAL_012_subplot,NORMAL,,,subplot,1,unrelated,unrelated,,,affected,False,OK
NORMAL_012_subplot,NORMAL,,,subplot,2,unrelated,unrelated,,,unrelated,True,OK
NORMAL_012_subplot,NORMAL,,,subplot,3,unrelated,unrelated,,,unrelated,True,OK
NORMAL_012_subplot,NORMAL,,,subplot,4,unrelated,unrelated,,,affected,False,OK
NORMAL_012_subplot,NORMAL,,,subplot,5,unrelated,unrelated,,,root,False,OK
NORMAL_012_subplot,NORMAL,,,subplot,6,unrelated,unrelated,,,unrelated,True,OK
NORMAL_013_overlay,NORMAL,,,overlay,1,unrelated,unrelated,,,unrelated,True,OK
NORMAL_013_overlay,NORMAL,,,overlay,2,unrelated,unrelated,,,unrelated,True,OK
NORMAL_013_overlay,NORMAL,,,overlay,3,unrelated,unrelated,,,unrelated,True,OK
NORMAL_013_overlay,NORMAL,,,overlay,4,unrelated,unrelated,,,unrelated,True,OK
NORMAL_013_overlay,NORMAL,,,overlay,5,unrelated,unrelated,,,unrelated,True,OK
NORMAL_013_overlay,NORMAL,,,overlay,6,unrelated,unrelated,,,unrelated,True,OK
NORMAL_013_subplot,NORMAL,,,subplot,1,unrelated,unrelated,,,unrelated,True,OK
NORMAL_013_subplot,NORMAL,,,subplot,2,unrelated,unrelated,,,unrelated,True,OK
NORMAL_013_subplot,NORMAL,,,subplot,3,unrelated,unrelated,,,root,False,OK
NORMAL_013_subplot,NORMAL,,,subplot,4,unrelated,unrelated,,,affected,False,OK
NORMAL_013_subplot,NORMAL,,,subplot,5,unrelated,unrelated,,,unrelated,True,OK
NORMAL_013_subplot,NORMAL,,,subplot,6,unrelated,unrelated,,,affected,False,OK
NORMAL_014_overlay,NORMAL,,,overlay,1,unrelated,unrelated,,,unrelated,True,OK
NORMAL_014_overlay,NORMAL,,,overlay,2,unrelated,unrelated,,,unrelated,True,OK
NORMAL_014_overlay,NORMAL,,,overlay,3,unrelated,unrelated,,,unrelated,True,OK
NORMAL_014_overlay,NORMAL,,,overlay,4,unrelated,unrelated,,,unrelated,True,OK
NORMAL_014_overlay,NORMAL,,,overlay,5,unrelated,unrelated,,,unrelated,True,OK
NORMAL_014_overlay,NORMAL,,,overlay,6,unrelated,unrelated,,,unrelated,True,OK
NORMAL_014_subplot,NORMAL,,,subplot,1,unrelated,unrelated,,,unrelated,True,OK
NORMAL_014_subplot,NORMAL,,,subplot,2,unrelated,unrelated,,,unrelated,True,OK
NORMAL_014_subplot,NORMAL,,,subplot,3,unrelated,unrelated,,,unrelated,True,OK
NORMAL_014_subplot,NORMAL,,,subplot,4,unrelated,unrelated,,,unrelated,True,OK
NORMAL_014_subplot,NORMAL,,,subplot,5,unrelated,unrelated,,,unrelated,True,OK
NORMAL_014_subplot,NORMAL,,,subplot,6,unrelated,unrelated,,,unrelated,True,OK
NORMAL_015_overlay,NORMAL,,,overlay,1,unrelated,unrelated,,,unrelated,True,OK
NORMAL_015_overlay,NORMAL,,,overlay,2,unrelated,unrelated,,,unrelated,True,OK
NORMAL_015_overlay,NORMAL,,,overlay,3,unrelated,unrelated,,,unrelated,True,OK
NORMAL_015_overlay,NORMAL,,,overlay,4,unrelated,unrelated,,,unrelated,True,OK
NORMAL_015_overlay,NORMAL,,,overlay,5,unrelated,unrelated,,,unrelated,True,OK
NORMAL_015_overlay,NORMAL,,,overlay,6,unrelated,unrelated,,,unrelated,True,OK
NORMAL_015_subplot,NORMAL,,,subplot,1,unrelated,unrelated,,,unrelated,True,OK
NORMAL_015_subplot,NORMAL,,,subplot,2,unrelated,unrelated,,,unrelated,True,OK
NORMAL_015_subplot,NORMAL,,,subplot,3,unrelated,unrelated,,,unrelated,True,OK
NORMAL_015_subplot,NORMAL,,,subplot,4,unrelated,unrelated,,,unrelated,True,OK
NORMAL_015_subplot,NORMAL,,,subplot,5,unrelated,unrelated,,,unrelated,True,OK
NORMAL_015_subplot,NORMAL,,,subplot,6,unrelated,unrelated,,,unrelated,True,OK
NORMAL_016_overlay,NORMAL,,,overlay,1,unrelated,unrelated,,,unrelated,True,OK
NORMAL_016_overlay,NORMAL,,,overlay,2,unrelated,unrelated,,,unrelated,True,OK
NORMAL_016_overlay,NORMAL,,,overlay,3,unrelated,unrelated,,,unrelated,True,OK
NORMAL_016_overlay,NORMAL,,,overlay,4,unrelated,unrelated,,,unrelated,True,OK
NORMAL_016_overlay,NORMAL,,,overlay,5,unrelated,unrelated,,,unrelated,True,OK
NORMAL_016_overlay,NORMAL,,,overlay,6,unrelated,unrelated,,,unrelated,True,OK
NORMAL_016_subplot,NORMAL,,,subplot,1,unrelated,unrelated,,,unrelated,True,OK
NORMAL_016_subplot,NORMAL,,,subplot,2,unrelated,unrelated,,,unrelated,True,OK
NORMAL_016_subplot,NORMAL,,,subplot,3,unrelated,unrelated,,,unrelated,True,OK
NORMAL_016_subplot,NORMAL,,,subplot,4,unrelated,unrelated,,,unrelated,True,OK
NORMAL_016_subplot,NORMAL,,,subplot,5,unrelated,unrelated,,,unrelated,True,OK
NORMAL_016_subplot,NORMAL,,,subplot,6,unrelated,unrelated,,,unrelated,True,OK
NORMAL_017_overlay,NORMAL,,,overlay,1,unrelated,unrelated,,,unrelated,True,OK
NORMAL_017_overlay,NORMAL,,,overlay,2,unrelated,unrelated,,,unrelated,True,OK
NORMAL_017_overlay,NORMAL,,,overlay,3,unrelated,unrelated,,,unrelated,True,OK
NORMAL_017_overlay,NORMAL,,,overlay,4,unrelated,unrelated,,,unrelated,True,OK
NORMAL_017_overlay,NORMAL,,,overlay,5,unrelated,unrelated,,,unrelated,True,OK
NORMAL_017_overlay,NORMAL,,,overlay,6,unrelated,unrelated,,,unrelated,True,OK
NORMAL_017_subplot,NORMAL,,,subplot,1,unrelated,unrelated,,,affected,False,OK
NORMAL_017_subplot,NORMAL,,,subplot,2,unrelated,unrelated,,,root,False,OK
NORMAL_017_subplot,NORMAL,,,subplot,3,unrelated,unrelated,,,affected,False,OK
NORMAL_017_subplot,NORMAL,,,subplot,4,unrelated,unrelated,,,unrelated,True,OK
NORMAL_017_subplot,NORMAL,,,subplot,5,unrelated,unrelated,,,affected,False,OK
NORMAL_017_subplot,NORMAL,,,subplot,6,unrelated,unrelated,,,affected,False,OK
NORMAL_018_overlay,NORMAL,,,overlay,1,unrelated,unrelated,,,unrelated,True,OK
NORMAL_018_overlay,NORMAL,,,overlay,2,unrelated,unrelated,,,unrelated,True,OK
NORMAL_018_overlay,NORMAL,,,overlay,3,unrelated,unrelated,,,unrelated,True,OK
NORMAL_018_overlay,NORMAL,,,overlay,4,unrelated,unrelated,,,unrelated,True,OK
NORMAL_018_overlay,NORMAL,,,overlay,5,unrelated,unrelated,,,unrelated,True,OK
NORMAL_018_overlay,NORMAL,,,overlay,6,unrelated,unrelated,,,unrelated,True,OK
NORMAL_018_subplot,NORMAL,,,subplot,1,unrelated,unrelated,,,unrelated,True,OK
NORMAL_018_subplot,NORMAL,,,subplot,2,unrelated,unrelated,,,unrelated,True,OK
NORMAL_018_subplot,NORMAL,,,subplot,3,unrelated,unrelated,,,unrelated,True,OK
NORMAL_018_subplot,NORMAL,,,subplot,4,unrelated,unrelated,,,unrelated,True,OK
NORMAL_018_subplot,NORMAL,,,subplot,5,unrelated,unrelated,,,unrelated,True,OK
NORMAL_018_subplot,NORMAL,,,subplot,6,unrelated,unrelated,,,unrelated,True,OK
NORMAL_019_overlay,NORMAL,,,overlay,1,unrelated,unrelated,,,unrelated,True,OK
NORMAL_019_overlay,NORMAL,,,overlay,2,unrelated,unrelated,,,unrelated,True,OK
NORMAL_019_overlay,NORMAL,,,overlay,3,unrelated,unrelated,,,unrelated,True,OK
NORMAL_019_overlay,NORMAL,,,overlay,4,unrelated,unrelated,,,unrelated,True,OK
NORMAL_019_overlay,NORMAL,,,overlay,5,unrelated,unrelated,,,unrelated,True,OK
NORMAL_019_overlay,NORMAL,,,overlay,6,unrelated,unrelated,,,unrelated,True,OK
NORMAL_019_subplot,NORMAL,,,subplot,1,unrelated,unrelated,,,unrelated,True,OK
NORMAL_019_subplot,NORMAL,,,subplot,2,unrelated,unrelated,,,unrelated,True,OK
NORMAL_019_subplot,NORMAL,,,subplot,3,unrelated,unrelated,,,unrelated,True,OK
NORMAL_019_subplot,NORMAL,,,subplot,4,unrelated,unrelated,,,unrelated,True,OK
NORMAL_019_subplot,NORMAL,,,subplot,5,unrelated,unrelated,,,unrelated,True,OK
NORMAL_019_subplot,NORMAL,,,subplot,6,unrelated,unrelated,,,unrelated,True,OK
NORMAL_020_overlay,NORMAL,,,overlay,1,unrelated,unrelated,,,unrelated,True,OK
NORMAL_020_overlay,NORMAL,,,overlay,2,unrelated,unrelated,,,unrelated,True,OK
NORMAL_020_overlay,NORMAL,,,overlay,3,unrelated,unrelated,,,unrelated,True,OK
NORMAL_020_overlay,NORMAL,,,overlay,4,unrelated,unrelated,,,unrelated,True,OK
NORMAL_020_overlay,NORMAL,,,overlay,5,unrelated,unrelated,,,unrelated,True,OK
NORMAL_020_overlay,NORMAL,,,overlay,6,unrelated,unrelated,,,unrelated,True,OK
NORMAL_020_subplot,NORMAL,,,subplot,1,unrelated,unrelated,,,unrelated,True,OK
NORMAL_020_subplot,NORMAL,,,subplot,2,unrelated,unrelated,,,unrelated,True,OK
NORMAL_020_subplot,NORMAL,,,subplot,3,unrelated,unrelated,,,unrelated,True,OK
NORMAL_020_subplot,NORMAL,,,subplot,4,unrelated,unrelated,,,unrelated,True,OK
NORMAL_020_subplot,NORMAL,,,subplot,5,unrelated,unrelated,,,unrelated,True,OK
NORMAL_020_subplot,NORMAL,,,subplot,6,unrelated,unrelated,,,unrelated,True,OK
NORMAL_021_overlay,NORMAL,,,overlay,1,unrelated,unrelated,,,unrelated,True,OK
NORMAL_021_overlay,NORMAL,,,overlay,2,unrelated,unrelated,,,unrelated,True,OK
NORMAL_021_overlay,NORMAL,,,overlay,3,unrelated,unrelated,,,unrelated,True,OK
NORMAL_021_overlay,NORMAL,,,overlay,4,unrelated,unrelated,,,unrelated,True,OK
NORMAL_021_overlay,NORMAL,,,overlay,5,unrelated,unrelated,,,unrelated,True,OK
NORMAL_021_overlay,NORMAL,,,overlay,6,unrelated,unrelated,,,unrelated,True,OK
NORMAL_021_subplot,NORMAL,,,subplot,1,unrelated,unrelated,,,unrelated,True,OK
NORMAL_021_subplot,NORMAL,,,subplot,2,unrelated,unrelated,,,unrelated,True,OK
NORMAL_021_subplot,NORMAL,,,subplot,3,unrelated,unrelated,,,unrelated,True,OK
NORMAL_021_subplot,NORMAL,,,subplot,4,unrelated,unrelated,,,unrelated,True,OK
NORMAL_021_subplot,NORMAL,,,subplot,5,unrelated,unrelated,,,unrelated,True,OK
NORMAL_021_subplot,NORMAL,,,subplot,6,unrelated,unrelated,,,unrelated,True,OK
NORMAL_022_overlay,NORMAL,,,overlay,1,unrelated,unrelated,,,unrelated,True,OK
NORMAL_022_overlay,NORMAL,,,overlay,2,unrelated,unrelated,,,unrelated,True,OK
NORMAL_022_overlay,NORMAL,,,overlay,3,unrelated,unrelated,,,unrelated,True,OK
NORMAL_022_overlay,NORMAL,,,overlay,4,unrelated,unrelated,,,unrelated,True,OK
NORMAL_022_overlay,NORMAL,,,overlay,5,unrelated,unrelated,,,unrelated,True,OK
NORMAL_022_overlay,NORMAL,,,overlay,6,unrelated,unrelated,,,unrelated,True,OK
NORMAL_022_subplot,NORMAL,,,subplot,1,unrelated,unrelated,,,unrelated,True,OK
NORMAL_022_subplot,NORMAL,,,subplot,2,unrelated,unrelated,,,root,False,OK
NORMAL_022_subplot,NORMAL,,,subplot,3,unrelated,unrelated,,,unrelated,True,OK
NORMAL_022_subplot,NORMAL,,,subplot,4,unrelated,unrelated,,,affected,False,OK
NORMAL_022_subplot,NORMAL,,,subplot,5,unrelated,unrelated,,,unrelated,True,OK
NORMAL_022_subplot,NORMAL,,,subplot,6,unrelated,unrelated,,,affected,False,OK
NORMAL_023_overlay,NORMAL,,,overlay,1,unrelated,unrelated,,,unrelated,True,OK
NORMAL_023_overlay,NORMAL,,,overlay,2,unrelated,unrelated,,,unrelated,True,OK
NORMAL_023_overlay,NORMAL,,,overlay,3,unrelated,unrelated,,,unrelated,True,OK
NORMAL_023_overlay,NORMAL,,,overlay,4,unrelated,unrelated,,,unrelated,True,OK
NORMAL_023_overlay,NORMAL,,,overlay,5,unrelated,unrelated,,,unrelated,True,OK
NORMAL_023_overlay,NORMAL,,,overlay,6,unrelated,unrelated,,,unrelated,True,OK
NORMAL_023_subplot,NORMAL,,,subplot,1,unrelated,unrelated,,,unrelated,True,OK
NORMAL_023_subplot,NORMAL,,,subplot,2,unrelated,unrelated,,,unrelated,True,OK
NORMAL_023_subplot,NORMAL,,,subplot,3,unrelated,unrelated,,,unrelated,True,OK
NORMAL_023_subplot,NORMAL,,,subplot,4,unrelated,unrelated,,,unrelated,True,OK
NORMAL_023_subplot,NORMAL,,,subplot,5,unrelated,unrelated,,,unrelated,True,OK
NORMAL_023_subplot,NORMAL,,,subplot,6,unrelated,unrelated,,,unrelated,True,OK
NORMAL_024_overlay,NORMAL,,,overlay,1,unrelated,unrelated,,,unrelated,True,OK
NORMAL_024_overlay,NORMAL,,,overlay,2,unrelated,unrelated,,,unrelated,True,OK
NORMAL_024_overlay,NORMAL,,,overlay,3,unrelated,unrelated,,,unrelated,True,OK
NORMAL_024_overlay,NORMAL,,,overlay,4,unrelated,unrelated,,,unrelated,True,OK
NORMAL_024_overlay,NORMAL,,,overlay,5,unrelated,unrelated,,,unrelated,True,OK
NORMAL_024_overlay,NORMAL,,,overlay,6,unrelated,unrelated,,,unrelated,True,OK
NORMAL_024_subplot,NORMAL,,,subplot,1,unrelated,unrelated,,,unrelated,True,OK
NORMAL_024_subplot,NORMAL,,,subplot,2,unrelated,unrelated,,,unrelated,True,OK
NORMAL_024_subplot,NORMAL,,,subplot,3,unrelated,unrelated,,,unrelated,True,OK
NORMAL_024_subplot,NORMAL,,,subplot,4,unrelated,unrelated,,,unrelated,True,OK
NORMAL_024_subplot,NORMAL,,,subplot,5,unrelated,unrelated,,,unrelated,True,OK
NORMAL_024_subplot,NORMAL,,,subplot,6,unrelated,unrelated,,,unrelated,True,OK
NORMAL_025_overlay,NORMAL,,,overlay,1,unrelated,unrelated,,,unrelated,True,OK
NORMAL_025_overlay,NORMAL,,,overlay,2,unrelated,unrelated,,,unrelated,True,OK
NORMAL_025_overlay,NORMAL,,,overlay,3,unrelated,unrelated,,,unrelated,True,OK
NORMAL_025_overlay,NORMAL,,,overlay,4,unrelated,unrelated,,,unrelated,True,OK
NORMAL_025_overlay,NORMAL,,,overlay,5,unrelated,unrelated,,,unrelated,True,OK
NORMAL_025_overlay,NORMAL,,,overlay,6,unrelated,unrelated,,,unrelated,True,OK
NORMAL_025_subplot,NORMAL,,,subplot,1,unrelated,unrelated,,,affected,False,OK
NORMAL_025_subplot,NORMAL,,,subplot,2,unrelated,unrelated,,,affected,False,OK
NORMAL_025_subplot,NORMAL,,,subplot,3,unrelated,unrelated,,,root,False,OK
NORMAL_025_subplot,NORMAL,,,subplot,4,unrelated,unrelated,,,affected,False,OK
NORMAL_025_subplot,NORMAL,,,subplot,5,unrelated,unrelated,,,affected,False,OK
NORMAL_025_subplot,NORMAL,,,subplot,6,unrelated,unrelated,,,unrelated,True,OK
NORMAL_026_overlay,NORMAL,,,overlay,1,unrelated,unrelated,,,unrelated,True,OK
NORMAL_026_overlay,NORMAL,,,overlay,2,unrelated,unrelated,,,unrelated,True,OK
NORMAL_026_overlay,NORMAL,,,overlay,3,unrelated,unrelated,,,unrelated,True,OK
NORMAL_026_overlay,NORMAL,,,overlay,4,unrelated,unrelated,,,unrelated,True,OK
NORMAL_026_overlay,NORMAL,,,overlay,5,unrelated,unrelated,,,unrelated,True,OK
NORMAL_026_overlay,NORMAL,,,overlay,6,unrelated,unrelated,,,unrelated,True,OK
NORMAL_026_subplot,NORMAL,,,subplot,1,unrelated,unrelated,,,unrelated,True,OK
NORMAL_026_subplot,NORMAL,,,subplot,2,unrelated,unrelated,,,unrelated,True,OK
NORMAL_026_subplot,NORMAL,,,subplot,3,unrelated,unrelated,,,unrelated,True,OK
NORMAL_026_subplot,NORMAL,,,subplot,4,unrelated,unrelated,,,unrelated,True,OK
NORMAL_026_subplot,NORMAL,,,subplot,5,unrelated,unrelated,,,unrelated,True,OK
NORMAL_026_subplot,NORMAL,,,subplot,6,unrelated,unrelated,,,unrelated,True,OK
NORMAL_027_overlay,NORMAL,,,overlay,1,unrelated,unrelated,,,unrelated,True,OK
NORMAL_027_overlay,NORMAL,,,overlay,2,unrelated,unrelated,,,unrelated,True,OK
NORMAL_027_overlay,NORMAL,,,overlay,3,unrelated,unrelated,,,unrelated,True,OK
NORMAL_027_overlay,NORMAL,,,overlay,4,unrelated,unrelated,,,unrelated,True,OK
NORMAL_027_overlay,NORMAL,,,overlay,5,unrelated,unrelated,,,unrelated,True,OK
NORMAL_027_overlay,NORMAL,,,overlay,6,unrelated,unrelated,,,unrelated,True,OK
NORMAL_027_subplot,NORMAL,,,subplot,1,unrelated,unrelated,,,affected,False,OK
NORMAL_027_subplot,NORMAL,,,subplot,2,unrelated,unrelated,,,affected,False,OK
NORMAL_027_subplot,NORMAL,,,subplot,3,unrelated,unrelated,,,affected,False,OK
NORMAL_027_subplot,NORMAL,,,subplot,4,unrelated,unrelated,,,affected,False,OK
NORMAL_027_subplot,NORMAL,,,subplot,5,unrelated,unrelated,,,affected,False,OK
NORMAL_027_subplot,NORMAL,,,subplot,6,unrelated,unrelated,,,unrelated,True,OK
NORMAL_028_overlay,NORMAL,,,overlay,1,unrelated,unrelated,,,unrelated,True,OK
NORMAL_028_overlay,NORMAL,,,overlay,2,unrelated,unrelated,,,unrelated,True,OK
NORMAL_028_overlay,NORMAL,,,overlay,3,unrelated,unrelated,,,unrelated,True,OK
NORMAL_028_overlay,NORMAL,,,overlay,4,unrelated,unrelated,,,unrelated,True,OK
NORMAL_028_overlay,NORMAL,,,overlay,5,unrelated,unrelated,,,unrelated,True,OK
NORMAL_028_overlay,NORMAL,,,overlay,6,unrelated,unrelated,,,unrelated,True,OK
NORMAL_028_subplot,NORMAL,,,subplot,1,unrelated,unrelated,,,unrelated,True,OK
NORMAL_028_subplot,NORMAL,,,subplot,2,unrelated,unrelated,,,unrelated,True,OK
NORMAL_028_subplot,NORMAL,,,subplot,3,unrelated,unrelated,,,unrelated,True,OK
NORMAL_028_subplot,NORMAL,,,subplot,4,unrelated,unrelated,,,unrelated,True,OK
NORMAL_028_subplot,NORMAL,,,subplot,5,unrelated,unrelated,,,unrelated,True,OK
NORMAL_028_subplot,NORMAL,,,subplot,6,unrelated,unrelated,,,unrelated,True,OK
NORMAL_029_overlay,NORMAL,,,overlay,1,unrelated,unrelated,,,unrelated,True,OK
NORMAL_029_overlay,NORMAL,,,overlay,2,unrelated,unrelated,,,unrelated,True,OK
NORMAL_029_overlay,NORMAL,,,overlay,3,unrelated,unrelated,,,unrelated,True,OK
NORMAL_029_overlay,NORMAL,,,overlay,4,unrelated,unrelated,,,unrelated,True,OK
NORMAL_029_overlay,NORMAL,,,overlay,5,unrelated,unrelated,,,unrelated,True,OK
NORMAL_029_overlay,NORMAL,,,overlay,6,unrelated,unrelated,,,unrelated,True,OK
NORMAL_029_subplot,NORMAL,,,subplot,1,unrelated,unrelated,,,unrelated,True,OK
NORMAL_029_subplot,NORMAL,,,subplot,2,unrelated,unrelated,,,unrelated,True,OK
NORMAL_029_subplot,NORMAL,,,subplot,3,unrelated,unrelated,,,unrelated,True,OK
NORMAL_029_subplot,NORMAL,,,subplot,4,unrelated,unrelated,,,unrelated,True,OK
NORMAL_029_subplot,NORMAL,,,subplot,5,unrelated,unrelated,,,unrelated,True,OK
NORMAL_029_subplot,NORMAL,,,subplot,6,unrelated,unrelated,,,unrelated,True,OK
