case_id,scenario,n_affected,lag,vis_condition,true_root,pred_root,root_correct,true_onset,pred_onset,onset_abs_error,model_confidence,model_reason,parse_status
NA0_LAG10_000_overlay,NA0_LAG10,0.0,10.0,overlay,2,2,True,100.0,0.0,100.0,0.95,"Channel 2 shows a distinct pattern compared to the others, which maintain a similar sinusoidal pattern. This suggests an anomaly in channel 2 from the start.",OK
NA0_LAG10_000_subplot,NA0_LAG10,0.0,10.0,subplot,2,none,False,100.0,,,0.95,All channels exhibit similar sinusoidal patterns with no clear anomalies or deviations from their expected behavior.,OK
NA0_LAG10_001_overlay,NA0_LAG10,0.0,10.0,overlay,6,6,True,100.0,150.0,50.0,0.95,"Channel 6 deviates significantly from the others starting around time step 150, while the other channels maintain a consistent pattern.",OK
NA0_LAG10_001_subplot,NA0_LAG10,0.0,10.0,subplot,6,2,False,100.0,0.0,100.0,0.9,"Channel 2 shows increased noise throughout the time series, suggesting it is the root cause. Channels 3 and 5 also display increased noise, indicating they are affected. Channels 1, 4, and 6 maintain a smooth pattern, indicating they are unaffected.",OK
NA0_LAG10_002_overlay,NA0_LAG10,0.0,10.0,overlay,4,4,True,100.0,0.0,100.0,0.95,"Channel 4 shows a distinct pattern that deviates from the sinusoidal pattern of the other channels throughout the entire time series. The other channels maintain a consistent pattern, indicating no influence from channel 4.",OK
NA0_LAG10_002_subplot,NA0_LAG10,0.0,10.0,subplot,4,4,True,100.0,0.0,100.0,0.95,"Channel 4 shows a flat pattern throughout, deviating from the sinusoidal pattern seen in other channels. This suggests it is the root cause. All other channels show increased noise, indicating they are affected.",OK
NA0_LAG10_003_overlay,NA0_LAG10,0.0,10.0,overlay,2,2,True,100.0,0.0,100.0,0.95,"Channel 2 deviates significantly from the others throughout the entire time period, indicating it is the root cause. The other channels remain consistent with each other, showing no signs of being affected.",OK
NA0_LAG10_003_subplot,NA0_LAG10,0.0,10.0,subplot,2,none,False,100.0,,,0.95,All channels exhibit consistent sinusoidal patterns without any visible anomalies or deviations from their normal behavior.,OK
NA0_LAG10_004_overlay,NA0_LAG10,0.0,10.0,overlay,5,5,True,100.0,0.0,100.0,0.95,"Channel 5 shows a distinct pattern that deviates from the others throughout the entire time series, indicating it is the root cause. The other channels maintain a consistent pattern.",OK
NA0_LAG10_004_subplot,NA0_LAG10,0.0,10.0,subplot,5,5,True,100.0,0.0,100.0,0.95,"Channel 5 shows a distinct anomaly with a different pattern from the start, influencing channels 2 and 4. Channels 1, 3, and 6 maintain their normal sinusoidal patterns.",OK
NA0_LAG10_005_overlay,NA0_LAG10,0.0,10.0,overlay,3,3,True,100.0,0.0,100.0,0.95,"Channel 3 shows a distinct pattern that deviates from the others throughout the entire time series, indicating it is the root cause. The other channels maintain a similar pattern to each other.",OK
NA0_LAG10_005_subplot,NA0_LAG10,0.0,10.0,subplot,3,3,True,100.0,0.0,100.0,0.9,"Channel 3 shows a distinct anomaly with a larger amplitude and different pattern compared to the others. Channels 1, 2, 4, and 5 show similar deviations, suggesting they are affected. Channel 6 maintains a consistent pattern, indicating it is unaffected.",OK
NA0_LAG10_006_overlay,NA0_LAG10,0.0,10.0,overlay,4,4,True,100.0,0.0,100.0,0.95,"Channel 4 deviates from the sinusoidal pattern seen in the other channels, maintaining a flat, noisy pattern throughout. This suggests it is the root cause of the anomaly. The other channels remain consistent with each other, indicating they are unaffected.",OK
NA0_LAG10_006_subplot,NA0_LAG10,0.0,10.0,subplot,4,4,True,100.0,0.0,100.0,0.95,"Channel 4 shows a flat, noisy pattern throughout, differing from the sinusoidal patterns of the other channels. This suggests it is the root cause. All other channels maintain their sinusoidal patterns, indicating they are affected by the anomaly in Channel 4.",OK
NA0_LAG10_007_overlay,NA0_LAG10,0.0,10.0,overlay,1,1,True,100.0,0.0,100.0,0.95,"Channel 1 shows a distinct pattern that deviates from the others throughout the entire time series, indicating it is the root cause. The other channels remain consistent with each other, showing no signs of influence from channel 1.",OK
NA0_LAG10_007_subplot,NA0_LAG10,0.0,10.0,subplot,1,none,False,100.0,,,0.95,All channels exhibit normal sinusoidal patterns without any visible anomalies or deviations.,OK
NA0_LAG10_008_overlay,NA0_LAG10,0.0,10.0,overlay,3,3,True,100.0,0.0,100.0,0.95,"Channel 3 shows a distinct pattern compared to the others, which remain closely aligned. This suggests an anomaly in channel 3 from the start.",OK
NA0_LAG10_008_subplot,NA0_LAG10,0.0,10.0,subplot,3,3,True,100.0,0.0,100.0,0.85,"Channel 3 shows a larger amplitude and different pattern compared to others, suggesting it as the root cause. Channels 1, 2, 4, and 6 show similar deviations, while Channel 5 remains consistent.",OK
NA0_LAG10_009_overlay,NA0_LAG10,0.0,10.0,overlay,5,5,True,100.0,0.0,100.0,0.95,"Channel 5 shows a distinct pattern that deviates from the others throughout the entire time series, indicating it is the root cause. The other channels maintain a consistent pattern.",OK
NA0_LAG10_009_subplot,NA0_LAG10,0.0,10.0,subplot,5,none,False,100.0,,,0.95,"All channels exhibit a consistent sinusoidal pattern with minor noise, indicating no anomalies or disruptions.",OK
NA0_LAG10_010_overlay,NA0_LAG10,0.0,10.0,overlay,5,5,True,100.0,0.0,100.0,0.95,"Channel 5 shows a distinct pattern with higher amplitude compared to the others, which remain closely aligned. This suggests channel 5 is anomalous from the start.",OK
NA0_LAG10_010_subplot,NA0_LAG10,0.0,10.0,subplot,5,5,True,100.0,0.0,100.0,0.85,"Channel 5 shows a distinct pattern with a larger amplitude and different shape compared to the others, suggesting it is the root cause. Channels 1, 2, 3, and 4 show similar deviations, indicating they are affected. Channel 6 remains consistent, indicating it is unaffected.",OK
NA0_LAG10_011_overlay,NA0_LAG10,0.0,10.0,overlay,2,2,True,100.0,0.0,100.0,0.95,"Channel 2 shows a distinct pattern that deviates from the sinusoidal pattern of the other channels, indicating an anomaly. The other channels maintain their normal sinusoidal pattern throughout.",OK
NA0_LAG10_011_subplot,NA0_LAG10,0.0,10.0,subplot,2,2,True,100.0,0.0,100.0,0.85,"Channel 2 shows a flat pattern with noise, deviating from the sinusoidal pattern of other channels. Channel 3 shows a similar deviation but less pronounced, suggesting it is affected. Other channels maintain their sinusoidal pattern.",OK
NA0_LAG10_012_overlay,NA0_LAG10,0.0,10.0,overlay,5,5,True,100.0,0.0,100.0,0.95,"Channel 5 shows a distinct pattern that is different from the others, which follow a similar sinusoidal pattern. This suggests that channel 5 is anomalous from the start.",OK
NA0_LAG10_012_subplot,NA0_LAG10,0.0,10.0,subplot,5,5,True,100.0,0.0,100.0,0.95,"Channel 5 shows a flat pattern throughout, deviating from the sinusoidal pattern of other channels. Channels 1, 2, 3, and 4 show increased noise, likely influenced by Channel 5. Channel 6 remains unaffected.",OK
NA0_LAG10_013_overlay,NA0_LAG10,0.0,10.0,overlay,1,1,True,100.0,100.0,0.0,0.95,"Channel 1 deviates significantly from the others starting around time step 100, while the other channels maintain a similar pattern throughout.",OK
NA0_LAG10_013_subplot,NA0_LAG10,0.0,10.0,subplot,1,2,False,100.0,0.0,100.0,0.9,"Channel 2 shows increased noise throughout, suggesting it is the root cause. Channels 5 and 6 show similar noise patterns, indicating they are affected. Channels 1, 3, and 4 maintain a smooth sinusoidal pattern.",OK
NA0_LAG10_014_overlay,NA0_LAG10,0.0,10.0,overlay,4,4,True,100.0,150.0,50.0,0.95,"Channel 4 deviates significantly from the others starting around time step 150, showing a different pattern. The other channels maintain a consistent pattern throughout.",OK
NA0_LAG10_014_subplot,NA0_LAG10,0.0,10.0,subplot,4,none,False,100.0,,,0.95,All channels exhibit normal sinusoidal patterns with no visible anomalies or deviations from expected behavior.,OK
NA0_LAG10_015_overlay,NA0_LAG10,0.0,10.0,overlay,4,4,True,100.0,0.0,100.0,0.95,"Channel 4 deviates from the sinusoidal pattern seen in the other channels, showing a flat, noisy pattern throughout. This suggests it is the root cause of the anomaly, while the other channels remain unaffected.",OK
NA0_LAG10_015_subplot,NA0_LAG10,0.0,10.0,subplot,4,4,True,100.0,0.0,100.0,0.95,"Channel 4 shows a flat, noisy pattern throughout, unlike the sinusoidal patterns of the other channels. This suggests an anomaly originating in Channel 4. Other channels maintain their normal patterns.",OK
NA0_LAG10_016_overlay,NA0_LAG10,0.0,10.0,overlay,4,4,True,100.0,0.0,100.0,0.95,Channel 4 shows a distinct pattern that deviates from the sinusoidal pattern of the other channels throughout the entire time series. This suggests it is the root cause and not influenced by others.,OK
NA0_LAG10_016_subplot,NA0_LAG10,0.0,10.0,subplot,4,4,True,100.0,0.0,100.0,0.85,"Channel 4 shows a consistent noise pattern throughout, differing from the sinusoidal patterns of other channels. Channel 2 shows increased noise, possibly influenced by Channel 4. Other channels maintain their sinusoidal patterns.",OK
NA0_LAG10_017_overlay,NA0_LAG10,0.0,10.0,overlay,6,6,True,100.0,250.0,150.0,0.95,"Channel 6 deviates significantly from the others starting around time step 250, indicating an anomaly. The other channels maintain their normal pattern.",OK
NA0_LAG10_017_subplot,NA0_LAG10,0.0,10.0,subplot,6,none,False,100.0,,,0.95,All channels exhibit consistent sinusoidal patterns with no visible anomalies or deviations from their expected behavior.,OK
NA0_LAG10_018_overlay,NA0_LAG10,0.0,10.0,overlay,6,6,True,100.0,0.0,100.0,0.95,"Channel 6 shows a distinct pattern compared to the others, which follow a similar sinusoidal pattern. Channel 6 deviates significantly, indicating it is the root cause of the anomaly.",OK
NA0_LAG10_018_subplot,NA0_LAG10,0.0,10.0,subplot,6,none,False,100.0,,,0.95,All channels exhibit similar sinusoidal patterns with no clear anomalies or deviations from their expected behavior.,OK
NA0_LAG10_019_overlay,NA0_LAG10,0.0,10.0,overlay,3,3,True,100.0,0.0,100.0,0.95,"Channel 3 shows a flat pattern with small fluctuations, distinct from the sinusoidal pattern of the other channels. This suggests it is anomalous from the start and unrelated to the others.",OK
NA0_LAG10_019_subplot,NA0_LAG10,0.0,10.0,subplot,3,3,True,100.0,100.0,0.0,0.95,"Channel 3 shows a deviation from its sinusoidal pattern starting around time step 100, while other channels maintain their patterns.",OK
NA0_LAG10_020_overlay,NA0_LAG10,0.0,10.0,overlay,6,6,True,100.0,0.0,100.0,0.95,"Channel 6 shows a distinct pattern that deviates from the others throughout the entire time series, indicating it is the root cause. The other channels maintain a consistent pattern.",OK
NA0_LAG10_020_subplot,NA0_LAG10,0.0,10.0,subplot,6,none,False,100.0,,,0.95,All channels exhibit a consistent sinusoidal pattern without any visible anomalies or deviations from their normal behavior.,OK
NA0_LAG10_021_overlay,NA0_LAG10,0.0,10.0,overlay,2,2,True,100.0,0.0,100.0,0.95,Channel 2 shows a distinct pattern that deviates from the sinusoidal pattern of the other channels throughout the entire time series. The other channels remain consistent with each other.,OK
NA0_LAG10_021_subplot,NA0_LAG10,0.0,10.0,subplot,2,2,True,100.0,0.0,100.0,0.95,"Channel 2 shows a flat pattern throughout, deviating from the sinusoidal pattern of other channels, indicating an anomaly. Other channels maintain their normal sinusoidal patterns.",OK
NA0_LAG10_022_overlay,NA0_LAG10,0.0,10.0,overlay,6,6,True,100.0,0.0,100.0,0.95,"Channel 6 deviates significantly from the others throughout the entire time period, indicating it is the root cause. The other channels remain consistent with each other.",OK
NA0_LAG10_022_subplot,NA0_LAG10,0.0,10.0,subplot,6,6,True,100.0,0.0,100.0,0.85,"Channel 6 shows a larger amplitude than the others, indicating an anomaly. Channels 2, 4, and 5 show increased noise, suggesting they are affected. Channels 1 and 3 maintain a consistent pattern.",OK
NA0_LAG10_023_overlay,NA0_LAG10,0.0,10.0,overlay,2,2,True,100.0,0.0,100.0,0.95,"Channel 2 shows a distinct pattern that deviates from the sinusoidal pattern of the other channels throughout the entire time series. The other channels remain consistent with each other, indicating no influence from channel 2.",OK
NA0_LAG10_023_subplot,NA0_LAG10,0.0,10.0,subplot,2,2,True,100.0,100.0,0.0,0.95,"Channel 2 shows a deviation from its sinusoidal pattern starting around time step 100, while other channels maintain their patterns.",OK
NA0_LAG10_024_overlay,NA0_LAG10,0.0,10.0,overlay,4,6,False,100.0,0.0,100.0,0.95,"Channel 6 deviates from the sinusoidal pattern of the other channels, showing a flat, noisy pattern throughout. No other channels appear to be affected.",OK
NA0_LAG10_024_subplot,NA0_LAG10,0.0,10.0,subplot,4,4,True,100.0,0.0,100.0,0.95,"Channel 4 shows a flat pattern throughout, differing from the sinusoidal patterns of the other channels. This suggests an anomaly originating in Channel 4. No other channels appear affected.",OK
NA0_LAG10_025_overlay,NA0_LAG10,0.0,10.0,overlay,5,6,False,100.0,250.0,150.0,0.95,"Channel 6 deviates significantly from the others starting around time step 250, while the other channels maintain their normal pattern.",OK
NA0_LAG10_025_subplot,NA0_LAG10,0.0,10.0,subplot,5,none,False,100.0,,,0.95,All channels exhibit a consistent sinusoidal pattern with no visible anomalies or deviations. There is no indication of any channel influencing others anomalously.,OK
NA0_LAG10_026_overlay,NA0_LAG10,0.0,10.0,overlay,4,4,True,100.0,0.0,100.0,0.95,"Channel 4 deviates significantly from the others throughout the entire time period, indicating it is the root cause. The other channels remain consistent with each other.",OK
NA0_LAG10_026_subplot,NA0_LAG10,0.0,10.0,subplot,4,none,False,100.0,,,0.95,All channels exhibit similar sinusoidal patterns with no clear anomalies or deviations. There is no indication of a root cause or affected channels.,OK
NA0_LAG10_027_overlay,NA0_LAG10,0.0,10.0,overlay,4,4,True,100.0,0.0,100.0,0.95,"Channel 4 shows a distinct pattern that deviates from the others throughout the entire time series, indicating it is the root cause. The other channels maintain a similar pattern and do not appear to be influenced by channel 4.",OK
NA0_LAG10_027_subplot,NA0_LAG10,0.0,10.0,subplot,4,4,True,100.0,0.0,100.0,0.85,"Channel 4 shows a distinct amplitude anomaly from the start, which is not present in other channels. Channel 2 shows a slight deviation, possibly influenced by Channel 4.",OK
NA0_LAG10_028_overlay,NA0_LAG10,0.0,10.0,overlay,4,4,True,100.0,200.0,100.0,0.95,"Channel 4 deviates significantly from the others starting around time step 200, while the other channels maintain their normal pattern.",OK
NA0_LAG10_028_subplot,NA0_LAG10,0.0,10.0,subplot,4,none,False,100.0,,,0.95,All channels exhibit a consistent sinusoidal pattern with no visible anomalies or deviations from their expected behavior.,OK
NA0_LAG10_029_overlay,NA0_LAG10,0.0,10.0,overlay,4,4,True,100.0,200.0,100.0,0.95,"Channel 4 deviates significantly from the others starting around time step 200, indicating an anomaly. The other channels maintain their normal pattern.",OK
NA0_LAG10_029_subplot,NA0_LAG10,0.0,10.0,subplot,4,none,False,100.0,,,0.95,All channels exhibit normal sinusoidal patterns with no visible anomalies or deviations from expected behavior.,OK
NA0_LAG50_000_overlay,NA0_LAG50,0.0,50.0,overlay,3,3,True,100.0,0.0,100.0,0.95,"Channel 3 shows a distinct pattern that deviates from the others throughout the entire time series, indicating it is the root cause. The other channels remain consistent with each other.",OK
NA0_LAG50_000_subplot,NA0_LAG50,0.0,50.0,subplot,3,none,False,100.0,,,0.95,All channels exhibit a consistent sinusoidal pattern with no visible anomalies or deviations from their expected behavior.,OK
NA0_LAG50_001_overlay,NA0_LAG50,0.0,50.0,overlay,1,,,100.0,,,,invalid_or_missing_affected_channels,PARSE_ERROR
NA0_LAG50_001_subplot,NA0_LAG50,0.0,50.0,subplot,1,1,True,100.0,0.0,100.0,0.95,"Channel 1 shows a flat pattern, deviating from the sinusoidal pattern of the other channels, indicating it as the root cause. All other channels exhibit similar sinusoidal patterns, suggesting they are affected by the anomaly in Channel 1.",OK
NA0_LAG50_002_overlay,NA0_LAG50,0.0,50.0,overlay,5,5,True,100.0,0.0,100.0,0.95,"Channel 5 shows a distinct pattern that deviates from the others throughout the entire time series, indicating it is anomalous from the start. The other channels maintain a consistent pattern.",OK
NA0_LAG50_002_subplot,NA0_LAG50,0.0,50.0,subplot,5,none,False,100.0,,,0.95,All channels exhibit a consistent sinusoidal pattern without any visible anomalies or deviations.,OK
NA0_LAG50_003_overlay,NA0_LAG50,0.0,50.0,overlay,2,2,True,100.0,0.0,100.0,0.95,"Channel 2 shows a distinct pattern that deviates from the sinusoidal pattern of the other channels, indicating an anomaly. The other channels maintain their normal sinusoidal pattern throughout.",OK
NA0_LAG50_003_subplot,NA0_LAG50,0.0,50.0,subplot,2,2,True,100.0,0.0,100.0,0.85,"Channel 2 shows a flat pattern with noise, deviating from the sinusoidal pattern seen in other channels. Channels 1 and 4 show deviations that could be influenced by Channel 2's anomaly. Channels 3, 5, and 6 maintain their normal sinusoidal patterns.",OK
NA0_LAG50_004_overlay,NA0_LAG50,0.0,50.0,overlay,1,1,True,100.0,0.0,100.0,0.95,"Channel 1 deviates significantly from the others throughout the entire time period, indicating it is the root cause. The other channels remain consistent with each other.",OK
NA0_LAG50_004_subplot,NA0_LAG50,0.0,50.0,subplot,1,4,False,100.0,150.0,50.0,0.95,"Channel 4 shows a clear deviation from its sinusoidal pattern starting around time step 150, which is followed by similar deviations in all other channels. This suggests that Channel 4 is the root cause, affecting all other channels.",OK
NA0_LAG50_005_overlay,NA0_LAG50,0.0,50.0,overlay,5,5,True,100.0,0.0,100.0,0.95,Channel 5 shows a distinct pattern that deviates from the sinusoidal pattern of the other channels throughout the entire time series.,OK
NA0_LAG50_005_subplot,NA0_LAG50,0.0,50.0,subplot,5,5,True,100.0,0.0,100.0,0.9,"Channel 5 shows a flat pattern throughout, deviating from the sinusoidal pattern of other channels. Channels 1, 2, 3, and 4 show increased noise, possibly reacting to Channel 5's anomaly. Channel 6 remains unaffected, maintaining its normal pattern.",OK
NA0_LAG50_006_overlay,NA0_LAG50,0.0,50.0,overlay,2,2,True,100.0,200.0,100.0,0.95,"Channel 2 deviates significantly from the others starting around time step 200, while the rest maintain a consistent pattern.",OK
NA0_LAG50_006_subplot,NA0_LAG50,0.0,50.0,subplot,2,none,False,100.0,,,0.95,All channels exhibit similar sinusoidal patterns with no clear anomalies or deviations from their expected behavior.,OK
NA0_LAG50_007_overlay,NA0_LAG50,0.0,50.0,overlay,4,6,False,100.0,200.0,100.0,0.95,"Channel 6 deviates significantly from the others starting around time step 200, while the other channels maintain their normal pattern.",OK
NA0_LAG50_007_subplot,NA0_LAG50,0.0,50.0,subplot,4,none,False,100.0,,,0.95,All channels exhibit a consistent sinusoidal pattern with no visible anomalies or deviations from their expected behavior.,OK
NA0_LAG50_008_overlay,NA0_LAG50,0.0,50.0,overlay,5,5,True,100.0,0.0,100.0,0.95,"Channel 5 shows a distinct pattern that deviates from the others throughout the entire time series, indicating it is the root cause. The other channels maintain a consistent pattern.",OK
NA0_LAG50_008_subplot,NA0_LAG50,0.0,50.0,subplot,5,none,False,100.0,,,0.95,All channels exhibit a consistent sinusoidal pattern with no visible anomalies or deviations from their expected behavior.,OK
NA0_LAG50_009_overlay,NA0_LAG50,0.0,50.0,overlay,3,3,True,100.0,0.0,100.0,0.95,"Channel 3 shows a flat pattern with noise, differing from the sinusoidal pattern of the other channels, indicating an anomaly. The other channels maintain their normal sinusoidal pattern.",OK
NA0_LAG50_009_subplot,NA0_LAG50,0.0,50.0,subplot,3,3,True,100.0,0.0,100.0,0.85,"Channel 3 shows a flat pattern with noise, differing from the sinusoidal patterns of other channels. This suggests it is the root cause. All other channels show increased noise, indicating they are affected.",OK
NA0_LAG50_010_overlay,NA0_LAG50,0.0,50.0,overlay,2,2,True,100.0,0.0,100.0,0.95,Channel 2 shows a distinct pattern that deviates from the sinusoidal pattern of the other channels throughout the entire time series.,OK
NA0_LAG50_010_subplot,NA0_LAG50,0.0,50.0,subplot,2,2,True,100.0,0.0,100.0,0.85,"Channel 2 shows a flat pattern with noise, differing from the sinusoidal patterns of other channels. Channels 1, 3, 5, and 6 show increased noise, suggesting influence. Channel 4 maintains a consistent pattern.",OK
NA0_LAG50_011_overlay,NA0_LAG50,0.0,50.0,overlay,1,1,True,100.0,0.0,100.0,0.95,"Channel 1 shows a distinct pattern compared to the others, which remain synchronized. This suggests an anomaly in channel 1 from the start.",OK
NA0_LAG50_011_subplot,NA0_LAG50,0.0,50.0,subplot,1,none,False,100.0,,,0.95,All channels exhibit a consistent sinusoidal pattern without any visible anomalies or deviations. There is no indication of a root cause or affected channels.,OK
NA0_LAG50_012_overlay,NA0_LAG50,0.0,50.0,overlay,2,2,True,100.0,150.0,50.0,0.95,"Channel 2 deviates significantly from the others starting around time step 150, while the other channels maintain a consistent pattern.",OK
NA0_LAG50_012_subplot,NA0_LAG50,0.0,50.0,subplot,2,2,True,100.0,0.0,100.0,0.9,"Channel 2 shows a deviation from a smooth sinusoidal pattern with increased noise, suggesting it as the root cause. All other channels exhibit similar noise patterns, indicating they are affected.",OK
NA0_LAG50_013_overlay,NA0_LAG50,0.0,50.0,overlay,2,2,True,100.0,150.0,50.0,0.95,"Channel 2 deviates significantly from the others starting around time step 150, showing a different pattern. The other channels maintain their normal sinusoidal pattern.",OK
NA0_LAG50_013_subplot,NA0_LAG50,0.0,50.0,subplot,2,none,False,100.0,,,0.95,All channels exhibit a consistent sinusoidal pattern without any visible anomalies or deviations.,OK
NA0_LAG50_014_overlay,NA0_LAG50,0.0,50.0,overlay,3,3,True,100.0,100.0,0.0,0.95,"Channel 3 deviates significantly from the others starting around time step 100, showing a different pattern. The other channels maintain a consistent pattern throughout.",OK
NA0_LAG50_014_subplot,NA0_LAG50,0.0,50.0,subplot,3,2,False,100.0,150.0,50.0,0.9,"Channel 2 shows a deviation from its normal pattern starting around time step 150, which is followed by similar deviations in channels 1, 4, and 5. Channels 3 and 6 maintain their regular patterns throughout.",OK
NA0_LAG50_015_overlay,NA0_LAG50,0.0,50.0,overlay,6,6,True,100.0,0.0,100.0,0.95,Channel 6 shows a distinct pattern that deviates from the sinusoidal pattern of the other channels throughout the entire time range. The other channels remain consistent with each other.,OK
NA0_LAG50_015_subplot,NA0_LAG50,0.0,50.0,subplot,6,6,True,100.0,0.0,100.0,0.95,"Channel 6 shows a distinct pattern that deviates from the sinusoidal pattern of the other channels, suggesting it is the root cause. All other channels appear to be affected as they show increased noise and deviation from their typical patterns.",OK
NA0_LAG50_016_overlay,NA0_LAG50,0.0,50.0,overlay,5,5,True,100.0,150.0,50.0,0.95,"Channel 5 deviates significantly from the others starting around time step 150, showing a different pattern. The other channels maintain a consistent pattern throughout.",OK
NA0_LAG50_016_subplot,NA0_LAG50,0.0,50.0,subplot,5,none,False,100.0,,,0.95,All channels exhibit normal sinusoidal patterns without any visible anomalies or deviations.,OK
NA0_LAG50_017_overlay,NA0_LAG50,0.0,50.0,overlay,1,1,True,100.0,0.0,100.0,0.95,"Channel 1 deviates significantly from the others throughout the entire time range, indicating it is the root cause. The other channels remain closely aligned, showing no signs of influence from channel 1.",OK
NA0_LAG50_017_subplot,NA0_LAG50,0.0,50.0,subplot,1,2,False,100.0,0.0,100.0,0.95,"Channel 2 shows an anomaly starting from the beginning with increased noise, which seems to influence channels 3, 4, 5, and 6. Channel 1 remains unaffected and follows a smooth pattern.",OK
NA0_LAG50_018_overlay,NA0_LAG50,0.0,50.0,overlay,3,3,True,100.0,0.0,100.0,0.95,"Channel 3 exhibits a different pattern from the start, maintaining a flat, noisy signal while others follow a sinusoidal pattern.",OK
NA0_LAG50_018_subplot,NA0_LAG50,0.0,50.0,subplot,3,3,True,100.0,0.0,100.0,0.95,"Channel 3 shows a flat pattern throughout, differing from the sinusoidal patterns of the other channels, indicating it as the root cause. All other channels exhibit similar sinusoidal patterns, suggesting they are affected.",OK
NA0_LAG50_019_overlay,NA0_LAG50,0.0,50.0,overlay,2,2,True,100.0,200.0,100.0,0.95,"Channel 2 deviates significantly from the others starting around time step 200, while the other channels maintain a consistent pattern.",OK
NA0_LAG50_019_subplot,NA0_LAG50,0.0,50.0,subplot,2,none,False,100.0,,,0.95,All channels exhibit normal sinusoidal patterns without any visible anomalies or deviations from their expected behavior.,OK
NA0_LAG50_020_overlay,NA0_LAG50,0.0,50.0,overlay,4,4,True,100.0,150.0,50.0,0.95,"Channel 4 deviates significantly from the others starting at time step 150, showing a different pattern. The other channels maintain their normal sinusoidal pattern.",OK
NA0_LAG50_020_subplot,NA0_LAG50,0.0,50.0,subplot,4,none,False,100.0,,,0.95,All channels exhibit a consistent sinusoidal pattern without any visible anomalies or deviations.,OK
NA0_LAG50_021_overlay,NA0_LAG50,0.0,50.0,overlay,3,,,100.0,,,,invalid_or_missing_affected_channels,PARSE_ERROR
NA0_LAG50_021_subplot,NA0_LAG50,0.0,50.0,subplot,3,none,False,100.0,,,0.95,All channels exhibit normal sinusoidal patterns without any visible anomalies or deviations.,OK
NA0_LAG50_022_overlay,NA0_LAG50,0.0,50.0,overlay,1,1,True,100.0,150.0,50.0,0.95,"Channel 1 deviates significantly from the others starting around time step 150, while the other channels maintain a consistent pattern.",OK
NA0_LAG50_022_subplot,NA0_LAG50,0.0,50.0,subplot,1,none,False,100.0,,,0.95,All channels exhibit a consistent sinusoidal pattern with no visible anomalies or deviations from their expected behavior.,OK
NA0_LAG50_023_overlay,NA0_LAG50,0.0,50.0,overlay,2,2,True,100.0,200.0,100.0,0.95,"Channel 2 deviates significantly from the others starting around time step 200, while the other channels maintain a consistent pattern.",OK
NA0_LAG50_023_subplot,NA0_LAG50,0.0,50.0,subplot,2,2,True,100.0,200.0,100.0,0.9,"Channel 2 shows a distinct upward trend starting around time step 200, which is not present in other channels initially. Channels 1, 4, and 5 show changes following this anomaly, while channels 3 and 6 remain unaffected.",OK
NA0_LAG50_024_overlay,NA0_LAG50,0.0,50.0,overlay,1,1,True,100.0,150.0,50.0,0.95,"Channel 1 deviates significantly from the others starting around time step 150, while the other channels maintain a consistent pattern. This suggests channel 1 is the root cause of the anomaly.",OK
NA0_LAG50_024_subplot,NA0_LAG50,0.0,50.0,subplot,1,2,False,100.0,0.0,100.0,0.85,"Channel 2 shows a deviation from a smooth sinusoidal pattern starting from the beginning, which is mirrored in channels 4 and 6. Channels 1, 3, and 5 maintain their regular patterns.",OK
NA0_LAG50_025_overlay,NA0_LAG50,0.0,50.0,overlay,6,,,100.0,,,,invalid_or_missing_affected_channels,PARSE_ERROR
NA0_LAG50_025_subplot,NA0_LAG50,0.0,50.0,subplot,6,none,False,100.0,,,0.95,All channels exhibit similar sinusoidal patterns with no clear anomalies or deviations from their expected behavior.,OK
NA0_LAG50_026_overlay,NA0_LAG50,0.0,50.0,overlay,1,1,True,100.0,100.0,0.0,0.95,"Channel 1 deviates significantly from the others starting around time step 100, while the other channels maintain a consistent pattern.",OK
NA0_LAG50_026_subplot,NA0_LAG50,0.0,50.0,subplot,1,none,False,100.0,,,0.95,All channels exhibit normal sinusoidal patterns without any noticeable anomalies or deviations.,OK
NA0_LAG50_027_overlay,NA0_LAG50,0.0,50.0,overlay,4,4,True,100.0,0.0,100.0,0.95,"Channel 4 shows a distinct pattern that deviates from the sinusoidal pattern of the other channels, indicating an anomaly from the start. The other channels maintain their normal sinusoidal pattern throughout.",OK
NA0_LAG50_027_subplot,NA0_LAG50,0.0,50.0,subplot,4,4,True,100.0,0.0,100.0,0.95,"Channel 4 shows a flat pattern throughout, deviating from the sinusoidal pattern of other channels, indicating it as the root cause. All other channels show similar sinusoidal patterns, suggesting they are affected.",OK
NA0_LAG50_028_overlay,NA0_LAG50,0.0,50.0,overlay,5,6,False,100.0,200.0,100.0,0.95,"Channel 6 deviates significantly from the others starting around time step 200, while the other channels maintain a consistent pattern.",OK
NA0_LAG50_028_subplot,NA0_LAG50,0.0,50.0,subplot,5,none,False,100.0,,,0.95,All channels exhibit a consistent sinusoidal pattern with no visible anomalies or deviations. There is no indication of any channel influencing others anomalously.,OK
NA0_LAG50_029_overlay,NA0_LAG50,0.0,50.0,overlay,4,4,True,100.0,0.0,100.0,0.95,"Channel 4 deviates from the sinusoidal pattern seen in the other channels, maintaining a different, flatter pattern throughout. No other channels show any deviation from their normal pattern.",OK
NA0_LAG50_029_subplot,NA0_LAG50,0.0,50.0,subplot,4,4,True,100.0,0.0,100.0,0.95,"Channel 4 shows a flat pattern throughout, deviating from the sinusoidal pattern seen in other channels. Channels 1, 2, 3, and 5 show increased noise, suggesting they are affected. Channel 6 remains unaffected.",OK
NA1_LAG10_000_overlay,NA1_LAG10,1.0,10.0,overlay,5,none,False,100.0,,,0.95,All channels exhibit similar sinusoidal patterns without any noticeable anomalies or deviations from the norm.,OK
NA1_LAG10_000_subplot,NA1_LAG10,1.0,10.0,subplot,5,none,False,100.0,,,0.95,All channels exhibit normal sinusoidal patterns without any visible anomalies or deviations.,OK
NA1_LAG10_001_overlay,NA1_LAG10,1.0,10.0,overlay,4,4,True,100.0,200.0,100.0,0.95,"Channel 4 deviates significantly from the others starting around time step 200. Channels 2 and 5 show minor deviations, possibly influenced by channel 4. Channels 1, 3, and 6 remain consistent with their previous patterns.",OK
NA1_LAG10_001_subplot,NA1_LAG10,1.0,10.0,subplot,4,none,False,100.0,,,0.95,All channels exhibit similar sinusoidal patterns with no clear anomalies or deviations from their expected behavior.,OK
NA1_LAG10_002_overlay,NA1_LAG10,1.0,10.0,overlay,5,2,False,100.0,100.0,0.0,0.95,"Channel 2 deviates from the sinusoidal pattern around time step 100, showing a flat trend. Other channels maintain their sinusoidal patterns.",OK
NA1_LAG10_002_subplot,NA1_LAG10,1.0,10.0,subplot,5,none,False,100.0,,,0.95,All channels exhibit a consistent sinusoidal pattern with no visible anomalies or deviations from their expected behavior.,OK
NA1_LAG10_003_overlay,NA1_LAG10,1.0,10.0,overlay,6,3,False,100.0,150.0,50.0,0.95,"Channel 3 deviates from the others starting around time step 150, showing a different pattern. Other channels maintain their synchronized behavior, indicating they are unaffected.",OK
NA1_LAG10_003_subplot,NA1_LAG10,1.0,10.0,subplot,6,5,False,100.0,0.0,100.0,0.95,"Channel 5 shows a consistent deviation from the sinusoidal pattern seen in other channels, indicating it as the root cause. All other channels exhibit similar deviations, suggesting they are affected.",OK
NA1_LAG10_004_overlay,NA1_LAG10,1.0,10.0,overlay,6,5,False,100.0,250.0,150.0,0.95,"Channel 5 shows a distinct deviation from the normal pattern starting around time step 250, which is followed by a similar deviation in channel 6. Channels 1, 2, 3, and 4 maintain their normal sinusoidal pattern.",OK
NA1_LAG10_004_subplot,NA1_LAG10,1.0,10.0,subplot,6,none,False,100.0,,,0.95,All channels exhibit a consistent sinusoidal pattern with no visible anomalies or deviations from their expected behavior.,OK
NA1_LAG10_005_overlay,NA1_LAG10,1.0,10.0,overlay,2,1,False,100.0,100.0,0.0,0.95,"Channel 1 shows a clear deviation from the others starting around time step 100, indicating it as the root cause. Channel 2 also deviates but follows Channel 1's pattern, suggesting it is affected. The other channels remain consistent with each other.",OK
NA1_LAG10_005_subplot,NA1_LAG10,1.0,10.0,subplot,2,1,False,100.0,100.0,0.0,0.95,"Channel 1 shows a deviation from its normal pattern starting around time step 100, which is followed by similar deviations in channels 2, 4, and 6. Channels 3 and 5 maintain their regular patterns.",OK
NA1_LAG10_006_overlay,NA1_LAG10,1.0,10.0,overlay,6,5,False,100.0,100.0,0.0,0.95,"Channel 5 deviates significantly from the others starting around time step 100, showing a different pattern. Channel 4 also shows a deviation but follows a different pattern, suggesting it is affected. Channels 1, 2, 3, and 6 remain consistent with each other.",OK
NA1_LAG10_006_subplot,NA1_LAG10,1.0,10.0,subplot,6,6,True,100.0,0.0,100.0,0.85,"Channel 6 shows a larger amplitude and different pattern from the start, indicating it as the root cause. Channels 1, 2, and 4 show deviations that could be influenced by Channel 6. Channels 3 and 5 maintain a consistent pattern.",OK
NA1_LAG10_007_overlay,NA1_LAG10,1.0,10.0,overlay,2,2,True,100.0,100.0,0.0,0.95,"Channel 2 shows a distinct deviation from the others starting around time step 100, with channel 6 following a similar pattern. Channels 1, 3, 4, and 5 remain consistent with each other.",OK
NA1_LAG10_007_subplot,NA1_LAG10,1.0,10.0,subplot,2,none,False,100.0,,,0.95,All channels exhibit a consistent sinusoidal pattern with no visible anomalies or deviations from their expected behavior.,OK
NA1_LAG10_008_overlay,NA1_LAG10,1.0,10.0,overlay,4,4,True,100.0,200.0,100.0,0.95,"Channel 4 deviates significantly from the others starting around time step 200, suggesting it is the root cause. All other channels show similar patterns and appear to be affected by this deviation.",OK
NA1_LAG10_008_subplot,NA1_LAG10,1.0,10.0,subplot,4,4,True,100.0,200.0,100.0,0.95,"Channel 4 shows a clear deviation from its pattern starting around time step 200, which is followed by changes in channels 1, 2, 3, and 5. Channel 6 remains unaffected.",OK
NA1_LAG10_009_overlay,NA1_LAG10,1.0,10.0,overlay,5,2,False,100.0,150.0,50.0,0.95,"Channel 2 deviates from the others starting around time step 150, showing a different pattern. The other channels maintain a consistent pattern throughout.",OK
NA1_LAG10_009_subplot,NA1_LAG10,1.0,10.0,subplot,5,5,True,100.0,0.0,100.0,0.85,"Channel 5 shows a larger amplitude than others, suggesting it is the root cause. Channels 2, 4, and 6 show increased noise, indicating they are affected. Channels 1 and 3 maintain a consistent pattern.",OK
NA1_LAG10_010_overlay,NA1_LAG10,1.0,10.0,overlay,5,2,False,100.0,100.0,0.0,0.95,"Channel 2 shows a significant deviation from the others starting around time step 100, indicating it as the root cause. Channel 5 also deviates but with a delay, suggesting it is affected. The other channels remain consistent with each other.",OK
NA1_LAG10_010_subplot,NA1_LAG10,1.0,10.0,subplot,5,none,False,100.0,,,0.95,All channels exhibit a consistent sinusoidal pattern with no visible anomalies or deviations from their expected behavior.,OK
NA1_LAG10_011_overlay,NA1_LAG10,1.0,10.0,overlay,5,5,True,100.0,100.0,0.0,0.95,"Channel 5 shows a distinct deviation from the others starting around time step 100, with channel 6 following a similar pattern. Channels 1, 2, 3, and 4 remain consistent with each other and do not show anomalies.",OK
NA1_LAG10_011_subplot,NA1_LAG10,1.0,10.0,subplot,5,5,True,100.0,0.0,100.0,0.95,"Channel 5 shows a distinct anomaly with a larger amplitude compared to the others, suggesting it as the root cause. All other channels exhibit similar patterns, likely influenced by Channel 5.",OK
NA1_LAG10_012_overlay,NA1_LAG10,1.0,10.0,overlay,5,5,True,100.0,200.0,100.0,0.95,"Channel 5 deviates significantly from the others starting around time step 200, with channel 6 showing a similar pattern. Channels 1, 2, 3, and 4 maintain their normal sinusoidal pattern.",OK
NA1_LAG10_012_subplot,NA1_LAG10,1.0,10.0,subplot,5,3,False,100.0,0.0,100.0,0.85,"Channel 3 shows a deviation from the sinusoidal pattern starting from the beginning, which seems to influence channels 1, 4, and 5. Channels 2 and 6 maintain a consistent pattern throughout.",OK
NA1_LAG10_013_overlay,NA1_LAG10,1.0,10.0,overlay,1,none,False,100.0,,,1.0,All channels exhibit similar sinusoidal patterns without any noticeable anomalies or deviations from the norm.,OK
NA1_LAG10_013_subplot,NA1_LAG10,1.0,10.0,subplot,1,3,False,100.0,0.0,100.0,0.85,"Channel 3 shows an anomaly starting from the beginning, with increased noise. Channels 1, 2, 4, and 5 also show increased noise, suggesting they are affected. Channel 6 remains smooth and unaffected.",OK
NA1_LAG10_014_overlay,NA1_LAG10,1.0,10.0,overlay,2,2,True,100.0,100.0,0.0,0.95,"Channel 2 shows a clear deviation from the others starting around time step 100, indicating it as the root cause. Channel 5 also deviates but to a lesser extent, suggesting it is affected. The other channels remain consistent with each other.",OK
NA1_LAG10_014_subplot,NA1_LAG10,1.0,10.0,subplot,2,none,False,100.0,,,0.95,All channels exhibit consistent sinusoidal patterns without any noticeable anomalies or deviations from their expected behavior.,OK
NA1_LAG10_015_overlay,NA1_LAG10,1.0,10.0,overlay,5,5,True,100.0,0.0,100.0,0.95,"Channel 5 shows a consistent deviation from the sinusoidal pattern seen in the other channels, indicating an anomaly. No other channels appear to be affected by this anomaly.",OK
NA1_LAG10_015_subplot,NA1_LAG10,1.0,10.0,subplot,5,5,True,100.0,0.0,100.0,0.95,"Channel 5 shows a flat pattern throughout, differing from the sinusoidal patterns of the other channels, indicating an anomaly. No other channels appear to be affected.",OK
NA1_LAG10_016_overlay,NA1_LAG10,1.0,10.0,overlay,2,2,True,100.0,100.0,0.0,0.95,"Channel 2 deviates significantly from the others starting around time step 100, showing a distinct pattern. Channel 6 also shows a deviation but follows a different pattern, suggesting it is affected by Channel 2. The other channels remain consistent with each other.",OK
NA1_LAG10_016_subplot,NA1_LAG10,1.0,10.0,subplot,2,5,False,100.0,0.0,100.0,0.95,"Channel 5 shows a distinct pattern with a larger amplitude compared to the others, indicating an anomaly. Other channels maintain a consistent sinusoidal pattern.",OK
NA1_LAG10_017_overlay,NA1_LAG10,1.0,10.0,overlay,3,3,True,100.0,0.0,100.0,0.95,"Channel 3 shows a distinct pattern that does not follow the sinusoidal trend of the other channels, indicating it is the root cause. All other channels follow a similar sinusoidal pattern, suggesting they are affected by the anomaly in channel 3.",OK
NA1_LAG10_017_subplot,NA1_LAG10,1.0,10.0,subplot,3,3,True,100.0,0.0,100.0,0.85,"Channel 3 shows a flat pattern with noise, differing from the sinusoidal patterns of other channels. Channels 1, 2, and 5 show increased noise, suggesting influence. Channels 4 and 6 maintain their normal sinusoidal patterns.",OK
NA1_LAG10_018_overlay,NA1_LAG10,1.0,10.0,overlay,2,2,True,100.0,150.0,50.0,0.95,"Channel 2 deviates significantly from the others starting around time step 150, showing a distinct pattern. Channel 4 also shows a deviation but less pronounced, suggesting it may be influenced by Channel 2. The other channels maintain their normal pattern.",OK
NA1_LAG10_018_subplot,NA1_LAG10,1.0,10.0,subplot,2,none,False,100.0,,,0.95,All channels exhibit a consistent sinusoidal pattern without any visible anomalies or deviations from their normal behavior.,OK
NA1_LAG10_019_overlay,NA1_LAG10,1.0,10.0,overlay,4,4,True,100.0,200.0,100.0,0.95,"Channel 4 shows a significant deviation starting around time step 200, which is not mirrored by other channels initially. Channel 2 also deviates but later, suggesting it is affected by channel 4. Channels 1, 3, 5, and 6 remain consistent with their previous patterns.",OK
NA1_LAG10_019_subplot,NA1_LAG10,1.0,10.0,subplot,4,none,False,100.0,,,0.95,All channels exhibit similar sinusoidal patterns with no clear anomalies or deviations from their expected behavior.,OK
NA1_LAG10_020_overlay,NA1_LAG10,1.0,10.0,overlay,2,2,True,100.0,100.0,0.0,0.95,"Channel 2 deviates significantly from the others starting around time step 100, with channel 6 showing a similar pattern. Channels 1, 3, 4, and 5 maintain their normal sinusoidal pattern.",OK
NA1_LAG10_020_subplot,NA1_LAG10,1.0,10.0,subplot,2,none,False,100.0,,,0.95,All channels exhibit normal sinusoidal patterns with no visible anomalies or deviations from expected behavior.,OK
NA1_LAG10_021_overlay,NA1_LAG10,1.0,10.0,overlay,3,none,False,100.0,,,0.95,All channels appear to follow their expected patterns without any anomalies. There is no indication of a root cause or affected channels.,OK
NA1_LAG10_021_subplot,NA1_LAG10,1.0,10.0,subplot,3,3,True,100.0,0.0,100.0,0.85,"Channel 3 shows a flat pattern throughout, deviating from the sinusoidal pattern seen in other channels. Channels 1, 2, and 5 show irregularities that suggest they are affected. Channels 4 and 6 maintain a consistent sinusoidal pattern.",OK
NA1_LAG10_022_overlay,NA1_LAG10,1.0,10.0,overlay,5,5,True,100.0,0.0,100.0,0.95,"Channel 5 shows a consistent flat pattern throughout, differing from the sinusoidal pattern of the other channels. This suggests it is anomalous from the start.",OK
NA1_LAG10_022_subplot,NA1_LAG10,1.0,10.0,subplot,5,5,True,100.0,0.0,100.0,0.95,"Channel 5 shows a flat pattern, differing from the sinusoidal patterns of the other channels, indicating an anomaly. All other channels show similar sinusoidal patterns, suggesting they are affected by the anomaly in Channel 5.",OK
NA1_LAG10_023_overlay,NA1_LAG10,1.0,10.0,overlay,3,6,False,100.0,200.0,100.0,0.95,"Channel 6 deviates significantly from the others starting around time step 200, indicating it as the root cause. Channels 1, 2, 4, and 5 show similar patterns and are affected. Channel 3 remains stable and unaffected.",OK
NA1_LAG10_023_subplot,NA1_LAG10,1.0,10.0,subplot,3,3,True,100.0,0.0,100.0,0.85,"Channel 3 shows a flat pattern throughout, deviating from the sinusoidal pattern seen in other channels. Channels 1, 2, and 6 show irregularities that could be influenced by Channel 3's anomaly. Channels 4 and 5 maintain a consistent sinusoidal pattern.",OK
NA1_LAG10_024_overlay,NA1_LAG10,1.0,10.0,overlay,2,4,False,100.0,150.0,50.0,0.95,"Channel 4 shows a sharp deviation at time step 150, which is not present in other channels initially. Channel 2 shows a delayed response, indicating it may be affected. The other channels remain consistent with their patterns.",OK
NA1_LAG10_024_subplot,NA1_LAG10,1.0,10.0,subplot,2,4,False,100.0,100.0,0.0,0.95,"Channel 4 shows a distinct anomaly at time step 100, with a sharp deviation from its pattern. Other channels maintain their regular patterns.",OK
NA1_LAG10_025_overlay,NA1_LAG10,1.0,10.0,overlay,2,1,False,100.0,100.0,0.0,0.95,"Channel 1 deviates significantly from the others starting around time step 100, showing a different pattern. Channel 2 also shows a deviation but follows a similar pattern to Channel 1, suggesting it is affected. The other channels maintain their normal sinusoidal pattern.",OK
NA1_LAG10_025_subplot,NA1_LAG10,1.0,10.0,subplot,2,1,False,100.0,50.0,50.0,0.9,"Channel 1 shows a sudden drop at time step 50, which is not present in other channels initially. Channels 2, 3, and 6 show deviations following this event, suggesting they are affected. Channels 4 and 5 maintain their patterns.",OK
NA1_LAG10_026_overlay,NA1_LAG10,1.0,10.0,overlay,1,1,True,100.0,100.0,0.0,0.95,"Channel 1 deviates significantly from the others starting around time step 100, indicating it as the root cause. Channel 3 shows a weaker deviation, suggesting it is affected. The other channels remain consistent with each other.",OK
NA1_LAG10_026_subplot,NA1_LAG10,1.0,10.0,subplot,1,none,False,100.0,,,0.95,All channels exhibit a consistent sinusoidal pattern without any visible anomalies or deviations from their normal behavior.,OK
NA1_LAG10_027_overlay,NA1_LAG10,1.0,10.0,overlay,2,3,False,100.0,100.0,0.0,0.95,"Channel 3 shows a deviation from the normal pattern starting around time step 100, with channel 4 following a similar pattern. Channels 1, 2, 5, and 6 maintain their sinusoidal pattern throughout.",OK
NA1_LAG10_027_subplot,NA1_LAG10,1.0,10.0,subplot,2,3,False,100.0,100.0,0.0,0.95,"Channel 3 shows a sudden drop at time step 100, which is not observed in other channels. This suggests it is the root cause and not influenced by others.",OK
NA1_LAG10_028_overlay,NA1_LAG10,1.0,10.0,overlay,6,5,False,100.0,150.0,50.0,0.95,"Channel 5 deviates from the sinusoidal pattern around time step 150, while other channels maintain their patterns.",OK
NA1_LAG10_028_subplot,NA1_LAG10,1.0,10.0,subplot,6,6,True,100.0,0.0,100.0,0.95,"Channel 6 shows a flat pattern from the beginning, deviating from the sinusoidal pattern of other channels. This suggests it is the root cause. All other channels show increased noise, indicating they are affected.",OK
NA1_LAG10_029_overlay,NA1_LAG10,1.0,10.0,overlay,4,4,True,100.0,150.0,50.0,0.95,"Channel 4 shows a distinct deviation from the sinusoidal pattern starting around time step 150, indicating an anomaly. Channel 6 also deviates but less drastically, suggesting it is affected. Channels 1, 2, 3, and 5 maintain their patterns.",OK
NA1_LAG10_029_subplot,NA1_LAG10,1.0,10.0,subplot,4,6,False,100.0,0.0,100.0,0.9,"Channel 6 shows a deviation from a sinusoidal pattern starting from the beginning, suggesting it as the root cause. Channels 1, 2, and 4 show similar deviations, indicating they are affected. Channels 3 and 5 maintain a consistent sinusoidal pattern, remaining unaffected.",OK
NA1_LAG50_000_overlay,NA1_LAG50,1.0,50.0,overlay,1,1,True,100.0,0.0,100.0,0.95,"Channel 1 shows a consistent pattern that deviates from the others, which follow a sinusoidal pattern. This suggests it is the root cause, while the others remain unaffected.",OK
NA1_LAG50_000_subplot,NA1_LAG50,1.0,50.0,subplot,1,1,True,100.0,0.0,100.0,0.9,"Channel 1 shows a deviation from a sinusoidal pattern starting from the beginning, affecting channels 2 to 5. Channel 6 maintains a consistent pattern, indicating no influence.",OK
NA1_LAG50_001_overlay,NA1_LAG50,1.0,50.0,overlay,3,3,True,100.0,200.0,100.0,0.95,"Channel 3 deviates significantly from the others starting around time step 200, suggesting it as the root cause. Channel 5 shows a delayed response, while the others remain consistent.",OK
NA1_LAG50_001_subplot,NA1_LAG50,1.0,50.0,subplot,3,5,False,100.0,0.0,100.0,0.9,"Channel 5 shows a deviation from the sinusoidal pattern starting from the beginning, suggesting it as the root cause. Channels 1, 3, and 6 also show deviations, indicating they are affected. Channels 2 and 4 maintain their patterns.",OK
NA1_LAG50_002_overlay,NA1_LAG50,1.0,50.0,overlay,5,5,True,100.0,0.0,100.0,0.95,"Channel 5 shows a consistent flat pattern throughout, differing from the sinusoidal pattern of the others. This suggests it is unrelated to the others, not a root cause.",OK
NA1_LAG50_002_subplot,NA1_LAG50,1.0,50.0,subplot,5,5,True,100.0,0.0,100.0,0.95,"Channel 5 shows a flat pattern throughout, differing from the sinusoidal patterns of the other channels. This suggests an anomaly originating in Channel 5. Other channels maintain their normal sinusoidal patterns.",OK
NA1_LAG50_003_overlay,NA1_LAG50,1.0,50.0,overlay,1,1,True,100.0,100.0,0.0,0.95,"Channel 1 deviates from the sinusoidal pattern around time step 100, showing a flat trend. Channel 2 also shows a similar deviation but less pronounced. Channels 3 to 6 maintain their sinusoidal pattern.",OK
NA1_LAG50_003_subplot,NA1_LAG50,1.0,50.0,subplot,1,2,False,100.0,100.0,0.0,0.9,"Channel 2 shows a deviation from its pattern starting around time step 100, which is followed by changes in channels 3, 4, 5, and 6. Channel 1 remains unaffected.",OK
NA1_LAG50_004_overlay,NA1_LAG50,1.0,50.0,overlay,3,3,True,100.0,100.0,0.0,0.95,"Channel 3 deviates significantly from the others starting around time step 100, showing a larger amplitude. Channel 5 shows a delayed response with a gradual deviation. Channels 1, 2, 4, and 6 remain consistent with each other.",OK
NA1_LAG50_004_subplot,NA1_LAG50,1.0,50.0,subplot,3,3,True,100.0,0.0,100.0,0.85,"Channel 3 shows a larger amplitude and deviation from the sinusoidal pattern compared to others, suggesting it as the root cause. Channels 2, 4, 5, and 6 show similar deviations, indicating they are affected. Channel 1 remains consistent with its pattern.",OK
NA1_LAG50_005_overlay,NA1_LAG50,1.0,50.0,overlay,6,6,True,100.0,200.0,100.0,0.95,"Channel 6 deviates significantly from the others starting around time step 200, showing a distinct pattern change. Channels 1 to 5 maintain their normal sinusoidal pattern throughout.",OK
NA1_LAG50_005_subplot,NA1_LAG50,1.0,50.0,subplot,6,6,True,100.0,0.0,100.0,0.95,"Channel 6 shows a flat pattern throughout, differing from the sinusoidal patterns of the other channels. This suggests an anomaly in Channel 6 from the start, with no influence on other channels.",OK
NA1_LAG50_006_overlay,NA1_LAG50,1.0,50.0,overlay,3,3,True,100.0,100.0,0.0,0.95,"Channel 3 shows a distinct deviation from the others starting around time step 100, indicating it as the root cause. Channel 2 also shows a deviation, likely as a consequence. The other channels maintain their normal patterns.",OK
NA1_LAG50_006_subplot,NA1_LAG50,1.0,50.0,subplot,3,none,False,100.0,,,0.95,All channels exhibit normal sinusoidal patterns without any visible anomalies or deviations.,OK
NA1_LAG50_007_overlay,NA1_LAG50,1.0,50.0,overlay,4,6,False,100.0,0.0,100.0,0.95,"Channel 6 deviates significantly from the others from the start, indicating it as the root cause. Channel 2 shows a gradual deviation, likely influenced by channel 6. Channels 1, 3, 4, and 5 remain consistent with each other.",OK
NA1_LAG50_007_subplot,NA1_LAG50,1.0,50.0,subplot,4,none,False,100.0,,,0.95,All channels exhibit normal sinusoidal patterns without any visible anomalies or deviations.,OK
NA1_LAG50_008_overlay,NA1_LAG50,1.0,50.0,overlay,1,1,True,100.0,150.0,50.0,0.95,"Channel 1 deviates significantly from the others starting around time step 150, indicating it as the root cause. Channel 2 shows a weaker deviation, likely influenced by Channel 1. Channels 3, 4, 5, and 6 remain consistent with each other.",OK
NA1_LAG50_008_subplot,NA1_LAG50,1.0,50.0,subplot,1,none,False,100.0,,,0.95,All channels exhibit normal sinusoidal patterns without any noticeable anomalies or deviations.,OK
NA1_LAG50_009_overlay,NA1_LAG50,1.0,50.0,overlay,4,4,True,100.0,150.0,50.0,0.95,"Channel 4 deviates significantly from the others starting around time step 150, showing a distinct pattern. Channels 1 and 5 also show deviations, likely influenced by channel 4. Channels 2, 3, and 6 maintain their normal patterns.",OK
NA1_LAG50_009_subplot,NA1_LAG50,1.0,50.0,subplot,4,none,False,100.0,,,0.95,All channels exhibit normal sinusoidal patterns without any visible anomalies or deviations.,OK
NA1_LAG50_010_overlay,NA1_LAG50,1.0,50.0,overlay,2,2,True,100.0,150.0,50.0,0.95,"Channel 2 deviates significantly from the others starting around time step 150, suggesting it as the root cause. Channel 1 also shows deviation, likely as a consequence. Channels 3, 4, 5, and 6 remain consistent with their normal patterns.",OK
NA1_LAG50_010_subplot,NA1_LAG50,1.0,50.0,subplot,2,3,False,100.0,0.0,100.0,0.85,"Channel 3 shows a consistent anomaly throughout the time series, with increased noise and deviation from a smooth pattern. Channels 1, 2, 4, and 6 exhibit similar noisy behavior, suggesting they are affected. Channel 5 remains smooth and unaffected.",OK
NA1_LAG50_011_overlay,NA1_LAG50,1.0,50.0,overlay,2,2,True,100.0,0.0,100.0,0.95,"Channel 2 shows a distinct pattern that deviates from the others throughout the entire time period, indicating it is the root cause. The other channels remain consistent with each other, showing no signs of influence from channel 2.",OK
NA1_LAG50_011_subplot,NA1_LAG50,1.0,50.0,subplot,2,none,False,100.0,,,0.95,All channels display a consistent sinusoidal pattern without any visible anomalies or deviations from their expected behavior.,OK
NA1_LAG50_012_overlay,NA1_LAG50,1.0,50.0,overlay,5,none,False,100.0,,,0.95,All channels exhibit a consistent sinusoidal pattern without any visible anomalies or deviations. There is no indication of a root cause or affected channels.,OK
NA1_LAG50_012_subplot,NA1_LAG50,1.0,50.0,subplot,5,none,False,100.0,,,0.95,All channels exhibit a consistent sinusoidal pattern with no visible anomalies or deviations from their expected behavior.,OK
NA1_LAG50_013_overlay,NA1_LAG50,1.0,50.0,overlay,3,3,True,100.0,150.0,50.0,0.95,"Channel 3 deviates significantly from the others starting around time step 150, showing a distinct pattern. Other channels maintain their synchronized behavior, indicating they are unaffected.",OK
NA1_LAG50_013_subplot,NA1_LAG50,1.0,50.0,subplot,3,none,False,100.0,,,0.95,All channels exhibit normal sinusoidal patterns with no visible anomalies or deviations from their expected behavior.,OK
NA1_LAG50_014_overlay,NA1_LAG50,1.0,50.0,overlay,3,3,True,100.0,0.0,100.0,0.9,"Channel 3 shows a distinct pattern from the start, differing from the sinusoidal pattern of the others. Channel 4 also deviates slightly, possibly influenced by channel 3.",OK
NA1_LAG50_014_subplot,NA1_LAG50,1.0,50.0,subplot,3,3,True,100.0,0.0,100.0,0.85,"Channel 3 shows a flat pattern throughout, deviating from the sinusoidal pattern of others. Channel 5 shows increased noise, possibly influenced by Channel 3. Other channels maintain their sinusoidal patterns.",OK
NA1_LAG50_015_overlay,NA1_LAG50,1.0,50.0,overlay,1,1,True,100.0,200.0,100.0,0.95,"Channel 1 deviates significantly from the others starting around time step 200, suggesting it as the root cause. Channel 2 also shows a deviation, likely as a consequence. Channels 3, 4, 5, and 6 remain consistent with each other.",OK
NA1_LAG50_015_subplot,NA1_LAG50,1.0,50.0,subplot,1,none,False,100.0,,,0.95,All channels exhibit normal sinusoidal patterns with no visible anomalies or deviations from their expected behavior.,OK
NA1_LAG50_016_overlay,NA1_LAG50,1.0,50.0,overlay,1,1,True,100.0,250.0,150.0,0.95,"Channel 1 deviates significantly from the others starting around time step 250, indicating it as the root cause. Channel 6 shows a delayed response, while channels 2, 3, 4, and 5 remain consistent with each other.",OK
NA1_LAG50_016_subplot,NA1_LAG50,1.0,50.0,subplot,1,2,False,100.0,0.0,100.0,0.85,"Channel 2 shows increased noise throughout the time series, suggesting it as the root cause. Channels 1, 4, 5, and 6 also display increased noise, indicating they are affected. Channel 3 remains smooth and unaffected.",OK
NA1_LAG50_017_overlay,NA1_LAG50,1.0,50.0,overlay,2,2,True,100.0,0.0,100.0,0.95,"Channel 2 shows a distinct pattern from the start, diverging significantly from the others. Channel 5 shows a weaker anomaly, possibly influenced by channel 2. The rest maintain a consistent pattern.",OK
NA1_LAG50_017_subplot,NA1_LAG50,1.0,50.0,subplot,2,none,False,100.0,,,0.95,All channels exhibit a consistent sinusoidal pattern with no visible anomalies or deviations from their expected behavior.,OK
NA1_LAG50_018_overlay,NA1_LAG50,1.0,50.0,overlay,5,5,True,100.0,200.0,100.0,0.95,"Channel 5 shows a deviation from the normal pattern starting around time step 200, with channel 6 following a similar pattern. Channels 1, 2, 3, and 4 maintain their normal sinusoidal pattern.",OK
NA1_LAG50_018_subplot,NA1_LAG50,1.0,50.0,subplot,5,none,False,100.0,,,0.95,All channels exhibit similar sinusoidal patterns with no clear anomalies or deviations from their expected behavior.,OK
NA1_LAG50_019_overlay,NA1_LAG50,1.0,50.0,overlay,4,4,True,100.0,150.0,50.0,0.9,"Channel 4 shows a deviation from the sinusoidal pattern starting around time step 150, with increased noise. Other channels follow the sinusoidal pattern but may be influenced by the anomaly in channel 4.",OK
NA1_LAG50_019_subplot,NA1_LAG50,1.0,50.0,subplot,4,4,True,100.0,0.0,100.0,0.9,"Channel 4 shows a flat pattern from the start, deviating from the sinusoidal pattern of others. Channels 2, 3, and 6 show irregularities likely influenced by Channel 4. Channels 1 and 5 maintain a consistent sinusoidal pattern.",OK
NA1_LAG50_020_overlay,NA1_LAG50,1.0,50.0,overlay,6,5,False,100.0,150.0,50.0,0.95,"Channel 5 deviates from the sinusoidal pattern around time step 150, affecting channels 1, 2, 3, and 4. Channel 6 remains unaffected with a different pattern.",OK
NA1_LAG50_020_subplot,NA1_LAG50,1.0,50.0,subplot,6,6,True,100.0,0.0,100.0,0.85,"Channel 6 shows a flat pattern throughout, differing from the sinusoidal patterns of the others. Channel 3 shows a slight deviation, possibly influenced by Channel 6. Other channels maintain their normal patterns.",OK
NA1_LAG50_021_overlay,NA1_LAG50,1.0,50.0,overlay,5,5,True,100.0,150.0,50.0,0.95,"Channel 5 deviates significantly from the others starting around time step 150, followed by channel 6. Channels 1, 2, 3, and 4 maintain their normal sinusoidal pattern.",OK
NA1_LAG50_021_subplot,NA1_LAG50,1.0,50.0,subplot,5,none,False,100.0,,,0.95,All channels exhibit a consistent sinusoidal pattern with no visible anomalies or deviations from their expected behavior.,OK
NA1_LAG50_022_overlay,NA1_LAG50,1.0,50.0,overlay,5,5,True,100.0,100.0,0.0,0.95,"Channel 5 deviates significantly from the others starting around time step 100, showing a distinct pattern. Other channels maintain a similar pattern throughout.",OK
NA1_LAG50_022_subplot,NA1_LAG50,1.0,50.0,subplot,5,5,True,100.0,0.0,100.0,0.85,"Channel 5 shows a different amplitude and pattern compared to the others, indicating an anomaly. Channels 1 and 3 also show deviations, likely influenced by Channel 5. Channels 2, 4, and 6 maintain a consistent sinusoidal pattern.",OK
NA1_LAG50_023_overlay,NA1_LAG50,1.0,50.0,overlay,4,1,False,100.0,150.0,50.0,0.95,"Channel 1 deviates from the others starting around time step 150, leading to subsequent deviations in all other channels.",OK
NA1_LAG50_023_subplot,NA1_LAG50,1.0,50.0,subplot,4,1,False,100.0,0.0,100.0,0.85,"Channel 1 shows a deviation from a smooth sinusoidal pattern starting from the beginning, which seems to influence channels 2, 3, and 4. Channels 5 and 6 maintain their normal sinusoidal patterns.",OK
NA1_LAG50_024_overlay,NA1_LAG50,1.0,50.0,overlay,1,1,True,100.0,100.0,0.0,0.95,"Channel 1 shows a clear deviation from the others starting around time step 100, indicating it as the root cause. Channel 3 also deviates but to a lesser extent, suggesting it is affected. The other channels remain consistent with each other.",OK
NA1_LAG50_024_subplot,NA1_LAG50,1.0,50.0,subplot,1,none,False,100.0,,,0.95,All channels exhibit consistent sinusoidal patterns without any noticeable anomalies or deviations from their expected behavior.,OK
NA1_LAG50_025_overlay,NA1_LAG50,1.0,50.0,overlay,3,2,False,100.0,150.0,50.0,0.95,"Channel 2 deviates significantly from the others starting around time step 150, showing a distinct pattern. Channel 3 also shows a deviation but less pronounced, suggesting it is affected by Channel 2. The other channels maintain a consistent pattern.",OK
NA1_LAG50_025_subplot,NA1_LAG50,1.0,50.0,subplot,3,none,False,100.0,,,0.95,All channels exhibit normal sinusoidal patterns with no visible anomalies or deviations.,OK
NA1_LAG50_026_overlay,NA1_LAG50,1.0,50.0,overlay,3,3,True,100.0,100.0,0.0,0.95,"Channel 3 deviates significantly from the others starting around time step 100, showing a different pattern. Channel 2 also shows a deviation but follows Channel 3's pattern, indicating it is affected. Channels 1, 4, 5, and 6 maintain a consistent pattern.",OK
NA1_LAG50_026_subplot,NA1_LAG50,1.0,50.0,subplot,3,none,False,100.0,,,0.95,All channels exhibit similar sinusoidal patterns with no clear anomalies or deviations from their expected behavior.,OK
NA1_LAG50_027_overlay,NA1_LAG50,1.0,50.0,overlay,6,6,True,100.0,100.0,0.0,0.95,"Channel 6 deviates significantly from the others starting around time step 100, showing a larger amplitude. Channel 5 also shows a deviation but to a lesser extent, suggesting it is affected by channel 6. Channels 1, 2, 3, and 4 remain consistent with each other.",OK
NA1_LAG50_027_subplot,NA1_LAG50,1.0,50.0,subplot,6,none,False,100.0,,,0.95,All channels exhibit a consistent sinusoidal pattern with no visible anomalies or deviations from their expected behavior.,OK
NA1_LAG50_028_overlay,NA1_LAG50,1.0,50.0,overlay,5,5,True,100.0,100.0,0.0,0.95,"Channel 5 deviates significantly from the others starting around time step 100, showing a distinct pattern. Other channels remain consistent with each other.",OK
NA1_LAG50_028_subplot,NA1_LAG50,1.0,50.0,subplot,5,4,False,100.0,0.0,100.0,0.85,"Channel 4 shows a larger amplitude than the others, indicating an anomaly. Channel 5 appears to be influenced by this change, showing a similar pattern. The other channels maintain a consistent pattern.",OK
NA1_LAG50_029_overlay,NA1_LAG50,1.0,50.0,overlay,1,1,True,100.0,100.0,0.0,0.95,"Channel 1 deviates significantly from the others starting around time step 100, indicating it as the root cause. Channel 5 shows a delayed response, while channels 2, 3, 4, and 6 remain consistent.",OK
NA1_LAG50_029_subplot,NA1_LAG50,1.0,50.0,subplot,1,none,False,100.0,,,0.95,All channels exhibit a consistent sinusoidal pattern with no visible anomalies or deviations from their expected behavior.,OK
NA2_LAG10_000_overlay,NA2_LAG10,2.0,10.0,overlay,4,4,True,100.0,150.0,50.0,0.95,"Channel 4 shows a distinct deviation from the others starting around time step 150, with channel 2 also showing a related pattern change. Channels 1, 3, 5, and 6 maintain their normal sinusoidal patterns.",OK
NA2_LAG10_000_subplot,NA2_LAG10,2.0,10.0,subplot,4,none,False,100.0,,,0.95,All channels exhibit consistent sinusoidal patterns without any noticeable anomalies or deviations.,OK
NA2_LAG10_001_overlay,NA2_LAG10,2.0,10.0,overlay,1,1,True,100.0,150.0,50.0,0.95,"Channel 1 deviates significantly from the others starting around time step 150, showing a different pattern. Channel 5 also shows a deviation but less pronounced, suggesting it might be influenced by Channel 1. The other channels maintain their normal pattern.",OK
NA2_LAG10_001_subplot,NA2_LAG10,2.0,10.0,subplot,1,none,False,100.0,,,0.95,All channels exhibit a consistent sinusoidal pattern with no visible anomalies or deviations from their expected behavior.,OK
NA2_LAG10_002_overlay,NA2_LAG10,2.0,10.0,overlay,2,none,False,100.0,,,1.0,All channels exhibit similar sinusoidal patterns without any visible anomalies or deviations. There is no indication of a root cause or affected channels.,OK
NA2_LAG10_002_subplot,NA2_LAG10,2.0,10.0,subplot,2,3,False,100.0,100.0,0.0,0.9,"Channel 3 shows a distinct anomaly starting around time step 100, with a sudden deviation from its pattern. Channel 6 also shows a change, likely influenced by Channel 3. Other channels remain consistent with their patterns.",OK
NA2_LAG10_003_overlay,NA2_LAG10,2.0,10.0,overlay,2,2,True,100.0,150.0,50.0,0.95,"Channel 2 deviates significantly from the others starting around time step 150, showing a different pattern. Channels 1 and 6 also show deviations, likely influenced by channel 2. Channels 3, 4, and 5 maintain their original pattern.",OK
NA2_LAG10_003_subplot,NA2_LAG10,2.0,10.0,subplot,2,none,False,100.0,,,0.95,All channels exhibit a consistent sinusoidal pattern with no visible anomalies or deviations from their expected behavior.,OK
NA2_LAG10_004_overlay,NA2_LAG10,2.0,10.0,overlay,5,5,True,100.0,0.0,100.0,0.95,"Channel 5 deviates from the sinusoidal pattern seen in channels 1, 2, 3, and 4, maintaining a flat line. Channel 6 shows a similar deviation but with a different pattern, suggesting it is affected. Channels 1, 2, 3, and 4 remain consistent with each other.",OK
NA2_LAG10_004_subplot,NA2_LAG10,2.0,10.0,subplot,5,5,True,100.0,0.0,100.0,0.9,"Channel 5 shows a flat pattern throughout, differing from the sinusoidal patterns of the other channels. This suggests it is the root cause. All other channels show similar sinusoidal patterns, indicating they are affected.",OK
NA2_LAG10_005_overlay,NA2_LAG10,2.0,10.0,overlay,3,3,True,100.0,150.0,50.0,0.95,"Channel 3 deviates significantly from the others starting around time step 150, leading to subsequent deviations in all other channels.",OK
NA2_LAG10_005_subplot,NA2_LAG10,2.0,10.0,subplot,3,none,False,100.0,,,0.95,All channels exhibit similar sinusoidal patterns with no clear anomalies or deviations from their expected behavior.,OK
NA2_LAG10_006_overlay,NA2_LAG10,2.0,10.0,overlay,3,4,False,100.0,150.0,50.0,0.95,"Channel 4 shows a clear deviation from its sinusoidal pattern starting around time step 150. Channels 3 and 5 also show deviations, likely influenced by channel 4. Channels 1, 2, and 6 maintain their patterns.",OK
NA2_LAG10_006_subplot,NA2_LAG10,2.0,10.0,subplot,3,6,False,100.0,100.0,0.0,0.95,"Channel 6 shows a clear anomaly starting at time step 100, with a sudden drop not seen in other channels. The other channels maintain their normal sinusoidal patterns.",OK
NA2_LAG10_007_overlay,NA2_LAG10,2.0,10.0,overlay,5,none,False,100.0,,,0.95,All channels appear to follow their expected patterns without any noticeable anomalies or deviations.,OK
NA2_LAG10_007_subplot,NA2_LAG10,2.0,10.0,subplot,5,3,False,100.0,0.0,100.0,0.85,"Channel 3 shows a flat pattern throughout, deviating from the sinusoidal pattern of others. Channels 2 and 4 show increased noise, possibly influenced by Channel 3. Channels 1, 5, and 6 maintain their patterns.",OK
NA2_LAG10_008_overlay,NA2_LAG10,2.0,10.0,overlay,6,none,False,100.0,,,0.95,All channels exhibit a consistent sinusoidal pattern without any visible anomalies or deviations.,OK
NA2_LAG10_008_subplot,NA2_LAG10,2.0,10.0,subplot,6,none,False,100.0,,,0.95,All channels exhibit a consistent sinusoidal pattern without any noticeable anomalies or deviations.,OK
NA2_LAG10_009_overlay,NA2_LAG10,2.0,10.0,overlay,3,5,False,100.0,150.0,50.0,0.95,"Channel 5 deviates from the sinusoidal pattern around time step 150, maintaining a flat trend while others continue oscillating. This suggests it is the root cause, affecting all other channels.",OK
NA2_LAG10_009_subplot,NA2_LAG10,2.0,10.0,subplot,3,5,False,100.0,0.0,100.0,0.95,"Channel 5 shows a flat pattern throughout, deviating from the sinusoidal pattern of other channels. This suggests it is the root cause. All other channels show similar sinusoidal patterns, indicating they are affected.",OK
NA2_LAG10_010_overlay,NA2_LAG10,2.0,10.0,overlay,4,5,False,100.0,150.0,50.0,0.95,"Channel 5 deviates significantly from the others starting at time step 150, showing a distinct pattern. Other channels maintain their normal sinusoidal pattern.",OK
NA2_LAG10_010_subplot,NA2_LAG10,2.0,10.0,subplot,4,6,False,100.0,100.0,0.0,0.95,"Channel 6 shows a clear anomaly starting at time step 100, with a sudden drop. Channels 1, 3, and 4 show deviations from their patterns following this anomaly, indicating they are affected. Channels 2 and 5 maintain their normal patterns.",OK
NA2_LAG10_011_overlay,NA2_LAG10,2.0,10.0,overlay,1,1,True,100.0,100.0,0.0,0.95,"Channel 1 deviates significantly from the others starting around time step 100, leading to subsequent deviations in all other channels.",OK
NA2_LAG10_011_subplot,NA2_LAG10,2.0,10.0,subplot,1,5,False,100.0,0.0,100.0,0.95,"Channel 5 shows a distinct pattern with a larger amplitude and different shape compared to the others, suggesting it is the root cause. All other channels appear to be influenced by this anomaly.",OK
NA2_LAG10_012_overlay,NA2_LAG10,2.0,10.0,overlay,2,1,False,100.0,150.0,50.0,0.95,"Channel 1 deviates from the sinusoidal pattern around time step 150, while other channels maintain their periodic behavior.",OK
NA2_LAG10_012_subplot,NA2_LAG10,2.0,10.0,subplot,2,none,False,100.0,,,0.95,All channels exhibit normal sinusoidal patterns with no visible anomalies or deviations from expected behavior.,OK
NA2_LAG10_013_overlay,NA2_LAG10,2.0,10.0,overlay,2,2,True,100.0,200.0,100.0,0.95,"Channel 2 deviates significantly from the others starting around time step 200, leading to changes in all other channels. All channels show some level of anomaly after this point.",OK
NA2_LAG10_013_subplot,NA2_LAG10,2.0,10.0,subplot,2,3,False,100.0,0.0,100.0,0.9,"Channel 3 shows an anomaly starting from the beginning, with increased noise and deviation from the sinusoidal pattern. Other channels, except Channel 5, show similar deviations, indicating they are affected.",OK
NA2_LAG10_014_overlay,NA2_LAG10,2.0,10.0,overlay,1,2,False,100.0,150.0,50.0,0.95,"Channel 2 deviates significantly from the others starting around time step 150, while the other channels maintain a similar pattern throughout.",OK
NA2_LAG10_014_subplot,NA2_LAG10,2.0,10.0,subplot,1,none,False,100.0,,,0.95,All channels display a consistent sinusoidal pattern with no visible anomalies or deviations from their expected behavior.,OK
NA2_LAG10_015_overlay,NA2_LAG10,2.0,10.0,overlay,3,6,False,100.0,150.0,50.0,0.95,"Channel 6 deviates significantly from the others starting around time step 150, showing a different pattern. The other channels follow a similar pattern, suggesting they are affected by the anomaly in channel 6.",OK
NA2_LAG10_015_subplot,NA2_LAG10,2.0,10.0,subplot,3,none,False,100.0,,,0.95,All channels exhibit normal sinusoidal patterns without any visible anomalies or deviations from their expected behavior.,OK
NA2_LAG10_016_overlay,NA2_LAG10,2.0,10.0,overlay,4,1,False,100.0,100.0,0.0,0.95,"Channel 1 shows a deviation from the sinusoidal pattern starting around time step 100, which is followed by similar deviations in all other channels. This suggests that channel 1 is the root cause, affecting the others.",OK
NA2_LAG10_016_subplot,NA2_LAG10,2.0,10.0,subplot,4,2,False,100.0,100.0,0.0,0.95,"Channel 2 shows a sudden drop at time step 100, which is not observed in other channels. This suggests it is the root cause, with no other channels affected.",OK
NA2_LAG10_017_overlay,NA2_LAG10,2.0,10.0,overlay,1,2,False,100.0,200.0,100.0,0.95,"Channel 2 deviates significantly from the others starting around time step 200, showing a distinct pattern. Channels 1, 3, 5, and 6 also show changes in their patterns, likely influenced by channel 2. Channel 4 remains stable and unaffected.",OK
NA2_LAG10_017_subplot,NA2_LAG10,2.0,10.0,subplot,1,1,True,100.0,0.0,100.0,0.9,"Channel 1 shows a deviation from a sinusoidal pattern starting at the beginning, which appears to influence Channels 2 and 4. Channels 3, 5, and 6 maintain their sinusoidal patterns.",OK
NA2_LAG10_018_overlay,NA2_LAG10,2.0,10.0,overlay,6,6,True,100.0,150.0,50.0,0.95,"Channel 6 deviates from the sinusoidal pattern around time step 150, maintaining a flat trend. Channel 4 shows a delayed deviation, suggesting it is affected. Other channels remain consistent with the sinusoidal pattern.",OK
NA2_LAG10_018_subplot,NA2_LAG10,2.0,10.0,subplot,6,6,True,100.0,0.0,100.0,0.9,"Channel 6 shows a flat pattern throughout, differing from the sinusoidal patterns of the others, indicating an anomaly. Channels 2, 3, and 4 show increased noise, suggesting they are affected. Channels 1 and 5 maintain their normal patterns.",OK
NA2_LAG10_019_overlay,NA2_LAG10,2.0,10.0,overlay,3,3,True,100.0,0.0,100.0,0.95,"Channel 3 shows a distinct pattern that is different from the others, which follow a similar sinusoidal pattern. This suggests that channel 3 is anomalous from the start.",OK
NA2_LAG10_019_subplot,NA2_LAG10,2.0,10.0,subplot,3,3,True,100.0,0.0,100.0,0.9,"Channel 3 shows a flat pattern throughout, deviating from the sinusoidal pattern seen in other channels. Channels 4, 5, and 6 show deviations that could be influenced by Channel 3's anomaly. Channels 1 and 2 maintain their normal sinusoidal patterns.",OK
NA2_LAG10_020_overlay,NA2_LAG10,2.0,10.0,overlay,6,3,False,100.0,100.0,0.0,0.95,"Channel 3 shows a significant deviation from the others starting around time step 100, indicating it as the root cause. Channels 1, 2, 4, and 5 follow similar patterns and are affected. Channel 6 remains unchanged.",OK
NA2_LAG10_020_subplot,NA2_LAG10,2.0,10.0,subplot,6,6,True,100.0,0.0,100.0,0.95,"Channel 6 shows a flat pattern throughout, differing from the sinusoidal patterns of the other channels, indicating an anomaly. No other channels appear to be affected.",OK
NA2_LAG10_021_overlay,NA2_LAG10,2.0,10.0,overlay,5,3,False,100.0,250.0,150.0,0.95,"Channel 3 deviates significantly from the others starting around time step 250, suggesting it is the root cause. All other channels show a similar pattern of deviation following channel 3's anomaly.",OK
NA2_LAG10_021_subplot,NA2_LAG10,2.0,10.0,subplot,5,none,False,100.0,,,0.95,All channels exhibit consistent sinusoidal patterns without any noticeable anomalies or deviations.,OK
NA2_LAG10_022_overlay,NA2_LAG10,2.0,10.0,overlay,5,5,True,100.0,200.0,100.0,0.95,"Channel 5 deviates significantly from the others starting around time step 200, showing a different pattern. The other channels maintain a consistent pattern throughout.",OK
NA2_LAG10_022_subplot,NA2_LAG10,2.0,10.0,subplot,5,none,False,100.0,,,0.95,All channels exhibit a consistent sinusoidal pattern without any visible anomalies or deviations.,OK
NA2_LAG10_023_overlay,NA2_LAG10,2.0,10.0,overlay,1,4,False,100.0,100.0,0.0,0.95,"Channel 4 deviates significantly from the others starting around time step 100, showing a distinct pattern. Channel 3 shows a delayed response, becoming anomalous after channel 4. The other channels maintain their normal patterns.",OK
NA2_LAG10_023_subplot,NA2_LAG10,2.0,10.0,subplot,1,4,False,100.0,100.0,0.0,0.95,"Channel 4 shows a distinct deviation from its pattern starting around time step 100, while other channels maintain their regular patterns.",OK
NA2_LAG10_024_overlay,NA2_LAG10,2.0,10.0,overlay,1,3,False,100.0,100.0,0.0,0.95,"Channel 3 deviates from the sinusoidal pattern around time step 100, maintaining a flat trend. Other channels show deviations after this point, suggesting they are affected by the anomaly in channel 3.",OK
NA2_LAG10_024_subplot,NA2_LAG10,2.0,10.0,subplot,1,3,False,100.0,0.0,100.0,0.85,"Channel 3 shows a flat pattern throughout, differing from the sinusoidal patterns of other channels. Channels 1 and 4 show deviations from their expected patterns, suggesting influence from Channel 3. Channels 2, 5, and 6 maintain their sinusoidal patterns.",OK
NA2_LAG10_025_overlay,NA2_LAG10,2.0,10.0,overlay,6,3,False,100.0,100.0,0.0,0.95,"Channel 3 shows a clear deviation from the normal pattern starting around time step 100, which is followed by a similar deviation in channel 6. The other channels maintain their normal sinusoidal pattern.",OK
NA2_LAG10_025_subplot,NA2_LAG10,2.0,10.0,subplot,6,3,False,100.0,100.0,0.0,0.9,"Channel 3 shows a significant deviation from its sinusoidal pattern starting around time step 100, which is not observed in other channels initially. Channel 1 also shows some deviation, likely influenced by Channel 3.",OK
NA2_LAG10_026_overlay,NA2_LAG10,2.0,10.0,overlay,5,3,False,100.0,150.0,50.0,0.95,"Channel 3 shows a distinct deviation from the sinusoidal pattern starting around time step 150, which is not observed in other channels initially. Channel 5 also deviates but with a delay, suggesting it is affected by channel 3. The other channels maintain their patterns.",OK
NA2_LAG10_026_subplot,NA2_LAG10,2.0,10.0,subplot,5,3,False,100.0,150.0,50.0,0.95,"Channel 3 shows a sudden drop at time step 150, which is not observed in other channels. This suggests it is the root cause, with no other channels affected.",OK
NA2_LAG10_027_overlay,NA2_LAG10,2.0,10.0,overlay,5,4,False,100.0,100.0,0.0,0.95,"Channel 4 deviates significantly from the others starting around time step 100, indicating it as the root cause. Channel 5 shows a delayed response, becoming anomalous later. Channels 1, 2, 3, and 6 remain consistent with their initial patterns.",OK
NA2_LAG10_027_subplot,NA2_LAG10,2.0,10.0,subplot,5,4,False,100.0,0.0,100.0,0.9,"Channel 4 shows a distinct anomaly with a larger amplitude starting from the beginning, which is not present in other channels initially. Channels 2 and 6 show similar patterns but with less intensity, suggesting they are affected. Channels 1, 3, and 5 maintain a consistent pattern.",OK
NA2_LAG10_028_overlay,NA2_LAG10,2.0,10.0,overlay,4,2,False,100.0,100.0,0.0,0.95,"Channel 2 deviates significantly from the others starting around time step 100, showing a different pattern. Channels 1, 3, 4, and 5 show some influence, while channel 6 remains unaffected.",OK
NA2_LAG10_028_subplot,NA2_LAG10,2.0,10.0,subplot,4,3,False,100.0,100.0,0.0,0.95,"Channel 3 shows a distinct anomaly starting around time step 100, with a noticeable deviation from its sinusoidal pattern. All other channels exhibit similar deviations shortly after, suggesting they are affected by the anomaly in Channel 3.",OK
NA2_LAG10_029_overlay,NA2_LAG10,2.0,10.0,overlay,5,none,False,100.0,,,0.95,All channels exhibit a consistent sinusoidal pattern without any anomalies. There is no deviation indicating a root cause or affected channels.,OK
NA2_LAG10_029_subplot,NA2_LAG10,2.0,10.0,subplot,5,none,False,100.0,,,0.95,All channels exhibit a consistent sinusoidal pattern without any visible anomalies or deviations.,OK
NA2_LAG50_000_overlay,NA2_LAG50,2.0,50.0,overlay,2,2,True,100.0,100.0,0.0,0.95,"Channel 2 deviates significantly from the others starting around time step 100, with channels 5 and 6 showing delayed deviations. Channels 1, 3, and 4 maintain their normal pattern.",OK
NA2_LAG50_000_subplot,NA2_LAG50,2.0,50.0,subplot,2,3,False,100.0,100.0,0.0,0.95,"Channel 3 shows a deviation from its normal pattern starting around time step 100, which is followed by similar deviations in channels 1, 2, 4, and 6. Channel 5 remains unaffected, maintaining its regular pattern.",OK
NA2_LAG50_001_overlay,NA2_LAG50,2.0,50.0,overlay,2,6,False,100.0,200.0,100.0,0.95,"Channel 6 deviates significantly from the others starting around time step 200, showing a different pattern. The other channels follow a similar pattern and appear to be influenced by this change.",OK
NA2_LAG50_001_subplot,NA2_LAG50,2.0,50.0,subplot,2,none,False,100.0,,,0.95,All channels exhibit a consistent sinusoidal pattern with no visible anomalies or deviations from their expected behavior.,OK
NA2_LAG50_002_overlay,NA2_LAG50,2.0,50.0,overlay,3,none,False,100.0,,,1.0,All channels exhibit a consistent sinusoidal pattern without any visible anomalies or deviations. There is no indication of a root cause or affected channels.,OK
NA2_LAG50_002_subplot,NA2_LAG50,2.0,50.0,subplot,3,none,False,100.0,,,0.95,All channels exhibit consistent sinusoidal patterns without any noticeable anomalies or deviations.,OK
NA2_LAG50_003_overlay,NA2_LAG50,2.0,50.0,overlay,6,2,False,100.0,0.0,100.0,0.95,"Channel 2 shows a flat pattern throughout, deviating from the sinusoidal pattern of others. Channels 3, 4, and 5 show deviations starting around time step 200, likely influenced by channel 2. Channels 1 and 6 maintain their patterns.",OK
NA2_LAG50_003_subplot,NA2_LAG50,2.0,50.0,subplot,6,2,False,100.0,100.0,0.0,0.95,"Channel 2 shows a deviation from its sinusoidal pattern starting around time step 100, which is followed by similar deviations in channels 1, 3, 4, and 6. Channel 5 maintains its pattern, indicating it is unaffected.",OK
NA2_LAG50_004_overlay,NA2_LAG50,2.0,50.0,overlay,5,5,True,100.0,0.0,100.0,0.9,"Channel 5 maintains a constant pattern throughout, while others show synchronized oscillations. This suggests channel 5 is the root cause, influencing the others.",OK
NA2_LAG50_004_subplot,NA2_LAG50,2.0,50.0,subplot,5,5,True,100.0,0.0,100.0,0.95,"Channel 5 shows a flat pattern, differing from the sinusoidal patterns of the other channels, indicating it as the root cause. All other channels show increased noise, suggesting they are affected.",OK
NA2_LAG50_005_overlay,NA2_LAG50,2.0,50.0,overlay,1,,,100.0,,,,invalid_or_missing_affected_channels,PARSE_ERROR
NA2_LAG50_005_subplot,NA2_LAG50,2.0,50.0,subplot,1,none,False,100.0,,,0.95,All channels exhibit similar sinusoidal patterns with no clear anomalies or deviations from their expected behavior.,OK
NA2_LAG50_006_overlay,NA2_LAG50,2.0,50.0,overlay,3,,,100.0,,,,invalid_or_missing_affected_channels,PARSE_ERROR
NA2_LAG50_006_subplot,NA2_LAG50,2.0,50.0,subplot,3,3,True,100.0,0.0,100.0,0.9,"Channel 3 shows a consistent deviation from a sinusoidal pattern, indicating an anomaly. Other channels exhibit increased noise and deviation, suggesting they are affected by Channel 3's anomaly.",OK
NA2_LAG50_007_overlay,NA2_LAG50,2.0,50.0,overlay,3,3,True,100.0,100.0,0.0,0.95,"Channel 3 deviates significantly from the others starting around time step 100, showing a different pattern. The other channels appear to follow a similar pattern, suggesting they are affected by the anomaly in channel 3.",OK
NA2_LAG50_007_subplot,NA2_LAG50,2.0,50.0,subplot,3,4,False,100.0,0.0,100.0,0.85,"Channel 4 shows a deviation from the sinusoidal pattern starting from the beginning, suggesting it as the root cause. Channels 2, 3, and 6 show similar deviations, indicating they are affected. Channels 1 and 5 maintain a consistent pattern.",OK
NA2_LAG50_008_overlay,NA2_LAG50,2.0,50.0,overlay,3,1,False,100.0,150.0,50.0,0.95,"Channel 1 deviates from the sinusoidal pattern around time step 150, influencing channels 2, 4, 5, and 6. Channel 3 maintains its pattern, indicating no influence.",OK
NA2_LAG50_008_subplot,NA2_LAG50,2.0,50.0,subplot,3,none,False,100.0,,,0.95,All channels exhibit normal sinusoidal patterns with no visible anomalies or deviations. There is no indication of a root cause or affected channels.,OK
NA2_LAG50_009_overlay,NA2_LAG50,2.0,50.0,overlay,6,6,True,100.0,100.0,0.0,0.95,"Channel 6 deviates significantly from the others starting around time step 100, causing subsequent divergence in other channels.",OK
NA2_LAG50_009_subplot,NA2_LAG50,2.0,50.0,subplot,6,2,False,100.0,150.0,50.0,0.9,"Channel 2 shows a deviation from its sinusoidal pattern starting around time step 150, which is followed by similar deviations in channels 1, 3, 4, and 5. Channel 6 remains unaffected, maintaining its pattern.",OK
NA2_LAG50_010_overlay,NA2_LAG50,2.0,50.0,overlay,5,5,True,100.0,150.0,50.0,0.95,"Channel 5 shows a deviation from the normal pattern starting around time step 150, with channels 2 and 6 showing subsequent deviations. Channels 1, 3, and 4 maintain their normal patterns.",OK
NA2_LAG50_010_subplot,NA2_LAG50,2.0,50.0,subplot,5,4,False,100.0,150.0,50.0,0.95,"Channel 4 shows a clear deviation from its normal pattern starting around time step 150, with a noticeable upward trend. All other channels also show deviations after this point, suggesting they are affected by the anomaly in Channel 4.",OK
NA2_LAG50_011_overlay,NA2_LAG50,2.0,50.0,overlay,2,2,True,100.0,150.0,50.0,0.95,"Channel 2 deviates significantly from the others starting around time step 150, with channels 1 and 3 showing some correlated changes. Channels 4, 5, and 6 remain consistent with their previous patterns.",OK
NA2_LAG50_011_subplot,NA2_LAG50,2.0,50.0,subplot,2,4,False,100.0,100.0,0.0,0.85,"Channel 4 shows a deviation from its normal pattern starting around time step 100, with increased noise. Channels 1, 3, and 5 also show increased noise, suggesting they are affected. Channels 2 and 6 maintain their regular patterns.",OK
NA2_LAG50_012_overlay,NA2_LAG50,2.0,50.0,overlay,5,6,False,100.0,150.0,50.0,0.95,"Channel 6 deviates significantly from the others starting around time step 150, showing a distinct pattern. Channels 1 and 5 also show deviations, likely influenced by channel 6. Channels 2, 3, and 4 maintain their normal pattern.",OK
NA2_LAG50_012_subplot,NA2_LAG50,2.0,50.0,subplot,5,none,False,100.0,,,0.95,All channels exhibit normal sinusoidal patterns without any visible anomalies or deviations.,OK
NA2_LAG50_013_overlay,NA2_LAG50,2.0,50.0,overlay,1,1,True,100.0,100.0,0.0,0.95,"Channel 1 shows a significant deviation starting around time step 100, which is not mirrored by other channels initially. Channel 5 shows a delayed response, while channels 2, 3, 4, and 6 remain consistent with their previous patterns.",OK
NA2_LAG50_013_subplot,NA2_LAG50,2.0,50.0,subplot,1,2,False,100.0,200.0,100.0,0.9,"Channel 2 shows a deviation from its normal pattern starting around time step 200, which is followed by similar deviations in channels 1, 4, and 6. Channels 3 and 5 maintain their regular patterns throughout.",OK
NA2_LAG50_014_overlay,NA2_LAG50,2.0,50.0,overlay,1,1,True,100.0,100.0,0.0,0.95,"Channel 1 shows a distinct deviation from the others starting around time step 100, indicating it as the root cause. Channel 5 also shows a deviation, likely as a consequence. The other channels maintain their normal pattern.",OK
NA2_LAG50_014_subplot,NA2_LAG50,2.0,50.0,subplot,1,none,False,100.0,,,0.95,All channels exhibit a consistent sinusoidal pattern without any visible anomalies or deviations. There is no indication of a root cause or affected channels.,OK
NA2_LAG50_015_overlay,NA2_LAG50,2.0,50.0,overlay,5,5,True,100.0,100.0,0.0,0.95,"Channel 5 shows a significant deviation from the others starting around time step 100, indicating it as the root cause. Channel 2 also deviates but follows a different pattern, suggesting it is affected. The other channels remain consistent with each other.",OK
NA2_LAG50_015_subplot,NA2_LAG50,2.0,50.0,subplot,5,none,False,100.0,,,0.95,All channels exhibit normal sinusoidal patterns without any visible anomalies.,OK
NA2_LAG50_016_overlay,NA2_LAG50,2.0,50.0,overlay,6,6,True,100.0,0.0,100.0,0.95,"Channel 6 shows a distinct flat pattern throughout, differing from the sinusoidal pattern of others. Channels 4 and 5 deviate slightly, suggesting influence. Channels 1, 2, and 3 maintain their sinusoidal pattern.",OK
NA2_LAG50_016_subplot,NA2_LAG50,2.0,50.0,subplot,6,6,True,100.0,0.0,100.0,0.95,"Channel 6 shows a flat pattern throughout, deviating from the sinusoidal pattern of the other channels, indicating it as the root cause. All other channels show a similar sinusoidal pattern, suggesting they are affected.",OK
NA2_LAG50_017_overlay,NA2_LAG50,2.0,50.0,overlay,5,5,True,100.0,150.0,50.0,0.95,"Channel 5 deviates significantly from the others starting around time step 150, showing a different pattern. Channels 2, 3, 4, and 6 also show deviations, likely influenced by channel 5. Channel 1 remains consistent with its original pattern.",OK
NA2_LAG50_017_subplot,NA2_LAG50,2.0,50.0,subplot,5,none,False,100.0,,,0.95,All channels exhibit normal sinusoidal patterns without any visible anomalies or deviations.,OK
NA2_LAG50_018_overlay,NA2_LAG50,2.0,50.0,overlay,5,6,False,100.0,200.0,100.0,0.95,"Channel 6 shows a distinct deviation from the others starting around time step 200, suggesting it as the root cause. Channels 2, 3, 4, and 5 also show deviations, indicating they are affected. Channel 1 remains consistent with its previous pattern.",OK
NA2_LAG50_018_subplot,NA2_LAG50,2.0,50.0,subplot,5,none,False,100.0,,,0.95,All channels exhibit a consistent sinusoidal pattern with no visible anomalies or deviations from their expected behavior.,OK
NA2_LAG50_019_overlay,NA2_LAG50,2.0,50.0,overlay,6,none,False,100.0,,,0.95,All channels exhibit a consistent sinusoidal pattern without any visible anomalies or deviations from their expected behavior.,OK
NA2_LAG50_019_subplot,NA2_LAG50,2.0,50.0,subplot,6,none,False,100.0,,,0.95,All channels exhibit a consistent sinusoidal pattern with no visible anomalies or deviations from their expected behavior.,OK
NA2_LAG50_020_overlay,NA2_LAG50,2.0,50.0,overlay,5,5,True,100.0,150.0,50.0,0.95,"Channel 5 deviates significantly from the others starting around time step 150, causing a ripple effect in all other channels. All channels show some level of anomaly following this deviation.",OK
NA2_LAG50_020_subplot,NA2_LAG50,2.0,50.0,subplot,5,none,False,100.0,,,0.95,All channels display a consistent sinusoidal pattern with no visible anomalies or deviations from their expected behavior.,OK
NA2_LAG50_021_overlay,NA2_LAG50,2.0,50.0,overlay,2,2,True,100.0,100.0,0.0,0.95,"Channel 2 deviates significantly from the others starting at time step 100, showing a distinct pattern. The other channels remain consistent with each other, indicating no influence from channel 2.",OK
NA2_LAG50_021_subplot,NA2_LAG50,2.0,50.0,subplot,2,2,True,100.0,0.0,100.0,0.9,"Channel 2 shows a deviation from a smooth sinusoidal pattern starting from the beginning, which appears to influence all other channels. All channels exhibit similar deviations, suggesting they are affected by the anomaly in Channel 2.",OK
NA2_LAG50_022_overlay,NA2_LAG50,2.0,50.0,overlay,5,3,False,100.0,200.0,100.0,0.95,"Channel 3 deviates significantly from the others starting around time step 200, suggesting it is the root cause. Channels 1, 2, 4, and 6 show similar patterns and are likely affected. Channel 5 remains unchanged.",OK
NA2_LAG50_022_subplot,NA2_LAG50,2.0,50.0,subplot,5,1,False,100.0,150.0,50.0,0.95,"Channel 1 shows a clear deviation from its pattern starting around time step 150, which seems to influence channels 2, 3, 4, and 6. Channel 5 remains unaffected, maintaining a consistent pattern throughout.",OK
NA2_LAG50_023_overlay,NA2_LAG50,2.0,50.0,overlay,6,2,False,100.0,200.0,100.0,0.95,"Channel 2 deviates significantly from the others starting around time step 200, suggesting it as the root cause. Channel 5 shows a delayed response, becoming anomalous after channel 2. The other channels maintain their normal pattern.",OK
NA2_LAG50_023_subplot,NA2_LAG50,2.0,50.0,subplot,6,5,False,100.0,0.0,100.0,0.85,"Channel 5 shows a different amplitude and pattern compared to the others, indicating an anomaly. Channel 6 appears to be influenced by Channel 5 due to similar amplitude changes. Channels 1, 2, 3, and 4 maintain a consistent sinusoidal pattern.",OK
NA2_LAG50_024_overlay,NA2_LAG50,2.0,50.0,overlay,5,5,True,100.0,150.0,50.0,0.95,"Channel 5 deviates significantly from the others starting around time step 150, showing a different pattern. Channels 1, 2, and 3 also show deviations after this point, suggesting they are affected. Channels 4 and 6 maintain their patterns.",OK
NA2_LAG50_024_subplot,NA2_LAG50,2.0,50.0,subplot,5,4,False,100.0,150.0,50.0,0.95,"Channel 4 shows a deviation from its sinusoidal pattern starting around time step 150, which is followed by similar deviations in channels 1, 2, 3, and 5. Channel 6 maintains its pattern, indicating it is unaffected.",OK
NA2_LAG50_025_overlay,NA2_LAG50,2.0,50.0,overlay,1,1,True,100.0,150.0,50.0,0.95,"Channel 1 deviates significantly from the others starting around time step 150, with channels 4 and 6 showing subsequent deviations. Channels 2, 3, and 5 maintain their patterns.",OK
NA2_LAG50_025_subplot,NA2_LAG50,2.0,50.0,subplot,1,none,False,100.0,,,0.95,All channels exhibit normal sinusoidal patterns with no visible anomalies or deviations from expected behavior.,OK
NA2_LAG50_026_overlay,NA2_LAG50,2.0,50.0,overlay,1,1,True,100.0,150.0,50.0,0.95,"Channel 1 deviates significantly from the others around time step 150, suggesting it as the root cause. Channels 4 and 6 show deviations following this change, while channels 2, 3, and 5 maintain their patterns.",OK
NA2_LAG50_026_subplot,NA2_LAG50,2.0,50.0,subplot,1,6,False,100.0,150.0,50.0,0.95,"Channel 6 shows a clear deviation from its sinusoidal pattern starting around time step 150, indicating an anomaly. Channel 4 also shows a change in pattern, likely influenced by Channel 6. Other channels maintain their normal patterns.",OK
NA2_LAG50_027_overlay,NA2_LAG50,2.0,50.0,overlay,4,2,False,100.0,150.0,50.0,0.95,"Channel 2 deviates from the sinusoidal pattern around time step 150, maintaining a flat line. Other channels show changes in amplitude and phase, indicating they are affected.",OK
NA2_LAG50_027_subplot,NA2_LAG50,2.0,50.0,subplot,4,2,False,100.0,0.0,100.0,0.95,"Channel 2 shows a flat pattern with noise, deviating from the sinusoidal pattern of other channels. This suggests an anomaly originating in Channel 2. Other channels maintain their sinusoidal patterns, indicating they are unaffected.",OK
NA2_LAG50_028_overlay,NA2_LAG50,2.0,50.0,overlay,4,,,100.0,,,,invalid_or_missing_affected_channels,PARSE_ERROR
NA2_LAG50_028_subplot,NA2_LAG50,2.0,50.0,subplot,4,none,False,100.0,,,0.95,All channels exhibit a consistent sinusoidal pattern with no visible anomalies or deviations from their expected behavior.,OK
NA2_LAG50_029_overlay,NA2_LAG50,2.0,50.0,overlay,6,5,False,100.0,200.0,100.0,0.95,"Channel 5 deviates significantly from the others starting around time step 200, followed by channel 6. Channels 1, 2, 3, and 4 remain consistent with each other.",OK
NA2_LAG50_029_subplot,NA2_LAG50,2.0,50.0,subplot,6,none,False,100.0,,,0.95,All channels exhibit similar sinusoidal patterns with no visible anomalies or deviations from their expected behavior.,OK
NA3_LAG10_000_overlay,NA3_LAG10,3.0,10.0,overlay,4,1,False,100.0,100.0,0.0,0.95,"Channel 1 deviates from its sinusoidal pattern around time step 100, becoming flat. Channels 2, 3, 5, and 6 show changes in their patterns after this point, while channel 4 remains consistent.",OK
NA3_LAG10_000_subplot,NA3_LAG10,3.0,10.0,subplot,4,none,False,100.0,,,0.95,All channels exhibit consistent patterns without any noticeable anomalies or deviations from their expected behavior.,OK
NA3_LAG10_001_overlay,NA3_LAG10,3.0,10.0,overlay,2,3,False,100.0,150.0,50.0,0.95,"Channel 3 deviates significantly from the others starting around time step 150, with other channels following the anomaly pattern. Channel 2 remains unaffected, maintaining its original pattern.",OK
NA3_LAG10_001_subplot,NA3_LAG10,3.0,10.0,subplot,2,3,False,100.0,0.0,100.0,0.85,"Channel 3 shows increased noise throughout, suggesting it is the root cause. Channel 1 also shows similar noise, likely affected by Channel 3. Other channels maintain a smooth sinusoidal pattern.",OK
NA3_LAG10_002_overlay,NA3_LAG10,3.0,10.0,overlay,4,1,False,100.0,100.0,0.0,0.95,"Channel 1 deviates from the sinusoidal pattern around time step 100, maintaining a flat trend. Channels 2 and 4 also show deviations, likely influenced by channel 1. Channels 3, 5, and 6 continue their sinusoidal patterns.",OK
NA3_LAG10_002_subplot,NA3_LAG10,3.0,10.0,subplot,4,4,True,100.0,0.0,100.0,0.85,"Channel 4 shows a deviation from a sinusoidal pattern to a more erratic behavior starting at the beginning. Channels 1 and 2 also show deviations, suggesting they are affected. Channels 3, 5, and 6 maintain their sinusoidal patterns.",OK
NA3_LAG10_003_overlay,NA3_LAG10,3.0,10.0,overlay,6,1,False,100.0,100.0,0.0,0.95,"Channel 1 deviates from the sinusoidal pattern around time step 100, maintaining a flat trend while others continue oscillating. This suggests it is the root cause, affecting all other channels.",OK
NA3_LAG10_003_subplot,NA3_LAG10,3.0,10.0,subplot,6,5,False,100.0,150.0,50.0,0.95,"Channel 5 shows a clear deviation from its pattern starting around time step 150, which is followed by changes in all other channels. This suggests that Channel 5 is the root cause, affecting the others.",OK
NA3_LAG10_004_overlay,NA3_LAG10,3.0,10.0,overlay,6,3,False,100.0,150.0,50.0,0.95,"Channel 3 deviates significantly from the others starting around time step 150, leading to a divergence in the other channels. All channels appear to be affected by this anomaly.",OK
NA3_LAG10_004_subplot,NA3_LAG10,3.0,10.0,subplot,6,4,False,100.0,200.0,100.0,0.95,"Channel 4 shows a clear deviation from its sinusoidal pattern starting around time step 200, which is followed by similar deviations in all other channels. This suggests that Channel 4 is the root cause, affecting all other channels.",OK
NA3_LAG10_005_overlay,NA3_LAG10,3.0,10.0,overlay,6,4,False,100.0,0.0,100.0,0.95,"Channel 4 deviates from the sinusoidal pattern of the other channels, maintaining a flat line throughout. This suggests it is the root cause of the anomaly, while the other channels remain unaffected.",OK
NA3_LAG10_005_subplot,NA3_LAG10,3.0,10.0,subplot,6,4,False,100.0,0.0,100.0,0.9,"Channel 4 shows a flat pattern throughout, deviating from the sinusoidal pattern seen in other channels. Channels 1, 2, 3, and 5 show increased noise, suggesting they are affected. Channel 6 maintains its pattern, indicating it is unaffected.",OK
NA3_LAG10_006_overlay,NA3_LAG10,3.0,10.0,overlay,3,3,True,100.0,100.0,0.0,0.95,"Channel 3 shows a distinct deviation from the others starting around time step 100, with a larger amplitude. Channels 1, 4, 5, and 6 follow this pattern, indicating they are affected. Channel 2 remains unchanged.",OK
NA3_LAG10_006_subplot,NA3_LAG10,3.0,10.0,subplot,3,3,True,100.0,200.0,100.0,0.95,"Channel 3 shows a clear deviation from its sinusoidal pattern starting around time step 200, which is followed by similar deviations in all other channels. This suggests that Channel 3 is the root cause.",OK
NA3_LAG10_007_overlay,NA3_LAG10,3.0,10.0,overlay,6,6,True,100.0,0.0,100.0,0.95,"Channel 6 shows a distinct pattern that deviates from the sinusoidal pattern of the other channels, indicating it as the root cause. The other channels appear to be affected as they deviate from their initial pattern.",OK
NA3_LAG10_007_subplot,NA3_LAG10,3.0,10.0,subplot,6,6,True,100.0,0.0,100.0,0.9,"Channel 6 shows a flat pattern throughout, differing from the sinusoidal patterns of the other channels, indicating it as the root cause. All other channels exhibit similar sinusoidal patterns, suggesting they are affected.",OK
NA3_LAG10_008_overlay,NA3_LAG10,3.0,10.0,overlay,1,2,False,100.0,100.0,0.0,0.95,"Channel 2 shows a sudden drop at time step 100, which is not present in other channels initially. Channels 1, 3, 4, and 5 show deviations following this event, indicating they are affected. Channel 6 remains consistent with its pattern.",OK
NA3_LAG10_008_subplot,NA3_LAG10,3.0,10.0,subplot,1,2,False,100.0,100.0,0.0,0.95,"Channel 2 shows a sudden drop at time step 100, which is not present in other channels. This suggests it is the root cause, with no other channels affected.",OK
NA3_LAG10_009_overlay,NA3_LAG10,3.0,10.0,overlay,2,3,False,100.0,100.0,0.0,0.95,"Channel 3 shows a clear deviation from the sinusoidal pattern starting around time step 100, influencing other channels. Channel 5 remains unaffected, maintaining its pattern.",OK
NA3_LAG10_009_subplot,NA3_LAG10,3.0,10.0,subplot,2,5,False,100.0,0.0,100.0,0.85,"Channel 5 shows a flat pattern from the start, deviating from the sinusoidal pattern of others. Channels 3 and 4 show a gradual deviation, suggesting influence. Channels 1, 2, and 6 maintain their patterns.",OK
NA3_LAG10_010_overlay,NA3_LAG10,3.0,10.0,overlay,2,6,False,100.0,100.0,0.0,0.95,"Channel 6 shows a distinct deviation from the others starting around time step 100, suggesting it as the root cause. Channels 1, 2, 3, and 5 show changes in behavior following this, while channel 4 remains unaffected.",OK
NA3_LAG10_010_subplot,NA3_LAG10,3.0,10.0,subplot,2,4,False,100.0,0.0,100.0,0.85,"Channel 4 shows a deviation from a smooth sinusoidal pattern starting from the beginning, suggesting it as the root cause. Channels 2 and 3 show similar deviations, indicating they are affected. Channels 1, 5, and 6 maintain a consistent pattern.",OK
NA3_LAG10_011_overlay,NA3_LAG10,3.0,10.0,overlay,6,1,False,100.0,150.0,50.0,0.95,"Channel 1 shows a significant deviation from its pattern starting around time step 150, which seems to influence channels 3, 4, 5, and 6. Channel 2 remains unaffected, maintaining its original pattern.",OK
NA3_LAG10_011_subplot,NA3_LAG10,3.0,10.0,subplot,6,1,False,100.0,100.0,0.0,0.95,"Channel 1 shows a distinct anomaly starting at time step 100, with a sharp drop. Channels 3, 4, and 6 show subsequent deviations, suggesting they are affected. Channels 2 and 5 maintain their patterns.",OK
NA3_LAG10_012_overlay,NA3_LAG10,3.0,10.0,overlay,3,3,True,100.0,150.0,50.0,0.95,"Channel 3 deviates significantly from the others around time step 150, suggesting it as the root cause. Channels 5 and 6 show subsequent deviations, indicating they are affected. Channels 1, 2, and 4 remain consistent with their patterns.",OK
NA3_LAG10_012_subplot,NA3_LAG10,3.0,10.0,subplot,3,none,False,100.0,,,0.95,All channels exhibit a consistent sinusoidal pattern with no visible anomalies or deviations from their expected behavior.,OK
NA3_LAG10_013_overlay,NA3_LAG10,3.0,10.0,overlay,3,1,False,100.0,150.0,50.0,0.95,"Channel 1 shows a sudden deviation from its sinusoidal pattern around time step 150, which is followed by similar deviations in all other channels. This suggests that channel 1 is the root cause, affecting the others.",OK
NA3_LAG10_013_subplot,NA3_LAG10,3.0,10.0,subplot,3,4,False,100.0,100.0,0.0,0.95,"Channel 4 shows a sudden drop at time step 100, indicating an anomaly. Other channels maintain their normal sinusoidal patterns without any noticeable changes.",OK
NA3_LAG10_014_overlay,NA3_LAG10,3.0,10.0,overlay,4,6,False,100.0,150.0,50.0,0.95,"Channel 6 deviates from the sinusoidal pattern around time step 150, maintaining a flat trend. Channel 5 shows a delayed response, diverging slightly from its pattern. Other channels remain consistent.",OK
NA3_LAG10_014_subplot,NA3_LAG10,3.0,10.0,subplot,4,4,True,100.0,150.0,50.0,0.85,"Channel 4 shows a deviation from its normal pattern starting around time step 150, with a noticeable upward trend. Channels 2 and 5 also show changes in their patterns after this point, suggesting they are affected. Channels 1, 3, and 6 maintain their regular patterns.",OK
NA3_LAG10_015_overlay,NA3_LAG10,3.0,10.0,overlay,1,3,False,100.0,100.0,0.0,0.95,"Channel 3 deviates significantly from the others starting around time step 100, showing a flat pattern while others continue oscillating. This suggests it is the root cause, affecting all other channels.",OK
NA3_LAG10_015_subplot,NA3_LAG10,3.0,10.0,subplot,1,none,False,100.0,,,0.95,All channels exhibit a consistent sinusoidal pattern with no visible anomalies or deviations from their expected behavior.,OK
NA3_LAG10_016_overlay,NA3_LAG10,3.0,10.0,overlay,1,3,False,100.0,100.0,0.0,0.95,"Channel 3 deviates from the sinusoidal pattern around time step 100, maintaining a flat trend. Channels 4, 5, and 6 show deviations after this point, while channels 1 and 2 continue their normal pattern.",OK
NA3_LAG10_016_subplot,NA3_LAG10,3.0,10.0,subplot,1,3,False,100.0,0.0,100.0,0.85,"Channel 3 shows a flat pattern throughout, differing from the sinusoidal patterns of other channels. Channels 1, 4, and 5 show deviations from their expected patterns, suggesting they are affected. Channels 2 and 6 maintain their sinusoidal patterns, indicating they are unaffected.",OK
NA3_LAG10_017_overlay,NA3_LAG10,3.0,10.0,overlay,5,3,False,100.0,100.0,0.0,0.95,"Channel 3 shows a distinct deviation from the others starting around time step 100, with a larger amplitude. Channels 1, 2, 4, and 6 follow this pattern, indicating they are affected. Channel 5 remains unchanged.",OK
NA3_LAG10_017_subplot,NA3_LAG10,3.0,10.0,subplot,5,3,False,100.0,100.0,0.0,0.95,"Channel 3 shows a distinct anomaly starting around time step 100, with a noticeable deviation from its sinusoidal pattern. Channels 1, 2, 4, and 6 also show changes in their patterns, suggesting they are affected. Channel 5 remains stable throughout.",OK
NA3_LAG10_018_overlay,NA3_LAG10,3.0,10.0,overlay,2,4,False,100.0,100.0,0.0,0.95,"Channel 4 deviates from the sinusoidal pattern around time step 100, maintaining a flat trend while others continue oscillating. This suggests it is the root cause, affecting all other channels.",OK
NA3_LAG10_018_subplot,NA3_LAG10,3.0,10.0,subplot,2,3,False,100.0,100.0,0.0,0.9,"Channel 3 shows a deviation from its sinusoidal pattern starting around time step 100, which is followed by changes in channels 4 and 5. Channels 1, 2, and 6 maintain their patterns.",OK
NA3_LAG10_019_overlay,NA3_LAG10,3.0,10.0,overlay,2,4,False,100.0,150.0,50.0,0.95,"Channel 4 deviates significantly from the others around time step 150, leading to changes in channels 3, 5, and 6. Channels 1 and 2 maintain their patterns.",OK
NA3_LAG10_019_subplot,NA3_LAG10,3.0,10.0,subplot,2,none,False,100.0,,,0.95,All channels exhibit consistent sinusoidal patterns without any noticeable anomalies or deviations. There is no indication of a root cause or affected channels.,OK
NA3_LAG10_020_overlay,NA3_LAG10,3.0,10.0,overlay,2,3,False,100.0,0.0,100.0,0.95,"Channel 3 remains constant while others follow a sinusoidal pattern, indicating it is the anomaly. All other channels are affected as they deviate from the expected pattern.",OK
NA3_LAG10_020_subplot,NA3_LAG10,3.0,10.0,subplot,2,3,False,100.0,0.0,100.0,0.85,"Channel 3 shows a flat pattern with noise, differing from the sinusoidal patterns of other channels. Channels 1, 2, and 5 show increased noise, suggesting influence. Channels 4 and 6 maintain their patterns.",OK
NA3_LAG10_021_overlay,NA3_LAG10,3.0,10.0,overlay,4,6,False,100.0,100.0,0.0,0.95,"Channel 6 deviates significantly from the others starting around time step 100, with a larger amplitude. The other channels show a similar pattern but with smaller deviations, suggesting they are affected by the anomaly in channel 6.",OK
NA3_LAG10_021_subplot,NA3_LAG10,3.0,10.0,subplot,4,none,False,100.0,,,0.95,All channels exhibit consistent sinusoidal patterns without any noticeable anomalies or deviations.,OK
NA3_LAG10_022_overlay,NA3_LAG10,3.0,10.0,overlay,2,4,False,100.0,100.0,0.0,0.95,"Channel 4 deviates from its sinusoidal pattern around time step 100, maintaining a flat trend. Channels 1, 2, 3, and 5 show altered patterns following this change, suggesting they are affected. Channel 6 remains consistent with its original pattern.",OK
NA3_LAG10_022_subplot,NA3_LAG10,3.0,10.0,subplot,2,5,False,100.0,100.0,0.0,0.95,"Channel 5 shows a significant deviation from its sinusoidal pattern starting around time step 100, which appears to influence all other channels. The other channels show increased noise or deviation following this point.",OK
NA3_LAG10_023_overlay,NA3_LAG10,3.0,10.0,overlay,4,4,True,100.0,100.0,0.0,0.95,"Channel 4 becomes constant around time step 100, affecting the other channels which deviate from their normal patterns. All channels show some form of anomaly after this point.",OK
NA3_LAG10_023_subplot,NA3_LAG10,3.0,10.0,subplot,4,2,False,100.0,100.0,0.0,0.95,"Channel 2 shows a sudden drop at time step 100, which is not present in other channels initially. Channel 3 shows a delayed response, indicating it is affected. Channels 1, 4, 5, and 6 maintain their patterns.",OK
NA3_LAG10_024_overlay,NA3_LAG10,3.0,10.0,overlay,1,,,100.0,,,,invalid_or_missing_affected_channels,PARSE_ERROR
NA3_LAG10_024_subplot,NA3_LAG10,3.0,10.0,subplot,1,1,True,100.0,0.0,100.0,0.9,"Channel 1 shows a flat pattern, deviating from the sinusoidal pattern of other channels, indicating an anomaly. Channels 2, 4, 5, and 6 show irregularities likely influenced by Channel 1. Channel 3 maintains a consistent sinusoidal pattern.",OK
NA3_LAG10_025_overlay,NA3_LAG10,3.0,10.0,overlay,4,3,False,100.0,100.0,0.0,0.95,"Channel 3 deviates significantly from the others around time step 100, showing a distinct pattern. Channels 1 and 5 also show deviations, likely influenced by channel 3. Channels 2, 4, and 6 maintain their patterns.",OK
NA3_LAG10_025_subplot,NA3_LAG10,3.0,10.0,subplot,4,2,False,100.0,0.0,100.0,0.95,"Channel 2 shows a flat pattern throughout, indicating an anomaly from the start. Channels 1, 4, and 6 show deviations from their expected sinusoidal patterns, suggesting they are affected. Channels 3 and 5 maintain their sinusoidal patterns, indicating they are unaffected.",OK
NA3_LAG10_026_overlay,NA3_LAG10,3.0,10.0,overlay,6,4,False,100.0,150.0,50.0,0.95,"Channel 4 deviates significantly from the others starting around time step 150, suggesting it as the root cause. Channels 1, 2, 3, and 5 show deviations following this point, while channel 6 remains unaffected.",OK
NA3_LAG10_026_subplot,NA3_LAG10,3.0,10.0,subplot,6,6,True,100.0,0.0,100.0,0.95,"Channel 6 shows a flat pattern from the beginning, indicating an anomaly. Channels 1, 2, and 4 show deviations from their sinusoidal patterns, likely influenced by Channel 6. Channels 3 and 5 maintain their normal patterns.",OK
NA3_LAG10_027_overlay,NA3_LAG10,3.0,10.0,overlay,2,2,True,100.0,100.0,0.0,0.9,"Channel 2 shows a deviation from the normal pattern starting around time step 100, with channels 3, 5, and 6 showing subsequent changes. Channels 1 and 4 maintain their patterns.",OK
NA3_LAG10_027_subplot,NA3_LAG10,3.0,10.0,subplot,2,4,False,100.0,100.0,0.0,0.85,"Channel 4 shows a deviation from its normal pattern starting around time step 100, which is followed by similar deviations in channels 1, 2, and 5. Channels 3 and 6 maintain their regular patterns throughout.",OK
NA3_LAG10_028_overlay,NA3_LAG10,3.0,10.0,overlay,6,2,False,100.0,100.0,0.0,0.95,"Channel 2 deviates from the sinusoidal pattern around time step 100, becoming flat and erratic. Other channels show changes in their patterns after this point, indicating they are affected.",OK
NA3_LAG10_028_subplot,NA3_LAG10,3.0,10.0,subplot,6,5,False,100.0,100.0,0.0,0.95,"Channel 5 shows a distinct anomaly starting at time step 100, with a sudden deviation from its sinusoidal pattern. Other channels maintain their normal patterns.",OK
NA3_LAG10_029_overlay,NA3_LAG10,3.0,10.0,overlay,5,4,False,100.0,100.0,0.0,0.95,"Channel 4 shows a sharp deviation at time step 100, which is not present in other channels initially. Channel 5 shows a delayed response, while others remain unaffected.",OK
NA3_LAG10_029_subplot,NA3_LAG10,3.0,10.0,subplot,5,2,False,100.0,100.0,0.0,0.95,"Channel 2 shows a sudden drop at time step 100, which is not present in other channels initially. Channel 4 shows a similar drop shortly after, indicating it may be affected. Other channels remain unaffected.",OK
NA3_LAG50_000_overlay,NA3_LAG50,3.0,50.0,overlay,2,5,False,100.0,150.0,50.0,0.95,"Channel 5 shows a significant deviation starting around time step 150, which is followed by changes in channels 1, 2, 3, and 4. Channel 6 remains unaffected, maintaining its pattern.",OK
NA3_LAG50_000_subplot,NA3_LAG50,3.0,50.0,subplot,2,5,False,100.0,0.0,100.0,0.95,"Channel 5 shows a distinct anomaly with a different pattern compared to the others, which maintain a sinusoidal shape. This suggests it is the root cause, affecting all other channels.",OK
NA3_LAG50_001_overlay,NA3_LAG50,3.0,50.0,overlay,1,1,True,100.0,150.0,50.0,0.95,"Channel 1 shows a deviation from the normal pattern starting around time step 150, with other channels following suit shortly after. This suggests channel 1 is the root cause, influencing the others.",OK
NA3_LAG50_001_subplot,NA3_LAG50,3.0,50.0,subplot,1,none,False,100.0,,,0.95,All channels exhibit normal sinusoidal patterns without any visible anomalies or deviations.,OK
NA3_LAG50_002_overlay,NA3_LAG50,3.0,50.0,overlay,2,2,True,100.0,0.0,100.0,0.95,"Channel 2 deviates from the sinusoidal pattern seen in other channels, maintaining a flat line throughout. This suggests it is the root cause of any anomaly. Other channels continue their normal sinusoidal behavior.",OK
NA3_LAG50_002_subplot,NA3_LAG50,3.0,50.0,subplot,2,2,True,100.0,0.0,100.0,0.95,"Channel 2 shows a flat pattern throughout, deviating from the sinusoidal pattern seen in other channels. Channels 4 and 5 also deviate from their expected patterns, suggesting they are affected. Channels 1, 3, and 6 maintain their sinusoidal patterns.",OK
NA3_LAG50_003_overlay,NA3_LAG50,3.0,50.0,overlay,2,5,False,100.0,150.0,50.0,0.95,"Channel 5 deviates from the sinusoidal pattern around time step 150, influencing channels 1, 2, 4, and 6. Channel 3 maintains its pattern, unaffected by the anomaly.",OK
NA3_LAG50_003_subplot,NA3_LAG50,3.0,50.0,subplot,2,4,False,100.0,200.0,100.0,0.85,"Channel 4 shows a deviation from its normal pattern starting around time step 200, which is followed by changes in channels 1 and 5. Channels 2, 3, and 6 maintain their regular patterns.",OK
NA3_LAG50_004_overlay,NA3_LAG50,3.0,50.0,overlay,1,4,False,100.0,150.0,50.0,0.9,"Channel 4 becomes constant around time step 150, while others deviate from their sinusoidal patterns shortly after, indicating a potential influence.",OK
NA3_LAG50_004_subplot,NA3_LAG50,3.0,50.0,subplot,1,4,False,100.0,0.0,100.0,0.95,"Channel 4 shows a flat pattern throughout, deviating from the sinusoidal pattern seen in other channels. Channels 1, 2, 3, and 5 show increased noise, suggesting they are affected. Channel 6 maintains a consistent pattern, indicating it is unaffected.",OK
NA3_LAG50_005_overlay,NA3_LAG50,3.0,50.0,overlay,5,5,True,100.0,100.0,0.0,0.95,"Channel 5 shows a distinct deviation from the others starting around time step 100, with a higher peak. Channels 1, 2, 4, and 6 follow this pattern, indicating they are affected. Channel 3 remains consistent with its original pattern.",OK
NA3_LAG50_005_subplot,NA3_LAG50,3.0,50.0,subplot,5,none,False,100.0,,,0.95,All channels exhibit normal sinusoidal patterns with no visible anomalies or deviations. There is no indication of any channel influencing others anomalously.,OK
NA3_LAG50_006_overlay,NA3_LAG50,3.0,50.0,overlay,6,5,False,100.0,150.0,50.0,0.95,"Channel 5 shows a significant deviation starting around time step 150, which is followed by changes in channels 1, 2, 3, and 4. Channel 6 remains unaffected throughout.",OK
NA3_LAG50_006_subplot,NA3_LAG50,3.0,50.0,subplot,6,4,False,100.0,0.0,100.0,0.85,"Channel 4 shows a distinct anomaly with a higher amplitude starting from the beginning. Channels 2 and 6 show deviations that could be influenced by Channel 4. Channels 1, 3, and 5 maintain a consistent pattern.",OK
NA3_LAG50_007_overlay,NA3_LAG50,3.0,50.0,overlay,4,4,True,100.0,0.0,100.0,0.95,"Channel 4 shows a consistent flat pattern, deviating from the sinusoidal pattern of other channels, indicating it as the root cause. Channels 1, 2, 5, and 6 follow a similar sinusoidal pattern, suggesting they are affected. Channel 3 remains unaffected.",OK
NA3_LAG50_007_subplot,NA3_LAG50,3.0,50.0,subplot,4,3,False,100.0,0.0,100.0,0.95,"Channel 3 shows a flat, noisy pattern throughout, unlike the sinusoidal patterns of the other channels. This suggests an anomaly in Channel 3 from the start.",OK
NA3_LAG50_008_overlay,NA3_LAG50,3.0,50.0,overlay,6,6,True,100.0,150.0,50.0,0.95,"Channel 6 deviates significantly from the others starting around time step 150, while the other channels maintain a similar pattern throughout.",OK
NA3_LAG50_008_subplot,NA3_LAG50,3.0,50.0,subplot,6,none,False,100.0,,,0.95,All channels exhibit normal sinusoidal patterns with no visible anomalies or deviations from their expected behavior.,OK
NA3_LAG50_009_overlay,NA3_LAG50,3.0,50.0,overlay,4,4,True,100.0,150.0,50.0,0.95,"Channel 4 deviates from the sinusoidal pattern around time step 150, becoming flat. Channels 1, 2, 5, and 6 show changes in their patterns after this point, while channel 3 remains unaffected.",OK
NA3_LAG50_009_subplot,NA3_LAG50,3.0,50.0,subplot,4,3,False,100.0,100.0,0.0,0.95,"Channel 3 shows a clear deviation from its pattern starting around time step 100, which is followed by a similar deviation in Channel 4. Channels 1, 2, 5, and 6 maintain their periodic patterns throughout.",OK
NA3_LAG50_010_overlay,NA3_LAG50,3.0,50.0,overlay,1,1,True,100.0,150.0,50.0,0.95,"Channel 1 deviates from the sinusoidal pattern around time step 150, becoming erratic. Channels 2, 3, 5, and 6 follow this deviation, while channel 4 maintains its pattern.",OK
NA3_LAG50_010_subplot,NA3_LAG50,3.0,50.0,subplot,1,1,True,100.0,100.0,0.0,0.95,"Channel 1 shows a clear deviation from its sinusoidal pattern starting around time step 100, becoming flat. Channel 4 also shows a similar pattern change, suggesting it is affected. Other channels maintain their sinusoidal patterns.",OK
NA3_LAG50_011_overlay,NA3_LAG50,3.0,50.0,overlay,5,4,False,100.0,150.0,50.0,0.95,"Channel 4 deviates significantly from the others starting around time step 150, showing a distinct pattern. Channels 1 and 3 also show deviations, likely influenced by channel 4. Channels 2, 5, and 6 maintain their normal patterns.",OK
NA3_LAG50_011_subplot,NA3_LAG50,3.0,50.0,subplot,5,5,True,100.0,0.0,100.0,0.9,"Channel 5 shows a flat pattern throughout, deviating from the sinusoidal pattern seen in other channels. Channels 2 and 3 show increased noise, possibly influenced by Channel 5. Channels 1, 4, and 6 maintain their normal sinusoidal patterns.",OK
NA3_LAG50_012_overlay,NA3_LAG50,3.0,50.0,overlay,3,5,False,100.0,200.0,100.0,0.95,"Channel 5 deviates significantly from the others starting around time step 200, indicating an anomaly. The other channels maintain their normal pattern.",OK
NA3_LAG50_012_subplot,NA3_LAG50,3.0,50.0,subplot,3,2,False,100.0,200.0,100.0,0.85,"Channel 2 shows a deviation from its pattern starting around time step 200, which is followed by changes in channels 1, 4, and 5. Channels 3 and 6 maintain their patterns.",OK
NA3_LAG50_013_overlay,NA3_LAG50,3.0,50.0,overlay,1,3,False,100.0,200.0,100.0,0.95,"Channel 3 shows a significant deviation from the others starting around time step 200, indicating it as the root cause. All other channels show some form of deviation following this point, suggesting they are affected.",OK
NA3_LAG50_013_subplot,NA3_LAG50,3.0,50.0,subplot,1,3,False,100.0,0.0,100.0,0.9,"Channel 3 shows a distinct pattern with a larger amplitude and different frequency compared to the others, suggesting it is the root cause. All other channels appear to follow a similar pattern, likely influenced by Channel 3.",OK
NA3_LAG50_014_overlay,NA3_LAG50,3.0,50.0,overlay,5,5,True,100.0,150.0,50.0,0.95,"Channel 5 deviates significantly from the others starting around time step 150, showing a different pattern. Other channels maintain their normal sinusoidal pattern.",OK
NA3_LAG50_014_subplot,NA3_LAG50,3.0,50.0,subplot,5,2,False,100.0,0.0,100.0,0.9,"Channel 2 shows increased noise throughout the entire time period, suggesting it is the root cause. Channels 1, 4, and 6 exhibit similar noise patterns, indicating they are affected. Channels 3 and 5 maintain a smooth sinusoidal pattern, remaining unaffected.",OK
NA3_LAG50_015_overlay,NA3_LAG50,3.0,50.0,overlay,3,3,True,100.0,200.0,100.0,0.95,"Channel 3 deviates significantly from the others starting around time step 200, suggesting it as the root cause. Channels 5 and 6 also show deviations, likely as a consequence. Channels 1, 2, and 4 remain consistent with their previous patterns.",OK
NA3_LAG50_015_subplot,NA3_LAG50,3.0,50.0,subplot,3,none,False,100.0,,,0.95,All channels exhibit normal sinusoidal patterns without any visible anomalies or deviations.,OK
NA3_LAG50_016_overlay,NA3_LAG50,3.0,50.0,overlay,5,5,True,100.0,150.0,50.0,0.95,"Channel 5 deviates from the sinusoidal pattern around time step 150, while others maintain their patterns.",OK
NA3_LAG50_016_subplot,NA3_LAG50,3.0,50.0,subplot,5,4,False,100.0,150.0,50.0,0.95,"Channel 4 shows a clear deviation from its sinusoidal pattern starting around time step 150, becoming flat. Channel 5 also shows a change in pattern, likely influenced by Channel 4. Other channels maintain their patterns.",OK
NA3_LAG50_017_overlay,NA3_LAG50,3.0,50.0,overlay,1,1,True,100.0,200.0,100.0,0.95,"Channel 1 deviates significantly from the others starting around time step 200, suggesting it as the root cause. Channels 2 and 5 also show deviations, indicating they are affected. Channels 3, 4, and 6 remain consistent with their previous patterns.",OK
NA3_LAG50_017_subplot,NA3_LAG50,3.0,50.0,subplot,1,none,False,100.0,,,0.95,All channels exhibit normal sinusoidal patterns without any visible anomalies or deviations.,OK
NA3_LAG50_018_overlay,NA3_LAG50,3.0,50.0,overlay,6,4,False,100.0,200.0,100.0,0.95,"Channel 4 deviates significantly from the others starting around time step 200, while the other channels maintain a consistent pattern.",OK
NA3_LAG50_018_subplot,NA3_LAG50,3.0,50.0,subplot,6,4,False,100.0,0.0,100.0,0.85,"Channel 4 shows a distinct pattern with a higher amplitude and different baseline compared to the others, suggesting it is the root cause. Channels 1, 3, 5, and 6 show similar deviations, while Channel 2 maintains a consistent pattern.",OK
NA3_LAG50_019_overlay,NA3_LAG50,3.0,50.0,overlay,1,1,True,100.0,200.0,100.0,0.95,"Channel 1 deviates significantly from the others starting around time step 200, leading to subsequent deviations in all other channels.",OK
NA3_LAG50_019_subplot,NA3_LAG50,3.0,50.0,subplot,1,none,False,100.0,,,0.95,All channels display a consistent sinusoidal pattern with no visible anomalies or deviations from their expected behavior.,OK
NA3_LAG50_020_overlay,NA3_LAG50,3.0,50.0,overlay,5,4,False,100.0,150.0,50.0,0.95,"Channel 4 deviates from its sinusoidal pattern around time step 150, becoming flat. Channels 2, 3, and 5 show changes in their patterns after this point, indicating influence. Channels 1 and 6 maintain their sinusoidal patterns.",OK
NA3_LAG50_020_subplot,NA3_LAG50,3.0,50.0,subplot,5,none,False,100.0,,,0.95,All channels exhibit a consistent sinusoidal pattern without any noticeable anomalies or deviations from their expected behavior.,OK
NA3_LAG50_021_overlay,NA3_LAG50,3.0,50.0,overlay,3,3,True,100.0,150.0,50.0,0.95,"Channel 3 shows a clear deviation from the sinusoidal pattern starting around time step 150, which is followed by similar deviations in other channels. This suggests channel 3 is the root cause.",OK
NA3_LAG50_021_subplot,NA3_LAG50,3.0,50.0,subplot,3,4,False,100.0,200.0,100.0,0.85,"Channel 4 shows a clear deviation from its pattern starting around time step 200, which is followed by changes in channels 2, 3, and 5. Channels 1 and 6 maintain their regular patterns.",OK
NA3_LAG50_022_overlay,NA3_LAG50,3.0,50.0,overlay,4,5,False,100.0,150.0,50.0,0.95,"Channel 5 deviates from the sinusoidal pattern around time step 150, while other channels maintain their patterns. This suggests channel 5 is the root cause and the only affected channel.",OK
NA3_LAG50_022_subplot,NA3_LAG50,3.0,50.0,subplot,4,none,False,100.0,,,0.95,All channels exhibit a consistent sinusoidal pattern without any visible anomalies or deviations.,OK
NA3_LAG50_023_overlay,NA3_LAG50,3.0,50.0,overlay,3,3,True,100.0,150.0,50.0,0.95,"Channel 3 deviates significantly from the others around time step 150, showing a distinct pattern. The other channels appear to follow a similar pattern, suggesting they are influenced by channel 3.",OK
NA3_LAG50_023_subplot,NA3_LAG50,3.0,50.0,subplot,3,4,False,100.0,150.0,50.0,0.95,"Channel 4 shows a clear deviation from its pattern starting around time step 150, which is followed by changes in channels 2, 3, and 6. Channels 1 and 5 maintain their regular patterns.",OK
NA3_LAG50_024_overlay,NA3_LAG50,3.0,50.0,overlay,6,,,100.0,,,,invalid_or_missing_affected_channels,PARSE_ERROR
NA3_LAG50_024_subplot,NA3_LAG50,3.0,50.0,subplot,6,none,False,100.0,,,0.95,All channels exhibit similar sinusoidal patterns with no clear anomalies or deviations from their expected behavior.,OK
NA3_LAG50_025_overlay,NA3_LAG50,3.0,50.0,overlay,2,2,True,100.0,150.0,50.0,0.95,"Channel 2 deviates significantly from the others starting around time step 150, leading to subsequent deviations in channels 3, 4, 5, and 6. Channel 1 remains unaffected, maintaining its pattern.",OK
NA3_LAG50_025_subplot,NA3_LAG50,3.0,50.0,subplot,2,none,False,100.0,,,0.95,All channels exhibit consistent sinusoidal patterns without any visible anomalies or deviations. There is no indication of a root cause or affected channels.,OK
NA3_LAG50_026_overlay,NA3_LAG50,3.0,50.0,overlay,4,4,True,100.0,0.0,100.0,0.95,"Channel 4 deviates from the sinusoidal pattern seen in the other channels, maintaining a flat line throughout. This suggests it is the root cause of the anomaly. Other channels remain unaffected and follow the expected pattern.",OK
NA3_LAG50_026_subplot,NA3_LAG50,3.0,50.0,subplot,4,4,True,100.0,100.0,0.0,0.95,"Channel 4 shows a clear deviation from its sinusoidal pattern starting around time step 100, which is followed by changes in channels 1 and 5. Channels 2, 3, and 6 maintain their patterns.",OK
NA3_LAG50_027_overlay,NA3_LAG50,3.0,50.0,overlay,3,5,False,100.0,150.0,50.0,0.9,"Channel 5 shows a distinct deviation from the others starting around time step 150, suggesting it as the root cause. Channels 1, 2, and 4 show subsequent changes, while channels 3 and 6 maintain their patterns.",OK
NA3_LAG50_027_subplot,NA3_LAG50,3.0,50.0,subplot,3,5,False,100.0,0.0,100.0,0.85,"Channel 5 shows a distinct pattern with a different amplitude and frequency from the start, suggesting it as the root cause. Channels 1, 2, 4, and 6 show similar deviations, while Channel 3 maintains a consistent pattern.",OK
NA3_LAG50_028_overlay,NA3_LAG50,3.0,50.0,overlay,3,3,True,100.0,200.0,100.0,0.95,"Channel 3 deviates significantly from the others starting around time step 200, suggesting it is the root cause. The other channels follow a similar pattern, indicating they are affected.",OK
NA3_LAG50_028_subplot,NA3_LAG50,3.0,50.0,subplot,3,none,False,100.0,,,0.95,All channels display a consistent sinusoidal pattern with no visible anomalies or deviations from their normal behavior.,OK
NA3_LAG50_029_overlay,NA3_LAG50,3.0,50.0,overlay,2,2,True,100.0,150.0,50.0,0.95,"Channel 2 deviates from the sinusoidal pattern around time step 150, maintaining a flat trend. Other channels show altered patterns after this point, indicating they are affected.",OK
NA3_LAG50_029_subplot,NA3_LAG50,3.0,50.0,subplot,2,2,True,100.0,100.0,0.0,0.85,"Channel 2 shows a deviation from its pattern starting around time step 100, with increased noise. Channels 1 and 5 also show changes in their patterns, likely influenced by Channel 2. Channels 3, 4, and 6 maintain their periodic patterns.",OK
NA4_LAG10_000_overlay,NA4_LAG10,4.0,10.0,overlay,4,5,False,100.0,150.0,50.0,0.95,"Channel 5 deviates from the sinusoidal pattern around time step 150, influencing channels 1, 2, 4, and 6. Channel 3 remains unaffected, maintaining its pattern.",OK
NA4_LAG10_000_subplot,NA4_LAG10,4.0,10.0,subplot,4,1,False,100.0,100.0,0.0,0.95,"Channel 1 shows a sharp drop at time step 100, which is not present in other channels initially. Channels 2, 3, 4, and 5 show deviations from their patterns after this point, suggesting they are affected. Channel 6 remains consistent throughout.",OK
NA4_LAG10_001_overlay,NA4_LAG10,4.0,10.0,overlay,5,2,False,100.0,150.0,50.0,0.95,"Channel 2 deviates from the sinusoidal pattern around time step 150, influencing channels 3, 4, 5, and 6. Channel 1 remains unaffected, maintaining its pattern.",OK
NA4_LAG10_001_subplot,NA4_LAG10,4.0,10.0,subplot,5,1,False,100.0,0.0,100.0,0.85,"Channel 1 shows a deviation from a sinusoidal pattern starting at the beginning, which appears to influence channels 3, 4, and 6. Channels 2 and 5 maintain their sinusoidal patterns, indicating they are unaffected.",OK
NA4_LAG10_002_overlay,NA4_LAG10,4.0,10.0,overlay,1,4,False,100.0,100.0,0.0,0.95,"Channel 4 shows a sudden drop at time step 100, which is not present in other channels initially. Channels 1 and 3 show deviations following this event, indicating they are affected. Channels 2, 5, and 6 maintain their patterns.",OK
NA4_LAG10_002_subplot,NA4_LAG10,4.0,10.0,subplot,1,4,False,100.0,100.0,0.0,0.95,"Channel 4 shows a distinct anomaly at time step 100, with a sudden drop not seen in other channels. Other channels maintain their patterns, indicating they are unaffected.",OK
NA4_LAG10_003_overlay,NA4_LAG10,4.0,10.0,overlay,2,5,False,100.0,100.0,0.0,0.95,"Channel 5 deviates from the sinusoidal pattern around time step 100, and other channels show changes in their patterns shortly after, indicating they are affected.",OK
NA4_LAG10_003_subplot,NA4_LAG10,4.0,10.0,subplot,2,1,False,100.0,100.0,0.0,0.95,"Channel 1 shows a sudden drop at time step 100, which is not present in other channels initially. Channels 2, 3, 4, and 5 show subsequent deviations from their patterns, suggesting they are affected. Channel 6 remains consistent throughout.",OK
NA4_LAG10_004_overlay,NA4_LAG10,4.0,10.0,overlay,5,4,False,100.0,250.0,150.0,0.95,"Channel 4 shows a distinct anomaly starting around time step 250, with a sharp deviation from its sinusoidal pattern. Other channels maintain their regular patterns, indicating they are unaffected.",OK
NA4_LAG10_004_subplot,NA4_LAG10,4.0,10.0,subplot,5,6,False,100.0,100.0,0.0,0.95,"Channel 6 shows a sharp anomaly at time step 100, which is mirrored by a similar pattern in Channel 1. Other channels maintain their normal sinusoidal patterns.",OK
NA4_LAG10_005_overlay,NA4_LAG10,4.0,10.0,overlay,5,2,False,100.0,100.0,0.0,0.95,"Channel 2 shows a significant deviation from the others starting around time step 100, indicating it as the root cause. Channels 1, 3, 4, and 6 show correlated deviations, while channel 5 remains stable.",OK
NA4_LAG10_005_subplot,NA4_LAG10,4.0,10.0,subplot,5,2,False,100.0,100.0,0.0,0.9,"Channel 2 shows a distinct anomaly starting around time step 100, with a sharp deviation from its pattern. Channel 4 also shows a change, likely influenced by Channel 2. Other channels maintain their patterns.",OK
NA4_LAG10_006_overlay,NA4_LAG10,4.0,10.0,overlay,5,3,False,100.0,200.0,100.0,0.95,"Channel 3 shows a deviation from the normal pattern starting around time step 200, which is followed by similar deviations in channels 1, 4, 5, and 6. Channel 2 remains consistent with its previous pattern.",OK
NA4_LAG10_006_subplot,NA4_LAG10,4.0,10.0,subplot,5,none,False,100.0,,,0.95,All channels display consistent sinusoidal patterns without any visible anomalies or deviations from their normal behavior.,OK
NA4_LAG10_007_overlay,NA4_LAG10,4.0,10.0,overlay,1,5,False,100.0,100.0,0.0,0.95,"Channel 5 shows a distinct deviation from the others starting around time step 100, indicating it as the root cause. Channels 3, 4, and 6 follow this anomaly pattern, while channels 1 and 2 remain stable.",OK
NA4_LAG10_007_subplot,NA4_LAG10,4.0,10.0,subplot,1,5,False,100.0,0.0,100.0,0.95,"Channel 5 shows a significant amplitude increase from the start, indicating an anomaly. Channels 3, 4, and 6 show similar patterns with increased amplitude, suggesting they are affected. Channels 1 and 2 remain stable.",OK
NA4_LAG10_008_overlay,NA4_LAG10,4.0,10.0,overlay,1,6,False,100.0,150.0,50.0,0.95,"Channel 6 shows a distinct deviation from the sinusoidal pattern starting at time step 150, which is not observed in other channels initially. The other channels begin to show deviations after this point, suggesting they are affected by the anomaly in channel 6.",OK
NA4_LAG10_008_subplot,NA4_LAG10,4.0,10.0,subplot,1,6,False,100.0,100.0,0.0,0.95,"Channel 6 shows a distinct anomaly at time step 100, with a sharp deviation from its pattern. Other channels maintain their normal sinusoidal patterns throughout.",OK
NA4_LAG10_009_overlay,NA4_LAG10,4.0,10.0,overlay,4,1,False,100.0,100.0,0.0,0.95,"Channel 1 shows a distinct deviation from the others starting at time step 100, indicating it as the root cause. Channel 3 shows a delayed response, becoming anomalous after the initial deviation. The other channels maintain their normal patterns.",OK
NA4_LAG10_009_subplot,NA4_LAG10,4.0,10.0,subplot,4,2,False,100.0,100.0,0.0,0.95,"Channel 2 shows a sudden drop at time step 100, which is mirrored by a similar drop in Channel 5. Other channels maintain their patterns.",OK
NA4_LAG10_010_overlay,NA4_LAG10,4.0,10.0,overlay,3,2,False,100.0,100.0,0.0,0.95,"Channel 2 shows a deviation from the sinusoidal pattern starting around time step 100, maintaining a constant value. Channels 1, 4, 5, and 6 also deviate from their patterns, suggesting they are affected. Channel 3 remains unchanged.",OK
NA4_LAG10_010_subplot,NA4_LAG10,4.0,10.0,subplot,3,6,False,100.0,100.0,0.0,0.95,"Channel 6 shows a sudden drop at time step 100, indicating an anomaly. Channels 2, 3, and 4 show deviations from their patterns after this point, suggesting they are affected. Channels 1 and 5 maintain their periodic patterns.",OK
NA4_LAG10_011_overlay,NA4_LAG10,4.0,10.0,overlay,5,2,False,100.0,100.0,0.0,0.95,"Channel 2 deviates from the sinusoidal pattern around time step 100, maintaining a flat trend. Other channels show altered patterns after this point, indicating they are affected.",OK
NA4_LAG10_011_subplot,NA4_LAG10,4.0,10.0,subplot,5,2,False,100.0,0.0,100.0,0.95,"Channel 2 shows a clear deviation from its sinusoidal pattern starting from the beginning, indicating it as the root cause. Channels 1, 3, 4, and 5 also show deviations, suggesting they are affected. Channel 6 maintains its pattern, indicating it is unaffected.",OK
NA4_LAG10_012_overlay,NA4_LAG10,4.0,10.0,overlay,3,6,False,100.0,100.0,0.0,0.95,"Channel 6 shows a significant deviation from the sinusoidal pattern starting around time step 100, which is followed by changes in the other channels. All channels appear to be affected by this anomaly.",OK
NA4_LAG10_012_subplot,NA4_LAG10,4.0,10.0,subplot,3,6,False,100.0,100.0,0.0,0.95,"Channel 6 shows a sudden spike at time step 100, indicating an anomaly. Channels 3 and 4 show changes in their patterns following this spike, suggesting they are affected. Channels 1, 2, and 5 maintain their normal patterns.",OK
NA4_LAG10_013_overlay,NA4_LAG10,4.0,10.0,overlay,6,6,True,100.0,200.0,100.0,0.9,"Channel 6 deviates significantly from the others starting around time step 200, showing a distinct pattern. Channel 2 also shows a deviation but less pronounced, suggesting it may be influenced by channel 6. The other channels remain consistent with each other.",OK
NA4_LAG10_013_subplot,NA4_LAG10,4.0,10.0,subplot,6,none,False,100.0,,,0.95,All channels exhibit normal sinusoidal patterns without any visible anomalies or deviations from their expected behavior.,OK
NA4_LAG10_014_overlay,NA4_LAG10,4.0,10.0,overlay,2,5,False,100.0,150.0,50.0,0.95,"Channel 5 deviates significantly from the others starting around time step 150, causing subsequent deviations in all other channels.",OK
NA4_LAG10_014_subplot,NA4_LAG10,4.0,10.0,subplot,2,5,False,100.0,150.0,50.0,0.9,"Channel 5 shows a deviation from its pattern starting around time step 150, which is followed by changes in channels 1, 2, 3, and 4. Channel 6 remains unaffected.",OK
NA4_LAG10_015_overlay,NA4_LAG10,4.0,10.0,overlay,1,6,False,100.0,100.0,0.0,0.95,"Channel 6 shows a significant deviation from the normal pattern starting at time step 100, which appears to influence channels 2, 4, and 5. Channels 1 and 3 remain unaffected.",OK
NA4_LAG10_015_subplot,NA4_LAG10,4.0,10.0,subplot,1,3,False,100.0,0.0,100.0,0.85,"Channel 3 shows a flat pattern with noise, differing from the sinusoidal patterns of other channels. Channel 1 also shows a similar pattern, suggesting it is affected. Other channels maintain their sinusoidal patterns.",OK
NA4_LAG10_016_overlay,NA4_LAG10,4.0,10.0,overlay,2,3,False,100.0,100.0,0.0,0.95,"Channel 3 deviates from the sinusoidal pattern around time step 100, maintaining a flat trend while others continue oscillating. This suggests it is the root cause, affecting all other channels.",OK
NA4_LAG10_016_subplot,NA4_LAG10,4.0,10.0,subplot,2,1,False,100.0,100.0,0.0,0.9,"Channel 1 shows a sudden drop at time step 100, which is not present in other channels initially. Channels 2, 4, and 6 show deviations from their patterns after this point, suggesting they are affected. Channels 3 and 5 maintain their patterns.",OK
NA4_LAG10_017_overlay,NA4_LAG10,4.0,10.0,overlay,6,6,True,100.0,250.0,150.0,0.9,"Channel 6 shows a distinct deviation starting around time step 250, which is followed by changes in the other channels. All channels appear to be affected, indicating a common influence.",OK
NA4_LAG10_017_subplot,NA4_LAG10,4.0,10.0,subplot,6,5,False,100.0,100.0,0.0,0.95,"Channel 5 shows a distinct anomaly starting around time step 100, with a significant deviation from its previous pattern. Channel 6 appears to be affected as it shows a similar pattern shift. Channels 1, 2, 3, and 4 maintain their normal patterns.",OK
NA4_LAG10_018_overlay,NA4_LAG10,4.0,10.0,overlay,5,5,True,100.0,150.0,50.0,0.95,"Channel 5 deviates significantly from the others starting around time step 150, indicating an anomaly. Channel 4 also shows a deviation, likely as a consequence. The other channels maintain their normal pattern.",OK
NA4_LAG10_018_subplot,NA4_LAG10,4.0,10.0,subplot,5,2,False,100.0,200.0,100.0,0.85,"Channel 2 shows a deviation from its pattern starting around time step 200, with Channels 3, 4, and 6 showing similar deviations shortly after. Channels 1 and 5 maintain their patterns.",OK
NA4_LAG10_019_overlay,NA4_LAG10,4.0,10.0,overlay,5,2,False,100.0,100.0,0.0,0.95,"Channel 2 deviates from the sinusoidal pattern around time step 100, maintaining a flat line, which influences the other channels to diverge from their patterns.",OK
NA4_LAG10_019_subplot,NA4_LAG10,4.0,10.0,subplot,5,3,False,100.0,150.0,50.0,0.95,"Channel 3 shows a distinct drop at time step 150, which is not observed in any other channels. This suggests it is the root cause, with no other channels affected.",OK
NA4_LAG10_020_overlay,NA4_LAG10,4.0,10.0,overlay,2,2,True,100.0,150.0,50.0,0.95,"Channel 2 shows a significant deviation from its sinusoidal pattern starting around time step 150, which appears to influence channels 1, 3, and 5. Channels 4 and 6 maintain their patterns, indicating they are unaffected.",OK
NA4_LAG10_020_subplot,NA4_LAG10,4.0,10.0,subplot,2,,,100.0,,,,invalid_or_missing_affected_channels,PARSE_ERROR
NA4_LAG10_021_overlay,NA4_LAG10,4.0,10.0,overlay,1,5,False,100.0,150.0,50.0,0.95,"Channel 5 deviates from the others around time step 150, maintaining a different pattern. Other channels follow this deviation, indicating they are affected.",OK
NA4_LAG10_021_subplot,NA4_LAG10,4.0,10.0,subplot,1,none,False,100.0,,,0.95,All channels exhibit a consistent sinusoidal pattern without any visible anomalies or deviations from their expected behavior.,OK
NA4_LAG10_022_overlay,NA4_LAG10,4.0,10.0,overlay,5,4,False,100.0,200.0,100.0,0.95,"Channel 4 shows a significant deviation from its pattern starting around time step 200, which is followed by changes in channels 1, 2, 3, and 5. Channel 6 remains unaffected, maintaining its pattern.",OK
NA4_LAG10_022_subplot,NA4_LAG10,4.0,10.0,subplot,5,5,True,100.0,0.0,100.0,0.95,"Channel 5 shows a flat pattern, deviating from the sinusoidal pattern of other channels, indicating an anomaly. All other channels show increased noise, suggesting they are affected by the anomaly in Channel 5.",OK
NA4_LAG10_023_overlay,NA4_LAG10,4.0,10.0,overlay,4,5,False,100.0,200.0,100.0,0.95,"Channel 5 shows a significant deviation starting around time step 200, which is followed by similar deviations in channels 1, 2, 4, and 6. Channel 3 remains unaffected, maintaining its pattern.",OK
NA4_LAG10_023_subplot,NA4_LAG10,4.0,10.0,subplot,4,3,False,100.0,100.0,0.0,0.85,"Channel 3 shows a deviation from its sinusoidal pattern starting around time step 100, which appears to influence channels 2 and 5. Channels 1, 4, and 6 maintain their patterns.",OK
NA4_LAG10_024_overlay,NA4_LAG10,4.0,10.0,overlay,5,5,True,100.0,150.0,50.0,0.95,"Channel 5 shows a distinct deviation from its pattern starting around time step 150, influencing channels 1, 3, 4, and 6. Channel 2 remains unaffected, maintaining its pattern.",OK
NA4_LAG10_024_subplot,NA4_LAG10,4.0,10.0,subplot,5,2,False,100.0,0.0,100.0,0.85,"Channel 2 shows increased noise and deviation from its sinusoidal pattern starting from the beginning. Channels 3, 4, and 6 also show increased noise, suggesting they are affected. Channels 1 and 5 maintain their patterns.",OK
NA4_LAG10_025_overlay,NA4_LAG10,4.0,10.0,overlay,3,3,True,100.0,100.0,0.0,0.95,"Channel 3 deviates from the sinusoidal pattern around time step 100, maintaining a flat trend. Other channels show changes in their patterns after this point, indicating they are affected.",OK
NA4_LAG10_025_subplot,NA4_LAG10,4.0,10.0,subplot,3,5,False,100.0,100.0,0.0,0.95,"Channel 5 shows a distinct anomaly starting at time step 100, with a sudden drop not seen in other channels. Other channels maintain their patterns, indicating no influence from the anomaly in Channel 5.",OK
NA4_LAG10_026_overlay,NA4_LAG10,4.0,10.0,overlay,2,1,False,100.0,150.0,50.0,0.95,"Channel 1 deviates from the others around time step 150, showing a distinct pattern. Channels 2, 3, 4, and 5 follow this deviation, indicating they are affected. Channel 6 maintains a separate pattern throughout.",OK
NA4_LAG10_026_subplot,NA4_LAG10,4.0,10.0,subplot,2,4,False,100.0,150.0,50.0,0.9,"Channel 4 shows a clear deviation from its normal pattern starting around time step 150, with increased noise and irregularity. All other channels exhibit similar deviations, suggesting they are affected by the anomaly in Channel 4.",OK
NA4_LAG10_027_overlay,NA4_LAG10,4.0,10.0,overlay,5,5,True,100.0,150.0,50.0,0.95,"Channel 5 shows a distinct pattern change around time step 150, diverging from the sinusoidal pattern seen in other channels. All other channels appear to follow this change, indicating they are affected.",OK
NA4_LAG10_027_subplot,NA4_LAG10,4.0,10.0,subplot,5,none,False,100.0,,,0.95,All channels exhibit consistent periodic patterns without any noticeable anomalies or deviations from their normal behavior.,OK
NA4_LAG10_028_overlay,NA4_LAG10,4.0,10.0,overlay,4,5,False,100.0,0.0,100.0,0.95,"Channel 5 remains constant while others follow a sinusoidal pattern, indicating it is the anomaly. All other channels are affected as they deviate from the expected pattern.",OK
NA4_LAG10_028_subplot,NA4_LAG10,4.0,10.0,subplot,4,5,False,100.0,0.0,100.0,0.95,"Channel 5 shows a flat pattern throughout, differing from the sinusoidal patterns of the other channels, indicating it as the root cause. All other channels exhibit similar sinusoidal patterns, suggesting they are affected.",OK
NA4_LAG10_029_overlay,NA4_LAG10,4.0,10.0,overlay,1,5,False,100.0,150.0,50.0,0.95,"Channel 5 deviates from the sinusoidal pattern around time step 150, maintaining a flat trend while others continue oscillating. This suggests it is the root cause, affecting all other channels.",OK
NA4_LAG10_029_subplot,NA4_LAG10,4.0,10.0,subplot,1,5,False,100.0,0.0,100.0,0.95,"Channel 5 shows a deviation from the sinusoidal pattern starting from the beginning, affecting all other channels. All channels exhibit similar deviations, suggesting they are influenced by Channel 5.",OK
NA4_LAG50_000_overlay,NA4_LAG50,4.0,50.0,overlay,3,3,True,100.0,150.0,50.0,0.95,"Channel 3 deviates significantly from the others starting around time step 150, suggesting it is the root cause. All other channels show changes in pattern following this deviation.",OK
NA4_LAG50_000_subplot,NA4_LAG50,4.0,50.0,subplot,3,4,False,100.0,150.0,50.0,0.95,"Channel 4 shows a clear deviation from its sinusoidal pattern starting around time step 150, which is followed by changes in channels 1, 2, and 5. Channels 3 and 6 maintain their patterns, indicating they are unaffected.",OK
NA4_LAG50_001_overlay,NA4_LAG50,4.0,50.0,overlay,4,3,False,100.0,150.0,50.0,0.95,"Channel 3 deviates from the sinusoidal pattern around time step 150, becoming flat. Channels 4, 5, and 6 show changes in their patterns after this point, suggesting they are affected. Channels 1 and 2 maintain their sinusoidal patterns.",OK
NA4_LAG50_001_subplot,NA4_LAG50,4.0,50.0,subplot,4,1,False,100.0,150.0,50.0,0.9,"Channel 1 shows a clear deviation from its pattern starting around time step 150, which appears to influence channels 3 and 5. Channels 2, 4, and 6 maintain their patterns, indicating they are unaffected.",OK
NA4_LAG50_002_overlay,NA4_LAG50,4.0,50.0,overlay,4,5,False,100.0,200.0,100.0,0.95,"Channel 5 shows a significant deviation from the others starting around time step 200, indicating it as the root cause. Channels 1, 2, 3, and 6 also deviate, suggesting they are affected. Channel 4 remains stable, indicating it is unaffected.",OK
NA4_LAG50_002_subplot,NA4_LAG50,4.0,50.0,subplot,4,4,True,100.0,0.0,100.0,0.95,"Channel 4 shows a flat pattern throughout, deviating from the sinusoidal pattern seen in other channels. Channels 1, 2, 3, and 6 show altered patterns, suggesting they are affected. Channel 5 maintains its sinusoidal pattern, indicating it is unaffected.",OK
NA4_LAG50_003_overlay,NA4_LAG50,4.0,50.0,overlay,4,4,True,100.0,100.0,0.0,0.95,"Channel 4 shows a significant deviation from the others starting around time step 100, suggesting it as the root cause. Channels 5 and 6 also deviate, likely as a consequence. Channels 1, 2, and 3 remain consistent with their initial patterns.",OK
NA4_LAG50_003_subplot,NA4_LAG50,4.0,50.0,subplot,4,5,False,100.0,100.0,0.0,0.85,"Channel 5 shows a deviation from its pattern starting around time step 100, with increased noise. Channels 1 and 3 also show increased noise, suggesting they are affected. Channels 2, 4, and 6 maintain their patterns.",OK
NA4_LAG50_004_overlay,NA4_LAG50,4.0,50.0,overlay,4,4,True,100.0,0.0,100.0,0.95,"Channel 4 deviates from the sinusoidal pattern seen in other channels, maintaining a flat line throughout. No other channels show a similar anomaly.",OK
NA4_LAG50_004_subplot,NA4_LAG50,4.0,50.0,subplot,4,1,False,100.0,150.0,50.0,0.95,"Channel 1 shows a clear deviation from its sinusoidal pattern starting around time step 150, indicating an anomaly. Channel 5 also shows a deviation, likely as a consequence. Other channels maintain their patterns.",OK
NA4_LAG50_005_overlay,NA4_LAG50,4.0,50.0,overlay,5,3,False,100.0,150.0,50.0,0.95,"Channel 3 shows a significant deviation from its pattern starting around time step 150, which appears to influence channels 1, 4, 5, and 6. Channel 2 remains unaffected, maintaining its pattern.",OK
NA4_LAG50_005_subplot,NA4_LAG50,4.0,50.0,subplot,5,3,False,100.0,0.0,100.0,0.9,"Channel 3 shows a deviation from a smooth sinusoidal pattern starting from the beginning, which affects channels 4 and 5. Channels 1, 2, and 6 maintain their regular patterns.",OK
NA4_LAG50_006_overlay,NA4_LAG50,4.0,50.0,overlay,2,4,False,100.0,150.0,50.0,0.95,"Channel 4 deviates significantly from the others around time step 150, leading to changes in channels 1, 3, 5, and 6. Channel 2 remains stable throughout.",OK
NA4_LAG50_006_subplot,NA4_LAG50,4.0,50.0,subplot,2,2,True,100.0,0.0,100.0,0.9,"Channel 2 shows a deviation from its expected sinusoidal pattern starting from the beginning, which likely influenced channels 1 and 4. Channels 3, 5, and 6 maintain their normal patterns.",OK
NA4_LAG50_007_overlay,NA4_LAG50,4.0,50.0,overlay,1,5,False,100.0,150.0,50.0,0.95,"Channel 5 deviates from the sinusoidal pattern around time step 150, maintaining a flat trend while others continue oscillating. This suggests it is the root cause, affecting all other channels.",OK
NA4_LAG50_007_subplot,NA4_LAG50,4.0,50.0,subplot,1,none,False,100.0,,,0.95,All channels exhibit a consistent sinusoidal pattern with no visible anomalies or deviations from their expected behavior.,OK
NA4_LAG50_008_overlay,NA4_LAG50,4.0,50.0,overlay,3,3,True,100.0,150.0,50.0,0.95,"Channel 3 deviates significantly from the others around time step 150, leading to changes in channels 1, 2, and 4. Channels 5 and 6 remain unaffected, maintaining their patterns.",OK
NA4_LAG50_008_subplot,NA4_LAG50,4.0,50.0,subplot,3,2,False,100.0,150.0,50.0,0.85,"Channel 2 shows a deviation from its pattern starting around time step 150, with Channels 3 and 4 showing similar deviations shortly after. Channels 1, 5, and 6 maintain their patterns.",OK
NA4_LAG50_009_overlay,NA4_LAG50,4.0,50.0,overlay,5,5,True,100.0,150.0,50.0,0.95,"Channel 5 deviates from the sinusoidal pattern around time step 150, becoming flat and noisy. This change appears to influence all other channels, which also deviate from their patterns.",OK
NA4_LAG50_009_subplot,NA4_LAG50,4.0,50.0,subplot,5,4,False,100.0,150.0,50.0,0.95,"Channel 4 shows a clear deviation from its sinusoidal pattern starting around time step 150, which is followed by changes in channels 2, 3, and 5. Channels 1 and 6 maintain their patterns throughout.",OK
NA4_LAG50_010_overlay,NA4_LAG50,4.0,50.0,overlay,3,4,False,100.0,200.0,100.0,0.95,"Channel 4 shows a deviation from the normal pattern starting around time step 200, which is followed by similar deviations in all other channels. This suggests that channel 4 is the root cause, affecting all other channels.",OK
NA4_LAG50_010_subplot,NA4_LAG50,4.0,50.0,subplot,3,none,False,100.0,,,0.95,All channels exhibit consistent sinusoidal patterns without any visible anomalies or deviations.,OK
NA4_LAG50_011_overlay,NA4_LAG50,4.0,50.0,overlay,5,5,True,100.0,150.0,50.0,0.95,"Channel 5 deviates from the sinusoidal pattern around time step 150, maintaining a flat line while others continue oscillating. This suggests it is the root cause, affecting the other channels.",OK
NA4_LAG50_011_subplot,NA4_LAG50,4.0,50.0,subplot,5,4,False,100.0,0.0,100.0,0.95,"Channel 4 shows a distinct anomaly with a higher amplitude and different pattern from the start. Channels 1, 2, 3, and 6 show similar deviations, suggesting they are affected. Channel 5 remains stable and unaffected.",OK
NA4_LAG50_012_overlay,NA4_LAG50,4.0,50.0,overlay,6,6,True,100.0,150.0,50.0,0.95,"Channel 6 deviates from the sinusoidal pattern around time step 150, influencing channels 1, 3, 4, and 5. Channel 2 remains unaffected, maintaining its pattern.",OK
NA4_LAG50_012_subplot,NA4_LAG50,4.0,50.0,subplot,6,2,False,100.0,0.0,100.0,0.9,"Channel 2 shows a flat pattern from the start, indicating an anomaly. Channels 4 and 5 show increased noise, likely influenced by Channel 2. Channels 1, 3, and 6 maintain their normal patterns.",OK
NA4_LAG50_013_overlay,NA4_LAG50,4.0,50.0,overlay,2,4,False,100.0,150.0,50.0,0.95,"Channel 4 shows a deviation from its sinusoidal pattern starting around time step 150, which is followed by a similar deviation in channel 5. Channels 1, 2, 3, and 6 maintain their normal patterns.",OK
NA4_LAG50_013_subplot,NA4_LAG50,4.0,50.0,subplot,2,4,False,100.0,0.0,100.0,0.95,"Channel 4 shows a deviation from the sinusoidal pattern starting from the beginning, affecting other channels. Channel 5 remains unaffected, maintaining its pattern.",OK
NA4_LAG50_014_overlay,NA4_LAG50,4.0,50.0,overlay,5,5,True,100.0,200.0,100.0,0.95,"Channel 5 deviates significantly from the others starting around time step 200, leading to changes in the other channels.",OK
NA4_LAG50_014_subplot,NA4_LAG50,4.0,50.0,subplot,5,none,False,100.0,,,0.95,All channels exhibit a consistent sinusoidal pattern without any noticeable anomalies or deviations. There is no indication of a root cause or affected channels.,OK
NA4_LAG50_015_overlay,NA4_LAG50,4.0,50.0,overlay,4,5,False,100.0,100.0,0.0,0.95,"Channel 5 shows a distinct anomaly starting around time step 100, deviating significantly from the others. Channels 1, 2, and 3 show subsequent deviations, suggesting they are affected. Channels 4 and 6 maintain their patterns.",OK
NA4_LAG50_015_subplot,NA4_LAG50,4.0,50.0,subplot,4,3,False,100.0,0.0,100.0,0.85,"Channel 3 shows a deviation from a smooth sinusoidal pattern starting from the beginning, suggesting it as the root cause. Channels 1, 2, 4, and 5 also display irregularities, likely influenced by Channel 3. Channel 6 maintains a consistent pattern.",OK
NA4_LAG50_016_overlay,NA4_LAG50,4.0,50.0,overlay,5,1,False,100.0,150.0,50.0,0.95,"Channel 1 deviates first around time step 150, followed by similar deviations in all other channels. This suggests channel 1 is the root cause.",OK
NA4_LAG50_016_subplot,NA4_LAG50,4.0,50.0,subplot,5,3,False,100.0,200.0,100.0,0.85,"Channel 3 shows a deviation from its normal pattern starting around time step 200, with a gradual upward trend. Channels 4 and 6 also show changes after this point, suggesting they are affected. Channels 1, 2, and 5 maintain their patterns.",OK
NA4_LAG50_017_overlay,NA4_LAG50,4.0,50.0,overlay,5,2,False,100.0,150.0,50.0,0.95,"Channel 2 deviates from the sinusoidal pattern around time step 150, maintaining a flat trend while others continue oscillating. This suggests it is the root cause, affecting the other channels.",OK
NA4_LAG50_017_subplot,NA4_LAG50,4.0,50.0,subplot,5,2,False,100.0,150.0,50.0,0.95,"Channel 2 shows a clear deviation from its sinusoidal pattern starting around time step 150, while other channels maintain their patterns.",OK
NA4_LAG50_018_overlay,NA4_LAG50,4.0,50.0,overlay,2,2,True,100.0,150.0,50.0,0.95,"Channel 2 deviates significantly from the others starting around time step 150, leading to anomalies in channels 4, 5, and 6. Channels 1 and 3 remain unaffected.",OK
NA4_LAG50_018_subplot,NA4_LAG50,4.0,50.0,subplot,2,none,False,100.0,,,0.95,All channels exhibit a consistent sinusoidal pattern without any visible anomalies or deviations.,OK
NA4_LAG50_019_overlay,NA4_LAG50,4.0,50.0,overlay,4,2,False,100.0,200.0,100.0,0.95,"Channel 2 deviates significantly from the others starting around time step 200, leading to changes in channels 3, 4, 5, and 6. Channel 1 remains unaffected.",OK
NA4_LAG50_019_subplot,NA4_LAG50,4.0,50.0,subplot,4,4,True,100.0,200.0,100.0,0.95,"Channel 4 shows a clear deviation from its sinusoidal pattern starting around time step 200, which is followed by similar deviations in all other channels. This suggests that Channel 4 is the root cause, affecting all other channels.",OK
NA4_LAG50_020_overlay,NA4_LAG50,4.0,50.0,overlay,4,4,True,100.0,100.0,0.0,0.95,"Channel 4 shows a significant deviation from the others starting around time step 100, indicating it as the root cause. Channel 6 also deviates but less significantly, suggesting it is affected. The other channels remain consistent with each other.",OK
NA4_LAG50_020_subplot,NA4_LAG50,4.0,50.0,subplot,4,2,False,100.0,0.0,100.0,0.85,"Channel 2 shows increased noise throughout, suggesting it is the root cause. Channels 1, 3, and 5 exhibit similar noise patterns, indicating they are affected. Channels 4 and 6 maintain a smooth sinusoidal pattern, remaining unaffected.",OK
NA4_LAG50_021_overlay,NA4_LAG50,4.0,50.0,overlay,3,3,True,100.0,100.0,0.0,0.95,"Channel 3 deviates from the sinusoidal pattern around time step 100, maintaining a flat trend. Channels 1, 2, 4, and 6 show deviations after this point, while channel 5 remains unaffected.",OK
NA4_LAG50_021_subplot,NA4_LAG50,4.0,50.0,subplot,3,5,False,100.0,150.0,50.0,0.95,"Channel 5 shows a clear deviation from its pattern starting around time step 150, which is followed by changes in channels 1, 2, 4, and 6. Channel 3 remains stable throughout.",OK
NA4_LAG50_022_overlay,NA4_LAG50,4.0,50.0,overlay,5,2,False,100.0,150.0,50.0,0.9,"Channel 2 shows a distinct deviation from the normal pattern starting around time step 150, which is followed by a similar deviation in channel 5. The other channels maintain their normal sinusoidal pattern.",OK
NA4_LAG50_022_subplot,NA4_LAG50,4.0,50.0,subplot,5,4,False,100.0,200.0,100.0,0.95,"Channel 4 shows a clear deviation from its pattern starting around time step 200, with a noticeable upward trend. Other channels also show deviations around the same time, suggesting they are affected by the anomaly in Channel 4.",OK
NA4_LAG50_023_overlay,NA4_LAG50,4.0,50.0,overlay,1,4,False,100.0,150.0,50.0,0.95,"Channel 4 deviates significantly from its pattern around time step 150, followed by changes in channels 5 and 6. Channels 1, 2, and 3 maintain their patterns.",OK
NA4_LAG50_023_subplot,NA4_LAG50,4.0,50.0,subplot,1,2,False,100.0,150.0,50.0,0.9,"Channel 2 shows a clear deviation from its sinusoidal pattern starting around time step 150. Channels 3 and 4 also show deviations after this point, suggesting they are affected. Channels 1, 5, and 6 maintain their patterns.",OK
NA4_LAG50_024_overlay,NA4_LAG50,4.0,50.0,overlay,5,5,True,100.0,250.0,150.0,0.95,"Channel 5 deviates significantly from the others starting around time step 250, while the other channels maintain a consistent pattern.",OK
NA4_LAG50_024_subplot,NA4_LAG50,4.0,50.0,subplot,5,2,False,100.0,200.0,100.0,0.9,"Channel 2 shows a deviation from its sinusoidal pattern starting around time step 200, with Channels 3 and 4 showing similar deviations shortly after. Channels 1, 5, and 6 maintain their patterns.",OK
NA4_LAG50_025_overlay,NA4_LAG50,4.0,50.0,overlay,1,3,False,100.0,150.0,50.0,0.95,"Channel 3 deviates significantly from the others starting around time step 150, showing a different pattern. All other channels follow a similar pattern and appear to be affected by this deviation.",OK
NA4_LAG50_025_subplot,NA4_LAG50,4.0,50.0,subplot,1,none,False,100.0,,,0.95,All channels exhibit normal sinusoidal patterns with no visible anomalies or deviations from expected behavior.,OK
NA4_LAG50_026_overlay,NA4_LAG50,4.0,50.0,overlay,3,3,True,100.0,100.0,0.0,0.9,"Channel 3 deviates significantly from the others around time step 100, showing a distinct pattern change. Channels 1, 2, 4, and 5 also show deviations, likely influenced by channel 3. Channel 6 remains consistent with its initial pattern.",OK
NA4_LAG50_026_subplot,NA4_LAG50,4.0,50.0,subplot,3,2,False,100.0,200.0,100.0,0.95,"Channel 2 shows a deviation from its normal pattern starting around time step 200, which is followed by similar deviations in channels 1, 3, 5, and 6. Channel 4 remains unaffected, maintaining its pattern.",OK
NA4_LAG50_027_overlay,NA4_LAG50,4.0,50.0,overlay,5,5,True,100.0,150.0,50.0,0.95,"Channel 5 deviates significantly from the others starting around time step 150, showing a drop in amplitude. Other channels maintain their sinusoidal pattern.",OK
NA4_LAG50_027_subplot,NA4_LAG50,4.0,50.0,subplot,5,2,False,100.0,0.0,100.0,0.85,"Channel 2 shows increased noise from the start, which is not present in other channels initially. Channels 3 and 4 show similar noise patterns, suggesting they are affected. Channels 1, 5, and 6 maintain a consistent pattern.",OK
NA4_LAG50_028_overlay,NA4_LAG50,4.0,50.0,overlay,5,5,True,100.0,150.0,50.0,0.9,"Channel 5 deviates significantly from the others starting around time step 150, showing a larger amplitude. Channels 1, 2, 3, and 4 also show deviations but are less pronounced, suggesting they are affected. Channel 6 remains consistent with its pattern.",OK
NA4_LAG50_028_subplot,NA4_LAG50,4.0,50.0,subplot,5,5,True,100.0,0.0,100.0,0.95,"Channel 5 shows a clear deviation from a sinusoidal pattern, starting from the beginning, which likely influenced the other channels. All other channels exhibit increased noise or deviation from their expected patterns.",OK
NA4_LAG50_029_overlay,NA4_LAG50,4.0,50.0,overlay,4,4,True,100.0,150.0,50.0,0.95,"Channel 4 deviates significantly from the others starting at time step 150, while the other channels maintain a consistent pattern.",OK
NA4_LAG50_029_subplot,NA4_LAG50,4.0,50.0,subplot,4,none,False,100.0,,,0.95,All channels exhibit a consistent sinusoidal pattern with no visible anomalies or deviations from their expected behavior.,OK
NA5_LAG10_000_overlay,NA5_LAG10,5.0,10.0,overlay,5,2,False,100.0,100.0,0.0,0.95,"Channel 2 deviates significantly from its sinusoidal pattern around time step 100, while channel 1 shows a related anomaly. Channels 3, 4, 5, and 6 maintain their normal patterns.",OK
NA5_LAG10_000_subplot,NA5_LAG10,5.0,10.0,subplot,5,3,False,100.0,100.0,0.0,0.95,"Channel 3 shows a sudden drop at time step 100, which is followed by similar drops in channels 4 and 6. Channels 1, 2, and 5 maintain their patterns without noticeable anomalies.",OK
NA5_LAG10_001_overlay,NA5_LAG10,5.0,10.0,overlay,5,5,True,100.0,100.0,0.0,0.95,"Channel 5 shows a significant deviation from its sinusoidal pattern starting around time step 100, which is not observed in other channels initially. Channel 6 also deviates but with a delay, suggesting it is affected by channel 5. Channels 1, 2, 3, and 4 maintain their patterns.",OK
NA5_LAG10_001_subplot,NA5_LAG10,5.0,10.0,subplot,5,6,False,100.0,100.0,0.0,0.95,"Channel 6 shows a sudden drop at time step 100, indicating an anomaly. Other channels maintain their normal sinusoidal patterns, suggesting they are unaffected.",OK
NA5_LAG10_002_overlay,NA5_LAG10,5.0,10.0,overlay,6,1,False,100.0,150.0,50.0,0.9,"Channel 1 deviates significantly from the others starting around time step 150, with channel 3 showing a similar pattern. Channels 2, 4, 5, and 6 remain consistent with each other.",OK
NA5_LAG10_002_subplot,NA5_LAG10,5.0,10.0,subplot,6,2,False,100.0,100.0,0.0,0.95,"Channel 2 shows a distinct anomaly starting around time step 100, with a sudden increase in amplitude. Channel 4 appears to be affected as it shows a similar pattern shift. Other channels maintain their regular patterns.",OK
NA5_LAG10_003_overlay,NA5_LAG10,5.0,10.0,overlay,6,3,False,100.0,100.0,0.0,0.95,"Channel 3 deviates from the sinusoidal pattern around time step 100, influencing channels 4, 5, and 6. Channels 1 and 2 maintain their normal pattern.",OK
NA5_LAG10_003_subplot,NA5_LAG10,5.0,10.0,subplot,6,1,False,100.0,100.0,0.0,0.95,"Channel 1 shows a clear anomaly starting at time step 100, which is mirrored in channels 4 and 5. Channels 2, 3, and 6 maintain their normal patterns.",OK
NA5_LAG10_004_overlay,NA5_LAG10,5.0,10.0,overlay,5,1,False,100.0,150.0,50.0,0.95,"Channel 1 shows a significant deviation from the others starting around time step 150, leading to changes in channels 2, 3, 4, and 5. Channel 6 remains unaffected, maintaining its pattern.",OK
NA5_LAG10_004_subplot,NA5_LAG10,5.0,10.0,subplot,5,6,False,100.0,200.0,100.0,0.85,"Channel 6 shows a deviation from its pattern starting around time step 200, which is followed by similar deviations in channels 1, 2, 3, and 4. Channel 5 remains unaffected, maintaining its regular pattern.",OK
NA5_LAG10_005_overlay,NA5_LAG10,5.0,10.0,overlay,3,4,False,100.0,100.0,0.0,0.95,"Channel 4 deviates from the sinusoidal pattern around time step 100, maintaining a flat line, while other channels continue their normal oscillations.",OK
NA5_LAG10_005_subplot,NA5_LAG10,5.0,10.0,subplot,3,4,False,100.0,0.0,100.0,0.95,"Channel 4 shows a flat pattern throughout, differing from the sinusoidal patterns of other channels, indicating an anomaly. Channels 1, 2, 3, and 5 show deviations from their expected patterns, suggesting they are affected. Channel 6 maintains its sinusoidal pattern, indicating it is unaffected.",OK
NA5_LAG10_006_overlay,NA5_LAG10,5.0,10.0,overlay,1,2,False,100.0,100.0,0.0,0.95,"Channel 2 shows a sudden drop at time step 100, which is followed by changes in channels 1, 4, 5, and 6. Channel 3 remains stable throughout.",OK
NA5_LAG10_006_subplot,NA5_LAG10,5.0,10.0,subplot,1,2,False,100.0,100.0,0.0,0.95,"Channel 2 shows a sudden drop at time step 100, indicating an anomaly. Channel 6 shows a change in pattern shortly after, suggesting it is affected. Other channels maintain their patterns.",OK
NA5_LAG10_007_overlay,NA5_LAG10,5.0,10.0,overlay,1,4,False,100.0,0.0,100.0,0.95,"Channel 4 deviates from the sinusoidal pattern of the other channels, maintaining a flat line throughout. No other channels show a similar anomaly.",OK
NA5_LAG10_007_subplot,NA5_LAG10,5.0,10.0,subplot,1,4,False,100.0,0.0,100.0,0.95,"Channel 4 shows a flat pattern, deviating from the sinusoidal pattern of other channels, indicating an anomaly. All other channels show similar sinusoidal patterns, suggesting they are affected by the anomaly in Channel 4.",OK
NA5_LAG10_008_overlay,NA5_LAG10,5.0,10.0,overlay,1,4,False,100.0,150.0,50.0,0.95,"Channel 4 deviates significantly from the others around time step 150, suggesting it as the root cause. Channels 1, 2, 3, and 5 show deviations following this point, while channel 6 remains unaffected.",OK
NA5_LAG10_008_subplot,NA5_LAG10,5.0,10.0,subplot,1,5,False,100.0,0.0,100.0,0.85,"Channel 5 shows a flat pattern throughout, deviating from the sinusoidal pattern seen in other channels. Channels 2, 3, and 4 show increased noise, suggesting they are affected. Channels 1 and 6 maintain their patterns, indicating they are unaffected.",OK
NA5_LAG10_009_overlay,NA5_LAG10,5.0,10.0,overlay,5,1,False,100.0,100.0,0.0,0.95,"Channel 1 shows a significant deviation from its pattern starting at time step 100, which is followed by similar deviations in channels 2, 4, 5, and 6. Channel 3 remains unaffected, maintaining its pattern throughout.",OK
NA5_LAG10_009_subplot,NA5_LAG10,5.0,10.0,subplot,5,1,False,100.0,100.0,0.0,0.95,"Channel 1 shows a sudden drop at time step 100, which is not present in other channels initially. Channel 5 shows a delayed response, indicating it is affected. Channels 2, 3, 4, and 6 maintain their patterns.",OK
NA5_LAG10_010_overlay,NA5_LAG10,5.0,10.0,overlay,4,none,False,100.0,,,0.95,All channels exhibit similar sinusoidal patterns without any noticeable anomalies or deviations from each other.,OK
NA5_LAG10_010_subplot,NA5_LAG10,5.0,10.0,subplot,4,3,False,100.0,100.0,0.0,0.95,"Channel 3 shows a deviation from its normal pattern starting around time step 100, while other channels maintain their regular patterns.",OK
NA5_LAG10_011_overlay,NA5_LAG10,5.0,10.0,overlay,3,2,False,100.0,100.0,0.0,0.9,"Channel 2 deviates significantly from the others around time step 100, showing a distinct pattern. Channels 1, 3, and 4 show changes that could be influenced by channel 2's anomaly. Channels 5 and 6 maintain their patterns, unaffected by the anomaly.",OK
NA5_LAG10_011_subplot,NA5_LAG10,5.0,10.0,subplot,3,2,False,100.0,100.0,0.0,0.95,"Channel 2 shows a sudden drop at time step 100, indicating an anomaly. Channel 6 shows a similar pattern change shortly after, suggesting it is affected. Other channels maintain their patterns.",OK
NA5_LAG10_012_overlay,NA5_LAG10,5.0,10.0,overlay,1,2,False,100.0,100.0,0.0,0.95,"Channel 2 deviates significantly from the others starting at time step 100, showing a different pattern. Channel 5 shows a delayed response, while the others remain consistent with their original patterns.",OK
NA5_LAG10_012_subplot,NA5_LAG10,5.0,10.0,subplot,1,3,False,100.0,100.0,0.0,0.95,"Channel 3 shows a sudden drop at time step 100, which is not present in other channels. Channel 5 shows a similar pattern, suggesting it is affected by Channel 3. Other channels remain unaffected.",OK
NA5_LAG10_013_overlay,NA5_LAG10,5.0,10.0,overlay,2,1,False,100.0,100.0,0.0,0.95,"Channel 1 deviates from the sinusoidal pattern around time step 100, maintaining a flat line, while other channels continue to show sinusoidal behavior. This suggests channel 1 is the root cause, affecting the others.",OK
NA5_LAG10_013_subplot,NA5_LAG10,5.0,10.0,subplot,2,3,False,100.0,150.0,50.0,0.95,"Channel 3 shows a sudden drop at time step 150, indicating an anomaly. Other channels maintain their patterns without noticeable changes.",OK
NA5_LAG10_014_overlay,NA5_LAG10,5.0,10.0,overlay,3,5,False,100.0,150.0,50.0,0.95,"Channel 5 shows a deviation from the normal pattern starting around time step 150, which is followed by similar deviations in channels 1, 4, and 6. Channels 2 and 3 maintain their patterns throughout.",OK
NA5_LAG10_014_subplot,NA5_LAG10,5.0,10.0,subplot,3,3,True,100.0,0.0,100.0,0.85,"Channel 3 shows a noisy pattern throughout, unlike the others which have smoother sinusoidal patterns. Channels 1, 4, 5, and 6 show increased noise towards the end, possibly influenced by Channel 3. Channel 2 remains stable and unaffected.",OK
NA5_LAG10_015_overlay,NA5_LAG10,5.0,10.0,overlay,2,1,False,100.0,100.0,0.0,0.95,"Channel 1 deviates from its sinusoidal pattern around time step 100, maintaining a constant value while others continue oscillating. This suggests it is the root cause, affecting all other channels.",OK
NA5_LAG10_015_subplot,NA5_LAG10,5.0,10.0,subplot,2,4,False,100.0,150.0,50.0,0.85,"Channel 4 shows a clear deviation from its sinusoidal pattern starting around time step 150, which is followed by similar deviations in channels 2 and 5. Channels 1, 3, and 6 maintain their patterns throughout.",OK
NA5_LAG10_016_overlay,NA5_LAG10,5.0,10.0,overlay,1,3,False,100.0,150.0,50.0,0.95,"Channel 3 shows a distinct deviation from its sinusoidal pattern starting at time step 150, while other channels maintain their patterns.",OK
NA5_LAG10_016_subplot,NA5_LAG10,5.0,10.0,subplot,1,3,False,100.0,100.0,0.0,0.95,"Channel 3 shows a sudden drop at time step 100, which is not observed in other channels. This suggests an isolated anomaly in Channel 3.",OK
NA5_LAG10_017_overlay,NA5_LAG10,5.0,10.0,overlay,6,3,False,100.0,100.0,0.0,0.95,"Channel 3 deviates from the sinusoidal pattern around time step 100, maintaining a flat trend. Other channels follow the sinusoidal pattern, indicating they are affected by the anomaly in channel 3.",OK
NA5_LAG10_017_subplot,NA5_LAG10,5.0,10.0,subplot,6,none,False,100.0,,,0.95,All channels exhibit consistent patterns without any noticeable anomalies or deviations from their expected behavior.,OK
NA5_LAG10_018_overlay,NA5_LAG10,5.0,10.0,overlay,5,1,False,100.0,100.0,0.0,0.9,"Channel 1 deviates significantly from the others starting around time step 100, suggesting it as the root cause. Channel 3 shows a delayed response, while channels 2, 4, 5, and 6 remain consistent with each other.",OK
NA5_LAG10_018_subplot,NA5_LAG10,5.0,10.0,subplot,5,4,False,100.0,100.0,0.0,0.95,"Channel 4 shows a significant deviation from its sinusoidal pattern starting around time step 100, while other channels maintain their patterns.",OK
NA5_LAG10_019_overlay,NA5_LAG10,5.0,10.0,overlay,3,3,True,100.0,150.0,50.0,0.95,"Channel 3 shows a clear deviation from the sinusoidal pattern starting around time step 150, which is not observed in other channels until after this point. All other channels appear to be influenced subsequently.",OK
NA5_LAG10_019_subplot,NA5_LAG10,5.0,10.0,subplot,3,4,False,100.0,100.0,0.0,0.9,"Channel 4 shows a deviation from its sinusoidal pattern starting around time step 100. Channels 2 and 5 also show deviations, likely influenced by Channel 4. Channels 1, 3, and 6 maintain their patterns.",OK
NA5_LAG10_020_overlay,NA5_LAG10,5.0,10.0,overlay,3,1,False,100.0,150.0,50.0,0.85,"Channel 1 shows a deviation from the normal pattern starting around time step 150, which is followed by changes in channels 3 and 5. Channels 2, 4, and 6 maintain their patterns.",OK
NA5_LAG10_020_subplot,NA5_LAG10,5.0,10.0,subplot,3,none,False,100.0,,,0.95,All channels exhibit a consistent sinusoidal pattern without any visible anomalies or deviations from their expected behavior.,OK
NA5_LAG10_021_overlay,NA5_LAG10,5.0,10.0,overlay,1,1,True,100.0,100.0,0.0,0.95,"Channel 1 shows a significant deviation from the others starting around time step 100, leading to changes in channels 2, 3, 5, and 6. Channel 4 remains stable and unaffected.",OK
NA5_LAG10_021_subplot,NA5_LAG10,5.0,10.0,subplot,1,4,False,100.0,0.0,100.0,0.85,"Channel 4 shows a flat pattern throughout, differing from the sinusoidal patterns of other channels. Channels 2, 3, and 6 show increased noise, suggesting influence. Channels 1 and 5 maintain their sinusoidal patterns, indicating no effect.",OK
NA5_LAG10_022_overlay,NA5_LAG10,5.0,10.0,overlay,5,3,False,100.0,150.0,50.0,0.95,"Channel 3 shows a distinct deviation from the sinusoidal pattern starting around time step 150, which is followed by similar deviations in channels 1, 2, 4, and 6. Channel 5 maintains its pattern, indicating it is unaffected.",OK
NA5_LAG10_022_subplot,NA5_LAG10,5.0,10.0,subplot,5,none,False,100.0,,,0.95,All channels exhibit normal periodic behavior without any noticeable anomalies or deviations from their patterns.,OK
NA5_LAG10_023_overlay,NA5_LAG10,5.0,10.0,overlay,3,3,True,100.0,200.0,100.0,0.95,"Channel 3 deviates significantly from the others starting around time step 200, with channels 4, 5, and 6 showing similar deviations shortly after. Channels 1 and 2 maintain their pattern.",OK
NA5_LAG10_023_subplot,NA5_LAG10,5.0,10.0,subplot,3,none,False,100.0,,,0.95,All channels exhibit a consistent sinusoidal pattern with no visible anomalies or deviations from their expected behavior.,OK
NA5_LAG10_024_overlay,NA5_LAG10,5.0,10.0,overlay,2,4,False,100.0,100.0,0.0,0.95,"Channel 4 deviates significantly from the others starting around time step 100, showing a distinct pattern. Channels 1 and 2 also show deviations, likely influenced by channel 4. Channels 3, 5, and 6 remain stable.",OK
NA5_LAG10_024_subplot,NA5_LAG10,5.0,10.0,subplot,2,2,True,100.0,100.0,0.0,0.95,"Channel 2 shows a clear deviation from its sinusoidal pattern starting around time step 100. Channels 3, 5, and 6 also show changes in their patterns after this point, suggesting they are affected. Channels 1 and 4 maintain their patterns.",OK
NA5_LAG10_025_overlay,NA5_LAG10,5.0,10.0,overlay,5,5,True,100.0,100.0,0.0,0.95,"Channel 5 deviates from the others starting around time step 100, showing a higher amplitude. Other channels remain consistent with each other.",OK
NA5_LAG10_025_subplot,NA5_LAG10,5.0,10.0,subplot,5,4,False,100.0,0.0,100.0,0.95,"Channel 4 shows an anomaly with a higher amplitude starting from the beginning, which affects Channel 5. Channels 1, 2, 3, and 6 maintain a consistent pattern.",OK
NA5_LAG10_026_overlay,NA5_LAG10,5.0,10.0,overlay,3,3,True,100.0,100.0,0.0,0.95,"Channel 3 shows a deviation from the normal pattern starting at time step 100, which is followed by similar deviations in all other channels. This suggests that channel 3 is the root cause, affecting all other channels.",OK
NA5_LAG10_026_subplot,NA5_LAG10,5.0,10.0,subplot,3,none,False,100.0,,,0.95,All channels display a consistent sinusoidal pattern without any visible anomalies or deviations.,OK
NA5_LAG10_027_overlay,NA5_LAG10,5.0,10.0,overlay,4,4,True,100.0,100.0,0.0,0.95,"Channel 4 deviates significantly from the others starting around time step 100, showing a larger amplitude. Channels 1, 2, 3, and 5 also show some deviation, likely influenced by channel 4. Channel 6 remains unaffected.",OK
NA5_LAG10_027_subplot,NA5_LAG10,5.0,10.0,subplot,4,4,True,100.0,0.0,100.0,0.85,"Channel 4 shows a distinct amplitude anomaly starting from the beginning, which is not present in other channels initially. Channels 1, 2, and 5 show similar patterns, suggesting they are affected. Channels 3 and 6 maintain their normal sinusoidal patterns.",OK
NA5_LAG10_028_overlay,NA5_LAG10,5.0,10.0,overlay,1,2,False,100.0,100.0,0.0,0.95,"Channel 2 shows a significant deviation from the others starting at time step 100, indicating it as the root cause. Channels 5 and 6 also deviate, likely as a consequence. Channels 1, 3, and 4 remain stable.",OK
NA5_LAG10_028_subplot,NA5_LAG10,5.0,10.0,subplot,1,6,False,100.0,100.0,0.0,0.95,"Channel 6 shows a clear anomaly at time step 100 with a sudden drop. Channel 2 shows a deviation from its pattern shortly after, suggesting it is affected. Other channels remain stable.",OK
NA5_LAG10_029_overlay,NA5_LAG10,5.0,10.0,overlay,6,5,False,100.0,100.0,0.0,0.95,"Channel 5 deviates from the sinusoidal pattern around time step 100, maintaining a flat line. Other channels show altered patterns after this point, indicating they are affected.",OK
NA5_LAG10_029_subplot,NA5_LAG10,5.0,10.0,subplot,6,2,False,100.0,100.0,0.0,0.95,"Channel 2 shows a distinct anomaly at time step 100, with a sharp drop not seen in other channels. Other channels maintain their normal patterns, indicating they are unaffected.",OK
NA5_LAG50_000_overlay,NA5_LAG50,5.0,50.0,overlay,4,2,False,100.0,100.0,0.0,0.95,"Channel 2 deviates from the sinusoidal pattern around time step 100, becoming flat. Channels 1, 3, and 5 show changes in amplitude and phase, indicating they are affected. Channels 4 and 6 maintain their patterns.",OK
NA5_LAG50_000_subplot,NA5_LAG50,5.0,50.0,subplot,4,2,False,100.0,100.0,0.0,0.95,"Channel 2 shows a clear deviation from its sinusoidal pattern starting around time step 100, which appears to influence channels 1, 3, and 5. Channels 4 and 6 maintain their patterns.",OK
NA5_LAG50_001_overlay,NA5_LAG50,5.0,50.0,overlay,2,2,True,100.0,100.0,0.0,0.95,"Channel 2 deviates from the sinusoidal pattern around time step 100, becoming flat. Channels 1 and 4 show a delayed response, deviating from their patterns after channel 2's anomaly. Channels 3, 5, and 6 remain unaffected.",OK
NA5_LAG50_001_subplot,NA5_LAG50,5.0,50.0,subplot,2,2,True,100.0,100.0,0.0,0.95,"Channel 2 shows a deviation from its pattern starting around time step 100, which is followed by changes in channels 3 and 5. Channels 1, 4, and 6 maintain their patterns.",OK
NA5_LAG50_002_overlay,NA5_LAG50,5.0,50.0,overlay,4,1,False,100.0,150.0,50.0,0.95,"Channel 1 deviates from the others starting around time step 150, showing a distinct pattern. The other channels follow similar deviations, indicating they are affected by the anomaly in channel 1.",OK
NA5_LAG50_002_subplot,NA5_LAG50,5.0,50.0,subplot,4,3,False,100.0,0.0,100.0,0.95,"Channel 3 shows a deviation from a sinusoidal pattern starting at the beginning, affecting channels 4 and 5. Channels 1, 2, and 6 maintain their patterns.",OK
NA5_LAG50_003_overlay,NA5_LAG50,5.0,50.0,overlay,4,4,True,100.0,150.0,50.0,0.95,"Channel 4 deviates significantly from the others around time step 150, suggesting it as the root cause. Channels 5 and 6 show deviations following this point, indicating they are affected. Channels 1, 2, and 3 remain consistent with their previous patterns.",OK
NA5_LAG50_003_subplot,NA5_LAG50,5.0,50.0,subplot,4,none,False,100.0,,,0.95,All channels exhibit normal cyclical patterns without any clear anomalies or deviations from their expected behavior.,OK
NA5_LAG50_004_overlay,NA5_LAG50,5.0,50.0,overlay,5,6,False,100.0,250.0,150.0,0.95,"Channel 6 deviates significantly from the others starting around time step 250, indicating an anomaly. The other channels maintain their normal pattern.",OK
NA5_LAG50_004_subplot,NA5_LAG50,5.0,50.0,subplot,5,none,False,100.0,,,0.95,All channels exhibit similar sinusoidal patterns with no clear anomalies or deviations from their expected behavior.,OK
NA5_LAG50_005_overlay,NA5_LAG50,5.0,50.0,overlay,1,5,False,100.0,150.0,50.0,0.95,"Channel 5 deviates from the sinusoidal pattern around time step 150, becoming flat. Other channels show altered patterns after this point, indicating they are affected.",OK
NA5_LAG50_005_subplot,NA5_LAG50,5.0,50.0,subplot,1,6,False,100.0,150.0,50.0,0.95,"Channel 6 shows a clear deviation from its pattern starting at time step 150, which is not observed in other channels initially. Channel 2 shows a gradual change after this point, suggesting it is affected. Other channels maintain their patterns.",OK
NA5_LAG50_006_overlay,NA5_LAG50,5.0,50.0,overlay,5,5,True,100.0,100.0,0.0,0.95,"Channel 5 shows a distinct anomaly starting around time step 100, deviating significantly from the others. Channel 3 also shows a deviation but later, suggesting it is affected by channel 5. Channels 1, 2, 4, and 6 maintain their normal patterns.",OK
NA5_LAG50_006_subplot,NA5_LAG50,5.0,50.0,subplot,5,2,False,100.0,150.0,50.0,0.95,"Channel 2 shows a clear deviation from its sinusoidal pattern starting around time step 150, which appears to influence channels 1, 3, and 6. Channels 4 and 5 maintain their patterns, indicating they are unaffected.",OK
NA5_LAG50_007_overlay,NA5_LAG50,5.0,50.0,overlay,5,2,False,100.0,150.0,50.0,0.9,"Channel 2 shows a deviation from its pattern starting around time step 150, which is followed by changes in channels 3, 4, 5, and 6. Channel 1 remains unaffected, maintaining its pattern.",OK
NA5_LAG50_007_subplot,NA5_LAG50,5.0,50.0,subplot,5,4,False,100.0,150.0,50.0,0.9,"Channel 4 shows a significant deviation starting around time step 150, with a noticeable increase in amplitude. Channels 1, 2, 3, and 5 also show changes in their patterns, suggesting they are affected. Channel 6 remains consistent, indicating it is unaffected.",OK
NA5_LAG50_008_overlay,NA5_LAG50,5.0,50.0,overlay,5,4,False,100.0,150.0,50.0,0.95,"Channel 4 deviates from the sinusoidal pattern around time step 150, becoming erratic. Channels 2 and 3 also show deviations, likely influenced by channel 4. Channels 1, 5, and 6 maintain their sinusoidal patterns.",OK
NA5_LAG50_008_subplot,NA5_LAG50,5.0,50.0,subplot,5,4,False,100.0,150.0,50.0,0.95,"Channel 4 shows a clear deviation from its pattern starting around time step 150, which appears to influence Channel 6. Channels 1, 2, 3, and 5 maintain their normal patterns.",OK
NA5_LAG50_009_overlay,NA5_LAG50,5.0,50.0,overlay,5,5,True,100.0,150.0,50.0,0.95,"Channel 5 deviates from the normal pattern around time step 150, leading to changes in channels 1, 2, and 6. Channels 3 and 4 remain stable and unaffected.",OK
NA5_LAG50_009_subplot,NA5_LAG50,5.0,50.0,subplot,5,3,False,100.0,150.0,50.0,0.95,"Channel 3 shows a clear deviation from its pattern starting around time step 150, which seems to influence Channel 4. Channels 1, 2, 5, and 6 maintain their patterns.",OK
NA5_LAG50_010_overlay,NA5_LAG50,5.0,50.0,overlay,1,5,False,100.0,150.0,50.0,0.95,"Channel 5 shows a significant deviation from the others starting around time step 150, suggesting it as the root cause. Channels 1, 3, 4, and 6 also show deviations, indicating they are affected. Channel 2 remains stable throughout.",OK
NA5_LAG50_010_subplot,NA5_LAG50,5.0,50.0,subplot,1,2,False,100.0,0.0,100.0,0.85,"Channel 2 shows a flat pattern from the start, deviating from the sinusoidal pattern seen in other channels. Channels 1, 4, and 5 show increased noise, possibly reacting to Channel 2's anomaly. Channels 3 and 6 maintain their normal patterns.",OK
NA5_LAG50_011_overlay,NA5_LAG50,5.0,50.0,overlay,4,4,True,100.0,150.0,50.0,0.95,"Channel 4 deviates from its pattern at time step 150, becoming flat. Channels 1, 2, 3, and 6 show changes in their patterns after this point, indicating they are affected. Channel 5 remains consistent throughout.",OK
NA5_LAG50_011_subplot,NA5_LAG50,5.0,50.0,subplot,4,4,True,100.0,0.0,100.0,0.95,"Channel 4 shows a deviation from a sinusoidal pattern to a more erratic behavior starting from the beginning. Channels 1, 2, 3, and 5 show similar deviations, suggesting they are affected. Channel 6 maintains a consistent pattern.",OK
NA5_LAG50_012_overlay,NA5_LAG50,5.0,50.0,overlay,1,5,False,100.0,150.0,50.0,0.95,"Channel 5 deviates significantly from the sinusoidal pattern around time step 150, suggesting it as the root cause. Channels 2 and 3 show deviations following this point, indicating they are affected. Channels 1, 4, and 6 maintain their patterns.",OK
NA5_LAG50_012_subplot,NA5_LAG50,5.0,50.0,subplot,1,3,False,100.0,200.0,100.0,0.85,"Channel 3 shows a deviation from its sinusoidal pattern starting around time step 200, which is followed by similar deviations in channels 2 and 6. Channels 1, 4, and 5 maintain their patterns throughout.",OK
NA5_LAG50_013_overlay,NA5_LAG50,5.0,50.0,overlay,2,1,False,100.0,200.0,100.0,0.95,"Channel 1 deviates significantly from the others starting around time step 200, suggesting it is the root cause. Channels 2, 4, 5, and 6 show subsequent deviations, while channel 3 remains consistent.",OK
NA5_LAG50_013_subplot,NA5_LAG50,5.0,50.0,subplot,2,1,False,100.0,0.0,100.0,0.85,"Channel 1 shows increased noise and deviation from its pattern starting at the beginning, influencing other channels. Channel 5 remains unaffected, maintaining its pattern.",OK
NA5_LAG50_014_overlay,NA5_LAG50,5.0,50.0,overlay,2,3,False,100.0,150.0,50.0,0.95,"Channel 3 deviates significantly from the others starting around time step 150, with channel 4 following a similar pattern shortly after. Channels 1, 2, 5, and 6 maintain their original patterns.",OK
NA5_LAG50_014_subplot,NA5_LAG50,5.0,50.0,subplot,2,4,False,100.0,100.0,0.0,0.85,"Channel 4 shows a deviation from its pattern starting around time step 100, which is followed by changes in channels 1, 2, and 5. Channels 3 and 6 maintain their patterns.",OK
NA5_LAG50_015_overlay,NA5_LAG50,5.0,50.0,overlay,3,4,False,100.0,200.0,100.0,0.95,"Channel 4 shows a significant deviation starting around time step 200, which is followed by changes in channels 1, 3, 5, and 6. Channel 2 remains unaffected, maintaining its pattern.",OK
NA5_LAG50_015_subplot,NA5_LAG50,5.0,50.0,subplot,3,4,False,100.0,150.0,50.0,0.85,"Channel 4 shows a significant deviation starting around time step 150, which is followed by changes in channels 1, 2, and 5. Channels 3 and 6 maintain their patterns, indicating they are unaffected.",OK
NA5_LAG50_016_overlay,NA5_LAG50,5.0,50.0,overlay,2,5,False,100.0,150.0,50.0,0.95,"Channel 5 deviates from the sinusoidal pattern around time step 150, becoming flat. Other channels show altered patterns after this point, indicating they are affected.",OK
NA5_LAG50_016_subplot,NA5_LAG50,5.0,50.0,subplot,2,5,False,100.0,0.0,100.0,0.9,"Channel 5 shows a flat pattern throughout, differing from the sinusoidal patterns of other channels. Channels 1, 2, 3, and 4 show increased noise, suggesting they are affected. Channel 6 maintains a consistent pattern, indicating it is unaffected.",OK
NA5_LAG50_017_overlay,NA5_LAG50,5.0,50.0,overlay,2,4,False,100.0,200.0,100.0,0.95,"Channel 4 shows a significant deviation starting around time step 200, which appears to influence channels 1, 3, 5, and 6. Channel 2 maintains its pattern, indicating it is unaffected.",OK
NA5_LAG50_017_subplot,NA5_LAG50,5.0,50.0,subplot,2,4,False,100.0,200.0,100.0,0.95,"Channel 4 shows a clear deviation from its sinusoidal pattern starting around time step 200, which is followed by a change in Channel 5. Other channels maintain their patterns.",OK
NA5_LAG50_018_overlay,NA5_LAG50,5.0,50.0,overlay,4,4,True,100.0,150.0,50.0,0.95,"Channel 4 deviates significantly from the others starting around time step 150, with channels 1, 3, 5, and 6 showing subsequent deviations. Channel 2 remains stable throughout.",OK
NA5_LAG50_018_subplot,NA5_LAG50,5.0,50.0,subplot,4,3,False,100.0,200.0,100.0,0.95,"Channel 3 shows a clear deviation from its sinusoidal pattern starting around time step 200, which is not observed in other channels until after this point. Channels 1, 2, and 4 show subsequent deviations, suggesting they are affected by Channel 3. Channels 5 and 6 maintain their patterns.",OK
NA5_LAG50_019_overlay,NA5_LAG50,5.0,50.0,overlay,5,5,True,100.0,150.0,50.0,0.95,"Channel 5 deviates significantly from its sinusoidal pattern around time step 150, leading to changes in channels 4 and 6. Channels 1, 2, and 3 maintain their patterns.",OK
NA5_LAG50_019_subplot,NA5_LAG50,5.0,50.0,subplot,5,1,False,100.0,150.0,50.0,0.95,"Channel 1 shows a clear deviation from its pattern starting around time step 150. Channels 3 and 6 also show changes in their patterns after this point, suggesting they are affected. Channels 2, 4, and 5 maintain their patterns.",OK
NA5_LAG50_020_overlay,NA5_LAG50,5.0,50.0,overlay,2,3,False,100.0,150.0,50.0,0.95,"Channel 3 deviates significantly from the others starting around time step 150, showing a different pattern. The other channels follow a similar pattern, suggesting they are affected by the anomaly in channel 3.",OK
NA5_LAG50_020_subplot,NA5_LAG50,5.0,50.0,subplot,2,2,True,100.0,200.0,100.0,0.95,"Channel 2 shows a clear deviation from its sinusoidal pattern starting around time step 200, which is followed by a similar deviation in Channel 4. Other channels maintain their patterns.",OK
NA5_LAG50_021_overlay,NA5_LAG50,5.0,50.0,overlay,1,3,False,100.0,150.0,50.0,0.95,"Channel 3 deviates significantly from the others starting around time step 150, while the other channels maintain a consistent pattern.",OK
NA5_LAG50_021_subplot,NA5_LAG50,5.0,50.0,subplot,1,4,False,100.0,200.0,100.0,0.95,"Channel 4 shows a clear deviation from its pattern starting around time step 200, with channels 2, 5, and 6 showing similar deviations shortly after. Channels 1 and 3 maintain their patterns.",OK
NA5_LAG50_022_overlay,NA5_LAG50,5.0,50.0,overlay,3,2,False,100.0,150.0,50.0,0.95,"Channel 2 shows a significant deviation starting around time step 150, which is not mirrored by other channels initially. Channel 6 follows with a delayed response, indicating it is affected by channel 2. Channels 1, 3, 4, and 5 remain stable.",OK
NA5_LAG50_022_subplot,NA5_LAG50,5.0,50.0,subplot,3,3,True,100.0,150.0,50.0,0.95,"Channel 3 shows a clear deviation from its pattern starting around time step 150, which is followed by similar changes in channels 1 and 4. Channels 2, 5, and 6 maintain their patterns throughout.",OK
NA5_LAG50_023_overlay,NA5_LAG50,5.0,50.0,overlay,3,4,False,100.0,150.0,50.0,0.95,"Channel 4 deviates from the sinusoidal pattern around time step 150, maintaining a flat line. Other channels show altered patterns after this point, indicating they are affected.",OK
NA5_LAG50_023_subplot,NA5_LAG50,5.0,50.0,subplot,3,4,False,100.0,0.0,100.0,0.95,"Channel 4 shows a deviation from its sinusoidal pattern starting from the beginning, while other channels maintain their patterns.",OK
NA5_LAG50_024_overlay,NA5_LAG50,5.0,50.0,overlay,4,2,False,100.0,200.0,100.0,0.95,"Channel 2 deviates significantly from the others starting around time step 200, showing a distinct pattern change. Other channels maintain their normal pattern.",OK
NA5_LAG50_024_subplot,NA5_LAG50,5.0,50.0,subplot,4,4,True,100.0,200.0,100.0,0.95,"Channel 4 shows a clear deviation from its sinusoidal pattern starting around time step 200, which is followed by similar deviations in all other channels. This suggests that Channel 4 is the root cause, affecting all other channels.",OK
NA5_LAG50_025_overlay,NA5_LAG50,5.0,50.0,overlay,3,4,False,100.0,200.0,100.0,0.95,"Channel 4 deviates significantly from the others starting around time step 200, suggesting it as the root cause. Channels 1, 3, 5, and 6 show subsequent deviations, while channel 2 remains consistent.",OK
NA5_LAG50_025_subplot,NA5_LAG50,5.0,50.0,subplot,3,none,False,100.0,,,0.95,All channels exhibit a consistent sinusoidal pattern without any noticeable anomalies or deviations from their expected behavior.,OK
NA5_LAG50_026_overlay,NA5_LAG50,5.0,50.0,overlay,3,3,True,100.0,150.0,50.0,0.95,"Channel 3 deviates significantly from the others around time step 150, leading to subsequent changes in all other channels. All channels show some form of anomaly after this point.",OK
NA5_LAG50_026_subplot,NA5_LAG50,5.0,50.0,subplot,3,3,True,100.0,200.0,100.0,0.85,"Channel 3 shows a deviation from its pattern starting around time step 200, with a gradual upward trend. Channels 1, 4, and 6 also show changes in their patterns after this point, suggesting they are affected. Channels 2 and 5 maintain their regular patterns.",OK
NA5_LAG50_027_overlay,NA5_LAG50,5.0,50.0,overlay,1,1,True,100.0,0.0,100.0,0.95,"Channel 1 shows a consistent flat pattern, differing from the sinusoidal patterns of the other channels, indicating it as the root cause. All other channels exhibit similar sinusoidal behavior, suggesting they are affected.",OK
NA5_LAG50_027_subplot,NA5_LAG50,5.0,50.0,subplot,1,3,False,100.0,0.0,100.0,0.85,"Channel 3 shows an anomaly starting from the beginning with irregular fluctuations. Channels 2, 4, and 6 show similar patterns, suggesting they are affected. Channels 1 and 5 remain stable.",OK
NA5_LAG50_028_overlay,NA5_LAG50,5.0,50.0,overlay,1,1,True,100.0,100.0,0.0,0.95,"Channel 1 shows a significant deviation from the others starting around time step 100, suggesting it as the root cause. Channels 3 and 5 also deviate, likely as a consequence. Channels 2, 4, and 6 maintain their patterns.",OK
NA5_LAG50_028_subplot,NA5_LAG50,5.0,50.0,subplot,1,2,False,100.0,0.0,100.0,0.85,"Channel 2 shows a deviation from a smooth sinusoidal pattern starting from the beginning, which is mirrored by Channel 4. Other channels maintain a consistent pattern.",OK
NA5_LAG50_029_overlay,NA5_LAG50,5.0,50.0,overlay,5,3,False,100.0,150.0,50.0,0.95,"Channel 3 deviates from the sinusoidal pattern around time step 150, maintaining a flat line while others continue oscillating. This suggests it is the root cause, affecting all other channels.",OK
NA5_LAG50_029_subplot,NA5_LAG50,5.0,50.0,subplot,5,3,False,100.0,100.0,0.0,0.95,"Channel 3 shows a clear deviation from its sinusoidal pattern starting around time step 100, while other channels maintain their patterns.",OK
NORMAL_000_overlay,NORMAL,,,overlay,none,none,True,,,,1.0,All channels exhibit a consistent sinusoidal pattern with no visible anomalies or deviations from the norm.,OK
NORMAL_000_subplot,NORMAL,,,subplot,none,none,True,,,,0.95,"All channels exhibit similar sinusoidal patterns with minor noise, indicating no clear anomalies or deviations from their normal behavior.",OK
NORMAL_001_overlay,NORMAL,,,overlay,none,none,True,,,,1.0,All channels exhibit a consistent sinusoidal pattern with no visible anomalies or deviations.,OK
NORMAL_001_subplot,NORMAL,,,subplot,none,none,True,,,,0.95,All channels exhibit a consistent sinusoidal pattern without any visible anomalies or deviations.,OK
NORMAL_002_overlay,NORMAL,,,overlay,none,none,True,,,,1.0,All channels exhibit a consistent sinusoidal pattern with no visible anomalies or deviations from the norm.,OK
NORMAL_002_subplot,NORMAL,,,subplot,none,none,True,,,,0.95,All channels exhibit normal sinusoidal patterns with no visible anomalies or deviations from expected behavior.,OK
NORMAL_003_overlay,NORMAL,,,overlay,none,none,True,,,,1.0,All channels exhibit a consistent sinusoidal pattern without any visible anomalies or deviations.,OK
NORMAL_003_subplot,NORMAL,,,subplot,none,none,True,,,,0.95,All channels exhibit consistent sinusoidal patterns without any visible anomalies or deviations.,OK
NORMAL_004_overlay,NORMAL,,,overlay,none,none,True,,,,1.0,All channels exhibit a consistent sinusoidal pattern with no visible anomalies or deviations.,OK
NORMAL_004_subplot,NORMAL,,,subplot,none,none,True,,,,0.95,All channels exhibit a consistent sinusoidal pattern with no visible anomalies or deviations. There is no indication of any channel influencing others anomalously.,OK
NORMAL_005_overlay,NORMAL,,,overlay,none,none,True,,,,1.0,All channels exhibit a consistent sinusoidal pattern with no visible anomalies or deviations from the expected behavior.,OK
NORMAL_005_subplot,NORMAL,,,subplot,none,4,False,,150.0,,0.85,"Channel 4 shows a deviation from its normal pattern starting around time step 150, which is followed by similar deviations in all other channels. This suggests that Channel 4 is the root cause, affecting all other channels.",OK
NORMAL_006_overlay,NORMAL,,,overlay,none,none,True,,,,1.0,All channels exhibit a consistent sinusoidal pattern with no visible anomalies or deviations from the expected behavior.,OK
NORMAL_006_subplot,NORMAL,,,subplot,none,none,True,,,,0.95,All channels exhibit a consistent sinusoidal pattern with no visible anomalies or deviations from their expected behavior.,OK
NORMAL_007_overlay,NORMAL,,,overlay,none,none,True,,,,1.0,All channels exhibit a consistent sinusoidal pattern without any visible anomalies or deviations.,OK
NORMAL_007_subplot,NORMAL,,,subplot,none,none,True,,,,0.95,All channels exhibit a consistent sinusoidal pattern without any visible anomalies or deviations.,OK
NORMAL_008_overlay,NORMAL,,,overlay,none,none,True,,,,1.0,All channels exhibit a consistent sinusoidal pattern without any visible anomalies.,OK
NORMAL_008_subplot,NORMAL,,,subplot,none,none,True,,,,0.95,All channels exhibit a consistent sinusoidal pattern with no visible anomalies or deviations from their expected behavior.,OK
NORMAL_009_overlay,NORMAL,,,overlay,none,none,True,,,,1.0,All channels exhibit a consistent sinusoidal pattern with no visible anomalies or deviations.,OK
NORMAL_009_subplot,NORMAL,,,subplot,none,none,True,,,,0.95,All channels exhibit a consistent sinusoidal pattern with no visible anomalies or deviations from their expected behavior.,OK
NORMAL_010_overlay,NORMAL,,,overlay,none,none,True,,,,1.0,All channels exhibit a consistent sinusoidal pattern with no visible anomalies or deviations.,OK
NORMAL_010_subplot,NORMAL,,,subplot,none,none,True,,,,0.95,All channels exhibit a consistent sinusoidal pattern without any visible anomalies or deviations.,OK
NORMAL_011_overlay,NORMAL,,,overlay,none,none,True,,,,1.0,All channels exhibit a consistent sinusoidal pattern with no visible anomalies or deviations.,OK
NORMAL_011_subplot,NORMAL,,,subplot,none,none,True,,,,0.95,All channels exhibit normal sinusoidal patterns without any noticeable anomalies or deviations.,OK
NORMAL_012_overlay,NORMAL,,,overlay,none,none,True,,,,1.0,All channels exhibit a consistent sinusoidal pattern with no visible anomalies or deviations from the norm.,OK
NORMAL_012_subplot,NORMAL,,,subplot,none,5,False,,50.0,,0.85,"Channel 5 shows a deviation from its sinusoidal pattern starting around time step 50. Channels 1 and 4 also show deviations, suggesting they are affected. Channels 2, 3, and 6 maintain their patterns.",OK
NORMAL_013_overlay,NORMAL,,,overlay,none,none,True,,,,1.0,All channels exhibit a consistent sinusoidal pattern with no visible anomalies or deviations.,OK
NORMAL_013_subplot,NORMAL,,,subplot,none,3,False,,0.0,,0.85,"Channel 3 shows a deviation from the sinusoidal pattern starting from the beginning, which is not observed in other channels initially. Channels 4 and 6 show similar deviations, suggesting they are affected.",OK
NORMAL_014_overlay,NORMAL,,,overlay,none,none,True,,,,1.0,All channels exhibit a consistent sinusoidal pattern with no visible anomalies or deviations.,OK
NORMAL_014_subplot,NORMAL,,,subplot,none,none,True,,,,0.95,All channels exhibit similar sinusoidal patterns with no clear anomalies or deviations from their expected behavior.,OK
NORMAL_015_overlay,NORMAL,,,overlay,none,none,True,,,,1.0,All channels exhibit a consistent sinusoidal pattern with no visible anomalies or deviations from the norm.,OK
NORMAL_015_subplot,NORMAL,,,subplot,none,none,True,,,,0.95,All channels exhibit a consistent sinusoidal pattern with no visible anomalies or deviations from their expected behavior.,OK
NORMAL_016_overlay,NORMAL,,,overlay,none,none,True,,,,1.0,All channels exhibit a consistent sinusoidal pattern with no visible anomalies or deviations. There is no indication of any channel being a root cause or affected by an anomaly.,OK
NORMAL_016_subplot,NORMAL,,,subplot,none,none,True,,,,0.95,All channels exhibit consistent sinusoidal patterns without any visible anomalies or deviations.,OK
NORMAL_017_overlay,NORMAL,,,overlay,none,none,True,,,,1.0,All channels exhibit a consistent sinusoidal pattern with no visible anomalies or deviations from the expected behavior.,OK
NORMAL_017_subplot,NORMAL,,,subplot,none,2,False,,200.0,,0.85,"Channel 2 shows a deviation from its normal pattern starting around time step 200, which appears to influence channels 1, 3, 5, and 6. Channel 4 remains unaffected, maintaining its regular pattern.",OK
NORMAL_018_overlay,NORMAL,,,overlay,none,none,True,,,,1.0,All channels exhibit a consistent sinusoidal pattern with no visible anomalies or deviations from the norm.,OK
NORMAL_018_subplot,NORMAL,,,subplot,none,none,True,,,,0.95,All channels exhibit a consistent sinusoidal pattern with no visible anomalies or deviations from their expected behavior.,OK
NORMAL_019_overlay,NORMAL,,,overlay,none,none,True,,,,1.0,All channels appear to follow a consistent sinusoidal pattern without any visible anomalies or deviations.,OK
NORMAL_019_subplot,NORMAL,,,subplot,none,none,True,,,,0.95,All channels exhibit a consistent sinusoidal pattern without any visible anomalies or deviations from their normal behavior.,OK
NORMAL_020_overlay,NORMAL,,,overlay,none,none,True,,,,1.0,All channels exhibit a consistent sinusoidal pattern with no visible anomalies or deviations.,OK
NORMAL_020_subplot,NORMAL,,,subplot,none,none,True,,,,0.95,All channels exhibit similar sinusoidal patterns with no clear anomalies or deviations from their expected behavior.,OK
NORMAL_021_overlay,NORMAL,,,overlay,none,none,True,,,,1.0,All channels exhibit a consistent sinusoidal pattern with no visible anomalies or deviations.,OK
NORMAL_021_subplot,NORMAL,,,subplot,none,none,True,,,,0.95,All channels exhibit similar sinusoidal patterns with no clear anomalies or deviations from their expected behavior.,OK
NORMAL_022_overlay,NORMAL,,,overlay,none,none,True,,,,1.0,All channels exhibit similar sinusoidal patterns without any visible anomalies or deviations.,OK
NORMAL_022_subplot,NORMAL,,,subplot,none,2,False,,0.0,,0.85,"Channel 2 shows increased noise and deviation from its sinusoidal pattern starting from the beginning. Channels 4 and 6 exhibit similar deviations, suggesting they are affected. Channels 1, 3, and 5 maintain their patterns.",OK
NORMAL_023_overlay,NORMAL,,,overlay,none,none,True,,,,1.0,All channels exhibit a consistent sinusoidal pattern without any visible anomalies or deviations.,OK
NORMAL_023_subplot,NORMAL,,,subplot,none,none,True,,,,0.95,All channels exhibit similar sinusoidal patterns with no clear anomalies or deviations from their expected behavior.,OK
NORMAL_024_overlay,NORMAL,,,overlay,none,none,True,,,,1.0,All channels exhibit similar sinusoidal patterns without any visible anomalies or deviations. There is no indication of a root cause or affected channels.,OK
NORMAL_024_subplot,NORMAL,,,subplot,none,none,True,,,,0.95,All channels exhibit a consistent sinusoidal pattern with no visible anomalies or deviations from their expected behavior.,OK
NORMAL_025_overlay,NORMAL,,,overlay,none,none,True,,,,1.0,All channels exhibit a consistent sinusoidal pattern with no visible anomalies or deviations from the norm.,OK
NORMAL_025_subplot,NORMAL,,,subplot,none,3,False,,0.0,,0.9,"Channel 3 shows a deviation from the sinusoidal pattern starting at the beginning, influencing other channels. Channel 6 remains unaffected, maintaining its pattern.",OK
NORMAL_026_overlay,NORMAL,,,overlay,none,none,True,,,,1.0,All channels exhibit a consistent sinusoidal pattern with no visible anomalies or deviations from the norm.,OK
NORMAL_026_subplot,NORMAL,,,subplot,none,none,True,,,,1.0,All channels exhibit a consistent sinusoidal pattern without any visible anomalies. There is no indication of a root cause or affected channels.,OK
NORMAL_027_overlay,NORMAL,,,overlay,none,none,True,,,,1.0,All channels exhibit similar sinusoidal patterns without any visible anomalies or deviations.,OK
NORMAL_027_subplot,NORMAL,,,subplot,none,3,False,,100.0,,0.95,"Channel 3 shows a deviation from its sinusoidal pattern starting around time step 100, which is followed by similar deviations in channels 1, 2, 4, and 5. Channel 6 remains unaffected, maintaining its pattern.",OK
NORMAL_028_overlay,NORMAL,,,overlay,none,none,True,,,,1.0,All channels follow a consistent sinusoidal pattern without any visible anomalies or deviations.,OK
NORMAL_028_subplot,NORMAL,,,subplot,none,none,True,,,,0.95,All channels exhibit consistent sinusoidal patterns without any visible anomalies or deviations. There is no indication of a root cause or affected channels.,OK
NORMAL_029_overlay,NORMAL,,,overlay,none,none,True,,,,1.0,All channels exhibit a consistent sinusoidal pattern with no visible anomalies or deviations. There is no indication of any channel being a root cause or affected by an anomaly.,OK
NORMAL_029_subplot,NORMAL,,,subplot,none,none,True,,,,0.95,All channels exhibit a consistent sinusoidal pattern with no visible anomalies or deviations from their expected behavior.,OK
