case_id,scenario,n_affected,lag,root,channel,role,break_type,homogeneous,delta_midcls,delta_attn
NA0_LAG10_000,NA0_LAG10,0,10,2,1,unrelated,,,0.0002887845039367676,0.21081626415252686
NA0_LAG10_000,NA0_LAG10,0,10,2,3,unrelated,,,-0.0006175041198730469,0.21443963050842285
NA0_LAG10_000,NA0_LAG10,0,10,2,4,unrelated,,,-9.429454803466797e-05,0.21170896291732788
NA0_LAG10_000,NA0_LAG10,0,10,2,5,unrelated,,,-0.00044029951095581055,0.20761042833328247
NA0_LAG10_000,NA0_LAG10,0,10,2,6,unrelated,,,-0.0008800029754638672,0.2261430025100708
NA0_LAG10_001,NA0_LAG10,0,10,6,1,unrelated,,,-0.0006146430969238281,0.06908535957336426
NA0_LAG10_001,NA0_LAG10,0,10,6,2,unrelated,,,-0.0007900595664978027,0.04118490219116211
NA0_LAG10_001,NA0_LAG10,0,10,6,3,unrelated,,,0.0007725954055786133,0.05142009258270264
NA0_LAG10_001,NA0_LAG10,0,10,6,4,unrelated,,,-0.000643610954284668,0.06122863292694092
NA0_LAG10_001,NA0_LAG10,0,10,6,5,unrelated,,,-0.0005818605422973633,0.03880965709686279
NA0_LAG10_002,NA0_LAG10,0,10,4,1,unrelated,,,0.04556262493133545,0.14702296257019043
NA0_LAG10_002,NA0_LAG10,0,10,4,2,unrelated,,,0.0430261492729187,0.132279634475708
NA0_LAG10_002,NA0_LAG10,0,10,4,3,unrelated,,,0.04230242967605591,0.12935149669647217
NA0_LAG10_002,NA0_LAG10,0,10,4,5,unrelated,,,0.043803632259368896,0.1863606572151184
NA0_LAG10_002,NA0_LAG10,0,10,4,6,unrelated,,,0.04140019416809082,0.13209229707717896
NA0_LAG10_003,NA0_LAG10,0,10,2,1,unrelated,,,0.00263369083404541,0.005490660667419434
NA0_LAG10_003,NA0_LAG10,0,10,2,3,unrelated,,,0.0021036267280578613,-0.0016736388206481934
NA0_LAG10_003,NA0_LAG10,0,10,2,4,unrelated,,,0.0043448805809021,0.008636415004730225
NA0_LAG10_003,NA0_LAG10,0,10,2,5,unrelated,,,0.0018616318702697754,0.009675145149230957
NA0_LAG10_003,NA0_LAG10,0,10,2,6,unrelated,,,0.004449605941772461,-0.0050122737884521484
NA0_LAG10_004,NA0_LAG10,0,10,5,1,unrelated,,,0.0030536651611328125,0.010531961917877197
NA0_LAG10_004,NA0_LAG10,0,10,5,2,unrelated,,,9.894371032714844e-06,0.0033025145530700684
NA0_LAG10_004,NA0_LAG10,0,10,5,3,unrelated,,,0.0025128722190856934,0.006865143775939941
NA0_LAG10_004,NA0_LAG10,0,10,5,4,unrelated,,,0.0034561753273010254,0.0002815723419189453
NA0_LAG10_004,NA0_LAG10,0,10,5,6,unrelated,,,0.000976860523223877,0.003575146198272705
NA0_LAG10_005,NA0_LAG10,0,10,3,1,unrelated,,,0.0024958252906799316,0.009764611721038818
NA0_LAG10_005,NA0_LAG10,0,10,3,2,unrelated,,,0.001623690128326416,0.004866540431976318
NA0_LAG10_005,NA0_LAG10,0,10,3,4,unrelated,,,0.0020809173583984375,0.010335683822631836
NA0_LAG10_005,NA0_LAG10,0,10,3,5,unrelated,,,0.0024604201316833496,0.013712048530578613
NA0_LAG10_005,NA0_LAG10,0,10,3,6,unrelated,,,0.0016368627548217773,0.0045882463455200195
NA0_LAG10_006,NA0_LAG10,0,10,4,1,unrelated,,,0.06094527244567871,0.15978455543518066
NA0_LAG10_006,NA0_LAG10,0,10,4,2,unrelated,,,0.05973970890045166,0.1809566617012024
NA0_LAG10_006,NA0_LAG10,0,10,4,3,unrelated,,,0.060045838356018066,0.2090831995010376
NA0_LAG10_006,NA0_LAG10,0,10,4,5,unrelated,,,0.06131511926651001,0.1567578911781311
NA0_LAG10_006,NA0_LAG10,0,10,4,6,unrelated,,,0.06329011917114258,0.166176438331604
NA0_LAG10_007,NA0_LAG10,0,10,1,2,unrelated,,,0.001483321189880371,0.0013776421546936035
NA0_LAG10_007,NA0_LAG10,0,10,1,3,unrelated,,,0.0017375946044921875,0.0058945417404174805
NA0_LAG10_007,NA0_LAG10,0,10,1,4,unrelated,,,0.0015307068824768066,0.003596484661102295
NA0_LAG10_007,NA0_LAG10,0,10,1,5,unrelated,,,0.004078567028045654,0.008096694946289062
NA0_LAG10_007,NA0_LAG10,0,10,1,6,unrelated,,,0.0029463768005371094,0.00956660509109497
NA0_LAG10_008,NA0_LAG10,0,10,3,1,unrelated,,,0.005109071731567383,0.028536736965179443
NA0_LAG10_008,NA0_LAG10,0,10,3,2,unrelated,,,0.002005279064178467,0.0015194416046142578
NA0_LAG10_008,NA0_LAG10,0,10,3,4,unrelated,,,0.004228532314300537,0.01742488145828247
NA0_LAG10_008,NA0_LAG10,0,10,3,5,unrelated,,,0.0028061270713806152,0.007111847400665283
NA0_LAG10_008,NA0_LAG10,0,10,3,6,unrelated,,,0.0034159421920776367,0.016523122787475586
NA0_LAG10_009,NA0_LAG10,0,10,5,1,unrelated,,,0.0028577446937561035,0.02094864845275879
NA0_LAG10_009,NA0_LAG10,0,10,5,2,unrelated,,,0.003509223461151123,0.021425068378448486
NA0_LAG10_009,NA0_LAG10,0,10,5,3,unrelated,,,0.0007630586624145508,0.013994216918945312
NA0_LAG10_009,NA0_LAG10,0,10,5,4,unrelated,,,0.0026468634605407715,0.026800215244293213
NA0_LAG10_009,NA0_LAG10,0,10,5,6,unrelated,,,0.0032892823219299316,0.013449370861053467
NA0_LAG10_010,NA0_LAG10,0,10,5,1,unrelated,,,-7.146596908569336e-05,0.0025992989540100098
NA0_LAG10_010,NA0_LAG10,0,10,5,2,unrelated,,,0.0005649328231811523,0.0004672408103942871
NA0_LAG10_010,NA0_LAG10,0,10,5,3,unrelated,,,0.0015525221824645996,0.004490017890930176
NA0_LAG10_010,NA0_LAG10,0,10,5,4,unrelated,,,0.00038868188858032227,-0.0007613301277160645
NA0_LAG10_010,NA0_LAG10,0,10,5,6,unrelated,,,0.0009663701057434082,0.005764901638031006
NA0_LAG10_011,NA0_LAG10,0,10,2,1,unrelated,,,0.04743218421936035,0.152701735496521
NA0_LAG10_011,NA0_LAG10,0,10,2,3,unrelated,,,0.04905802011489868,0.1512068510055542
NA0_LAG10_011,NA0_LAG10,0,10,2,4,unrelated,,,0.049962639808654785,0.14130717515945435
NA0_LAG10_011,NA0_LAG10,0,10,2,5,unrelated,,,0.051739394664764404,0.1675429344177246
NA0_LAG10_011,NA0_LAG10,0,10,2,6,unrelated,,,0.051262617111206055,0.16164183616638184
NA0_LAG10_012,NA0_LAG10,0,10,5,1,unrelated,,,0.05129331350326538,0.21723991632461548
NA0_LAG10_012,NA0_LAG10,0,10,5,2,unrelated,,,0.05491524934768677,0.19891232252120972
NA0_LAG10_012,NA0_LAG10,0,10,5,3,unrelated,,,0.05548501014709473,0.20354115962982178
NA0_LAG10_012,NA0_LAG10,0,10,5,4,unrelated,,,0.05039256811141968,0.19497579336166382
NA0_LAG10_012,NA0_LAG10,0,10,5,6,unrelated,,,0.05399125814437866,0.21651238203048706
NA0_LAG10_013,NA0_LAG10,0,10,1,2,unrelated,,,-0.0006194114685058594,0.02958470582962036
NA0_LAG10_013,NA0_LAG10,0,10,1,3,unrelated,,,-0.0007985830307006836,0.04314684867858887
NA0_LAG10_013,NA0_LAG10,0,10,1,4,unrelated,,,-0.0007024407386779785,0.03810751438140869
NA0_LAG10_013,NA0_LAG10,0,10,1,5,unrelated,,,-0.0017769932746887207,0.04174095392227173
NA0_LAG10_013,NA0_LAG10,0,10,1,6,unrelated,,,-0.0011761784553527832,0.022170603275299072
NA0_LAG10_014,NA0_LAG10,0,10,4,1,unrelated,,,-0.0006263852119445801,0.20628118515014648
NA0_LAG10_014,NA0_LAG10,0,10,4,2,unrelated,,,-0.00041979551315307617,0.19158023595809937
NA0_LAG10_014,NA0_LAG10,0,10,4,3,unrelated,,,0.000448763370513916,0.197970449924469
NA0_LAG10_014,NA0_LAG10,0,10,4,5,unrelated,,,-0.0005787014961242676,0.19743293523788452
NA0_LAG10_014,NA0_LAG10,0,10,4,6,unrelated,,,1.6391277313232422e-05,0.21617597341537476
NA0_LAG10_015,NA0_LAG10,0,10,4,1,unrelated,,,0.04522442817687988,0.2447047233581543
NA0_LAG10_015,NA0_LAG10,0,10,4,2,unrelated,,,0.04273414611816406,0.21504491567611694
NA0_LAG10_015,NA0_LAG10,0,10,4,3,unrelated,,,0.04526078701019287,0.22053474187850952
NA0_LAG10_015,NA0_LAG10,0,10,4,5,unrelated,,,0.04620039463043213,0.2141854166984558
NA0_LAG10_015,NA0_LAG10,0,10,4,6,unrelated,,,0.042347729206085205,0.22433823347091675
NA0_LAG10_016,NA0_LAG10,0,10,4,1,unrelated,,,0.04836869239807129,0.193068265914917
NA0_LAG10_016,NA0_LAG10,0,10,4,2,unrelated,,,0.04733598232269287,0.17972999811172485
NA0_LAG10_016,NA0_LAG10,0,10,4,3,unrelated,,,0.04405587911605835,0.1700405478477478
NA0_LAG10_016,NA0_LAG10,0,10,4,5,unrelated,,,0.04807019233703613,0.18449503183364868
NA0_LAG10_016,NA0_LAG10,0,10,4,6,unrelated,,,0.04578065872192383,0.16276222467422485
NA0_LAG10_017,NA0_LAG10,0,10,6,1,unrelated,,,0.0001429915428161621,0.006357431411743164
NA0_LAG10_017,NA0_LAG10,0,10,6,2,unrelated,,,0.0003972053527832031,0.0030167102813720703
NA0_LAG10_017,NA0_LAG10,0,10,6,3,unrelated,,,0.00023859739303588867,0.008278429508209229
NA0_LAG10_017,NA0_LAG10,0,10,6,4,unrelated,,,0.0006995797157287598,0.005453050136566162
NA0_LAG10_017,NA0_LAG10,0,10,6,5,unrelated,,,9.626150131225586e-05,-0.00192338228225708
NA0_LAG10_018,NA0_LAG10,0,10,6,1,unrelated,,,-0.0006836652755737305,0.19444870948791504
NA0_LAG10_018,NA0_LAG10,0,10,6,2,unrelated,,,0.0002582073211669922,0.20264863967895508
NA0_LAG10_018,NA0_LAG10,0,10,6,3,unrelated,,,-0.0007657408714294434,0.22259032726287842
NA0_LAG10_018,NA0_LAG10,0,10,6,4,unrelated,,,-0.0004146695137023926,0.19630730152130127
NA0_LAG10_018,NA0_LAG10,0,10,6,5,unrelated,,,-2.110004425048828e-05,0.20586150884628296
NA0_LAG10_019,NA0_LAG10,0,10,3,1,unrelated,,,0.04769253730773926,0.1426519751548767
NA0_LAG10_019,NA0_LAG10,0,10,3,2,unrelated,,,0.04494214057922363,0.11927151679992676
NA0_LAG10_019,NA0_LAG10,0,10,3,4,unrelated,,,0.05207306146621704,0.12692850828170776
NA0_LAG10_019,NA0_LAG10,0,10,3,5,unrelated,,,0.05151015520095825,0.11631190776824951
NA0_LAG10_019,NA0_LAG10,0,10,3,6,unrelated,,,0.04990804195404053,0.19511198997497559
NA0_LAG10_020,NA0_LAG10,0,10,6,1,unrelated,,,-0.0001634359359741211,0.21747064590454102
NA0_LAG10_020,NA0_LAG10,0,10,6,2,unrelated,,,-0.0004999041557312012,0.21905159950256348
NA0_LAG10_020,NA0_LAG10,0,10,6,3,unrelated,,,-0.001251816749572754,0.21243679523468018
NA0_LAG10_020,NA0_LAG10,0,10,6,4,unrelated,,,-0.0006195306777954102,0.21500074863433838
NA0_LAG10_020,NA0_LAG10,0,10,6,5,unrelated,,,0.00012600421905517578,0.20797055959701538
NA0_LAG10_021,NA0_LAG10,0,10,2,1,unrelated,,,0.0412326455116272,0.21754717826843262
NA0_LAG10_021,NA0_LAG10,0,10,2,3,unrelated,,,0.03971529006958008,0.20731425285339355
NA0_LAG10_021,NA0_LAG10,0,10,2,4,unrelated,,,0.04251277446746826,0.20995581150054932
NA0_LAG10_021,NA0_LAG10,0,10,2,5,unrelated,,,0.043040573596954346,0.20188921689987183
NA0_LAG10_021,NA0_LAG10,0,10,2,6,unrelated,,,0.03853815793991089,0.19859302043914795
NA0_LAG10_022,NA0_LAG10,0,10,6,1,unrelated,,,0.001231551170349121,0.022187769412994385
NA0_LAG10_022,NA0_LAG10,0,10,6,2,unrelated,,,0.0008873343467712402,0.007455050945281982
NA0_LAG10_022,NA0_LAG10,0,10,6,3,unrelated,,,0.0020377039909362793,0.00892484188079834
NA0_LAG10_022,NA0_LAG10,0,10,6,4,unrelated,,,0.002575218677520752,0.00615084171295166
NA0_LAG10_022,NA0_LAG10,0,10,6,5,unrelated,,,0.0027320384979248047,0.007346212863922119
NA0_LAG10_023,NA0_LAG10,0,10,2,1,unrelated,,,0.05129295587539673,0.18989717960357666
NA0_LAG10_023,NA0_LAG10,0,10,2,3,unrelated,,,0.05145823955535889,0.18196868896484375
NA0_LAG10_023,NA0_LAG10,0,10,2,4,unrelated,,,0.05073577165603638,0.1905655860900879
NA0_LAG10_023,NA0_LAG10,0,10,2,5,unrelated,,,0.04998290538787842,0.20624780654907227
NA0_LAG10_023,NA0_LAG10,0,10,2,6,unrelated,,,0.05087268352508545,0.18217909336090088
NA0_LAG10_024,NA0_LAG10,0,10,4,1,unrelated,,,0.05506563186645508,0.12742489576339722
NA0_LAG10_024,NA0_LAG10,0,10,4,2,unrelated,,,0.05363410711288452,0.166192889213562
NA0_LAG10_024,NA0_LAG10,0,10,4,3,unrelated,,,0.05605393648147583,0.10465556383132935
NA0_LAG10_024,NA0_LAG10,0,10,4,5,unrelated,,,0.05544096231460571,0.12013661861419678
NA0_LAG10_024,NA0_LAG10,0,10,4,6,unrelated,,,0.053800225257873535,0.14621347188949585
NA0_LAG10_025,NA0_LAG10,0,10,5,1,unrelated,,,-0.0004436969757080078,0.008385837078094482
NA0_LAG10_025,NA0_LAG10,0,10,5,2,unrelated,,,-0.0004892945289611816,0.005740344524383545
NA0_LAG10_025,NA0_LAG10,0,10,5,3,unrelated,,,0.0002073049545288086,0.011718451976776123
NA0_LAG10_025,NA0_LAG10,0,10,5,4,unrelated,,,-0.0005930066108703613,0.0031198859214782715
NA0_LAG10_025,NA0_LAG10,0,10,5,6,unrelated,,,-0.00033789873123168945,0.008196055889129639
NA0_LAG10_026,NA0_LAG10,0,10,4,1,unrelated,,,0.0017715096473693848,0.014576435089111328
NA0_LAG10_026,NA0_LAG10,0,10,4,2,unrelated,,,0.0032781362533569336,0.017198562622070312
NA0_LAG10_026,NA0_LAG10,0,10,4,3,unrelated,,,0.001424252986907959,0.004414200782775879
NA0_LAG10_026,NA0_LAG10,0,10,4,5,unrelated,,,0.005356729030609131,0.013798296451568604
NA0_LAG10_026,NA0_LAG10,0,10,4,6,unrelated,,,0.0019722580909729004,0.014269113540649414
NA0_LAG10_027,NA0_LAG10,0,10,4,1,unrelated,,,0.0033441781997680664,0.011410355567932129
NA0_LAG10_027,NA0_LAG10,0,10,4,2,unrelated,,,0.0013544559478759766,0.0093841552734375
NA0_LAG10_027,NA0_LAG10,0,10,4,3,unrelated,,,0.003213822841644287,0.015196025371551514
NA0_LAG10_027,NA0_LAG10,0,10,4,5,unrelated,,,0.002277553081512451,0.0024139881134033203
NA0_LAG10_027,NA0_LAG10,0,10,4,6,unrelated,,,0.0033776164054870605,0.01300269365310669
NA0_LAG10_028,NA0_LAG10,0,10,4,1,unrelated,,,0.00037682056427001953,0.0060773491859436035
NA0_LAG10_028,NA0_LAG10,0,10,4,2,unrelated,,,6.29425048828125e-05,0.008945286273956299
NA0_LAG10_028,NA0_LAG10,0,10,4,3,unrelated,,,-0.0003598928451538086,0.001617431640625
NA0_LAG10_028,NA0_LAG10,0,10,4,5,unrelated,,,-0.0002568364143371582,0.0012074112892150879
NA0_LAG10_028,NA0_LAG10,0,10,4,6,unrelated,,,-0.001064300537109375,0.003321349620819092
NA0_LAG10_029,NA0_LAG10,0,10,4,1,unrelated,,,-0.000377655029296875,0.010948240756988525
NA0_LAG10_029,NA0_LAG10,0,10,4,2,unrelated,,,0.00019180774688720703,0.031312644481658936
NA0_LAG10_029,NA0_LAG10,0,10,4,3,unrelated,,,-0.001739501953125,0.022798776626586914
NA0_LAG10_029,NA0_LAG10,0,10,4,5,unrelated,,,-0.00046563148498535156,0.017748773097991943
NA0_LAG10_029,NA0_LAG10,0,10,4,6,unrelated,,,-0.0005859136581420898,0.042793869972229004
NA0_LAG50_000,NA0_LAG50,0,50,3,1,unrelated,,,0.004409849643707275,0.018992841243743896
NA0_LAG50_000,NA0_LAG50,0,50,3,2,unrelated,,,0.00431668758392334,0.017528414726257324
NA0_LAG50_000,NA0_LAG50,0,50,3,4,unrelated,,,0.002811729907989502,0.0004895925521850586
NA0_LAG50_000,NA0_LAG50,0,50,3,5,unrelated,,,0.0025789737701416016,0.0020313262939453125
NA0_LAG50_000,NA0_LAG50,0,50,3,6,unrelated,,,0.0030366182327270508,0.004001200199127197
NA0_LAG50_001,NA0_LAG50,0,50,1,2,unrelated,,,0.04924726486206055,0.14731097221374512
NA0_LAG50_001,NA0_LAG50,0,50,1,3,unrelated,,,0.04979836940765381,0.14839982986450195
NA0_LAG50_001,NA0_LAG50,0,50,1,4,unrelated,,,0.049846649169921875,0.14410752058029175
NA0_LAG50_001,NA0_LAG50,0,50,1,5,unrelated,,,0.04514896869659424,0.12862563133239746
NA0_LAG50_001,NA0_LAG50,0,50,1,6,unrelated,,,0.04751574993133545,0.1764090657234192
NA0_LAG50_002,NA0_LAG50,0,50,5,1,unrelated,,,-0.0003350377082824707,0.2031192183494568
NA0_LAG50_002,NA0_LAG50,0,50,5,2,unrelated,,,-0.0005629062652587891,0.22488003969192505
NA0_LAG50_002,NA0_LAG50,0,50,5,3,unrelated,,,-2.7358531951904297e-05,0.20958542823791504
NA0_LAG50_002,NA0_LAG50,0,50,5,4,unrelated,,,-0.00043404102325439453,0.21944904327392578
NA0_LAG50_002,NA0_LAG50,0,50,5,6,unrelated,,,-0.0006028413772583008,0.21445167064666748
NA0_LAG50_003,NA0_LAG50,0,50,2,1,unrelated,,,0.050801873207092285,0.11247009038925171
NA0_LAG50_003,NA0_LAG50,0,50,2,3,unrelated,,,0.05146664381027222,0.15332520008087158
NA0_LAG50_003,NA0_LAG50,0,50,2,4,unrelated,,,0.05099177360534668,0.13759982585906982
NA0_LAG50_003,NA0_LAG50,0,50,2,5,unrelated,,,0.04879659414291382,0.14303058385849
NA0_LAG50_003,NA0_LAG50,0,50,2,6,unrelated,,,0.05307739973068237,0.13350284099578857
NA0_LAG50_004,NA0_LAG50,0,50,1,2,unrelated,,,0.0062784552574157715,0.009035587310791016
NA0_LAG50_004,NA0_LAG50,0,50,1,3,unrelated,,,0.008119523525238037,0.0022890567779541016
NA0_LAG50_004,NA0_LAG50,0,50,1,4,unrelated,,,0.003980159759521484,0.007082164287567139
NA0_LAG50_004,NA0_LAG50,0,50,1,5,unrelated,,,0.0038379430770874023,0.008661270141601562
NA0_LAG50_004,NA0_LAG50,0,50,1,6,unrelated,,,0.00872039794921875,0.0009447336196899414
NA0_LAG50_005,NA0_LAG50,0,50,5,1,unrelated,,,0.050699710845947266,0.14491325616836548
NA0_LAG50_005,NA0_LAG50,0,50,5,2,unrelated,,,0.048618972301483154,0.13963085412979126
NA0_LAG50_005,NA0_LAG50,0,50,5,3,unrelated,,,0.049926578998565674,0.12185323238372803
NA0_LAG50_005,NA0_LAG50,0,50,5,4,unrelated,,,0.04767423868179321,0.16632723808288574
NA0_LAG50_005,NA0_LAG50,0,50,5,6,unrelated,,,0.05044072866439819,0.11961400508880615
NA0_LAG50_006,NA0_LAG50,0,50,2,1,unrelated,,,-0.0009884238243103027,0.005852639675140381
NA0_LAG50_006,NA0_LAG50,0,50,2,3,unrelated,,,-0.0004604458808898926,0.005625545978546143
NA0_LAG50_006,NA0_LAG50,0,50,2,4,unrelated,,,-0.0005738139152526855,0.008295178413391113
NA0_LAG50_006,NA0_LAG50,0,50,2,5,unrelated,,,-0.0007013678550720215,0.026861131191253662
NA0_LAG50_006,NA0_LAG50,0,50,2,6,unrelated,,,7.790327072143555e-05,0.006190896034240723
NA0_LAG50_007,NA0_LAG50,0,50,4,1,unrelated,,,-0.0013146400451660156,0.004037022590637207
NA0_LAG50_007,NA0_LAG50,0,50,4,2,unrelated,,,-0.00045055150985717773,0.006634891033172607
NA0_LAG50_007,NA0_LAG50,0,50,4,3,unrelated,,,-0.0010401010513305664,0.0034502148628234863
NA0_LAG50_007,NA0_LAG50,0,50,4,5,unrelated,,,-0.0016939043998718262,0.0030312538146972656
NA0_LAG50_007,NA0_LAG50,0,50,4,6,unrelated,,,-0.00133436918258667,0.007108747959136963
NA0_LAG50_008,NA0_LAG50,0,50,5,1,unrelated,,,0.0010355710983276367,0.18109136819839478
NA0_LAG50_008,NA0_LAG50,0,50,5,2,unrelated,,,-0.0014255046844482422,0.19486629962921143
NA0_LAG50_008,NA0_LAG50,0,50,5,3,unrelated,,,-0.00046056509017944336,0.21414220333099365
NA0_LAG50_008,NA0_LAG50,0,50,5,4,unrelated,,,0.0001761317253112793,0.2164403796195984
NA0_LAG50_008,NA0_LAG50,0,50,5,6,unrelated,,,0.0006003975868225098,0.2076653242111206
NA0_LAG50_009,NA0_LAG50,0,50,3,1,unrelated,,,0.042120516300201416,0.19580543041229248
NA0_LAG50_009,NA0_LAG50,0,50,3,2,unrelated,,,0.04285609722137451,0.19034039974212646
NA0_LAG50_009,NA0_LAG50,0,50,3,4,unrelated,,,0.04748266935348511,0.20908737182617188
NA0_LAG50_009,NA0_LAG50,0,50,3,5,unrelated,,,0.0466228723526001,0.19668149948120117
NA0_LAG50_009,NA0_LAG50,0,50,3,6,unrelated,,,0.04301190376281738,0.21170157194137573
NA0_LAG50_010,NA0_LAG50,0,50,2,1,unrelated,,,0.05500352382659912,0.12667495012283325
NA0_LAG50_010,NA0_LAG50,0,50,2,3,unrelated,,,0.056231915950775146,0.13230741024017334
NA0_LAG50_010,NA0_LAG50,0,50,2,4,unrelated,,,0.054510653018951416,0.13255155086517334
NA0_LAG50_010,NA0_LAG50,0,50,2,5,unrelated,,,0.0552787184715271,0.12379544973373413
NA0_LAG50_010,NA0_LAG50,0,50,2,6,unrelated,,,0.057231009006500244,0.132645845413208
NA0_LAG50_011,NA0_LAG50,0,50,1,2,unrelated,,,-3.731250762939453e-05,0.20941001176834106
NA0_LAG50_011,NA0_LAG50,0,50,1,3,unrelated,,,0.0001494884490966797,0.1916559338569641
NA0_LAG50_011,NA0_LAG50,0,50,1,4,unrelated,,,0.0004196763038635254,0.2083178162574768
NA0_LAG50_011,NA0_LAG50,0,50,1,5,unrelated,,,-0.00010663270950317383,0.211783766746521
NA0_LAG50_011,NA0_LAG50,0,50,1,6,unrelated,,,-0.000644981861114502,0.20405477285385132
NA0_LAG50_012,NA0_LAG50,0,50,2,1,unrelated,,,0.0007219910621643066,0.0031777620315551758
NA0_LAG50_012,NA0_LAG50,0,50,2,3,unrelated,,,0.00043195486068725586,0.0022121071815490723
NA0_LAG50_012,NA0_LAG50,0,50,2,4,unrelated,,,0.00014930963516235352,0.005883216857910156
NA0_LAG50_012,NA0_LAG50,0,50,2,5,unrelated,,,-0.00016111135482788086,0.013286352157592773
NA0_LAG50_012,NA0_LAG50,0,50,2,6,unrelated,,,0.0007761716842651367,0.009171843528747559
NA0_LAG50_013,NA0_LAG50,0,50,2,1,unrelated,,,-0.0004919767379760742,0.05203968286514282
NA0_LAG50_013,NA0_LAG50,0,50,2,3,unrelated,,,-0.000245511531829834,0.057652950286865234
NA0_LAG50_013,NA0_LAG50,0,50,2,4,unrelated,,,0.000639498233795166,0.04047858715057373
NA0_LAG50_013,NA0_LAG50,0,50,2,5,unrelated,,,-0.0007576346397399902,0.04408818483352661
NA0_LAG50_013,NA0_LAG50,0,50,2,6,unrelated,,,-0.000587761402130127,0.045509278774261475
NA0_LAG50_014,NA0_LAG50,0,50,3,1,unrelated,,,-2.09808349609375e-05,0.03588646650314331
NA0_LAG50_014,NA0_LAG50,0,50,3,2,unrelated,,,-0.0001729130744934082,0.046427011489868164
NA0_LAG50_014,NA0_LAG50,0,50,3,4,unrelated,,,0.001262664794921875,0.055741727352142334
NA0_LAG50_014,NA0_LAG50,0,50,3,5,unrelated,,,-0.0006788372993469238,0.058015406131744385
NA0_LAG50_014,NA0_LAG50,0,50,3,6,unrelated,,,-0.00040650367736816406,0.05500715970993042
NA0_LAG50_015,NA0_LAG50,0,50,6,1,unrelated,,,0.04578578472137451,0.13665932416915894
NA0_LAG50_015,NA0_LAG50,0,50,6,2,unrelated,,,0.04844862222671509,0.21685606241226196
NA0_LAG50_015,NA0_LAG50,0,50,6,3,unrelated,,,0.051981568336486816,0.14851266145706177
NA0_LAG50_015,NA0_LAG50,0,50,6,4,unrelated,,,0.046474575996398926,0.11886292695999146
NA0_LAG50_015,NA0_LAG50,0,50,6,5,unrelated,,,0.047874510288238525,0.14934438467025757
NA0_LAG50_016,NA0_LAG50,0,50,5,1,unrelated,,,-0.0014951229095458984,0.09311926364898682
NA0_LAG50_016,NA0_LAG50,0,50,5,2,unrelated,,,-0.00011146068572998047,0.06607228517532349
NA0_LAG50_016,NA0_LAG50,0,50,5,3,unrelated,,,-0.0009542107582092285,0.0780097246170044
NA0_LAG50_016,NA0_LAG50,0,50,5,4,unrelated,,,-6.103515625e-05,0.10687142610549927
NA0_LAG50_016,NA0_LAG50,0,50,5,6,unrelated,,,-0.0008904337882995605,0.1011199951171875
NA0_LAG50_017,NA0_LAG50,0,50,1,2,unrelated,,,0.0015194416046142578,0.014389574527740479
NA0_LAG50_017,NA0_LAG50,0,50,1,3,unrelated,,,5.239248275756836e-05,0.018294870853424072
NA0_LAG50_017,NA0_LAG50,0,50,1,4,unrelated,,,0.0012074112892150879,0.00411146879196167
NA0_LAG50_017,NA0_LAG50,0,50,1,5,unrelated,,,0.0005893111228942871,0.032178521156311035
NA0_LAG50_017,NA0_LAG50,0,50,1,6,unrelated,,,0.0013480782508850098,0.033335089683532715
NA0_LAG50_018,NA0_LAG50,0,50,3,1,unrelated,,,0.04919236898422241,0.16290545463562012
NA0_LAG50_018,NA0_LAG50,0,50,3,2,unrelated,,,0.0506630539894104,0.158008873462677
NA0_LAG50_018,NA0_LAG50,0,50,3,4,unrelated,,,0.04960125684738159,0.1627759337425232
NA0_LAG50_018,NA0_LAG50,0,50,3,5,unrelated,,,0.050155460834503174,0.1497960090637207
NA0_LAG50_018,NA0_LAG50,0,50,3,6,unrelated,,,0.04760187864303589,0.17783516645431519
NA0_LAG50_019,NA0_LAG50,0,50,2,1,unrelated,,,0.00043463706970214844,0.013045191764831543
NA0_LAG50_019,NA0_LAG50,0,50,2,3,unrelated,,,0.00041103363037109375,0.006513833999633789
NA0_LAG50_019,NA0_LAG50,0,50,2,4,unrelated,,,-0.0017273426055908203,0.005396366119384766
NA0_LAG50_019,NA0_LAG50,0,50,2,5,unrelated,,,0.00016295909881591797,0.004082083702087402
NA0_LAG50_019,NA0_LAG50,0,50,2,6,unrelated,,,-1.9609928131103516e-05,0.005853056907653809
NA0_LAG50_020,NA0_LAG50,0,50,4,1,unrelated,,,-0.0005662441253662109,0.206335186958313
NA0_LAG50_020,NA0_LAG50,0,50,4,2,unrelated,,,-0.00011664628982543945,0.19324326515197754
NA0_LAG50_020,NA0_LAG50,0,50,4,3,unrelated,,,-0.000546872615814209,0.20829063653945923
NA0_LAG50_020,NA0_LAG50,0,50,4,5,unrelated,,,-0.0005502104759216309,0.2027619481086731
NA0_LAG50_020,NA0_LAG50,0,50,4,6,unrelated,,,-0.0009530186653137207,0.21274542808532715
NA0_LAG50_021,NA0_LAG50,0,50,3,1,unrelated,,,-0.0005444884300231934,0.2104920744895935
NA0_LAG50_021,NA0_LAG50,0,50,3,2,unrelated,,,-0.00028449296951293945,0.19529592990875244
NA0_LAG50_021,NA0_LAG50,0,50,3,4,unrelated,,,-0.00116652250289917,0.2209901213645935
NA0_LAG50_021,NA0_LAG50,0,50,3,5,unrelated,,,2.0444393157958984e-05,0.2098408341407776
NA0_LAG50_021,NA0_LAG50,0,50,3,6,unrelated,,,2.7894973754882812e-05,0.1982889175415039
NA0_LAG50_022,NA0_LAG50,0,50,1,2,unrelated,,,-0.0007192492485046387,0.20048296451568604
NA0_LAG50_022,NA0_LAG50,0,50,1,3,unrelated,,,-0.0006197690963745117,0.20202744007110596
NA0_LAG50_022,NA0_LAG50,0,50,1,4,unrelated,,,-0.0009947419166564941,0.2037564516067505
NA0_LAG50_022,NA0_LAG50,0,50,1,5,unrelated,,,-0.0005797147750854492,0.197767436504364
NA0_LAG50_022,NA0_LAG50,0,50,1,6,unrelated,,,-0.0006712079048156738,0.20282334089279175
NA0_LAG50_023,NA0_LAG50,0,50,2,1,unrelated,,,-0.0007579922676086426,0.002789020538330078
NA0_LAG50_023,NA0_LAG50,0,50,2,3,unrelated,,,0.0001825094223022461,0.005552947521209717
NA0_LAG50_023,NA0_LAG50,0,50,2,4,unrelated,,,-9.995698928833008e-05,0.023684561252593994
NA0_LAG50_023,NA0_LAG50,0,50,2,5,unrelated,,,-0.00046432018280029297,0.00925898551940918
NA0_LAG50_023,NA0_LAG50,0,50,2,6,unrelated,,,-0.00025773048400878906,-0.0003464818000793457
NA0_LAG50_024,NA0_LAG50,0,50,1,2,unrelated,,,7.75456428527832e-05,0.04171639680862427
NA0_LAG50_024,NA0_LAG50,0,50,1,3,unrelated,,,3.534555435180664e-05,0.04026001691818237
NA0_LAG50_024,NA0_LAG50,0,50,1,4,unrelated,,,-0.0002065896987915039,0.03495591878890991
NA0_LAG50_024,NA0_LAG50,0,50,1,5,unrelated,,,0.0005251765251159668,0.03010660409927368
NA0_LAG50_024,NA0_LAG50,0,50,1,6,unrelated,,,0.0013453960418701172,0.031041204929351807
NA0_LAG50_025,NA0_LAG50,0,50,6,1,unrelated,,,-0.00014573335647583008,0.0030955076217651367
NA0_LAG50_025,NA0_LAG50,0,50,6,2,unrelated,,,-0.0005093216896057129,0.0020934343338012695
NA0_LAG50_025,NA0_LAG50,0,50,6,3,unrelated,,,-0.00021249055862426758,0.008446574211120605
NA0_LAG50_025,NA0_LAG50,0,50,6,4,unrelated,,,-0.0010533928871154785,0.005043506622314453
NA0_LAG50_025,NA0_LAG50,0,50,6,5,unrelated,,,-0.00015419721603393555,0.007951200008392334
NA0_LAG50_026,NA0_LAG50,0,50,1,2,unrelated,,,-0.00010472536087036133,0.02011507749557495
NA0_LAG50_026,NA0_LAG50,0,50,1,3,unrelated,,,-0.00039839744567871094,0.039771080017089844
NA0_LAG50_026,NA0_LAG50,0,50,1,4,unrelated,,,0.0002243518829345703,0.0431637167930603
NA0_LAG50_026,NA0_LAG50,0,50,1,5,unrelated,,,-0.0001380443572998047,0.03444033861160278
NA0_LAG50_026,NA0_LAG50,0,50,1,6,unrelated,,,-6.794929504394531e-05,0.06288760900497437
NA0_LAG50_027,NA0_LAG50,0,50,4,1,unrelated,,,0.045684754848480225,0.10050976276397705
NA0_LAG50_027,NA0_LAG50,0,50,4,2,unrelated,,,0.045227229595184326,0.09515100717544556
NA0_LAG50_027,NA0_LAG50,0,50,4,3,unrelated,,,0.043524861335754395,0.09514385461807251
NA0_LAG50_027,NA0_LAG50,0,50,4,5,unrelated,,,0.04605644941329956,0.1134604811668396
NA0_LAG50_027,NA0_LAG50,0,50,4,6,unrelated,,,0.04199439287185669,0.09182560443878174
NA0_LAG50_028,NA0_LAG50,0,50,5,1,unrelated,,,-0.0001169443130493164,0.005479335784912109
NA0_LAG50_028,NA0_LAG50,0,50,5,2,unrelated,,,-0.00033479928970336914,-0.0003281831741333008
NA0_LAG50_028,NA0_LAG50,0,50,5,3,unrelated,,,0.0008023381233215332,0.004222750663757324
NA0_LAG50_028,NA0_LAG50,0,50,5,4,unrelated,,,-0.00018197298049926758,0.00783848762512207
NA0_LAG50_028,NA0_LAG50,0,50,5,6,unrelated,,,-2.3484230041503906e-05,0.013376832008361816
NA0_LAG50_029,NA0_LAG50,0,50,4,1,unrelated,,,0.05585360527038574,0.21144914627075195
NA0_LAG50_029,NA0_LAG50,0,50,4,2,unrelated,,,0.051946401596069336,0.12974578142166138
NA0_LAG50_029,NA0_LAG50,0,50,4,3,unrelated,,,0.05411046743392944,0.14136910438537598
NA0_LAG50_029,NA0_LAG50,0,50,4,5,unrelated,,,0.05238217115402222,0.1609627604484558
NA0_LAG50_029,NA0_LAG50,0,50,4,6,unrelated,,,0.04828059673309326,0.17137211561203003
NA1_LAG10_000,NA1_LAG10,1,10,5,1,unrelated,,,0.00022423267364501953,0.05755037069320679
NA1_LAG10_000,NA1_LAG10,1,10,5,2,unrelated,,,-0.0008907318115234375,0.06338870525360107
NA1_LAG10_000,NA1_LAG10,1,10,5,3,cascade,C4,True,-0.0007113218307495117,0.025563955307006836
NA1_LAG10_000,NA1_LAG10,1,10,5,4,unrelated,,,-0.00042366981506347656,0.03408879041671753
NA1_LAG10_000,NA1_LAG10,1,10,5,6,unrelated,,,-0.0004754066467285156,0.05125707387924194
NA1_LAG10_001,NA1_LAG10,1,10,4,1,unrelated,,,-0.00031363964080810547,0.0073944926261901855
NA1_LAG10_001,NA1_LAG10,1,10,4,2,mild,C5,True,-0.00017648935317993164,0.005460858345031738
NA1_LAG10_001,NA1_LAG10,1,10,4,3,unrelated,,,3.921985626220703e-05,0.011053740978240967
NA1_LAG10_001,NA1_LAG10,1,10,4,5,unrelated,,,-0.0009014010429382324,0.04095649719238281
NA1_LAG10_001,NA1_LAG10,1,10,4,6,unrelated,,,-0.00026857852935791016,0.020149528980255127
NA1_LAG10_002,NA1_LAG10,1,10,5,1,unrelated,,,-0.0009317994117736816,0.19929081201553345
NA1_LAG10_002,NA1_LAG10,1,10,5,2,mild,C3,True,0.0049953460693359375,0.062486112117767334
NA1_LAG10_002,NA1_LAG10,1,10,5,3,unrelated,,,-0.0010426640510559082,0.18472588062286377
NA1_LAG10_002,NA1_LAG10,1,10,5,4,unrelated,,,0.00021213293075561523,0.1875934600830078
NA1_LAG10_002,NA1_LAG10,1,10,5,6,unrelated,,,-0.00021439790725708008,0.19131940603256226
NA1_LAG10_003,NA1_LAG10,1,10,6,1,unrelated,,,-0.00014322996139526367,0.07244795560836792
NA1_LAG10_003,NA1_LAG10,1,10,6,2,unrelated,,,-0.00019490718841552734,0.06219750642776489
NA1_LAG10_003,NA1_LAG10,1,10,6,3,mild,C4,True,0.0005807876586914062,0.09198755025863647
NA1_LAG10_003,NA1_LAG10,1,10,6,4,unrelated,,,-0.0007681846618652344,0.04477137327194214
NA1_LAG10_003,NA1_LAG10,1,10,6,5,unrelated,,,-0.00019222497940063477,0.06469351053237915
NA1_LAG10_004,NA1_LAG10,1,10,6,1,unrelated,,,0.00047153234481811523,7.712841033935547e-05
NA1_LAG10_004,NA1_LAG10,1,10,6,2,unrelated,,,0.0027161240577697754,0.008908092975616455
NA1_LAG10_004,NA1_LAG10,1,10,6,3,unrelated,,,0.0009342432022094727,0.00467151403427124
NA1_LAG10_004,NA1_LAG10,1,10,6,4,mild,C5,True,-0.0014801025390625,0.0016979575157165527
NA1_LAG10_004,NA1_LAG10,1,10,6,5,unrelated,,,-0.00027447938919067383,0.02609497308731079
NA1_LAG10_005,NA1_LAG10,1,10,2,1,cascade,C1,False,0.0025758743286132812,0.010396420955657959
NA1_LAG10_005,NA1_LAG10,1,10,2,3,unrelated,,,-0.000985562801361084,0.003345966339111328
NA1_LAG10_005,NA1_LAG10,1,10,2,4,unrelated,,,-6.246566772460938e-05,0.004795372486114502
NA1_LAG10_005,NA1_LAG10,1,10,2,5,unrelated,,,-7.677078247070312e-05,0.006121218204498291
NA1_LAG10_005,NA1_LAG10,1,10,2,6,unrelated,,,-1.0609626770019531e-05,0.0035785436630249023
NA1_LAG10_006,NA1_LAG10,1,10,6,1,unrelated,,,0.0022956132888793945,0.009003043174743652
NA1_LAG10_006,NA1_LAG10,1,10,6,2,unrelated,,,0.002512633800506592,0.005519449710845947
NA1_LAG10_006,NA1_LAG10,1,10,6,3,unrelated,,,0.004017472267150879,0.005419135093688965
NA1_LAG10_006,NA1_LAG10,1,10,6,4,cascade,C4,False,0.002096414566040039,0.05936384201049805
NA1_LAG10_006,NA1_LAG10,1,10,6,5,unrelated,,,0.003350496292114258,0.008440971374511719
NA1_LAG10_007,NA1_LAG10,1,10,2,1,unrelated,,,0.0027763843536376953,0.021907925605773926
NA1_LAG10_007,NA1_LAG10,1,10,2,3,unrelated,,,0.00559002161026001,0.015418529510498047
NA1_LAG10_007,NA1_LAG10,1,10,2,4,unrelated,,,0.003521144390106201,0.005826473236083984
NA1_LAG10_007,NA1_LAG10,1,10,2,5,unrelated,,,0.0021990537643432617,0.017743229866027832
NA1_LAG10_007,NA1_LAG10,1,10,2,6,cascade,C1,True,-0.0011324882507324219,0.008592188358306885
NA1_LAG10_008,NA1_LAG10,1,10,4,1,mild,C5,True,0.001335740089416504,0.001678168773651123
NA1_LAG10_008,NA1_LAG10,1,10,4,2,unrelated,,,-0.00017786026000976562,0.025351762771606445
NA1_LAG10_008,NA1_LAG10,1,10,4,3,unrelated,,,-0.0012294650077819824,0.006002664566040039
NA1_LAG10_008,NA1_LAG10,1,10,4,5,unrelated,,,0.0012239813804626465,-0.0007597804069519043
NA1_LAG10_008,NA1_LAG10,1,10,4,6,unrelated,,,-0.0007284283638000488,-0.0003154277801513672
NA1_LAG10_009,NA1_LAG10,1,10,5,1,unrelated,,,0.0009958744049072266,0.012785196304321289
NA1_LAG10_009,NA1_LAG10,1,10,5,2,mild,C2,False,0.0045670270919799805,0.02341705560684204
NA1_LAG10_009,NA1_LAG10,1,10,5,3,unrelated,,,0.0029653310775756836,0.00988149642944336
NA1_LAG10_009,NA1_LAG10,1,10,5,4,unrelated,,,0.0022579431533813477,0.009794533252716064
NA1_LAG10_009,NA1_LAG10,1,10,5,6,unrelated,,,0.001986563205718994,0.01506185531616211
NA1_LAG10_010,NA1_LAG10,1,10,5,1,unrelated,,,0.000961601734161377,0.05453848838806152
NA1_LAG10_010,NA1_LAG10,1,10,5,2,cascade,C1,False,0.004354953765869141,0.05339401960372925
NA1_LAG10_010,NA1_LAG10,1,10,5,3,unrelated,,,-3.5762786865234375e-05,0.08564311265945435
NA1_LAG10_010,NA1_LAG10,1,10,5,4,unrelated,,,0.0002003312110900879,0.029888033866882324
NA1_LAG10_010,NA1_LAG10,1,10,5,6,unrelated,,,-0.00027239322662353516,0.03546762466430664
NA1_LAG10_011,NA1_LAG10,1,10,5,1,unrelated,,,0.003448188304901123,0.006103813648223877
NA1_LAG10_011,NA1_LAG10,1,10,5,2,unrelated,,,0.002137899398803711,0.019563674926757812
NA1_LAG10_011,NA1_LAG10,1,10,5,3,unrelated,,,0.002799510955810547,0.02133697271347046
NA1_LAG10_011,NA1_LAG10,1,10,5,4,unrelated,,,0.003193974494934082,0.004714846611022949
NA1_LAG10_011,NA1_LAG10,1,10,5,6,mild,C1,True,0.0007573366165161133,0.0038633346557617188
NA1_LAG10_012,NA1_LAG10,1,10,5,1,unrelated,,,-0.0008251070976257324,0.00712275505065918
NA1_LAG10_012,NA1_LAG10,1,10,5,2,unrelated,,,0.00046747922897338867,0.019221723079681396
NA1_LAG10_012,NA1_LAG10,1,10,5,3,unrelated,,,1.1742115020751953e-05,0.016913115978240967
NA1_LAG10_012,NA1_LAG10,1,10,5,4,unrelated,,,-0.0002665519714355469,0.0102006196975708
NA1_LAG10_012,NA1_LAG10,1,10,5,6,cascade,C5,True,-0.000986635684967041,0.002414703369140625
NA1_LAG10_013,NA1_LAG10,1,10,1,2,cascade,C4,True,-0.0008401870727539062,0.008958041667938232
NA1_LAG10_013,NA1_LAG10,1,10,1,3,unrelated,,,0.00023508071899414062,0.07767844200134277
NA1_LAG10_013,NA1_LAG10,1,10,1,4,unrelated,,,-0.00020772218704223633,0.06976109743118286
NA1_LAG10_013,NA1_LAG10,1,10,1,5,unrelated,,,-0.001132965087890625,0.02732384204864502
NA1_LAG10_013,NA1_LAG10,1,10,1,6,unrelated,,,0.00013178586959838867,0.04099547863006592
NA1_LAG10_014,NA1_LAG10,1,10,2,1,unrelated,,,0.0029085874557495117,0.004823267459869385
NA1_LAG10_014,NA1_LAG10,1,10,2,3,unrelated,,,0.004679322242736816,0.02037966251373291
NA1_LAG10_014,NA1_LAG10,1,10,2,4,unrelated,,,0.0032782554626464844,0.012451231479644775
NA1_LAG10_014,NA1_LAG10,1,10,2,5,mild,C4,False,0.0057242512702941895,0.02924114465713501
NA1_LAG10_014,NA1_LAG10,1,10,2,6,unrelated,,,0.002974569797515869,0.011058628559112549
NA1_LAG10_015,NA1_LAG10,1,10,5,1,unrelated,,,0.04610198736190796,0.13484913110733032
NA1_LAG10_015,NA1_LAG10,1,10,5,2,unrelated,,,0.04499495029449463,0.10928964614868164
NA1_LAG10_015,NA1_LAG10,1,10,5,3,unrelated,,,0.04640603065490723,0.12535923719406128
NA1_LAG10_015,NA1_LAG10,1,10,5,4,mild,C2,True,0.03986102342605591,0.1307792067527771
NA1_LAG10_015,NA1_LAG10,1,10,5,6,unrelated,,,0.04652804136276245,0.14579665660858154
NA1_LAG10_016,NA1_LAG10,1,10,2,1,unrelated,,,-0.0004838109016418457,0.020135998725891113
NA1_LAG10_016,NA1_LAG10,1,10,2,3,unrelated,,,-0.0016388893127441406,0.048129260540008545
NA1_LAG10_016,NA1_LAG10,1,10,2,4,unrelated,,,-0.001387476921081543,0.062054574489593506
NA1_LAG10_016,NA1_LAG10,1,10,2,5,cascade,C1,False,0.003907918930053711,0.06336182355880737
NA1_LAG10_016,NA1_LAG10,1,10,2,6,unrelated,,,-0.0002942681312561035,0.03191876411437988
NA1_LAG10_017,NA1_LAG10,1,10,3,1,mild,C2,True,0.04135239124298096,0.13293206691741943
NA1_LAG10_017,NA1_LAG10,1,10,3,2,unrelated,,,0.0499843955039978,0.17639321088790894
NA1_LAG10_017,NA1_LAG10,1,10,3,4,unrelated,,,0.05228006839752197,0.11483311653137207
NA1_LAG10_017,NA1_LAG10,1,10,3,5,unrelated,,,0.048632800579071045,0.12890809774398804
NA1_LAG10_017,NA1_LAG10,1,10,3,6,unrelated,,,0.0482790470123291,0.13233089447021484
NA1_LAG10_018,NA1_LAG10,1,10,2,1,unrelated,,,-0.0012838244438171387,0.10091030597686768
NA1_LAG10_018,NA1_LAG10,1,10,2,3,unrelated,,,-4.976987838745117e-05,0.1496097445487976
NA1_LAG10_018,NA1_LAG10,1,10,2,4,mild,C4,True,0.00046241283416748047,0.11072689294815063
NA1_LAG10_018,NA1_LAG10,1,10,2,5,unrelated,,,-0.0012192726135253906,0.11196577548980713
NA1_LAG10_018,NA1_LAG10,1,10,2,6,unrelated,,,2.0742416381835938e-05,0.11754918098449707
NA1_LAG10_019,NA1_LAG10,1,10,4,1,unrelated,,,0.0007864236831665039,0.0006620287895202637
NA1_LAG10_019,NA1_LAG10,1,10,4,2,mild,C1,False,-0.000268399715423584,0.02011173963546753
NA1_LAG10_019,NA1_LAG10,1,10,4,3,unrelated,,,-0.00150221586227417,0.013879477977752686
NA1_LAG10_019,NA1_LAG10,1,10,4,5,unrelated,,,-0.00020617246627807617,0.004238784313201904
NA1_LAG10_019,NA1_LAG10,1,10,4,6,unrelated,,,-2.1338462829589844e-05,0.02954643964767456
NA1_LAG10_020,NA1_LAG10,1,10,2,1,unrelated,,,-0.00018483400344848633,0.1926499605178833
NA1_LAG10_020,NA1_LAG10,1,10,2,3,unrelated,,,-0.0006110072135925293,0.20254850387573242
NA1_LAG10_020,NA1_LAG10,1,10,2,4,unrelated,,,-0.00016289949417114258,0.20025163888931274
NA1_LAG10_020,NA1_LAG10,1,10,2,5,unrelated,,,8.672475814819336e-05,0.2058306336402893
NA1_LAG10_020,NA1_LAG10,1,10,2,6,cascade,C4,False,0.0009451508522033691,0.26411938667297363
NA1_LAG10_021,NA1_LAG10,1,10,3,1,unrelated,,,0.04000270366668701,0.12416422367095947
NA1_LAG10_021,NA1_LAG10,1,10,3,2,cascade,C2,True,0.005786418914794922,0.10988622903823853
NA1_LAG10_021,NA1_LAG10,1,10,3,4,unrelated,,,0.038700640201568604,0.13460606336593628
NA1_LAG10_021,NA1_LAG10,1,10,3,5,unrelated,,,0.03950989246368408,0.14573025703430176
NA1_LAG10_021,NA1_LAG10,1,10,3,6,unrelated,,,0.0452846884727478,0.13937997817993164
NA1_LAG10_022,NA1_LAG10,1,10,5,1,unrelated,,,0.05337256193161011,0.08628743886947632
NA1_LAG10_022,NA1_LAG10,1,10,5,2,unrelated,,,0.05313676595687866,0.07156819105148315
NA1_LAG10_022,NA1_LAG10,1,10,5,3,unrelated,,,0.04814964532852173,0.06652253866195679
NA1_LAG10_022,NA1_LAG10,1,10,5,4,unrelated,,,0.05307722091674805,0.10182863473892212
NA1_LAG10_022,NA1_LAG10,1,10,5,6,mild,C4,False,0.04711633920669556,0.08432942628860474
NA1_LAG10_023,NA1_LAG10,1,10,3,1,unrelated,,,0.050962209701538086,0.1507030725479126
NA1_LAG10_023,NA1_LAG10,1,10,3,2,unrelated,,,0.04989659786224365,0.15090978145599365
NA1_LAG10_023,NA1_LAG10,1,10,3,4,unrelated,,,0.050247788429260254,0.14162856340408325
NA1_LAG10_023,NA1_LAG10,1,10,3,5,unrelated,,,0.04963046312332153,0.1349521279335022
NA1_LAG10_023,NA1_LAG10,1,10,3,6,mild,C4,False,0.049227774143218994,0.06707519292831421
NA1_LAG10_024,NA1_LAG10,1,10,2,1,unrelated,,,-0.0006975531578063965,0.2039082646369934
NA1_LAG10_024,NA1_LAG10,1,10,2,3,unrelated,,,-0.001236557960510254,0.2010090947151184
NA1_LAG10_024,NA1_LAG10,1,10,2,4,cascade,C3,True,-0.00023823976516723633,-0.004858732223510742
NA1_LAG10_024,NA1_LAG10,1,10,2,5,unrelated,,,-0.0005236268043518066,0.19924527406692505
NA1_LAG10_024,NA1_LAG10,1,10,2,6,unrelated,,,-0.0005693435668945312,0.1924675703048706
NA1_LAG10_025,NA1_LAG10,1,10,2,1,cascade,C3,False,8.511543273925781e-05,0.19901633262634277
NA1_LAG10_025,NA1_LAG10,1,10,2,3,unrelated,,,-0.0006494522094726562,0.0022077560424804688
NA1_LAG10_025,NA1_LAG10,1,10,2,4,unrelated,,,-0.0006355643272399902,0.0044422149658203125
NA1_LAG10_025,NA1_LAG10,1,10,2,5,unrelated,,,-1.7464160919189453e-05,-0.004012763500213623
NA1_LAG10_025,NA1_LAG10,1,10,2,6,unrelated,,,0.0005126595497131348,0.0052787065505981445
NA1_LAG10_026,NA1_LAG10,1,10,1,2,unrelated,,,0.002256035804748535,0.00945371389389038
NA1_LAG10_026,NA1_LAG10,1,10,1,3,mild,C1,True,0.0004597306251525879,0.0056195855140686035
NA1_LAG10_026,NA1_LAG10,1,10,1,4,unrelated,,,0.0033214688301086426,0.0009181499481201172
NA1_LAG10_026,NA1_LAG10,1,10,1,5,unrelated,,,0.002201557159423828,-0.00044399499893188477
NA1_LAG10_026,NA1_LAG10,1,10,1,6,unrelated,,,0.002148568630218506,0.013222336769104004
NA1_LAG10_027,NA1_LAG10,1,10,2,1,unrelated,,,-0.0007439851760864258,0.08171844482421875
NA1_LAG10_027,NA1_LAG10,1,10,2,3,cascade,C3,False,0.0006850361824035645,0.2558175325393677
NA1_LAG10_027,NA1_LAG10,1,10,2,4,unrelated,,,-0.0006769299507141113,0.061414122581481934
NA1_LAG10_027,NA1_LAG10,1,10,2,5,unrelated,,,-7.587671279907227e-05,0.08237874507904053
NA1_LAG10_027,NA1_LAG10,1,10,2,6,unrelated,,,-0.0005335807800292969,0.06901472806930542
NA1_LAG10_028,NA1_LAG10,1,10,6,1,unrelated,,,0.05845826864242554,0.1387232542037964
NA1_LAG10_028,NA1_LAG10,1,10,6,2,unrelated,,,0.06120264530181885,0.1489574909210205
NA1_LAG10_028,NA1_LAG10,1,10,6,3,unrelated,,,0.0627976655960083,0.17288333177566528
NA1_LAG10_028,NA1_LAG10,1,10,6,4,unrelated,,,0.06132775545120239,0.15234774351119995
NA1_LAG10_028,NA1_LAG10,1,10,6,5,mild,C2,True,0.05138683319091797,0.12240737676620483
NA1_LAG10_029,NA1_LAG10,1,10,4,1,unrelated,,,0.00010025501251220703,0.20450598001480103
NA1_LAG10_029,NA1_LAG10,1,10,4,2,unrelated,,,-0.0006208419799804688,0.2055521011352539
NA1_LAG10_029,NA1_LAG10,1,10,4,3,unrelated,,,-0.0009655356407165527,0.19859033823013306
NA1_LAG10_029,NA1_LAG10,1,10,4,5,unrelated,,,-0.00025594234466552734,0.21208864450454712
NA1_LAG10_029,NA1_LAG10,1,10,4,6,mild,C3,True,0.00482630729675293,0.061113834381103516
NA1_LAG50_000,NA1_LAG50,1,50,1,2,mild,C2,True,0.054366230964660645,0.16421252489089966
NA1_LAG50_000,NA1_LAG50,1,50,1,3,unrelated,,,0.04668426513671875,0.1284259557723999
NA1_LAG50_000,NA1_LAG50,1,50,1,4,unrelated,,,0.05103880167007446,0.13212120532989502
NA1_LAG50_000,NA1_LAG50,1,50,1,5,unrelated,,,0.052778661251068115,0.16637152433395386
NA1_LAG50_000,NA1_LAG50,1,50,1,6,unrelated,,,0.05143845081329346,0.11851125955581665
NA1_LAG50_001,NA1_LAG50,1,50,3,1,unrelated,,,-0.00041359663009643555,0.015493571758270264
NA1_LAG50_001,NA1_LAG50,1,50,3,2,unrelated,,,0.0013802647590637207,0.016670703887939453
NA1_LAG50_001,NA1_LAG50,1,50,3,4,unrelated,,,0.0010900497436523438,0.01146245002746582
NA1_LAG50_001,NA1_LAG50,1,50,3,5,mild,C2,False,0.0004075169563293457,0.04202789068222046
NA1_LAG50_001,NA1_LAG50,1,50,3,6,unrelated,,,0.0016936063766479492,0.017527878284454346
NA1_LAG50_002,NA1_LAG50,1,50,5,1,unrelated,,,0.05264085531234741,0.11563903093338013
NA1_LAG50_002,NA1_LAG50,1,50,5,2,mild,C2,True,0.04825770854949951,0.040973782539367676
NA1_LAG50_002,NA1_LAG50,1,50,5,3,unrelated,,,0.04945933818817139,0.12841027975082397
NA1_LAG50_002,NA1_LAG50,1,50,5,4,unrelated,,,0.0483626127243042,0.1250401735305786
NA1_LAG50_002,NA1_LAG50,1,50,5,6,unrelated,,,0.04833877086639404,0.1494537591934204
NA1_LAG50_003,NA1_LAG50,1,50,1,2,cascade,C2,True,0.02379298210144043,0.10201072692871094
NA1_LAG50_003,NA1_LAG50,1,50,1,3,unrelated,,,0.049168527126312256,0.18276482820510864
NA1_LAG50_003,NA1_LAG50,1,50,1,4,unrelated,,,0.04928821325302124,0.1397918462753296
NA1_LAG50_003,NA1_LAG50,1,50,1,5,unrelated,,,0.05076843500137329,0.12768161296844482
NA1_LAG50_003,NA1_LAG50,1,50,1,6,unrelated,,,0.04949265718460083,0.14880675077438354
NA1_LAG50_004,NA1_LAG50,1,50,3,1,unrelated,,,0.003049612045288086,0.022515535354614258
NA1_LAG50_004,NA1_LAG50,1,50,3,2,unrelated,,,0.001575767993927002,0.004035532474517822
NA1_LAG50_004,NA1_LAG50,1,50,3,4,unrelated,,,0.00026673078536987305,0.017509937286376953
NA1_LAG50_004,NA1_LAG50,1,50,3,5,mild,C4,False,0.00173187255859375,0.045400261878967285
NA1_LAG50_004,NA1_LAG50,1,50,3,6,unrelated,,,0.0031408071517944336,0.019428133964538574
NA1_LAG50_005,NA1_LAG50,1,50,6,1,unrelated,,,0.05406057834625244,0.12750208377838135
NA1_LAG50_005,NA1_LAG50,1,50,6,2,unrelated,,,0.0552334189414978,0.12713372707366943
NA1_LAG50_005,NA1_LAG50,1,50,6,3,unrelated,,,0.055055439472198486,0.12403637170791626
NA1_LAG50_005,NA1_LAG50,1,50,6,4,unrelated,,,0.05202394723892212,0.1351844072341919
NA1_LAG50_005,NA1_LAG50,1,50,6,5,cascade,C5,False,0.05354619026184082,0.11604773998260498
NA1_LAG50_006,NA1_LAG50,1,50,3,1,unrelated,,,-0.00032973289489746094,0.2158709168434143
NA1_LAG50_006,NA1_LAG50,1,50,3,2,mild,C2,False,0.0003185272216796875,0.056847572326660156
NA1_LAG50_006,NA1_LAG50,1,50,3,4,unrelated,,,4.3451786041259766e-05,0.20069986581802368
NA1_LAG50_006,NA1_LAG50,1,50,3,5,unrelated,,,0.0006410479545593262,0.2034730315208435
NA1_LAG50_006,NA1_LAG50,1,50,3,6,unrelated,,,0.0003681778907775879,0.19402319192886353
NA1_LAG50_007,NA1_LAG50,1,50,4,1,unrelated,,,0.0017441511154174805,0.017839550971984863
NA1_LAG50_007,NA1_LAG50,1,50,4,2,mild,C3,False,0.004831671714782715,0.11655372381210327
NA1_LAG50_007,NA1_LAG50,1,50,4,3,unrelated,,,0.0022248029708862305,0.014165103435516357
NA1_LAG50_007,NA1_LAG50,1,50,4,5,unrelated,,,0.0016469955444335938,0.02214336395263672
NA1_LAG50_007,NA1_LAG50,1,50,4,6,unrelated,,,0.0018007755279541016,0.018880009651184082
NA1_LAG50_008,NA1_LAG50,1,50,1,2,mild,C2,False,0.00131911039352417,0.07554125785827637
NA1_LAG50_008,NA1_LAG50,1,50,1,3,unrelated,,,0.00035446882247924805,0.031947970390319824
NA1_LAG50_008,NA1_LAG50,1,50,1,4,unrelated,,,3.0994415283203125e-05,0.06175428628921509
NA1_LAG50_008,NA1_LAG50,1,50,1,5,unrelated,,,-3.5822391510009766e-05,0.043744802474975586
NA1_LAG50_008,NA1_LAG50,1,50,1,6,unrelated,,,-0.00015091896057128906,0.036736369132995605
NA1_LAG50_009,NA1_LAG50,1,50,4,1,cascade,C4,True,0.0004582405090332031,0.01795738935470581
NA1_LAG50_009,NA1_LAG50,1,50,4,2,unrelated,,,9.626150131225586e-05,0.0551753044128418
NA1_LAG50_009,NA1_LAG50,1,50,4,3,unrelated,,,-0.00042933225631713867,0.06741553544998169
NA1_LAG50_009,NA1_LAG50,1,50,4,5,unrelated,,,5.984306335449219e-05,0.037692129611968994
NA1_LAG50_009,NA1_LAG50,1,50,4,6,unrelated,,,-0.0005045533180236816,0.06408089399337769
NA1_LAG50_010,NA1_LAG50,1,50,2,1,mild,C4,True,0.000588834285736084,0.051246047019958496
NA1_LAG50_010,NA1_LAG50,1,50,2,3,unrelated,,,-0.00023323297500610352,0.06242227554321289
NA1_LAG50_010,NA1_LAG50,1,50,2,4,unrelated,,,-0.000528872013092041,0.07735925912857056
NA1_LAG50_010,NA1_LAG50,1,50,2,5,unrelated,,,0.0006077885627746582,0.07198697328567505
NA1_LAG50_010,NA1_LAG50,1,50,2,6,unrelated,,,-0.0011358261108398438,0.046362340450286865
NA1_LAG50_011,NA1_LAG50,1,50,2,1,unrelated,,,0.0016195178031921387,0.007008969783782959
NA1_LAG50_011,NA1_LAG50,1,50,2,3,unrelated,,,0.003432035446166992,0.011908531188964844
NA1_LAG50_011,NA1_LAG50,1,50,2,4,mild,C1,True,-0.0008440017700195312,0.010231494903564453
NA1_LAG50_011,NA1_LAG50,1,50,2,5,unrelated,,,0.00319516658782959,0.016041874885559082
NA1_LAG50_011,NA1_LAG50,1,50,2,6,unrelated,,,0.0017729997634887695,-0.0008729100227355957
NA1_LAG50_012,NA1_LAG50,1,50,5,1,cascade,C5,True,-0.0005133152008056641,0.0025183558464050293
NA1_LAG50_012,NA1_LAG50,1,50,5,2,unrelated,,,-0.0003864765167236328,0.007638216018676758
NA1_LAG50_012,NA1_LAG50,1,50,5,3,unrelated,,,0.00021499395370483398,0.0020293593406677246
NA1_LAG50_012,NA1_LAG50,1,50,5,4,unrelated,,,-0.0006077289581298828,-0.0015541315078735352
NA1_LAG50_012,NA1_LAG50,1,50,5,6,unrelated,,,-0.00023990869522094727,0.01769465208053589
NA1_LAG50_013,NA1_LAG50,1,50,3,1,unrelated,,,-0.0001043081283569336,0.04185593128204346
NA1_LAG50_013,NA1_LAG50,1,50,3,2,mild,C2,False,0.0006307363510131836,0.09756708145141602
NA1_LAG50_013,NA1_LAG50,1,50,3,4,unrelated,,,0.001022934913635254,0.0495985746383667
NA1_LAG50_013,NA1_LAG50,1,50,3,5,unrelated,,,0.00014132261276245117,0.08567649126052856
NA1_LAG50_013,NA1_LAG50,1,50,3,6,unrelated,,,0.00021380186080932617,0.05675870180130005
NA1_LAG50_014,NA1_LAG50,1,50,3,1,unrelated,,,0.04530125856399536,0.12988340854644775
NA1_LAG50_014,NA1_LAG50,1,50,3,2,unrelated,,,0.04175382852554321,0.14788556098937988
NA1_LAG50_014,NA1_LAG50,1,50,3,4,unrelated,,,0.045959293842315674,0.1441745162010193
NA1_LAG50_014,NA1_LAG50,1,50,3,5,cascade,C2,True,0.028301596641540527,0.038495779037475586
NA1_LAG50_014,NA1_LAG50,1,50,3,6,unrelated,,,0.04383331537246704,0.1259526014328003
NA1_LAG50_015,NA1_LAG50,1,50,1,2,mild,C3,False,0.0031035542488098145,0.09777510166168213
NA1_LAG50_015,NA1_LAG50,1,50,1,3,unrelated,,,0.0007954835891723633,0.013536632061004639
NA1_LAG50_015,NA1_LAG50,1,50,1,4,unrelated,,,-0.0004566311836242676,0.025117695331573486
NA1_LAG50_015,NA1_LAG50,1,50,1,5,unrelated,,,3.2782554626464844e-06,0.020361602306365967
NA1_LAG50_015,NA1_LAG50,1,50,1,6,unrelated,,,0.00014001131057739258,0.009101510047912598
NA1_LAG50_016,NA1_LAG50,1,50,1,2,unrelated,,,-5.65648078918457e-05,0.005874037742614746
NA1_LAG50_016,NA1_LAG50,1,50,1,3,unrelated,,,0.0007269382476806641,0.005901217460632324
NA1_LAG50_016,NA1_LAG50,1,50,1,4,unrelated,,,0.0008882880210876465,0.009832978248596191
NA1_LAG50_016,NA1_LAG50,1,50,1,5,mild,C5,True,-0.00036662817001342773,0.0001448988914489746
NA1_LAG50_016,NA1_LAG50,1,50,1,6,unrelated,,,-0.0005683302879333496,0.013070881366729736
NA1_LAG50_017,NA1_LAG50,1,50,2,1,unrelated,,,0.004744887351989746,0.013544797897338867
NA1_LAG50_017,NA1_LAG50,1,50,2,3,unrelated,,,0.0033493638038635254,0.03469252586364746
NA1_LAG50_017,NA1_LAG50,1,50,2,4,unrelated,,,0.0018103718757629395,0.02048438787460327
NA1_LAG50_017,NA1_LAG50,1,50,2,5,mild,C1,True,0.0015435218811035156,0.021312355995178223
NA1_LAG50_017,NA1_LAG50,1,50,2,6,unrelated,,,0.002700984477996826,0.02579396963119507
NA1_LAG50_018,NA1_LAG50,1,50,5,1,cascade,C5,True,0.0005279779434204102,-0.005279421806335449
NA1_LAG50_018,NA1_LAG50,1,50,5,2,unrelated,,,9.948015213012695e-05,0.019323289394378662
NA1_LAG50_018,NA1_LAG50,1,50,5,3,unrelated,,,-4.661083221435547e-05,0.030479013919830322
NA1_LAG50_018,NA1_LAG50,1,50,5,4,unrelated,,,-7.915496826171875e-05,0.024709582328796387
NA1_LAG50_018,NA1_LAG50,1,50,5,6,unrelated,,,-0.0006653070449829102,0.008599698543548584
NA1_LAG50_019,NA1_LAG50,1,50,4,1,cascade,C3,False,0.04830646514892578,0.09701061248779297
NA1_LAG50_019,NA1_LAG50,1,50,4,2,unrelated,,,0.05852866172790527,0.15131717920303345
NA1_LAG50_019,NA1_LAG50,1,50,4,3,unrelated,,,0.05497854948043823,0.1858382225036621
NA1_LAG50_019,NA1_LAG50,1,50,4,5,unrelated,,,0.05559414625167847,0.14927691221237183
NA1_LAG50_019,NA1_LAG50,1,50,4,6,unrelated,,,0.05508905649185181,0.1526639461517334
NA1_LAG50_020,NA1_LAG50,1,50,6,1,unrelated,,,0.04450535774230957,0.2364066243171692
NA1_LAG50_020,NA1_LAG50,1,50,6,2,unrelated,,,0.05047953128814697,0.21886193752288818
NA1_LAG50_020,NA1_LAG50,1,50,6,3,unrelated,,,0.04379534721374512,0.22567492723464966
NA1_LAG50_020,NA1_LAG50,1,50,6,4,unrelated,,,0.0482562780380249,0.2170313000679016
NA1_LAG50_020,NA1_LAG50,1,50,6,5,mild,C2,True,0.04437530040740967,0.11692190170288086
NA1_LAG50_021,NA1_LAG50,1,50,5,1,unrelated,,,0.0015493035316467285,0.04440617561340332
NA1_LAG50_021,NA1_LAG50,1,50,5,2,unrelated,,,0.001776576042175293,0.07009220123291016
NA1_LAG50_021,NA1_LAG50,1,50,5,3,unrelated,,,0.0018183588981628418,0.07717770338058472
NA1_LAG50_021,NA1_LAG50,1,50,5,4,unrelated,,,0.0018668174743652344,0.06272017955780029
NA1_LAG50_021,NA1_LAG50,1,50,5,6,cascade,C4,True,-0.00020807981491088867,0.011568605899810791
NA1_LAG50_022,NA1_LAG50,1,50,5,1,mild,C4,False,0.00544053316116333,0.049037814140319824
NA1_LAG50_022,NA1_LAG50,1,50,5,2,unrelated,,,0.0033239126205444336,0.010642528533935547
NA1_LAG50_022,NA1_LAG50,1,50,5,3,unrelated,,,0.0030333399772644043,0.007345020771026611
NA1_LAG50_022,NA1_LAG50,1,50,5,4,unrelated,,,0.00273287296295166,0.011872053146362305
NA1_LAG50_022,NA1_LAG50,1,50,5,6,unrelated,,,0.0013436675071716309,0.004791319370269775
NA1_LAG50_023,NA1_LAG50,1,50,4,1,mild,C3,False,0.0035541653633117676,0.11774933338165283
NA1_LAG50_023,NA1_LAG50,1,50,4,2,unrelated,,,0.0010042190551757812,0.002958357334136963
NA1_LAG50_023,NA1_LAG50,1,50,4,3,unrelated,,,6.079673767089844e-05,0.005909562110900879
NA1_LAG50_023,NA1_LAG50,1,50,4,5,unrelated,,,-4.696846008300781e-05,0.011529028415679932
NA1_LAG50_023,NA1_LAG50,1,50,4,6,unrelated,,,-0.0005565881729125977,0.01820063591003418
NA1_LAG50_024,NA1_LAG50,1,50,1,2,unrelated,,,0.002427220344543457,0.006187736988067627
NA1_LAG50_024,NA1_LAG50,1,50,1,3,mild,C1,True,0.0016167759895324707,0.006932199001312256
NA1_LAG50_024,NA1_LAG50,1,50,1,4,unrelated,,,0.001922607421875,-0.0012827515602111816
NA1_LAG50_024,NA1_LAG50,1,50,1,5,unrelated,,,0.0024999380111694336,0.0028714537620544434
NA1_LAG50_024,NA1_LAG50,1,50,1,6,unrelated,,,0.004347503185272217,0.011382460594177246
NA1_LAG50_025,NA1_LAG50,1,50,3,1,unrelated,,,-0.001058816909790039,0.06712496280670166
NA1_LAG50_025,NA1_LAG50,1,50,3,2,cascade,C1,False,0.002422928810119629,0.14432328939437866
NA1_LAG50_025,NA1_LAG50,1,50,3,4,unrelated,,,-0.0011411309242248535,0.06818866729736328
NA1_LAG50_025,NA1_LAG50,1,50,3,5,unrelated,,,-9.000301361083984e-06,0.09601908922195435
NA1_LAG50_025,NA1_LAG50,1,50,3,6,unrelated,,,-0.0014451146125793457,0.08578985929489136
NA1_LAG50_026,NA1_LAG50,1,50,3,1,unrelated,,,0.0004044771194458008,0.20994824171066284
NA1_LAG50_026,NA1_LAG50,1,50,3,2,mild,C1,False,0.0010588765144348145,0.22582322359085083
NA1_LAG50_026,NA1_LAG50,1,50,3,4,unrelated,,,0.0003418922424316406,0.19323468208312988
NA1_LAG50_026,NA1_LAG50,1,50,3,5,unrelated,,,3.713369369506836e-05,0.218597412109375
NA1_LAG50_026,NA1_LAG50,1,50,3,6,unrelated,,,-5.078315734863281e-05,0.2132001519203186
NA1_LAG50_027,NA1_LAG50,1,50,6,1,unrelated,,,0.004546105861663818,0.007494151592254639
NA1_LAG50_027,NA1_LAG50,1,50,6,2,unrelated,,,0.003515005111694336,0.013903200626373291
NA1_LAG50_027,NA1_LAG50,1,50,6,3,unrelated,,,0.005124568939208984,0.025208473205566406
NA1_LAG50_027,NA1_LAG50,1,50,6,4,unrelated,,,0.001893162727355957,0.00925678014755249
NA1_LAG50_027,NA1_LAG50,1,50,6,5,mild,C1,True,0.001069486141204834,0.014667689800262451
NA1_LAG50_028,NA1_LAG50,1,50,5,1,unrelated,,,0.0007219910621643066,0.022291123867034912
NA1_LAG50_028,NA1_LAG50,1,50,5,2,unrelated,,,0.001244962215423584,0.027402818202972412
NA1_LAG50_028,NA1_LAG50,1,50,5,3,unrelated,,,0.0003102421760559082,0.021934211254119873
NA1_LAG50_028,NA1_LAG50,1,50,5,4,cascade,C1,True,-0.0009889602661132812,0.01717466115951538
NA1_LAG50_028,NA1_LAG50,1,50,5,6,unrelated,,,0.000375211238861084,0.002902686595916748
NA1_LAG50_029,NA1_LAG50,1,50,1,2,unrelated,,,-0.0009974241256713867,0.2037113904953003
NA1_LAG50_029,NA1_LAG50,1,50,1,3,unrelated,,,-0.00037086009979248047,0.21179735660552979
NA1_LAG50_029,NA1_LAG50,1,50,1,4,unrelated,,,-0.0006052255630493164,0.21098119020462036
NA1_LAG50_029,NA1_LAG50,1,50,1,5,mild,C2,False,8.565187454223633e-05,0.06024360656738281
NA1_LAG50_029,NA1_LAG50,1,50,1,6,unrelated,,,0.00019156932830810547,0.20759189128875732
NA2_LAG10_000,NA2_LAG10,2,10,4,1,unrelated,,,0.0001690387725830078,0.2099490761756897
NA2_LAG10_000,NA2_LAG10,2,10,4,2,mild,C4,False,0.000622868537902832,0.2129499912261963
NA2_LAG10_000,NA2_LAG10,2,10,4,3,unrelated,,,-8.320808410644531e-05,0.21266651153564453
NA2_LAG10_000,NA2_LAG10,2,10,4,5,unrelated,,,-0.0005096197128295898,0.20058923959732056
NA2_LAG10_000,NA2_LAG10,2,10,4,6,mild,C5,False,-0.00028967857360839844,0.2070406675338745
NA2_LAG10_001,NA2_LAG10,2,10,1,2,unrelated,,,-2.8967857360839844e-05,0.20593112707138062
NA2_LAG10_001,NA2_LAG10,2,10,1,3,unrelated,,,9.298324584960938e-06,0.2135533094406128
NA2_LAG10_001,NA2_LAG10,2,10,1,4,cascade,C5,False,-0.00027179718017578125,0.21405404806137085
NA2_LAG10_001,NA2_LAG10,2,10,1,5,mild,C4,False,0.00023496150970458984,0.16866308450698853
NA2_LAG10_001,NA2_LAG10,2,10,1,6,unrelated,,,-6.74128532409668e-05,0.21472948789596558
NA2_LAG10_002,NA2_LAG10,2,10,2,1,unrelated,,,0.004094958305358887,0.009767115116119385
NA2_LAG10_002,NA2_LAG10,2,10,2,3,cascade,C1,True,-0.00023508071899414062,-0.0001360774040222168
NA2_LAG10_002,NA2_LAG10,2,10,2,4,unrelated,,,0.0038529038429260254,0.005522012710571289
NA2_LAG10_002,NA2_LAG10,2,10,2,5,unrelated,,,0.0017952322959899902,0.013047099113464355
NA2_LAG10_002,NA2_LAG10,2,10,2,6,cascade,C1,True,0.0006241202354431152,0.0009613633155822754
NA2_LAG10_003,NA2_LAG10,2,10,2,1,mild,C1,False,-0.00018668174743652344,0.2192157506942749
NA2_LAG10_003,NA2_LAG10,2,10,2,3,unrelated,,,-0.0018692612648010254,0.19590294361114502
NA2_LAG10_003,NA2_LAG10,2,10,2,4,unrelated,,,0.00022101402282714844,0.20244890451431274
NA2_LAG10_003,NA2_LAG10,2,10,2,5,unrelated,,,2.282857894897461e-05,0.21466279029846191
NA2_LAG10_003,NA2_LAG10,2,10,2,6,mild,C5,False,-5.245208740234375e-06,0.22052115201950073
NA2_LAG10_004,NA2_LAG10,2,10,5,1,cascade,C2,True,0.009751439094543457,0.1180916428565979
NA2_LAG10_004,NA2_LAG10,2,10,5,2,unrelated,,,0.041890084743499756,0.12645643949508667
NA2_LAG10_004,NA2_LAG10,2,10,5,3,unrelated,,,0.04205232858657837,0.14760172367095947
NA2_LAG10_004,NA2_LAG10,2,10,5,4,unrelated,,,0.042352259159088135,0.11271202564239502
NA2_LAG10_004,NA2_LAG10,2,10,5,6,mild,C4,False,0.04304724931716919,0.15730226039886475
NA2_LAG10_005,NA2_LAG10,2,10,3,1,mild,C4,True,0.0005577802658081055,0.04831802845001221
NA2_LAG10_005,NA2_LAG10,2,10,3,2,unrelated,,,0.0001996755599975586,0.03752011060714722
NA2_LAG10_005,NA2_LAG10,2,10,3,4,unrelated,,,-0.0005334615707397461,0.050781428813934326
NA2_LAG10_005,NA2_LAG10,2,10,3,5,unrelated,,,-7.814168930053711e-05,0.040598273277282715
NA2_LAG10_005,NA2_LAG10,2,10,3,6,cascade,C4,True,-0.0010551214218139648,0.02568984031677246
NA2_LAG10_006,NA2_LAG10,2,10,3,1,unrelated,,,-0.0006655454635620117,0.010146915912628174
NA2_LAG10_006,NA2_LAG10,2,10,3,2,unrelated,,,-0.0005776882171630859,0.009556293487548828
NA2_LAG10_006,NA2_LAG10,2,10,3,4,cascade,C4,False,-3.510713577270508e-05,0.048661231994628906
NA2_LAG10_006,NA2_LAG10,2,10,3,5,unrelated,,,-0.0014649033546447754,-0.0008651614189147949
NA2_LAG10_006,NA2_LAG10,2,10,3,6,cascade,C3,False,-0.00035822391510009766,0.20785635709762573
NA2_LAG10_007,NA2_LAG10,2,10,5,1,unrelated,,,0.04783964157104492,0.11985588073730469
NA2_LAG10_007,NA2_LAG10,2,10,5,2,unrelated,,,0.04525524377822876,0.13544809818267822
NA2_LAG10_007,NA2_LAG10,2,10,5,3,cascade,C2,True,0.011211574077606201,0.26103925704956055
NA2_LAG10_007,NA2_LAG10,2,10,5,4,unrelated,,,0.04509258270263672,0.12801331281661987
NA2_LAG10_007,NA2_LAG10,2,10,5,6,mild,C2,True,0.04419136047363281,0.15243393182754517
NA2_LAG10_008,NA2_LAG10,2,10,6,1,cascade,C5,True,-0.00011593103408813477,-0.0011873841285705566
NA2_LAG10_008,NA2_LAG10,2,10,6,2,unrelated,,,-0.0006518959999084473,-0.0009248256683349609
NA2_LAG10_008,NA2_LAG10,2,10,6,3,unrelated,,,-0.00011920928955078125,0.00032770633697509766
NA2_LAG10_008,NA2_LAG10,2,10,6,4,mild,C5,True,-0.000943601131439209,0.0009279251098632812
NA2_LAG10_008,NA2_LAG10,2,10,6,5,unrelated,,,-0.0012242794036865234,-0.0024437904357910156
NA2_LAG10_009,NA2_LAG10,2,10,3,1,unrelated,,,-0.0005605816841125488,0.0070008039474487305
NA2_LAG10_009,NA2_LAG10,2,10,3,2,mild,C5,True,-0.00047904253005981445,-0.0009098649024963379
NA2_LAG10_009,NA2_LAG10,2,10,3,4,unrelated,,,-0.0009394288063049316,0.003798842430114746
NA2_LAG10_009,NA2_LAG10,2,10,3,5,cascade,C2,False,0.025684833526611328,0.1220058798789978
NA2_LAG10_009,NA2_LAG10,2,10,3,6,unrelated,,,-0.00020384788513183594,0.004403293132781982
NA2_LAG10_010,NA2_LAG10,2,10,4,1,unrelated,,,-0.0004966259002685547,0.00929337739944458
NA2_LAG10_010,NA2_LAG10,2,10,4,2,unrelated,,,0.00023925304412841797,0.0006502866744995117
NA2_LAG10_010,NA2_LAG10,2,10,4,3,mild,C5,True,-0.00029790401458740234,-0.0008805394172668457
NA2_LAG10_010,NA2_LAG10,2,10,4,5,unrelated,,,0.0007912516593933105,0.015394806861877441
NA2_LAG10_010,NA2_LAG10,2,10,4,6,cascade,C3,False,0.00015819072723388672,0.20504307746887207
NA2_LAG10_011,NA2_LAG10,2,10,1,2,mild,C1,False,-0.0002816319465637207,0.059301793575286865
NA2_LAG10_011,NA2_LAG10,2,10,1,3,unrelated,,,-0.0012380480766296387,0.05485349893569946
NA2_LAG10_011,NA2_LAG10,2,10,1,4,unrelated,,,-0.0010073184967041016,0.057710349559783936
NA2_LAG10_011,NA2_LAG10,2,10,1,5,cascade,C1,False,0.0006725788116455078,0.061995863914489746
NA2_LAG10_011,NA2_LAG10,2,10,1,6,unrelated,,,-0.0002117156982421875,0.06121629476547241
NA2_LAG10_012,NA2_LAG10,2,10,2,1,mild,C3,False,0.0042119622230529785,0.15093809366226196
NA2_LAG10_012,NA2_LAG10,2,10,2,3,unrelated,,,-0.001710653305053711,0.07643181085586548
NA2_LAG10_012,NA2_LAG10,2,10,2,4,cascade,C4,True,-0.0007632970809936523,0.0414503812789917
NA2_LAG10_012,NA2_LAG10,2,10,2,5,unrelated,,,-0.00017940998077392578,0.05801194906234741
NA2_LAG10_012,NA2_LAG10,2,10,2,6,unrelated,,,-0.00012701749801635742,0.08493173122406006
NA2_LAG10_013,NA2_LAG10,2,10,2,1,unrelated,,,-0.000774681568145752,0.05620843172073364
NA2_LAG10_013,NA2_LAG10,2,10,2,3,mild,C5,False,-0.0012263655662536621,0.05415618419647217
NA2_LAG10_013,NA2_LAG10,2,10,2,4,unrelated,,,-0.00018638372421264648,0.06290662288665771
NA2_LAG10_013,NA2_LAG10,2,10,2,5,unrelated,,,0.0004903674125671387,0.062493085861206055
NA2_LAG10_013,NA2_LAG10,2,10,2,6,cascade,C4,True,-0.0017517805099487305,0.0007160305976867676
NA2_LAG10_014,NA2_LAG10,2,10,1,2,cascade,C4,False,-0.00048232078552246094,0.08019512891769409
NA2_LAG10_014,NA2_LAG10,2,10,1,3,unrelated,,,0.0004774928092956543,0.002786695957183838
NA2_LAG10_014,NA2_LAG10,2,10,1,4,cascade,C5,True,0.00044596195220947266,0.001175224781036377
NA2_LAG10_014,NA2_LAG10,2,10,1,5,unrelated,,,-0.0006659030914306641,0.017400085926055908
NA2_LAG10_014,NA2_LAG10,2,10,1,6,unrelated,,,-0.0006173253059387207,0.006043672561645508
NA2_LAG10_015,NA2_LAG10,2,10,3,1,unrelated,,,0.0022528767585754395,0.012811601161956787
NA2_LAG10_015,NA2_LAG10,2,10,3,2,unrelated,,,0.0017718672752380371,0.009416580200195312
NA2_LAG10_015,NA2_LAG10,2,10,3,4,cascade,C1,True,0.0008653998374938965,0.0024243593215942383
NA2_LAG10_015,NA2_LAG10,2,10,3,5,unrelated,,,0.0036705732345581055,0.006494402885437012
NA2_LAG10_015,NA2_LAG10,2,10,3,6,mild,C2,False,0.004010021686553955,0.004947364330291748
NA2_LAG10_016,NA2_LAG10,2,10,4,1,mild,C3,True,0.0047119855880737305,0.05829942226409912
NA2_LAG10_016,NA2_LAG10,2,10,4,2,cascade,C3,True,0.0017277002334594727,0.0005807280540466309
NA2_LAG10_016,NA2_LAG10,2,10,4,3,unrelated,,,0.0010039210319519043,0.19611197710037231
NA2_LAG10_016,NA2_LAG10,2,10,4,5,unrelated,,,0.000933527946472168,0.201887309551239
NA2_LAG10_016,NA2_LAG10,2,10,4,6,unrelated,,,-0.0004113316535949707,0.2252848744392395
NA2_LAG10_017,NA2_LAG10,2,10,1,2,mild,C5,False,0.046279728412628174,0.14895367622375488
NA2_LAG10_017,NA2_LAG10,2,10,1,3,unrelated,,,0.04762452840805054,0.145987868309021
NA2_LAG10_017,NA2_LAG10,2,10,1,4,cascade,C2,True,0.013813555240631104,0.14996963739395142
NA2_LAG10_017,NA2_LAG10,2,10,1,5,unrelated,,,0.04649913311004639,0.12873870134353638
NA2_LAG10_017,NA2_LAG10,2,10,1,6,unrelated,,,0.04767400026321411,0.13482409715652466
NA2_LAG10_018,NA2_LAG10,2,10,6,1,mild,C5,False,0.04497933387756348,0.08147048950195312
NA2_LAG10_018,NA2_LAG10,2,10,6,2,unrelated,,,0.04225999116897583,0.07546722888946533
NA2_LAG10_018,NA2_LAG10,2,10,6,3,unrelated,,,0.04716533422470093,0.085263192653656
NA2_LAG10_018,NA2_LAG10,2,10,6,4,mild,C4,False,0.038712143898010254,0.04996335506439209
NA2_LAG10_018,NA2_LAG10,2,10,6,5,unrelated,,,0.04362434148788452,0.09738683700561523
NA2_LAG10_019,NA2_LAG10,2,10,3,1,unrelated,,,0.046997129917144775,0.14620178937911987
NA2_LAG10_019,NA2_LAG10,2,10,3,2,unrelated,,,0.04467564821243286,0.14654380083084106
NA2_LAG10_019,NA2_LAG10,2,10,3,4,mild,C2,True,0.04165041446685791,0.1613444685935974
NA2_LAG10_019,NA2_LAG10,2,10,3,5,unrelated,,,0.042087554931640625,0.15145766735076904
NA2_LAG10_019,NA2_LAG10,2,10,3,6,mild,C2,True,0.03995323181152344,0.1593603491783142
NA2_LAG10_020,NA2_LAG10,2,10,6,1,unrelated,,,0.04495471715927124,0.09477013349533081
NA2_LAG10_020,NA2_LAG10,2,10,6,2,unrelated,,,0.046761274337768555,0.07938265800476074
NA2_LAG10_020,NA2_LAG10,2,10,6,3,mild,C1,False,0.053520917892456055,0.092465341091156
NA2_LAG10_020,NA2_LAG10,2,10,6,4,mild,C2,True,0.03921771049499512,0.0588114857673645
NA2_LAG10_020,NA2_LAG10,2,10,6,5,unrelated,,,0.04201692342758179,0.08449774980545044
NA2_LAG10_021,NA2_LAG10,2,10,5,1,mild,C5,True,0.0005750060081481934,0.014571726322174072
NA2_LAG10_021,NA2_LAG10,2,10,5,2,unrelated,,,5.990266799926758e-05,-0.00383681058883667
NA2_LAG10_021,NA2_LAG10,2,10,5,3,cascade,C5,True,-0.00027114152908325195,0.005844414234161377
NA2_LAG10_021,NA2_LAG10,2,10,5,4,unrelated,,,-5.543231964111328e-05,0.01984083652496338
NA2_LAG10_021,NA2_LAG10,2,10,5,6,unrelated,,,-0.0008515715599060059,0.020005643367767334
NA2_LAG10_022,NA2_LAG10,2,10,5,1,mild,C5,True,-0.0008171796798706055,0.004152059555053711
NA2_LAG10_022,NA2_LAG10,2,10,5,2,unrelated,,,-0.0016874074935913086,0.0035164952278137207
NA2_LAG10_022,NA2_LAG10,2,10,5,3,mild,C5,True,0.0007677078247070312,0.000817716121673584
NA2_LAG10_022,NA2_LAG10,2,10,5,4,unrelated,,,0.000568091869354248,0.008087337017059326
NA2_LAG10_022,NA2_LAG10,2,10,5,6,unrelated,,,-0.00039970874786376953,0.001713573932647705
NA2_LAG10_023,NA2_LAG10,2,10,1,2,unrelated,,,-3.063678741455078e-05,0.04308772087097168
NA2_LAG10_023,NA2_LAG10,2,10,1,3,cascade,C4,True,-0.00023412704467773438,0.003862917423248291
NA2_LAG10_023,NA2_LAG10,2,10,1,4,cascade,C1,False,0.003324449062347412,0.09201574325561523
NA2_LAG10_023,NA2_LAG10,2,10,1,5,unrelated,,,-0.00032711029052734375,0.11131662130355835
NA2_LAG10_023,NA2_LAG10,2,10,1,6,unrelated,,,0.0002079606056213379,0.04412126541137695
NA2_LAG10_024,NA2_LAG10,2,10,1,2,unrelated,,,0.043609797954559326,0.14257115125656128
NA2_LAG10_024,NA2_LAG10,2,10,1,3,cascade,C2,True,0.013331413269042969,0.20814144611358643
NA2_LAG10_024,NA2_LAG10,2,10,1,4,mild,C3,False,0.03233426809310913,0.03614366054534912
NA2_LAG10_024,NA2_LAG10,2,10,1,5,unrelated,,,0.050552964210510254,0.16560602188110352
NA2_LAG10_024,NA2_LAG10,2,10,1,6,unrelated,,,0.04713571071624756,0.14596784114837646
NA2_LAG10_025,NA2_LAG10,2,10,6,1,cascade,C5,False,-0.0002796649932861328,0.2069658637046814
NA2_LAG10_025,NA2_LAG10,2,10,6,2,unrelated,,,-0.00034618377685546875,0.20726603269577026
NA2_LAG10_025,NA2_LAG10,2,10,6,3,cascade,C1,False,0.00035947561264038086,0.21542388200759888
NA2_LAG10_025,NA2_LAG10,2,10,6,4,unrelated,,,0.0007165670394897461,0.198910653591156
NA2_LAG10_025,NA2_LAG10,2,10,6,5,unrelated,,,-0.00012010335922241211,0.20482081174850464
NA2_LAG10_026,NA2_LAG10,2,10,5,1,unrelated,,,-0.0003345012664794922,0.010351240634918213
NA2_LAG10_026,NA2_LAG10,2,10,5,2,unrelated,,,-0.0002040863037109375,0.0010492205619812012
NA2_LAG10_026,NA2_LAG10,2,10,5,3,cascade,C3,False,0.00010979175567626953,0.20245832204818726
NA2_LAG10_026,NA2_LAG10,2,10,5,4,mild,C5,True,-0.000508427619934082,0.0002460479736328125
NA2_LAG10_026,NA2_LAG10,2,10,5,6,unrelated,,,-0.0009756684303283691,0.008526444435119629
NA2_LAG10_027,NA2_LAG10,2,10,5,1,unrelated,,,-0.0005872845649719238,0.0162508487701416
NA2_LAG10_027,NA2_LAG10,2,10,5,2,mild,C4,False,1.9788742065429688e-05,0.008283793926239014
NA2_LAG10_027,NA2_LAG10,2,10,5,3,unrelated,,,-1.0609626770019531e-05,0.011286020278930664
NA2_LAG10_027,NA2_LAG10,2,10,5,4,cascade,C1,False,0.0026998519897460938,0.0191270112991333
NA2_LAG10_027,NA2_LAG10,2,10,5,6,unrelated,,,-0.00045806169509887695,0.009235918521881104
NA2_LAG10_028,NA2_LAG10,2,10,4,1,unrelated,,,0.0005177855491638184,0.01077115535736084
NA2_LAG10_028,NA2_LAG10,2,10,4,2,cascade,C4,False,0.0023903846740722656,0.08389967679977417
NA2_LAG10_028,NA2_LAG10,2,10,4,3,cascade,C1,True,-0.00024390220642089844,0.004228830337524414
NA2_LAG10_028,NA2_LAG10,2,10,4,5,unrelated,,,0.003390789031982422,0.006652355194091797
NA2_LAG10_028,NA2_LAG10,2,10,4,6,unrelated,,,0.0027570128440856934,0.002172112464904785
NA2_LAG10_029,NA2_LAG10,2,10,5,1,unrelated,,,-0.0012761950492858887,0.2373349666595459
NA2_LAG10_029,NA2_LAG10,2,10,5,2,mild,C1,False,-6.198883056640625e-06,0.2153327465057373
NA2_LAG10_029,NA2_LAG10,2,10,5,3,unrelated,,,-0.0002473592758178711,0.21630257368087769
NA2_LAG10_029,NA2_LAG10,2,10,5,4,unrelated,,,-0.0011734962463378906,0.2162107229232788
NA2_LAG10_029,NA2_LAG10,2,10,5,6,mild,C5,False,-0.0008813142776489258,0.21307599544525146
NA2_LAG50_000,NA2_LAG50,2,50,2,1,unrelated,,,-0.0003961920738220215,0.06172686815261841
NA2_LAG50_000,NA2_LAG50,2,50,2,3,unrelated,,,0.0003921389579772949,0.031883299350738525
NA2_LAG50_000,NA2_LAG50,2,50,2,4,unrelated,,,-0.0003745555877685547,0.0249139666557312
NA2_LAG50_000,NA2_LAG50,2,50,2,5,mild,C1,False,0.000552058219909668,0.02661287784576416
NA2_LAG50_000,NA2_LAG50,2,50,2,6,mild,C4,True,0.0011089444160461426,0.058417558670043945
NA2_LAG50_001,NA2_LAG50,2,50,2,1,unrelated,,,0.0016793012619018555,0.0064370036125183105
NA2_LAG50_001,NA2_LAG50,2,50,2,3,unrelated,,,6.651878356933594e-05,0.002208113670349121
NA2_LAG50_001,NA2_LAG50,2,50,2,4,cascade,C5,True,-0.0003477334976196289,-0.0008713006973266602
NA2_LAG50_001,NA2_LAG50,2,50,2,5,unrelated,,,0.0002129077911376953,0.004744231700897217
NA2_LAG50_001,NA2_LAG50,2,50,2,6,cascade,C3,False,-0.0002726912498474121,0.20283812284469604
NA2_LAG50_002,NA2_LAG50,2,50,3,1,unrelated,,,1.710653305053711e-05,0.19891512393951416
NA2_LAG50_002,NA2_LAG50,2,50,3,2,cascade,C3,True,0.0004165768623352051,0.0008521676063537598
NA2_LAG50_002,NA2_LAG50,2,50,3,4,mild,C1,False,5.78761100769043e-05,0.22028464078903198
NA2_LAG50_002,NA2_LAG50,2,50,3,5,unrelated,,,-0.0004538297653198242,0.20043420791625977
NA2_LAG50_002,NA2_LAG50,2,50,3,6,unrelated,,,0.00021135807037353516,0.19725829362869263
NA2_LAG50_003,NA2_LAG50,2,50,6,1,unrelated,,,0.0027607083320617676,0.005277514457702637
NA2_LAG50_003,NA2_LAG50,2,50,6,2,cascade,C2,False,0.013306260108947754,0.1355263590812683
NA2_LAG50_003,NA2_LAG50,2,50,6,3,mild,C5,False,0.00254058837890625,0.00876230001449585
NA2_LAG50_003,NA2_LAG50,2,50,6,4,unrelated,,,0.0034218430519104004,0.0004939436912536621
NA2_LAG50_003,NA2_LAG50,2,50,6,5,unrelated,,,0.002477407455444336,0.0012699365615844727
NA2_LAG50_004,NA2_LAG50,2,50,5,1,unrelated,,,0.04858803749084473,0.12744933366775513
NA2_LAG50_004,NA2_LAG50,2,50,5,2,mild,C2,True,0.053141653537750244,0.041073620319366455
NA2_LAG50_004,NA2_LAG50,2,50,5,3,cascade,C1,False,0.05890268087387085,0.19827932119369507
NA2_LAG50_004,NA2_LAG50,2,50,5,4,unrelated,,,0.04862964153289795,0.11885666847229004
NA2_LAG50_004,NA2_LAG50,2,50,5,6,unrelated,,,0.04483824968338013,0.11076658964157104
NA2_LAG50_005,NA2_LAG50,2,50,1,2,mild,C5,False,-3.510713577270508e-05,0.0506247878074646
NA2_LAG50_005,NA2_LAG50,2,50,1,3,unrelated,,,0.0011620521545410156,0.04308813810348511
NA2_LAG50_005,NA2_LAG50,2,50,1,4,unrelated,,,-2.5272369384765625e-05,0.03888756036758423
NA2_LAG50_005,NA2_LAG50,2,50,1,5,unrelated,,,0.00034242868423461914,0.03584331274032593
NA2_LAG50_005,NA2_LAG50,2,50,1,6,mild,C5,False,0.00034797191619873047,0.05182605981826782
NA2_LAG50_006,NA2_LAG50,2,50,3,1,mild,C2,True,0.04295611381530762,0.03570979833602905
NA2_LAG50_006,NA2_LAG50,2,50,3,2,unrelated,,,0.043482840061187744,0.16004014015197754
NA2_LAG50_006,NA2_LAG50,2,50,3,4,unrelated,,,0.04507613182067871,0.14855462312698364
NA2_LAG50_006,NA2_LAG50,2,50,3,5,unrelated,,,0.04423928260803223,0.15569818019866943
NA2_LAG50_006,NA2_LAG50,2,50,3,6,cascade,C3,False,0.04563558101654053,0.07059115171432495
NA2_LAG50_007,NA2_LAG50,2,50,3,1,cascade,C3,True,-0.0009957551956176758,-0.0010341405868530273
NA2_LAG50_007,NA2_LAG50,2,50,3,2,unrelated,,,-0.00041747093200683594,0.20575451850891113
NA2_LAG50_007,NA2_LAG50,2,50,3,4,unrelated,,,-0.0010344982147216797,0.2146814465522766
NA2_LAG50_007,NA2_LAG50,2,50,3,5,unrelated,,,-0.0016093850135803223,0.20945465564727783
NA2_LAG50_007,NA2_LAG50,2,50,3,6,mild,C5,False,-0.0003619194030761719,0.2159392237663269
NA2_LAG50_008,NA2_LAG50,2,50,3,1,mild,C3,True,0.002184748649597168,0.030001699924468994
NA2_LAG50_008,NA2_LAG50,2,50,3,2,unrelated,,,-0.00017052888870239258,0.22211158275604248
NA2_LAG50_008,NA2_LAG50,2,50,3,4,mild,C1,False,0.00015550851821899414,0.21722060441970825
NA2_LAG50_008,NA2_LAG50,2,50,3,5,unrelated,,,-0.0005654692649841309,0.22602945566177368
NA2_LAG50_008,NA2_LAG50,2,50,3,6,unrelated,,,-0.00022941827774047852,0.2111768126487732
NA2_LAG50_009,NA2_LAG50,2,50,6,1,unrelated,,,0.0013579726219177246,0.021969497203826904
NA2_LAG50_009,NA2_LAG50,2,50,6,2,cascade,C1,True,-0.0007557868957519531,0.003958761692047119
NA2_LAG50_009,NA2_LAG50,2,50,6,3,cascade,C5,False,0.0020578503608703613,0.030714333057403564
NA2_LAG50_009,NA2_LAG50,2,50,6,4,unrelated,,,0.001381516456604004,0.020375728607177734
NA2_LAG50_009,NA2_LAG50,2,50,6,5,unrelated,,,0.000889897346496582,0.02349245548248291
NA2_LAG50_010,NA2_LAG50,2,50,5,1,unrelated,,,-0.00026798248291015625,0.0851319432258606
NA2_LAG50_010,NA2_LAG50,2,50,5,2,cascade,C4,True,-0.00029337406158447266,0.03907090425491333
NA2_LAG50_010,NA2_LAG50,2,50,5,3,unrelated,,,-0.00024253129959106445,0.09359806776046753
NA2_LAG50_010,NA2_LAG50,2,50,5,4,unrelated,,,0.0005625486373901367,0.09721136093139648
NA2_LAG50_010,NA2_LAG50,2,50,5,6,mild,C1,False,0.0007097721099853516,0.11607426404953003
NA2_LAG50_011,NA2_LAG50,2,50,2,1,cascade,C4,False,0.0023611783981323242,0.06675320863723755
NA2_LAG50_011,NA2_LAG50,2,50,2,3,mild,C1,True,-0.0008276700973510742,0.010112643241882324
NA2_LAG50_011,NA2_LAG50,2,50,2,4,unrelated,,,0.0013295412063598633,0.011956751346588135
NA2_LAG50_011,NA2_LAG50,2,50,2,5,unrelated,,,0.0037723779678344727,0.018818676471710205
NA2_LAG50_011,NA2_LAG50,2,50,2,6,unrelated,,,0.001983821392059326,0.024663090705871582
NA2_LAG50_012,NA2_LAG50,2,50,5,1,cascade,C4,False,0.0015004277229309082,0.1431254744529724
NA2_LAG50_012,NA2_LAG50,2,50,5,2,unrelated,,,0.0022431612014770508,0.018719971179962158
NA2_LAG50_012,NA2_LAG50,2,50,5,3,unrelated,,,0.0038847923278808594,0.021067500114440918
NA2_LAG50_012,NA2_LAG50,2,50,5,4,unrelated,,,0.0014464259147644043,0.005143344402313232
NA2_LAG50_012,NA2_LAG50,2,50,5,6,mild,C4,False,0.0024207234382629395,0.04059457778930664
NA2_LAG50_013,NA2_LAG50,2,50,1,2,unrelated,,,0.0018781423568725586,0.003028690814971924
NA2_LAG50_013,NA2_LAG50,2,50,1,3,unrelated,,,0.0028620362281799316,0.014875292778015137
NA2_LAG50_013,NA2_LAG50,2,50,1,4,unrelated,,,0.0033156871795654297,0.013132631778717041
NA2_LAG50_013,NA2_LAG50,2,50,1,5,mild,C1,True,0.0015254616737365723,0.016973495483398438
NA2_LAG50_013,NA2_LAG50,2,50,1,6,cascade,C1,True,0.0006108880043029785,0.00596010684967041
NA2_LAG50_014,NA2_LAG50,2,50,1,2,unrelated,,,0.001895129680633545,0.013739466667175293
NA2_LAG50_014,NA2_LAG50,2,50,1,3,mild,C5,False,0.0017641186714172363,0.018059909343719482
NA2_LAG50_014,NA2_LAG50,2,50,1,4,unrelated,,,0.0015213489532470703,0.018505752086639404
NA2_LAG50_014,NA2_LAG50,2,50,1,5,cascade,C1,True,7.867813110351562e-06,-0.00046539306640625
NA2_LAG50_014,NA2_LAG50,2,50,1,6,unrelated,,,0.0021532773971557617,0.034777700901031494
NA2_LAG50_015,NA2_LAG50,2,50,5,1,unrelated,,,0.0030080080032348633,0.005226790904998779
NA2_LAG50_015,NA2_LAG50,2,50,5,2,cascade,C3,False,0.0020223259925842285,0.19328343868255615
NA2_LAG50_015,NA2_LAG50,2,50,5,3,unrelated,,,0.0037686824798583984,0.0009273290634155273
NA2_LAG50_015,NA2_LAG50,2,50,5,4,mild,C1,True,0.00259321928024292,0.0023873448371887207
NA2_LAG50_015,NA2_LAG50,2,50,5,6,unrelated,,,0.0031852126121520996,-0.0031604766845703125
NA2_LAG50_016,NA2_LAG50,2,50,6,1,unrelated,,,0.0410541296005249,0.1103663444519043
NA2_LAG50_016,NA2_LAG50,2,50,6,2,unrelated,,,0.04550999402999878,0.11088365316390991
NA2_LAG50_016,NA2_LAG50,2,50,6,3,mild,C2,True,0.04215794801712036,0.026158690452575684
NA2_LAG50_016,NA2_LAG50,2,50,6,4,mild,C3,False,0.03755265474319458,0.04570639133453369
NA2_LAG50_016,NA2_LAG50,2,50,6,5,unrelated,,,0.04306137561798096,0.09833753108978271
NA2_LAG50_017,NA2_LAG50,2,50,5,1,unrelated,,,-0.0001996755599975586,0.06639587879180908
NA2_LAG50_017,NA2_LAG50,2,50,5,2,mild,C2,False,0.00020754337310791016,0.1286056637763977
NA2_LAG50_017,NA2_LAG50,2,50,5,3,cascade,C3,False,-0.00027066469192504883,0.2383825182914734
NA2_LAG50_017,NA2_LAG50,2,50,5,4,unrelated,,,-0.00018590688705444336,0.03687870502471924
NA2_LAG50_017,NA2_LAG50,2,50,5,6,unrelated,,,-0.001136183738708496,0.05868852138519287
NA2_LAG50_018,NA2_LAG50,2,50,5,1,unrelated,,,-0.00045740604400634766,0.005845606327056885
NA2_LAG50_018,NA2_LAG50,2,50,5,2,cascade,C5,True,-0.0011745691299438477,0.0016636252403259277
NA2_LAG50_018,NA2_LAG50,2,50,5,3,mild,C2,False,0.00020802021026611328,0.10384708642959595
NA2_LAG50_018,NA2_LAG50,2,50,5,4,unrelated,,,-0.0005667209625244141,0.008122742176055908
NA2_LAG50_018,NA2_LAG50,2,50,5,6,unrelated,,,-0.0002326369285583496,0.011910200119018555
NA2_LAG50_019,NA2_LAG50,2,50,6,1,unrelated,,,3.55839729309082e-05,0.04109013080596924
NA2_LAG50_019,NA2_LAG50,2,50,6,2,unrelated,,,8.958578109741211e-05,0.02503335475921631
NA2_LAG50_019,NA2_LAG50,2,50,6,3,cascade,C3,False,-0.00029391050338745117,0.2385539412498474
NA2_LAG50_019,NA2_LAG50,2,50,6,4,unrelated,,,-0.0002695322036743164,0.04800260066986084
NA2_LAG50_019,NA2_LAG50,2,50,6,5,cascade,C3,False,0.0005711913108825684,0.2284470796585083
NA2_LAG50_020,NA2_LAG50,2,50,5,1,cascade,C4,True,-0.0007165670394897461,0.009409606456756592
NA2_LAG50_020,NA2_LAG50,2,50,5,2,unrelated,,,0.0009014606475830078,0.08380597829818726
NA2_LAG50_020,NA2_LAG50,2,50,5,3,unrelated,,,-0.00017625093460083008,0.09585142135620117
NA2_LAG50_020,NA2_LAG50,2,50,5,4,mild,C4,True,0.001124739646911621,0.12016904354095459
NA2_LAG50_020,NA2_LAG50,2,50,5,6,unrelated,,,0.0008851885795593262,0.0871586799621582
NA2_LAG50_021,NA2_LAG50,2,50,2,1,unrelated,,,0.003030836582183838,0.00995790958404541
NA2_LAG50_021,NA2_LAG50,2,50,2,3,cascade,C1,True,0.000390470027923584,0.009224116802215576
NA2_LAG50_021,NA2_LAG50,2,50,2,4,cascade,C1,True,-0.0006275773048400879,0.005993306636810303
NA2_LAG50_021,NA2_LAG50,2,50,2,5,unrelated,,,0.0017317533493041992,0.013858020305633545
NA2_LAG50_021,NA2_LAG50,2,50,2,6,unrelated,,,0.0030221939086914062,0.009868323802947998
NA2_LAG50_022,NA2_LAG50,2,50,5,1,cascade,C2,True,0.028902649879455566,0.18684494495391846
NA2_LAG50_022,NA2_LAG50,2,50,5,2,unrelated,,,0.04947096109390259,0.19617807865142822
NA2_LAG50_022,NA2_LAG50,2,50,5,3,mild,C4,False,0.046679556369781494,0.17435526847839355
NA2_LAG50_022,NA2_LAG50,2,50,5,4,unrelated,,,0.0486530065536499,0.2089647650718689
NA2_LAG50_022,NA2_LAG50,2,50,5,6,unrelated,,,0.047889649868011475,0.18492746353149414
NA2_LAG50_023,NA2_LAG50,2,50,6,1,unrelated,,,0.002962768077850342,0.030967295169830322
NA2_LAG50_023,NA2_LAG50,2,50,6,2,cascade,C5,False,0.0017327070236206055,0.03611093759536743
NA2_LAG50_023,NA2_LAG50,2,50,6,3,unrelated,,,0.0036716461181640625,0.007243514060974121
NA2_LAG50_023,NA2_LAG50,2,50,6,4,unrelated,,,0.0031602978706359863,0.007928907871246338
NA2_LAG50_023,NA2_LAG50,2,50,6,5,cascade,C1,True,0.00028133392333984375,0.0023085474967956543
NA2_LAG50_024,NA2_LAG50,2,50,5,1,cascade,C4,False,0.0010995268821716309,0.24022811651229858
NA2_LAG50_024,NA2_LAG50,2,50,5,2,unrelated,,,0.00011837482452392578,0.19507449865341187
NA2_LAG50_024,NA2_LAG50,2,50,5,3,unrelated,,,0.0015262961387634277,0.22883915901184082
NA2_LAG50_024,NA2_LAG50,2,50,5,4,mild,C3,True,0.0017629265785217285,0.054103314876556396
NA2_LAG50_024,NA2_LAG50,2,50,5,6,unrelated,,,0.0011668801307678223,0.20938891172409058
NA2_LAG50_025,NA2_LAG50,2,50,1,2,unrelated,,,-0.00027692317962646484,0.04567062854766846
NA2_LAG50_025,NA2_LAG50,2,50,1,3,unrelated,,,-0.0007271170616149902,0.03354644775390625
NA2_LAG50_025,NA2_LAG50,2,50,1,4,cascade,C4,True,-2.580881118774414e-05,0.019306600093841553
NA2_LAG50_025,NA2_LAG50,2,50,1,5,unrelated,,,0.00028842687606811523,0.03173065185546875
NA2_LAG50_025,NA2_LAG50,2,50,1,6,cascade,C5,False,0.000479280948638916,0.08807456493377686
NA2_LAG50_026,NA2_LAG50,2,50,1,2,unrelated,,,-1.4543533325195312e-05,0.03368270397186279
NA2_LAG50_026,NA2_LAG50,2,50,1,3,unrelated,,,-1.52587890625e-05,0.052258312702178955
NA2_LAG50_026,NA2_LAG50,2,50,1,4,mild,C3,False,0.0019811391830444336,0.16688811779022217
NA2_LAG50_026,NA2_LAG50,2,50,1,5,unrelated,,,-0.0004988312721252441,0.024277806282043457
NA2_LAG50_026,NA2_LAG50,2,50,1,6,cascade,C2,False,0.008904218673706055,0.23034745454788208
NA2_LAG50_027,NA2_LAG50,2,50,4,1,cascade,C1,False,0.0011242032051086426,0.20490556955337524
NA2_LAG50_027,NA2_LAG50,2,50,4,2,cascade,C2,False,0.009070158004760742,0.026028037071228027
NA2_LAG50_027,NA2_LAG50,2,50,4,3,unrelated,,,-0.0005106925964355469,0.2070469856262207
NA2_LAG50_027,NA2_LAG50,2,50,4,5,unrelated,,,-0.0005741119384765625,0.21227914094924927
NA2_LAG50_027,NA2_LAG50,2,50,4,6,unrelated,,,-0.0010716915130615234,0.20088815689086914
NA2_LAG50_028,NA2_LAG50,2,50,4,1,cascade,C5,True,-0.0005946755409240723,0.003282606601715088
NA2_LAG50_028,NA2_LAG50,2,50,4,2,unrelated,,,-0.0007132291793823242,0.015220701694488525
NA2_LAG50_028,NA2_LAG50,2,50,4,3,unrelated,,,0.00016260147094726562,-0.0021155476570129395
NA2_LAG50_028,NA2_LAG50,2,50,4,5,unrelated,,,-0.0008139610290527344,7.331371307373047e-05
NA2_LAG50_028,NA2_LAG50,2,50,4,6,cascade,C5,True,0.00010329484939575195,0.002142965793609619
NA2_LAG50_029,NA2_LAG50,2,50,6,1,mild,C5,True,0.00034177303314208984,0.003026306629180908
NA2_LAG50_029,NA2_LAG50,2,50,6,2,unrelated,,,0.0013060569763183594,0.0010625123977661133
NA2_LAG50_029,NA2_LAG50,2,50,6,3,unrelated,,,5.936622619628906e-05,0.0026044249534606934
NA2_LAG50_029,NA2_LAG50,2,50,6,4,unrelated,,,0.0005892515182495117,0.0047299861907958984
NA2_LAG50_029,NA2_LAG50,2,50,6,5,cascade,C4,False,-0.00020360946655273438,0.04542809724807739
NA3_LAG10_000,NA3_LAG10,3,10,4,1,cascade,C2,True,0.01319199800491333,0.1404774785041809
NA3_LAG10_000,NA3_LAG10,3,10,4,2,unrelated,,,0.05169636011123657,0.13488221168518066
NA3_LAG10_000,NA3_LAG10,3,10,4,3,mild,C2,True,0.04588580131530762,0.16595995426177979
NA3_LAG10_000,NA3_LAG10,3,10,4,5,mild,C3,False,0.03420907258987427,0.0735163688659668
NA3_LAG10_000,NA3_LAG10,3,10,4,6,unrelated,,,0.05371946096420288,0.17034363746643066
NA3_LAG10_001,NA3_LAG10,3,10,2,1,unrelated,,,0.003507852554321289,0.016338109970092773
NA3_LAG10_001,NA3_LAG10,3,10,2,3,cascade,C4,False,0.0022692084312438965,0.04988914728164673
NA3_LAG10_001,NA3_LAG10,3,10,2,4,mild,C1,True,0.0016968846321105957,0.019871890544891357
NA3_LAG10_001,NA3_LAG10,3,10,2,5,mild,C1,True,7.766485214233398e-05,0.014285564422607422
NA3_LAG10_001,NA3_LAG10,3,10,2,6,unrelated,,,0.003660261631011963,0.022912144660949707
NA3_LAG10_002,NA3_LAG10,3,10,4,1,cascade,C2,True,0.014027833938598633,0.19348716735839844
NA3_LAG10_002,NA3_LAG10,3,10,4,2,mild,C3,False,0.03311276435852051,0.15236985683441162
NA3_LAG10_002,NA3_LAG10,3,10,4,3,unrelated,,,0.052999019622802734,0.0884600281715393
NA3_LAG10_002,NA3_LAG10,3,10,4,5,unrelated,,,0.05174088478088379,0.0653601884841919
NA3_LAG10_002,NA3_LAG10,3,10,4,6,mild,C5,False,0.05219918489456177,0.05377155542373657
NA3_LAG10_003,NA3_LAG10,3,10,6,1,cascade,C2,False,0.022410929203033447,0.10771292448043823
NA3_LAG10_003,NA3_LAG10,3,10,6,2,unrelated,,,-0.0001036524772644043,0.0009421706199645996
NA3_LAG10_003,NA3_LAG10,3,10,6,3,mild,C5,True,-0.0002855062484741211,-0.0006867647171020508
NA3_LAG10_003,NA3_LAG10,3,10,6,4,unrelated,,,-0.00042068958282470703,0.0005156993865966797
NA3_LAG10_003,NA3_LAG10,3,10,6,5,mild,C2,False,0.000194549560546875,0.00032269954681396484
NA3_LAG10_004,NA3_LAG10,3,10,6,1,cascade,C5,True,-0.0004862546920776367,0.005408048629760742
NA3_LAG10_004,NA3_LAG10,3,10,6,2,unrelated,,,-0.0004824399948120117,0.00814729928970337
NA3_LAG10_004,NA3_LAG10,3,10,6,3,cascade,C4,False,-0.00022488832473754883,0.04825127124786377
NA3_LAG10_004,NA3_LAG10,3,10,6,4,unrelated,,,-0.0006734728813171387,0.007214725017547607
NA3_LAG10_004,NA3_LAG10,3,10,6,5,cascade,C5,True,-0.0002899765968322754,-0.0017875432968139648
NA3_LAG10_005,NA3_LAG10,3,10,6,1,unrelated,,,-0.0007357597351074219,0.0331379771232605
NA3_LAG10_005,NA3_LAG10,3,10,6,2,cascade,C5,True,-0.0007904171943664551,0.0019161701202392578
NA3_LAG10_005,NA3_LAG10,3,10,6,3,mild,C4,False,-0.00018960237503051758,0.023343205451965332
NA3_LAG10_005,NA3_LAG10,3,10,6,4,cascade,C2,False,0.019918859004974365,0.19368642568588257
NA3_LAG10_005,NA3_LAG10,3,10,6,5,unrelated,,,-0.0009594559669494629,0.04061329364776611
NA3_LAG10_006,NA3_LAG10,3,10,3,1,unrelated,,,0.0047814249992370605,0.014571547508239746
NA3_LAG10_006,NA3_LAG10,3,10,3,2,mild,C3,False,0.010417580604553223,0.11004054546356201
NA3_LAG10_006,NA3_LAG10,3,10,3,4,cascade,C5,False,0.0016191601753234863,0.029646217823028564
NA3_LAG10_006,NA3_LAG10,3,10,3,5,mild,C4,False,0.004492461681365967,0.021510720252990723
NA3_LAG10_006,NA3_LAG10,3,10,3,6,unrelated,,,0.0029434561729431152,0.011836111545562744
NA3_LAG10_007,NA3_LAG10,3,10,6,1,mild,C2,True,0.05139279365539551,0.07175236940383911
NA3_LAG10_007,NA3_LAG10,3,10,6,2,unrelated,,,0.055189549922943115,0.09647351503372192
NA3_LAG10_007,NA3_LAG10,3,10,6,3,mild,C1,False,0.06169837713241577,0.11318731307983398
NA3_LAG10_007,NA3_LAG10,3,10,6,4,mild,C1,False,0.05867356061935425,0.08470582962036133
NA3_LAG10_007,NA3_LAG10,3,10,6,5,unrelated,,,0.05619955062866211,0.07773131132125854
NA3_LAG10_008,NA3_LAG10,3,10,1,2,cascade,C3,True,-0.0002700686454772949,0.00036728382110595703
NA3_LAG10_008,NA3_LAG10,3,10,1,3,mild,C5,False,-0.00046646595001220703,0.2002086639404297
NA3_LAG10_008,NA3_LAG10,3,10,1,4,unrelated,,,-0.0007375478744506836,0.20865190029144287
NA3_LAG10_008,NA3_LAG10,3,10,1,5,unrelated,,,-0.00039952993392944336,0.1837930679321289
NA3_LAG10_008,NA3_LAG10,3,10,1,6,mild,C1,False,-0.000536799430847168,0.2080594301223755
NA3_LAG10_009,NA3_LAG10,3,10,2,1,unrelated,,,0.0001348257064819336,0.21616655588150024
NA3_LAG10_009,NA3_LAG10,3,10,2,3,cascade,C1,False,0.0029946565628051758,0.2082034945487976
NA3_LAG10_009,NA3_LAG10,3,10,2,4,unrelated,,,0.0006755590438842773,0.1976848840713501
NA3_LAG10_009,NA3_LAG10,3,10,2,5,cascade,C2,False,0.02938699722290039,0.24418485164642334
NA3_LAG10_009,NA3_LAG10,3,10,2,6,mild,C3,True,0.0055533647537231445,0.043108582496643066
NA3_LAG10_010,NA3_LAG10,3,10,2,1,unrelated,,,-0.0005527734756469727,0.09510260820388794
NA3_LAG10_010,NA3_LAG10,3,10,2,3,cascade,C4,True,-0.00043088197708129883,0.007691383361816406
NA3_LAG10_010,NA3_LAG10,3,10,2,4,mild,C3,False,0.004720807075500488,0.19709855318069458
NA3_LAG10_010,NA3_LAG10,3,10,2,5,unrelated,,,-0.0007141828536987305,0.08484011888504028
NA3_LAG10_010,NA3_LAG10,3,10,2,6,cascade,C1,False,0.0022002458572387695,0.09102874994277954
NA3_LAG10_011,NA3_LAG10,3,10,6,1,cascade,C3,False,-0.0002568960189819336,0.22385001182556152
NA3_LAG10_011,NA3_LAG10,3,10,6,2,unrelated,,,-0.00045609474182128906,0.0659250020980835
NA3_LAG10_011,NA3_LAG10,3,10,6,3,mild,C4,True,0.00022470951080322266,0.05542325973510742
NA3_LAG10_011,NA3_LAG10,3,10,6,4,cascade,C4,True,-0.0003814101219177246,0.023214340209960938
NA3_LAG10_011,NA3_LAG10,3,10,6,5,unrelated,,,0.0004628300666809082,0.04922062158584595
NA3_LAG10_012,NA3_LAG10,3,10,3,1,unrelated,,,-0.0004557967185974121,0.05784034729003906
NA3_LAG10_012,NA3_LAG10,3,10,3,2,unrelated,,,0.0009897351264953613,0.06795740127563477
NA3_LAG10_012,NA3_LAG10,3,10,3,4,mild,C2,False,-0.0011434555053710938,0.09683024883270264
NA3_LAG10_012,NA3_LAG10,3,10,3,5,mild,C4,True,0.00019443035125732422,0.09905135631561279
NA3_LAG10_012,NA3_LAG10,3,10,3,6,mild,C1,False,0.00017559528350830078,0.08198374509811401
NA3_LAG10_013,NA3_LAG10,3,10,3,1,cascade,C4,False,-0.00010335445404052734,0.11485475301742554
NA3_LAG10_013,NA3_LAG10,3,10,3,2,unrelated,,,-0.0004882216453552246,0.013318955898284912
NA3_LAG10_013,NA3_LAG10,3,10,3,4,cascade,C3,False,0.0008332133293151855,0.2066543698310852
NA3_LAG10_013,NA3_LAG10,3,10,3,5,cascade,C5,True,-0.0008990764617919922,0.0006780028343200684
NA3_LAG10_013,NA3_LAG10,3,10,3,6,unrelated,,,-0.0006962418556213379,0.021675527095794678
NA3_LAG10_014,NA3_LAG10,3,10,4,1,unrelated,,,-0.0009993314743041992,0.05237305164337158
NA3_LAG10_014,NA3_LAG10,3,10,4,2,cascade,C4,True,-0.0006783604621887207,0.04311323165893555
NA3_LAG10_014,NA3_LAG10,3,10,4,3,unrelated,,,-8.797645568847656e-05,0.09795767068862915
NA3_LAG10_014,NA3_LAG10,3,10,4,5,mild,C5,False,-0.0008789896965026855,0.08974730968475342
NA3_LAG10_014,NA3_LAG10,3,10,4,6,mild,C3,False,0.005323827266693115,0.17222589254379272
NA3_LAG10_015,NA3_LAG10,3,10,1,2,mild,C5,True,-0.0002962350845336914,0.010952651500701904
NA3_LAG10_015,NA3_LAG10,3,10,1,3,mild,C2,False,-3.933906555175781e-06,0.004296600818634033
NA3_LAG10_015,NA3_LAG10,3,10,1,4,unrelated,,,-0.00016999244689941406,0.00118333101272583
NA3_LAG10_015,NA3_LAG10,3,10,1,5,mild,C5,True,-0.0012682676315307617,-0.0017113089561462402
NA3_LAG10_015,NA3_LAG10,3,10,1,6,unrelated,,,7.355213165283203e-05,0.008191585540771484
NA3_LAG10_016,NA3_LAG10,3,10,1,2,unrelated,,,0.041210293769836426,0.040879130363464355
NA3_LAG10_016,NA3_LAG10,3,10,1,3,cascade,C2,True,0.006971597671508789,0.18169492483139038
NA3_LAG10_016,NA3_LAG10,3,10,1,4,mild,C2,True,0.033397555351257324,0.0359305739402771
NA3_LAG10_016,NA3_LAG10,3,10,1,5,unrelated,,,0.041301608085632324,0.06279724836349487
NA3_LAG10_016,NA3_LAG10,3,10,1,6,cascade,C2,True,0.01165628433227539,0.11686956882476807
NA3_LAG10_017,NA3_LAG10,3,10,5,1,mild,C4,False,0.04717785120010376,0.03268623352050781
NA3_LAG10_017,NA3_LAG10,3,10,5,2,mild,C5,False,0.05064588785171509,0.08313614130020142
NA3_LAG10_017,NA3_LAG10,3,10,5,3,cascade,C1,False,0.05414295196533203,0.12739771604537964
NA3_LAG10_017,NA3_LAG10,3,10,5,4,unrelated,,,0.053835391998291016,0.10180217027664185
NA3_LAG10_017,NA3_LAG10,3,10,5,6,unrelated,,,0.04938793182373047,0.12012600898742676
NA3_LAG10_018,NA3_LAG10,3,10,2,1,unrelated,,,0.0021699070930480957,0.0029657483100891113
NA3_LAG10_018,NA3_LAG10,3,10,2,3,cascade,C1,True,-0.0011770129203796387,0.005707085132598877
NA3_LAG10_018,NA3_LAG10,3,10,2,4,mild,C3,False,0.0095750093460083,0.12117958068847656
NA3_LAG10_018,NA3_LAG10,3,10,2,5,mild,C1,True,0.0007964968681335449,0.005721032619476318
NA3_LAG10_018,NA3_LAG10,3,10,2,6,unrelated,,,0.0013968944549560547,0.010098040103912354
NA3_LAG10_019,NA3_LAG10,3,10,2,1,cascade,C2,True,0.014105498790740967,0.19250696897506714
NA3_LAG10_019,NA3_LAG10,3,10,2,3,unrelated,,,0.04851764440536499,0.09060168266296387
NA3_LAG10_019,NA3_LAG10,3,10,2,4,cascade,C5,False,0.04634559154510498,0.08572167158126831
NA3_LAG10_019,NA3_LAG10,3,10,2,5,unrelated,,,0.04870110750198364,0.10400587320327759
NA3_LAG10_019,NA3_LAG10,3,10,2,6,mild,C3,False,0.03250420093536377,0.20077455043792725
NA3_LAG10_020,NA3_LAG10,3,10,2,1,mild,C2,False,-0.00043070316314697266,0.20762300491333008
NA3_LAG10_020,NA3_LAG10,3,10,2,3,cascade,C2,False,0.024348676204681396,0.26396799087524414
NA3_LAG10_020,NA3_LAG10,3,10,2,4,unrelated,,,-0.0009223818778991699,0.19345378875732422
NA3_LAG10_020,NA3_LAG10,3,10,2,5,unrelated,,,-5.0961971282958984e-05,0.20173704624176025
NA3_LAG10_020,NA3_LAG10,3,10,2,6,mild,C3,True,0.0038976669311523438,0.06909352540969849
NA3_LAG10_021,NA3_LAG10,3,10,4,1,mild,C2,False,0.004047095775604248,0.010428786277770996
NA3_LAG10_021,NA3_LAG10,3,10,4,2,unrelated,,,0.002874910831451416,0.021538913249969482
NA3_LAG10_021,NA3_LAG10,3,10,4,3,unrelated,,,0.0028980374336242676,0.002125382423400879
NA3_LAG10_021,NA3_LAG10,3,10,4,5,mild,C1,True,0.00030493736267089844,0.0017687678337097168
NA3_LAG10_021,NA3_LAG10,3,10,4,6,cascade,C1,True,-0.000512242317199707,-0.0032625198364257812
NA3_LAG10_022,NA3_LAG10,3,10,2,1,mild,C1,False,0.00016814470291137695,0.22598445415496826
NA3_LAG10_022,NA3_LAG10,3,10,2,3,unrelated,,,0.0003666877746582031,0.20497334003448486
NA3_LAG10_022,NA3_LAG10,3,10,2,4,mild,C3,True,0.004169762134552002,0.057764530181884766
NA3_LAG10_022,NA3_LAG10,3,10,2,5,cascade,C1,False,0.0035826563835144043,0.19151240587234497
NA3_LAG10_022,NA3_LAG10,3,10,2,6,unrelated,,,-0.0006108880043029785,0.19955068826675415
NA3_LAG10_023,NA3_LAG10,3,10,4,1,mild,C1,False,0.06614470481872559,0.1933085322380066
NA3_LAG10_023,NA3_LAG10,3,10,4,2,cascade,C3,False,0.05830037593841553,0.0982431173324585
NA3_LAG10_023,NA3_LAG10,3,10,4,3,mild,C4,False,0.06542831659317017,0.11777663230895996
NA3_LAG10_023,NA3_LAG10,3,10,4,5,unrelated,,,0.062164485454559326,0.15801095962524414
NA3_LAG10_023,NA3_LAG10,3,10,4,6,unrelated,,,0.06362855434417725,0.1513044238090515
NA3_LAG10_024,NA3_LAG10,3,10,1,2,mild,C2,True,0.041976094245910645,0.08225411176681519
NA3_LAG10_024,NA3_LAG10,3,10,1,3,mild,C5,False,0.045758068561553955,0.11807173490524292
NA3_LAG10_024,NA3_LAG10,3,10,1,4,unrelated,,,0.04301631450653076,0.10664874315261841
NA3_LAG10_024,NA3_LAG10,3,10,1,5,unrelated,,,0.042416930198669434,0.09209728240966797
NA3_LAG10_024,NA3_LAG10,3,10,1,6,mild,C4,False,0.039409101009368896,0.09544521570205688
NA3_LAG10_025,NA3_LAG10,3,10,4,1,unrelated,,,0.059275031089782715,0.14623123407363892
NA3_LAG10_025,NA3_LAG10,3,10,4,2,cascade,C2,True,0.01716601848602295,0.2951163649559021
NA3_LAG10_025,NA3_LAG10,3,10,4,3,mild,C1,False,0.061550676822662354,0.1477971076965332
NA3_LAG10_025,NA3_LAG10,3,10,4,5,unrelated,,,0.058854520320892334,0.14748317003250122
NA3_LAG10_025,NA3_LAG10,3,10,4,6,cascade,C2,True,0.017178237438201904,0.29515916109085083
NA3_LAG10_026,NA3_LAG10,3,10,6,1,unrelated,,,0.04646563529968262,0.19731491804122925
NA3_LAG10_026,NA3_LAG10,3,10,6,2,cascade,C5,False,0.05067211389541626,0.22930121421813965
NA3_LAG10_026,NA3_LAG10,3,10,6,3,unrelated,,,0.04771500825881958,0.21104323863983154
NA3_LAG10_026,NA3_LAG10,3,10,6,4,mild,C2,True,0.041031062602996826,0.21091067790985107
NA3_LAG10_026,NA3_LAG10,3,10,6,5,cascade,C5,False,0.04516726732254028,0.21191668510437012
NA3_LAG10_027,NA3_LAG10,3,10,2,1,unrelated,,,0.002006232738494873,0.0016366243362426758
NA3_LAG10_027,NA3_LAG10,3,10,2,3,cascade,C5,False,0.0028806328773498535,0.008810937404632568
NA3_LAG10_027,NA3_LAG10,3,10,2,4,unrelated,,,0.0018120408058166504,0.00220334529876709
NA3_LAG10_027,NA3_LAG10,3,10,2,5,mild,C4,False,0.00513535737991333,0.023457646369934082
NA3_LAG10_027,NA3_LAG10,3,10,2,6,cascade,C1,True,-0.00027179718017578125,0.012453198432922363
NA3_LAG10_028,NA3_LAG10,3,10,6,1,unrelated,,,-0.0011973977088928223,0.21429139375686646
NA3_LAG10_028,NA3_LAG10,3,10,6,2,cascade,C2,False,0.023320317268371582,0.24723827838897705
NA3_LAG10_028,NA3_LAG10,3,10,6,3,mild,C1,False,0.0005851984024047852,0.22446614503860474
NA3_LAG10_028,NA3_LAG10,3,10,6,4,unrelated,,,-0.00046432018280029297,0.20207631587982178
NA3_LAG10_028,NA3_LAG10,3,10,6,5,cascade,C3,True,0.0003535747528076172,-0.0013474822044372559
NA3_LAG10_029,NA3_LAG10,3,10,5,1,unrelated,,,-0.0007196664810180664,0.20753830671310425
NA3_LAG10_029,NA3_LAG10,3,10,5,2,cascade,C3,True,-0.000283658504486084,-0.001642763614654541
NA3_LAG10_029,NA3_LAG10,3,10,5,3,mild,C4,False,-0.001198887825012207,0.14549940824508667
NA3_LAG10_029,NA3_LAG10,3,10,5,4,cascade,C3,True,0.0005425214767456055,-0.0025659799575805664
NA3_LAG10_029,NA3_LAG10,3,10,5,6,unrelated,,,-0.0004321932792663574,0.2144031524658203
NA3_LAG50_000,NA3_LAG50,3,50,2,1,mild,C5,True,0.000561833381652832,0.002207159996032715
NA3_LAG50_000,NA3_LAG50,3,50,2,3,unrelated,,,-7.236003875732422e-05,0.0017449259757995605
NA3_LAG50_000,NA3_LAG50,3,50,2,4,cascade,C3,False,0.000637054443359375,0.20839965343475342
NA3_LAG50_000,NA3_LAG50,3,50,2,5,cascade,C1,False,0.003742992877960205,0.03941303491592407
NA3_LAG50_000,NA3_LAG50,3,50,2,6,unrelated,,,-0.0003159046173095703,0.016894400119781494
NA3_LAG50_001,NA3_LAG50,3,50,1,2,cascade,C5,False,-0.000867307186126709,0.011850833892822266
NA3_LAG50_001,NA3_LAG50,3,50,1,3,cascade,C4,True,-0.0003522634506225586,0.020664632320404053
NA3_LAG50_001,NA3_LAG50,3,50,1,4,mild,C4,True,0.0007551312446594238,0.018178582191467285
NA3_LAG50_001,NA3_LAG50,3,50,1,5,unrelated,,,0.0007947087287902832,0.04355901479721069
NA3_LAG50_001,NA3_LAG50,3,50,1,6,unrelated,,,-4.1604042053222656e-05,0.03649789094924927
NA3_LAG50_002,NA3_LAG50,3,50,2,1,cascade,C1,False,0.060925304889678955,0.1690114140510559
NA3_LAG50_002,NA3_LAG50,3,50,2,3,unrelated,,,0.05301588773727417,0.17747163772583008
NA3_LAG50_002,NA3_LAG50,3,50,2,4,cascade,C2,True,0.02990025281906128,0.238223135471344
NA3_LAG50_002,NA3_LAG50,3,50,2,5,cascade,C2,True,0.031610846519470215,0.2392336130142212
NA3_LAG50_002,NA3_LAG50,3,50,2,6,unrelated,,,0.05112642049789429,0.15767359733581543
NA3_LAG50_003,NA3_LAG50,3,50,2,1,mild,C3,True,0.0016595125198364258,0.05686980485916138
NA3_LAG50_003,NA3_LAG50,3,50,2,3,cascade,C3,True,-0.0007582902908325195,0.0003326535224914551
NA3_LAG50_003,NA3_LAG50,3,50,2,4,unrelated,,,-0.0011725425720214844,0.20232713222503662
NA3_LAG50_003,NA3_LAG50,3,50,2,5,mild,C3,True,0.001878499984741211,0.040374815464019775
NA3_LAG50_003,NA3_LAG50,3,50,2,6,unrelated,,,-0.0007690191268920898,0.20730489492416382
NA3_LAG50_004,NA3_LAG50,3,50,1,2,unrelated,,,0.00047087669372558594,0.05611217021942139
NA3_LAG50_004,NA3_LAG50,3,50,1,3,cascade,C3,False,-0.00022226572036743164,0.2412024736404419
NA3_LAG50_004,NA3_LAG50,3,50,1,4,cascade,C2,False,0.010211050510406494,0.22870415449142456
NA3_LAG50_004,NA3_LAG50,3,50,1,5,mild,C2,False,7.426738739013672e-05,0.09905833005905151
NA3_LAG50_004,NA3_LAG50,3,50,1,6,unrelated,,,-0.0009652972221374512,0.06220489740371704
NA3_LAG50_005,NA3_LAG50,3,50,5,1,unrelated,,,0.0029721856117248535,-0.0001437067985534668
NA3_LAG50_005,NA3_LAG50,3,50,5,2,cascade,C1,True,0.000337064266204834,0.0045961737632751465
NA3_LAG50_005,NA3_LAG50,3,50,5,3,unrelated,,,0.001447439193725586,0.012251734733581543
NA3_LAG50_005,NA3_LAG50,3,50,5,4,cascade,C1,True,0.000609278678894043,0.005224943161010742
NA3_LAG50_005,NA3_LAG50,3,50,5,6,mild,C1,True,0.0014079809188842773,0.018509089946746826
NA3_LAG50_006,NA3_LAG50,3,50,6,1,cascade,C3,False,0.051231205463409424,0.09047877788543701
NA3_LAG50_006,NA3_LAG50,3,50,6,2,unrelated,,,0.05231755971908569,0.1743956208229065
NA3_LAG50_006,NA3_LAG50,3,50,6,3,mild,C2,True,0.049917519092559814,0.05090367794036865
NA3_LAG50_006,NA3_LAG50,3,50,6,4,cascade,C1,False,0.05617177486419678,0.16786140203475952
NA3_LAG50_006,NA3_LAG50,3,50,6,5,unrelated,,,0.046240806579589844,0.15754973888397217
NA3_LAG50_007,NA3_LAG50,3,50,4,1,unrelated,,,0.003018200397491455,0.008216559886932373
NA3_LAG50_007,NA3_LAG50,3,50,4,2,unrelated,,,0.003956019878387451,0.004354417324066162
NA3_LAG50_007,NA3_LAG50,3,50,4,3,cascade,C2,False,0.013186752796173096,0.19542831182479858
NA3_LAG50_007,NA3_LAG50,3,50,4,5,mild,C5,False,0.003516256809234619,0.02897202968597412
NA3_LAG50_007,NA3_LAG50,3,50,4,6,cascade,C1,True,-0.00032913684844970703,0.0044782161712646484
NA3_LAG50_008,NA3_LAG50,3,50,6,1,mild,C4,True,0.0009926557540893555,0.05040097236633301
NA3_LAG50_008,NA3_LAG50,3,50,6,2,unrelated,,,0.00017410516738891602,0.017848849296569824
NA3_LAG50_008,NA3_LAG50,3,50,6,3,mild,C4,True,0.0002123713493347168,0.046557843685150146
NA3_LAG50_008,NA3_LAG50,3,50,6,4,mild,C4,True,-0.00014972686767578125,0.07589250802993774
NA3_LAG50_008,NA3_LAG50,3,50,6,5,unrelated,,,3.7550926208496094e-05,0.02787846326828003
NA3_LAG50_009,NA3_LAG50,3,50,4,1,mild,C3,False,0.04791492223739624,0.07915687561035156
NA3_LAG50_009,NA3_LAG50,3,50,4,2,mild,C2,True,0.05426323413848877,0.07274436950683594
NA3_LAG50_009,NA3_LAG50,3,50,4,3,cascade,C2,True,0.03111058473587036,0.09306657314300537
NA3_LAG50_009,NA3_LAG50,3,50,4,5,unrelated,,,0.052261531352996826,0.22710680961608887
NA3_LAG50_009,NA3_LAG50,3,50,4,6,unrelated,,,0.05067175626754761,0.22803467512130737
NA3_LAG50_010,NA3_LAG50,3,50,1,2,unrelated,,,0.038322389125823975,0.14322161674499512
NA3_LAG50_010,NA3_LAG50,3,50,1,3,unrelated,,,0.03761792182922363,0.13535535335540771
NA3_LAG50_010,NA3_LAG50,3,50,1,4,cascade,C2,True,0.025785982608795166,0.03215676546096802
NA3_LAG50_010,NA3_LAG50,3,50,1,5,mild,C2,True,0.03966599702835083,0.042721331119537354
NA3_LAG50_010,NA3_LAG50,3,50,1,6,mild,C4,False,0.04477548599243164,0.10186344385147095
NA3_LAG50_011,NA3_LAG50,3,50,5,1,unrelated,,,0.04308885335922241,0.1102336049079895
NA3_LAG50_011,NA3_LAG50,3,50,5,2,cascade,C2,True,0.02233421802520752,0.21314746141433716
NA3_LAG50_011,NA3_LAG50,3,50,5,3,mild,C2,True,0.04505676031112671,0.09583842754364014
NA3_LAG50_011,NA3_LAG50,3,50,5,4,cascade,C3,False,0.0397871732711792,0.25725996494293213
NA3_LAG50_011,NA3_LAG50,3,50,5,6,unrelated,,,0.043257057666778564,0.07463496923446655
NA3_LAG50_012,NA3_LAG50,3,50,3,1,mild,C4,False,-0.0012731552124023438,0.006410837173461914
NA3_LAG50_012,NA3_LAG50,3,50,3,2,cascade,C5,True,-0.0009759664535522461,0.002103447914123535
NA3_LAG50_012,NA3_LAG50,3,50,3,4,unrelated,,,0.0001169443130493164,0.017192482948303223
NA3_LAG50_012,NA3_LAG50,3,50,3,5,mild,C3,False,0.0008079409599304199,0.11259359121322632
NA3_LAG50_012,NA3_LAG50,3,50,3,6,unrelated,,,-0.0007737874984741211,0.023000121116638184
NA3_LAG50_013,NA3_LAG50,3,50,1,2,mild,C4,False,-0.0008252859115600586,0.00018596649169921875
NA3_LAG50_013,NA3_LAG50,3,50,1,3,cascade,C1,False,0.0011414885520935059,0.037754058837890625
NA3_LAG50_013,NA3_LAG50,3,50,1,4,unrelated,,,-0.00034552812576293945,0.0045236945152282715
NA3_LAG50_013,NA3_LAG50,3,50,1,5,unrelated,,,-5.030632019042969e-05,0.005797266960144043
NA3_LAG50_013,NA3_LAG50,3,50,1,6,mild,C3,False,0.0022082924842834473,0.10978776216506958
NA3_LAG50_014,NA3_LAG50,3,50,5,1,cascade,C4,True,-0.0007743239402770996,0.01628023386001587
NA3_LAG50_014,NA3_LAG50,3,50,5,2,cascade,C4,True,-0.0007718801498413086,0.027906477451324463
NA3_LAG50_014,NA3_LAG50,3,50,5,3,unrelated,,,-0.0009653568267822266,0.040116310119628906
NA3_LAG50_014,NA3_LAG50,3,50,5,4,unrelated,,,-0.0008786320686340332,0.060241758823394775
NA3_LAG50_014,NA3_LAG50,3,50,5,6,mild,C5,False,-0.0003789663314819336,0.04444199800491333
NA3_LAG50_015,NA3_LAG50,3,50,3,1,unrelated,,,-5.894899368286133e-05,0.006159782409667969
NA3_LAG50_015,NA3_LAG50,3,50,3,2,mild,C5,True,-1.436471939086914e-05,0.003382384777069092
NA3_LAG50_015,NA3_LAG50,3,50,3,4,unrelated,,,0.0003974437713623047,0.004964470863342285
NA3_LAG50_015,NA3_LAG50,3,50,3,5,cascade,C5,True,-0.00016313791275024414,0.0002747178077697754
NA3_LAG50_015,NA3_LAG50,3,50,3,6,mild,C1,False,6.514787673950195e-05,0.009595811367034912
NA3_LAG50_016,NA3_LAG50,3,50,5,1,cascade,C1,False,0.06865036487579346,0.13802427053451538
NA3_LAG50_016,NA3_LAG50,3,50,5,2,unrelated,,,0.05332052707672119,0.13497388362884521
NA3_LAG50_016,NA3_LAG50,3,50,5,3,unrelated,,,0.05674433708190918,0.1401267647743225
NA3_LAG50_016,NA3_LAG50,3,50,5,4,cascade,C2,True,0.03416937589645386,0.09985458850860596
NA3_LAG50_016,NA3_LAG50,3,50,5,6,cascade,C3,False,0.0502316951751709,0.09012067317962646
NA3_LAG50_017,NA3_LAG50,3,50,1,2,mild,C1,False,2.664327621459961e-05,0.03211522102355957
NA3_LAG50_017,NA3_LAG50,3,50,1,3,unrelated,,,-0.001332402229309082,0.029435813426971436
NA3_LAG50_017,NA3_LAG50,3,50,1,4,unrelated,,,7.593631744384766e-05,0.03390169143676758
NA3_LAG50_017,NA3_LAG50,3,50,1,5,mild,C5,True,2.6702880859375e-05,0.005923151969909668
NA3_LAG50_017,NA3_LAG50,3,50,1,6,mild,C1,False,0.00015300512313842773,0.0406489372253418
NA3_LAG50_018,NA3_LAG50,3,50,6,1,cascade,C5,True,-0.0019258856773376465,-0.003960609436035156
NA3_LAG50_018,NA3_LAG50,3,50,6,2,unrelated,,,-0.0011492371559143066,0.008776545524597168
NA3_LAG50_018,NA3_LAG50,3,50,6,3,unrelated,,,-0.001346588134765625,0.0018721818923950195
NA3_LAG50_018,NA3_LAG50,3,50,6,4,cascade,C1,False,0.0005672574043273926,0.02256232500076294
NA3_LAG50_018,NA3_LAG50,3,50,6,5,cascade,C5,True,-0.0015789270401000977,-0.0021638870239257812
NA3_LAG50_019,NA3_LAG50,3,50,1,2,mild,C5,True,-0.00010752677917480469,0.0044931769371032715
NA3_LAG50_019,NA3_LAG50,3,50,1,3,unrelated,,,0.00012421607971191406,0.0035086870193481445
NA3_LAG50_019,NA3_LAG50,3,50,1,4,cascade,C5,True,-8.344650268554688e-06,0.003062129020690918
NA3_LAG50_019,NA3_LAG50,3,50,1,5,unrelated,,,-0.0005760788917541504,0.0004024505615234375
NA3_LAG50_019,NA3_LAG50,3,50,1,6,mild,C5,True,-0.00011026859283447266,-0.0030211210250854492
NA3_LAG50_020,NA3_LAG50,3,50,5,1,unrelated,,,0.00036025047302246094,0.20498615503311157
NA3_LAG50_020,NA3_LAG50,3,50,5,2,cascade,C5,False,-0.0008226633071899414,0.22640377283096313
NA3_LAG50_020,NA3_LAG50,3,50,5,3,unrelated,,,-0.0008669495582580566,0.2379436492919922
NA3_LAG50_020,NA3_LAG50,3,50,5,4,mild,C3,True,0.0015208721160888672,0.04783695936203003
NA3_LAG50_020,NA3_LAG50,3,50,5,6,cascade,C3,True,-0.00018399953842163086,0.00041663646697998047
NA3_LAG50_021,NA3_LAG50,3,50,3,1,cascade,C3,True,0.0010544657707214355,0.001459360122680664
NA3_LAG50_021,NA3_LAG50,3,50,3,2,mild,C3,True,0.0040163397789001465,0.07007896900177002
NA3_LAG50_021,NA3_LAG50,3,50,3,4,unrelated,,,-0.0002834796905517578,0.22637629508972168
NA3_LAG50_021,NA3_LAG50,3,50,3,5,mild,C3,True,0.004037976264953613,0.06628590822219849
NA3_LAG50_021,NA3_LAG50,3,50,3,6,unrelated,,,0.0005736351013183594,0.20686519145965576
NA3_LAG50_022,NA3_LAG50,3,50,4,1,unrelated,,,-0.0010371804237365723,0.20404863357543945
NA3_LAG50_022,NA3_LAG50,3,50,4,2,unrelated,,,-0.00021415948867797852,0.21241629123687744
NA3_LAG50_022,NA3_LAG50,3,50,4,3,mild,C5,False,-0.0007801055908203125,0.19909286499023438
NA3_LAG50_022,NA3_LAG50,3,50,4,5,mild,C3,True,0.002890944480895996,0.04519999027252197
NA3_LAG50_022,NA3_LAG50,3,50,4,6,cascade,C1,False,0.0007244348526000977,0.22918623685836792
NA3_LAG50_023,NA3_LAG50,3,50,3,1,unrelated,,,-0.0012922883033752441,0.18561029434204102
NA3_LAG50_023,NA3_LAG50,3,50,3,2,mild,C5,False,0.0004493594169616699,0.20218569040298462
NA3_LAG50_023,NA3_LAG50,3,50,3,4,mild,C3,True,0.0026324987411499023,0.05853009223937988
NA3_LAG50_023,NA3_LAG50,3,50,3,5,unrelated,,,-0.00012129545211791992,0.22162103652954102
NA3_LAG50_023,NA3_LAG50,3,50,3,6,mild,C3,True,0.0015181899070739746,0.051166415214538574
NA3_LAG50_024,NA3_LAG50,3,50,6,1,unrelated,,,-0.0006799101829528809,0.017023086547851562
NA3_LAG50_024,NA3_LAG50,3,50,6,2,mild,C5,True,-0.0011878609657287598,0.0018931031227111816
NA3_LAG50_024,NA3_LAG50,3,50,6,3,mild,C5,True,-0.00033539533615112305,0.0024427175521850586
NA3_LAG50_024,NA3_LAG50,3,50,6,4,mild,C5,True,-0.00043445825576782227,-0.0006978511810302734
NA3_LAG50_024,NA3_LAG50,3,50,6,5,unrelated,,,-0.00021457672119140625,0.005160152912139893
NA3_LAG50_025,NA3_LAG50,3,50,2,1,mild,C2,False,0.0008981227874755859,0.12964189052581787
NA3_LAG50_025,NA3_LAG50,3,50,2,3,mild,C3,False,0.004336714744567871,0.1701946258544922
NA3_LAG50_025,NA3_LAG50,3,50,2,4,unrelated,,,-0.0004876852035522461,0.08173888921737671
NA3_LAG50_025,NA3_LAG50,3,50,2,5,mild,C4,True,0.00048828125,0.07630646228790283
NA3_LAG50_025,NA3_LAG50,3,50,2,6,unrelated,,,-0.0004500150680541992,0.08889377117156982
NA3_LAG50_026,NA3_LAG50,3,50,4,1,cascade,C2,True,0.02255415916442871,0.0606268048286438
NA3_LAG50_026,NA3_LAG50,3,50,4,2,unrelated,,,0.04260331392288208,0.11094218492507935
NA3_LAG50_026,NA3_LAG50,3,50,4,3,unrelated,,,0.04292017221450806,0.09416759014129639
NA3_LAG50_026,NA3_LAG50,3,50,4,5,cascade,C2,True,0.02029961347579956,0.059499144554138184
NA3_LAG50_026,NA3_LAG50,3,50,4,6,mild,C2,True,0.04259765148162842,0.014963746070861816
NA3_LAG50_027,NA3_LAG50,3,50,3,1,unrelated,,,-0.00047022104263305664,0.20462960004806519
NA3_LAG50_027,NA3_LAG50,3,50,3,2,cascade,C4,False,-0.00048655271530151367,0.2481999397277832
NA3_LAG50_027,NA3_LAG50,3,50,3,4,unrelated,,,0.00047272443771362305,0.2128942608833313
NA3_LAG50_027,NA3_LAG50,3,50,3,5,cascade,C1,False,0.0034521818161010742,0.23746567964553833
NA3_LAG50_027,NA3_LAG50,3,50,3,6,mild,C3,True,0.0008751153945922852,0.06987941265106201
NA3_LAG50_028,NA3_LAG50,3,50,3,1,mild,C5,True,0.0008247494697570801,0.006610751152038574
NA3_LAG50_028,NA3_LAG50,3,50,3,2,cascade,C5,True,0.0009868741035461426,0.012515544891357422
NA3_LAG50_028,NA3_LAG50,3,50,3,4,unrelated,,,0.0007268190383911133,0.009431898593902588
NA3_LAG50_028,NA3_LAG50,3,50,3,5,unrelated,,,0.0007420182228088379,0.004800915718078613
NA3_LAG50_028,NA3_LAG50,3,50,3,6,cascade,C5,True,0.00043016672134399414,0.010435879230499268
NA3_LAG50_029,NA3_LAG50,3,50,2,1,mild,C3,False,0.05082225799560547,0.06038898229598999
NA3_LAG50_029,NA3_LAG50,3,50,2,3,mild,C2,True,0.057591259479522705,0.04882460832595825
NA3_LAG50_029,NA3_LAG50,3,50,2,4,unrelated,,,0.05563235282897949,0.1397342085838318
NA3_LAG50_029,NA3_LAG50,3,50,2,5,mild,C1,False,0.06358861923217773,0.15801721811294556
NA3_LAG50_029,NA3_LAG50,3,50,2,6,unrelated,,,0.05860334634780884,0.1586838960647583
NA4_LAG10_000,NA4_LAG10,4,10,4,1,cascade,C3,True,0.00037854909896850586,-9.59634780883789e-05
NA4_LAG10_000,NA4_LAG10,4,10,4,2,mild,C2,False,0.0012187957763671875,0.21675032377243042
NA4_LAG10_000,NA4_LAG10,4,10,4,3,unrelated,,,0.0002829432487487793,0.20395749807357788
NA4_LAG10_000,NA4_LAG10,4,10,4,5,mild,C3,True,0.0037984848022460938,0.05808830261230469
NA4_LAG10_000,NA4_LAG10,4,10,4,6,mild,C2,False,0.0003012418746948242,0.211930513381958
NA4_LAG10_001,NA4_LAG10,4,10,5,1,cascade,C2,False,0.023317396640777588,0.07131105661392212
NA4_LAG10_001,NA4_LAG10,4,10,5,2,unrelated,,,-3.987550735473633e-05,0.056790947914123535
NA4_LAG10_001,NA4_LAG10,4,10,5,3,cascade,C4,True,0.00034868717193603516,0.004568696022033691
NA4_LAG10_001,NA4_LAG10,4,10,5,4,mild,C4,True,0.0007205605506896973,0.10131567716598511
NA4_LAG10_001,NA4_LAG10,4,10,5,6,cascade,C4,True,-0.0011730194091796875,0.014961004257202148
NA4_LAG10_002,NA4_LAG10,4,10,1,2,unrelated,,,-0.0006976127624511719,0.21697258949279785
NA4_LAG10_002,NA4_LAG10,4,10,1,3,mild,C2,False,0.0007954239845275879,0.20704489946365356
NA4_LAG10_002,NA4_LAG10,4,10,1,4,cascade,C3,True,-0.00044041872024536133,-0.0007393360137939453
NA4_LAG10_002,NA4_LAG10,4,10,1,5,mild,C3,True,0.003900587558746338,0.06149870157241821
NA4_LAG10_002,NA4_LAG10,4,10,1,6,mild,C3,True,0.004307210445404053,0.04676377773284912
NA4_LAG10_003,NA4_LAG10,4,10,2,1,cascade,C3,True,6.198883056640625e-05,-0.0009430050849914551
NA4_LAG10_003,NA4_LAG10,4,10,2,3,unrelated,,,-0.0007039904594421387,0.21160078048706055
NA4_LAG10_003,NA4_LAG10,4,10,2,4,mild,C5,False,-4.184246063232422e-05,0.21484732627868652
NA4_LAG10_003,NA4_LAG10,4,10,2,5,mild,C3,True,0.004317760467529297,0.044690728187561035
NA4_LAG10_003,NA4_LAG10,4,10,2,6,mild,C2,False,0.0005761384963989258,0.2116946578025818
NA4_LAG10_004,NA4_LAG10,4,10,5,1,cascade,C3,True,0.00024271011352539062,-0.000626981258392334
NA4_LAG10_004,NA4_LAG10,4,10,5,2,cascade,C4,False,0.00020837783813476562,0.2334200143814087
NA4_LAG10_004,NA4_LAG10,4,10,5,3,mild,C1,False,0.00028514862060546875,0.20366299152374268
NA4_LAG10_004,NA4_LAG10,4,10,5,4,unrelated,,,-4.4465065002441406e-05,0.2081080675125122
NA4_LAG10_004,NA4_LAG10,4,10,5,6,cascade,C3,True,0.0003655552864074707,-0.0035389065742492676
NA4_LAG10_005,NA4_LAG10,4,10,5,1,mild,C4,False,0.04068136215209961,0.09581178426742554
NA4_LAG10_005,NA4_LAG10,4,10,5,2,cascade,C1,False,0.046514034271240234,0.11860096454620361
NA4_LAG10_005,NA4_LAG10,4,10,5,3,mild,C2,True,0.036491215229034424,0.09744495153427124
NA4_LAG10_005,NA4_LAG10,4,10,5,4,mild,C2,True,0.03419339656829834,0.0971267819404602
NA4_LAG10_005,NA4_LAG10,4,10,5,6,unrelated,,,0.03941333293914795,0.10157471895217896
NA4_LAG10_006,NA4_LAG10,4,10,5,1,cascade,C5,True,1.5616416931152344e-05,0.006728470325469971
NA4_LAG10_006,NA4_LAG10,4,10,5,2,unrelated,,,0.0001481175422668457,0.014571726322174072
NA4_LAG10_006,NA4_LAG10,4,10,5,3,mild,C1,False,0.0006488561630249023,0.01820540428161621
NA4_LAG10_006,NA4_LAG10,4,10,5,4,mild,C5,True,-0.0007246136665344238,0.004704177379608154
NA4_LAG10_006,NA4_LAG10,4,10,5,6,mild,C5,True,0.000125885009765625,0.0036276578903198242
NA4_LAG10_007,NA4_LAG10,4,10,1,2,cascade,C2,True,0.01454150676727295,0.1323024034500122
NA4_LAG10_007,NA4_LAG10,4,10,1,3,mild,C5,False,0.05079406499862671,0.16520750522613525
NA4_LAG10_007,NA4_LAG10,4,10,1,4,mild,C5,False,0.052541136741638184,0.1649380922317505
NA4_LAG10_007,NA4_LAG10,4,10,1,5,cascade,C1,False,0.05976468324661255,0.16714811325073242
NA4_LAG10_007,NA4_LAG10,4,10,1,6,unrelated,,,0.05443596839904785,0.20588022470474243
NA4_LAG10_008,NA4_LAG10,4,10,1,2,mild,C5,True,-0.00029927492141723633,-0.0016580820083618164
NA4_LAG10_008,NA4_LAG10,4,10,1,3,mild,C4,False,0.00016838312149047852,0.0039820075035095215
NA4_LAG10_008,NA4_LAG10,4,10,1,4,cascade,C5,True,0.000708460807800293,-0.0002446770668029785
NA4_LAG10_008,NA4_LAG10,4,10,1,5,unrelated,,,9.85860824584961e-05,0.017116963863372803
NA4_LAG10_008,NA4_LAG10,4,10,1,6,cascade,C3,False,0.00018298625946044922,0.19270038604736328
NA4_LAG10_009,NA4_LAG10,4,10,4,1,cascade,C1,False,0.00222092866897583,0.20402532815933228
NA4_LAG10_009,NA4_LAG10,4,10,4,2,cascade,C3,True,0.0007100701332092285,-0.0039299726486206055
NA4_LAG10_009,NA4_LAG10,4,10,4,3,mild,C2,False,0.00020450353622436523,0.2472432255744934
NA4_LAG10_009,NA4_LAG10,4,10,4,5,cascade,C3,True,-0.00037282705307006836,-0.002936244010925293
NA4_LAG10_009,NA4_LAG10,4,10,4,6,unrelated,,,-0.0003452301025390625,0.20383107662200928
NA4_LAG10_010,NA4_LAG10,4,10,3,1,unrelated,,,0.04260122776031494,0.16629284620285034
NA4_LAG10_010,NA4_LAG10,4,10,3,2,cascade,C2,True,0.009096264839172363,0.12551826238632202
NA4_LAG10_010,NA4_LAG10,4,10,3,4,mild,C3,False,0.029963791370391846,0.041523277759552
NA4_LAG10_010,NA4_LAG10,4,10,3,5,cascade,C5,False,0.039029836654663086,0.16400480270385742
NA4_LAG10_010,NA4_LAG10,4,10,3,6,cascade,C3,False,0.0364222526550293,0.08165848255157471
NA4_LAG10_011,NA4_LAG10,4,10,5,1,mild,C4,False,-0.0004976391792297363,0.21503573656082153
NA4_LAG10_011,NA4_LAG10,4,10,5,2,cascade,C2,False,0.029078781604766846,0.27397477626800537
NA4_LAG10_011,NA4_LAG10,4,10,5,3,cascade,C4,False,-0.00023156404495239258,0.2595982551574707
NA4_LAG10_011,NA4_LAG10,4,10,5,4,mild,C4,False,-0.00039905309677124023,0.07759064435958862
NA4_LAG10_011,NA4_LAG10,4,10,5,6,unrelated,,,-0.0010623931884765625,0.20698320865631104
NA4_LAG10_012,NA4_LAG10,4,10,3,1,mild,C4,True,0.0008949041366577148,0.11675292253494263
NA4_LAG10_012,NA4_LAG10,4,10,3,2,cascade,C4,True,-0.0002541542053222656,0.02540832757949829
NA4_LAG10_012,NA4_LAG10,4,10,3,4,mild,C2,False,-0.00033146142959594727,0.04258465766906738
NA4_LAG10_012,NA4_LAG10,4,10,3,5,unrelated,,,0.0004851818084716797,0.03777354955673218
NA4_LAG10_012,NA4_LAG10,4,10,3,6,cascade,C3,False,0.0005857944488525391,0.24742835760116577
NA4_LAG10_013,NA4_LAG10,4,10,6,1,mild,C1,True,-0.00011742115020751953,-0.00013023614883422852
NA4_LAG10_013,NA4_LAG10,4,10,6,2,mild,C5,False,0.001493692398071289,0.010826170444488525
NA4_LAG10_013,NA4_LAG10,4,10,6,3,mild,C1,True,0.0008791089057922363,0.0038513541221618652
NA4_LAG10_013,NA4_LAG10,4,10,6,4,unrelated,,,0.0024374723434448242,0.004317820072174072
NA4_LAG10_013,NA4_LAG10,4,10,6,5,mild,C1,True,7.736682891845703e-05,0.006862282752990723
NA4_LAG10_014,NA4_LAG10,4,10,2,1,mild,C4,True,-0.0013440251350402832,0.04954707622528076
NA4_LAG10_014,NA4_LAG10,4,10,2,3,unrelated,,,-0.00043773651123046875,0.043426573276519775
NA4_LAG10_014,NA4_LAG10,4,10,2,4,cascade,C4,True,-0.0011278986930847168,-0.0049495697021484375
NA4_LAG10_014,NA4_LAG10,4,10,2,5,mild,C3,False,0.003973543643951416,0.15883952379226685
NA4_LAG10_014,NA4_LAG10,4,10,2,6,cascade,C4,True,0.0005625486373901367,0.004880547523498535
NA4_LAG10_015,NA4_LAG10,4,10,1,2,cascade,C5,False,0.04827749729156494,0.13086694478988647
NA4_LAG10_015,NA4_LAG10,4,10,1,3,cascade,C2,True,0.01548910140991211,0.29081302881240845
NA4_LAG10_015,NA4_LAG10,4,10,1,4,unrelated,,,0.05015921592712402,0.1877669095993042
NA4_LAG10_015,NA4_LAG10,4,10,1,5,cascade,C1,False,0.0570487380027771,0.1612255573272705
NA4_LAG10_015,NA4_LAG10,4,10,1,6,cascade,C2,True,0.011687994003295898,0.2898103594779968
NA4_LAG10_016,NA4_LAG10,4,10,2,1,cascade,C3,False,-0.00027167797088623047,0.20422452688217163
NA4_LAG10_016,NA4_LAG10,4,10,2,3,mild,C3,False,0.0042528510093688965,0.09569799900054932
NA4_LAG10_016,NA4_LAG10,4,10,2,4,unrelated,,,0.0002906918525695801,0.017744600772857666
NA4_LAG10_016,NA4_LAG10,4,10,2,5,mild,C5,True,-5.143880844116211e-05,0.00679701566696167
NA4_LAG10_016,NA4_LAG10,4,10,2,6,cascade,C5,True,-0.0010744929313659668,-0.0010908842086791992
NA4_LAG10_017,NA4_LAG10,4,10,6,1,mild,C4,False,0.004111349582672119,0.0165596604347229
NA4_LAG10_017,NA4_LAG10,4,10,6,2,cascade,C5,False,0.001596689224243164,0.00894540548324585
NA4_LAG10_017,NA4_LAG10,4,10,6,3,mild,C1,True,0.0008333325386047363,-0.00012314319610595703
NA4_LAG10_017,NA4_LAG10,4,10,6,4,unrelated,,,0.0035880208015441895,0.0021765828132629395
NA4_LAG10_017,NA4_LAG10,4,10,6,5,cascade,C1,True,-0.001026451587677002,0.00927966833114624
NA4_LAG10_018,NA4_LAG10,4,10,5,1,mild,C4,True,0.0005224943161010742,0.017234742641448975
NA4_LAG10_018,NA4_LAG10,4,10,5,2,mild,C4,True,0.0004475116729736328,0.04806721210479736
NA4_LAG10_018,NA4_LAG10,4,10,5,3,mild,C4,True,0.00035965442657470703,0.05924344062805176
NA4_LAG10_018,NA4_LAG10,4,10,5,4,unrelated,,,-0.0003209114074707031,0.02442270517349243
NA4_LAG10_018,NA4_LAG10,4,10,5,6,mild,C2,False,-0.00016927719116210938,0.011718988418579102
NA4_LAG10_019,NA4_LAG10,4,10,5,1,mild,C2,False,0.0026439428329467773,-0.008746981620788574
NA4_LAG10_019,NA4_LAG10,4,10,5,2,cascade,C2,False,0.024087369441986084,0.12373602390289307
NA4_LAG10_019,NA4_LAG10,4,10,5,3,cascade,C3,False,0.00019210577011108398,0.2147831916809082
NA4_LAG10_019,NA4_LAG10,4,10,5,4,cascade,C4,False,-0.0005290508270263672,0.03873676061630249
NA4_LAG10_019,NA4_LAG10,4,10,5,6,unrelated,,,-0.0011343955993652344,0.003973186016082764
NA4_LAG10_020,NA4_LAG10,4,10,2,1,cascade,C5,False,-0.0004178285598754883,0.09551012516021729
NA4_LAG10_020,NA4_LAG10,4,10,2,3,unrelated,,,0.0004934072494506836,0.05340081453323364
NA4_LAG10_020,NA4_LAG10,4,10,2,4,mild,C4,True,0.0005124807357788086,0.04152399301528931
NA4_LAG10_020,NA4_LAG10,4,10,2,5,mild,C4,True,-0.0003122687339782715,0.03838139772415161
NA4_LAG10_020,NA4_LAG10,4,10,2,6,cascade,C2,False,0.02112025022506714,0.07428187131881714
NA4_LAG10_021,NA4_LAG10,4,10,1,2,mild,C4,True,-0.0008018016815185547,0.06686103343963623
NA4_LAG10_021,NA4_LAG10,4,10,1,3,cascade,C4,True,-0.0009024143218994141,0.005338728427886963
NA4_LAG10_021,NA4_LAG10,4,10,1,4,unrelated,,,-0.00010854005813598633,0.09902215003967285
NA4_LAG10_021,NA4_LAG10,4,10,1,5,mild,C3,False,0.00354766845703125,0.17868506908416748
NA4_LAG10_021,NA4_LAG10,4,10,1,6,cascade,C4,True,-0.00035947561264038086,0.009907424449920654
NA4_LAG10_022,NA4_LAG10,4,10,5,1,mild,C2,True,0.049886882305145264,0.14060169458389282
NA4_LAG10_022,NA4_LAG10,4,10,5,2,mild,C4,False,0.05385106801986694,0.12047284841537476
NA4_LAG10_022,NA4_LAG10,4,10,5,3,cascade,C5,False,0.058513522148132324,0.16308057308197021
NA4_LAG10_022,NA4_LAG10,4,10,5,4,mild,C1,False,0.05839991569519043,0.15545856952667236
NA4_LAG10_022,NA4_LAG10,4,10,5,6,unrelated,,,0.05611199140548706,0.13565343618392944
NA4_LAG10_023,NA4_LAG10,4,10,4,1,unrelated,,,-0.0007039308547973633,0.0071312785148620605
NA4_LAG10_023,NA4_LAG10,4,10,4,2,mild,C5,True,9.483098983764648e-05,0.020787715911865234
NA4_LAG10_023,NA4_LAG10,4,10,4,3,mild,C3,False,0.003322601318359375,0.10293757915496826
NA4_LAG10_023,NA4_LAG10,4,10,4,5,mild,C2,False,0.0017778277397155762,0.029249250888824463
NA4_LAG10_023,NA4_LAG10,4,10,4,6,mild,C3,False,0.0030167698860168457,0.09785783290863037
NA4_LAG10_024,NA4_LAG10,4,10,5,1,mild,C3,True,0.004251003265380859,0.04627227783203125
NA4_LAG10_024,NA4_LAG10,4,10,5,2,unrelated,,,-2.390146255493164e-05,0.2110409140586853
NA4_LAG10_024,NA4_LAG10,4,10,5,3,mild,C4,False,0.0006097555160522461,0.21407955884933472
NA4_LAG10_024,NA4_LAG10,4,10,5,4,mild,C3,True,0.0038101673126220703,0.05722278356552124
NA4_LAG10_024,NA4_LAG10,4,10,5,6,mild,C3,True,0.005834758281707764,0.05111187696456909
NA4_LAG10_025,NA4_LAG10,4,10,3,1,cascade,C4,False,0.056620001792907715,0.10662651062011719
NA4_LAG10_025,NA4_LAG10,4,10,3,2,unrelated,,,0.05333876609802246,0.10070258378982544
NA4_LAG10_025,NA4_LAG10,4,10,3,4,mild,C2,True,0.04864382743835449,0.10966449975967407
NA4_LAG10_025,NA4_LAG10,4,10,3,5,cascade,C3,False,0.05160379409790039,0.24672043323516846
NA4_LAG10_025,NA4_LAG10,4,10,3,6,mild,C2,True,0.04844367504119873,0.08994174003601074
NA4_LAG10_026,NA4_LAG10,4,10,2,1,mild,C3,False,0.0026685595512390137,0.1052471399307251
NA4_LAG10_026,NA4_LAG10,4,10,2,3,unrelated,,,-0.00074005126953125,0.0040915608406066895
NA4_LAG10_026,NA4_LAG10,4,10,2,4,mild,C5,True,-0.0005929470062255859,0.0042182207107543945
NA4_LAG10_026,NA4_LAG10,4,10,2,5,cascade,C5,True,0.0006191730499267578,0.009954392910003662
NA4_LAG10_026,NA4_LAG10,4,10,2,6,cascade,C1,False,0.002381443977355957,0.0451054573059082
NA4_LAG10_027,NA4_LAG10,4,10,5,1,mild,C3,True,0.0002505183219909668,0.06653052568435669
NA4_LAG10_027,NA4_LAG10,4,10,5,2,unrelated,,,0.00038951635360717773,0.20706027746200562
NA4_LAG10_027,NA4_LAG10,4,10,5,3,mild,C5,False,-0.0014775991439819336,0.22185444831848145
NA4_LAG10_027,NA4_LAG10,4,10,5,4,mild,C1,False,9.989738464355469e-05,0.22568106651306152
NA4_LAG10_027,NA4_LAG10,4,10,5,6,mild,C3,True,0.0038060545921325684,0.05479079484939575
NA4_LAG10_028,NA4_LAG10,4,10,4,1,mild,C4,True,-0.0003210306167602539,0.019980251789093018
NA4_LAG10_028,NA4_LAG10,4,10,4,2,unrelated,,,-0.002536952495574951,0.026737749576568604
NA4_LAG10_028,NA4_LAG10,4,10,4,3,cascade,C4,True,-0.0008331537246704102,0.014821946620941162
NA4_LAG10_028,NA4_LAG10,4,10,4,5,cascade,C2,False,0.02651214599609375,0.07837140560150146
NA4_LAG10_028,NA4_LAG10,4,10,4,6,cascade,C4,True,-0.00109785795211792,0.020766496658325195
NA4_LAG10_029,NA4_LAG10,4,10,1,2,mild,C1,True,0.0007221102714538574,0.0045455098152160645
NA4_LAG10_029,NA4_LAG10,4,10,1,3,unrelated,,,0.003977775573730469,0.025258123874664307
NA4_LAG10_029,NA4_LAG10,4,10,1,4,mild,C5,False,0.0009770989418029785,0.03099346160888672
NA4_LAG10_029,NA4_LAG10,4,10,1,5,mild,C3,False,0.012631058692932129,0.09440422058105469
NA4_LAG10_029,NA4_LAG10,4,10,1,6,mild,C5,False,0.0026094913482666016,0.020818710327148438
NA4_LAG50_000,NA4_LAG50,4,50,3,1,unrelated,,,0.00041669607162475586,0.21109968423843384
NA4_LAG50_000,NA4_LAG50,4,50,3,2,mild,C3,True,0.0016983747482299805,0.05844396352767944
NA4_LAG50_000,NA4_LAG50,4,50,3,4,mild,C3,True,0.003298044204711914,0.05910414457321167
NA4_LAG50_000,NA4_LAG50,4,50,3,5,mild,C2,False,0.0005612969398498535,0.07259714603424072
NA4_LAG50_000,NA4_LAG50,4,50,3,6,cascade,C5,False,-0.0002111196517944336,0.21462535858154297
NA4_LAG50_001,NA4_LAG50,4,50,4,1,cascade,C2,False,0.00803595781326294,0.16360902786254883
NA4_LAG50_001,NA4_LAG50,4,50,4,2,unrelated,,,-0.0022309422492980957,0.020677626132965088
NA4_LAG50_001,NA4_LAG50,4,50,4,3,mild,C3,False,0.002739131450653076,0.13611119985580444
NA4_LAG50_001,NA4_LAG50,4,50,4,5,cascade,C5,True,-0.00013446807861328125,-0.0014904141426086426
NA4_LAG50_001,NA4_LAG50,4,50,4,6,cascade,C2,False,0.007335782051086426,0.16251498460769653
NA4_LAG50_002,NA4_LAG50,4,50,4,1,cascade,C5,False,0.04920494556427002,0.228959858417511
NA4_LAG50_002,NA4_LAG50,4,50,4,2,mild,C2,True,0.051188886165618896,0.08557891845703125
NA4_LAG50_002,NA4_LAG50,4,50,4,3,mild,C3,False,0.04375964403152466,0.06511467695236206
NA4_LAG50_002,NA4_LAG50,4,50,4,5,cascade,C1,False,0.05497944355010986,0.22088712453842163
NA4_LAG50_002,NA4_LAG50,4,50,4,6,unrelated,,,0.04991018772125244,0.2260277271270752
NA4_LAG50_003,NA4_LAG50,4,50,4,1,cascade,C5,False,0.00012439489364624023,0.019521236419677734
NA4_LAG50_003,NA4_LAG50,4,50,4,2,cascade,C1,True,0.00022172927856445312,0.0022237300872802734
NA4_LAG50_003,NA4_LAG50,4,50,4,3,mild,C1,True,0.0012269020080566406,0.002685248851776123
NA4_LAG50_003,NA4_LAG50,4,50,4,5,mild,C4,False,0.0026282072067260742,0.009452998638153076
NA4_LAG50_003,NA4_LAG50,4,50,4,6,unrelated,,,0.0024074316024780273,-4.363059997558594e-05
NA4_LAG50_004,NA4_LAG50,4,50,4,1,cascade,C2,True,0.027936160564422607,0.08619034290313721
NA4_LAG50_004,NA4_LAG50,4,50,4,2,mild,C5,False,0.05499368906021118,0.22081786394119263
NA4_LAG50_004,NA4_LAG50,4,50,4,3,mild,C5,False,0.04842942953109741,0.22030580043792725
NA4_LAG50_004,NA4_LAG50,4,50,4,5,cascade,C2,True,0.03039461374282837,0.09008419513702393
NA4_LAG50_004,NA4_LAG50,4,50,4,6,unrelated,,,0.050700485706329346,0.23029643297195435
NA4_LAG50_005,NA4_LAG50,4,50,5,1,cascade,C5,False,-0.0007169246673583984,0.058907151222229004
NA4_LAG50_005,NA4_LAG50,4,50,5,2,mild,C3,False,0.00267636775970459,0.14764302968978882
NA4_LAG50_005,NA4_LAG50,4,50,5,3,cascade,C1,False,0.0005617141723632812,0.08024454116821289
NA4_LAG50_005,NA4_LAG50,4,50,5,4,cascade,C4,True,-0.0012770295143127441,0.011980772018432617
NA4_LAG50_005,NA4_LAG50,4,50,5,6,unrelated,,,-0.0003928542137145996,0.0370902419090271
NA4_LAG50_006,NA4_LAG50,4,50,2,1,mild,C3,False,0.045140743255615234,0.0918002724647522
NA4_LAG50_006,NA4_LAG50,4,50,2,3,mild,C5,False,0.04853320121765137,0.23003298044204712
NA4_LAG50_006,NA4_LAG50,4,50,2,4,cascade,C4,False,0.04722720384597778,0.2711319327354431
NA4_LAG50_006,NA4_LAG50,4,50,2,5,mild,C4,False,0.05245417356491089,0.18285459280014038
NA4_LAG50_006,NA4_LAG50,4,50,2,6,unrelated,,,0.055265724658966064,0.21231931447982788
NA4_LAG50_007,NA4_LAG50,4,50,1,2,cascade,C4,True,-0.00042557716369628906,0.0015352964401245117
NA4_LAG50_007,NA4_LAG50,4,50,1,3,cascade,C4,True,-0.0003324151039123535,0.07833576202392578
NA4_LAG50_007,NA4_LAG50,4,50,1,4,unrelated,,,0.00011521577835083008,0.03468811511993408
NA4_LAG50_007,NA4_LAG50,4,50,1,5,mild,C3,False,0.0022345781326293945,0.13866323232650757
NA4_LAG50_007,NA4_LAG50,4,50,1,6,cascade,C4,True,-0.0008284449577331543,0.0017210841178894043
NA4_LAG50_008,NA4_LAG50,4,50,3,1,cascade,C4,True,-0.000804603099822998,0.0066991448402404785
NA4_LAG50_008,NA4_LAG50,4,50,3,2,mild,C4,True,-0.00033211708068847656,0.03600245714187622
NA4_LAG50_008,NA4_LAG50,4,50,3,4,cascade,C4,True,-0.0001665353775024414,0.00039821863174438477
NA4_LAG50_008,NA4_LAG50,4,50,3,5,cascade,C3,False,7.867813110351562e-06,0.239050030708313
NA4_LAG50_008,NA4_LAG50,4,50,3,6,unrelated,,,0.0003147125244140625,0.0432659387588501
NA4_LAG50_009,NA4_LAG50,4,50,5,1,unrelated,,,0.06141376495361328,0.11738932132720947
NA4_LAG50_009,NA4_LAG50,4,50,5,2,cascade,C2,True,0.03342485427856445,0.07974296808242798
NA4_LAG50_009,NA4_LAG50,4,50,5,3,cascade,C2,True,0.038928329944610596,0.09100472927093506
NA4_LAG50_009,NA4_LAG50,4,50,5,4,cascade,C2,True,0.039306461811065674,0.08104264736175537
NA4_LAG50_009,NA4_LAG50,4,50,5,6,cascade,C5,False,0.06531113386154175,0.18270254135131836
NA4_LAG50_010,NA4_LAG50,4,50,3,1,cascade,C5,True,-0.00037997961044311523,0.01342630386352539
NA4_LAG50_010,NA4_LAG50,4,50,3,2,unrelated,,,-5.042552947998047e-05,0.008924484252929688
NA4_LAG50_010,NA4_LAG50,4,50,3,4,mild,C1,False,0.0005970597267150879,0.00927269458770752
NA4_LAG50_010,NA4_LAG50,4,50,3,5,cascade,C4,False,0.0003904104232788086,0.022364497184753418
NA4_LAG50_010,NA4_LAG50,4,50,3,6,mild,C5,True,-0.00033968687057495117,0.0028486251831054688
NA4_LAG50_011,NA4_LAG50,4,50,5,1,mild,C1,False,0.055280447006225586,0.16258180141448975
NA4_LAG50_011,NA4_LAG50,4,50,5,2,mild,C2,True,0.048589468002319336,0.046422719955444336
NA4_LAG50_011,NA4_LAG50,4,50,5,3,cascade,C5,False,0.04802227020263672,0.17043107748031616
NA4_LAG50_011,NA4_LAG50,4,50,5,4,cascade,C1,False,0.058181583881378174,0.15637612342834473
NA4_LAG50_011,NA4_LAG50,4,50,5,6,unrelated,,,0.049361348152160645,0.15993356704711914
NA4_LAG50_012,NA4_LAG50,4,50,6,1,mild,C2,True,0.05634254217147827,0.06085115671157837
NA4_LAG50_012,NA4_LAG50,4,50,6,2,cascade,C2,True,0.028879642486572266,0.11066049337387085
NA4_LAG50_012,NA4_LAG50,4,50,6,3,mild,C1,False,0.058573901653289795,0.13957476615905762
NA4_LAG50_012,NA4_LAG50,4,50,6,4,unrelated,,,0.0513920783996582,0.1369166374206543
NA4_LAG50_012,NA4_LAG50,4,50,6,5,mild,C4,False,0.053086817264556885,0.12363415956497192
NA4_LAG50_013,NA4_LAG50,4,50,2,1,cascade,C3,True,-1.895427703857422e-05,-0.0030357837677001953
NA4_LAG50_013,NA4_LAG50,4,50,2,3,unrelated,,,-0.0006102323532104492,0.187241792678833
NA4_LAG50_013,NA4_LAG50,4,50,2,4,mild,C3,True,0.001170337200164795,0.04928630590438843
NA4_LAG50_013,NA4_LAG50,4,50,2,5,cascade,C3,True,-0.0002626180648803711,-0.013277947902679443
NA4_LAG50_013,NA4_LAG50,4,50,2,6,mild,C3,True,0.00118178129196167,0.047873735427856445
NA4_LAG50_014,NA4_LAG50,4,50,5,1,cascade,C5,True,-0.0006766319274902344,0.0025132298469543457
NA4_LAG50_014,NA4_LAG50,4,50,5,2,mild,C5,True,-0.00012916326522827148,0.00950920581817627
NA4_LAG50_014,NA4_LAG50,4,50,5,3,mild,C2,False,0.0018672347068786621,0.10209965705871582
NA4_LAG50_014,NA4_LAG50,4,50,5,4,mild,C2,False,3.2961368560791016e-05,0.1166430115699768
NA4_LAG50_014,NA4_LAG50,4,50,5,6,unrelated,,,-0.001085042953491211,0.040011584758758545
NA4_LAG50_015,NA4_LAG50,4,50,4,1,mild,C1,True,0.0007930397987365723,0.005454123020172119
NA4_LAG50_015,NA4_LAG50,4,50,4,2,unrelated,,,0.00161665678024292,0.0024158358573913574
NA4_LAG50_015,NA4_LAG50,4,50,4,3,cascade,C1,True,-0.00018680095672607422,0.002629876136779785
NA4_LAG50_015,NA4_LAG50,4,50,4,5,cascade,C1,True,-0.00016766786575317383,0.02753305435180664
NA4_LAG50_015,NA4_LAG50,4,50,4,6,cascade,C3,False,0.001251220703125,0.20186585187911987
NA4_LAG50_016,NA4_LAG50,4,50,5,1,cascade,C3,False,-9.000301361083984e-06,0.2268517017364502
NA4_LAG50_016,NA4_LAG50,4,50,5,2,mild,C1,False,-0.000517725944519043,0.016124188899993896
NA4_LAG50_016,NA4_LAG50,4,50,5,3,mild,C4,True,-0.0002319812774658203,0.03112781047821045
NA4_LAG50_016,NA4_LAG50,4,50,5,4,unrelated,,,-0.00032895803451538086,0.04641294479370117
NA4_LAG50_016,NA4_LAG50,4,50,5,6,cascade,C4,True,-4.285573959350586e-05,0.0066855549812316895
NA4_LAG50_017,NA4_LAG50,4,50,5,1,mild,C2,False,0.0011629462242126465,0.09367293119430542
NA4_LAG50_017,NA4_LAG50,4,50,5,2,cascade,C2,False,0.007209658622741699,0.16001129150390625
NA4_LAG50_017,NA4_LAG50,4,50,5,3,mild,C5,True,-0.000775754451751709,0.0012794733047485352
NA4_LAG50_017,NA4_LAG50,4,50,5,4,unrelated,,,-0.00034677982330322266,0.01133948564529419
NA4_LAG50_017,NA4_LAG50,4,50,5,6,mild,C2,False,0.000583946704864502,0.11812984943389893
NA4_LAG50_018,NA4_LAG50,4,50,2,1,cascade,C4,True,-0.0009933114051818848,0.01319962739944458
NA4_LAG50_018,NA4_LAG50,4,50,2,3,cascade,C4,True,-0.0004672408103942871,0.01128542423248291
NA4_LAG50_018,NA4_LAG50,4,50,2,4,unrelated,,,-0.0005233883857727051,0.06383699178695679
NA4_LAG50_018,NA4_LAG50,4,50,2,5,mild,C4,True,5.704164505004883e-05,0.059752583503723145
NA4_LAG50_018,NA4_LAG50,4,50,2,6,mild,C4,True,0.0002859830856323242,0.05966484546661377
NA4_LAG50_019,NA4_LAG50,4,50,4,1,mild,C3,False,0.0027447938919067383,0.1011999249458313
NA4_LAG50_019,NA4_LAG50,4,50,4,2,cascade,C4,False,0.0005851984024047852,0.05115354061126709
NA4_LAG50_019,NA4_LAG50,4,50,4,3,mild,C5,True,0.000676274299621582,0.0009114742279052734
NA4_LAG50_019,NA4_LAG50,4,50,4,5,unrelated,,,0.0004194974899291992,0.017911195755004883
NA4_LAG50_019,NA4_LAG50,4,50,4,6,cascade,C5,True,-1.811981201171875e-05,-0.003937244415283203
NA4_LAG50_020,NA4_LAG50,4,50,4,1,cascade,C1,True,1.531839370727539e-05,-0.0005040764808654785
NA4_LAG50_020,NA4_LAG50,4,50,4,2,mild,C5,False,0.0035533905029296875,0.01554185152053833
NA4_LAG50_020,NA4_LAG50,4,50,4,3,mild,C5,False,0.0024854540824890137,0.010611355304718018
NA4_LAG50_020,NA4_LAG50,4,50,4,5,unrelated,,,0.0019287467002868652,0.014115571975708008
NA4_LAG50_020,NA4_LAG50,4,50,4,6,mild,C1,True,0.0003917813301086426,-0.0020287036895751953
NA4_LAG50_021,NA4_LAG50,4,50,3,1,unrelated,,,0.04692971706390381,0.14800065755844116
NA4_LAG50_021,NA4_LAG50,4,50,3,2,cascade,C4,False,0.0445936918258667,0.16946053504943848
NA4_LAG50_021,NA4_LAG50,4,50,3,4,mild,C2,True,0.044291794300079346,0.045345962047576904
NA4_LAG50_021,NA4_LAG50,4,50,3,5,cascade,C2,True,0.026136696338653564,0.0906602144241333
NA4_LAG50_021,NA4_LAG50,4,50,3,6,mild,C5,False,0.042257070541381836,0.14384210109710693
NA4_LAG50_022,NA4_LAG50,4,50,5,1,unrelated,,,-0.00026345252990722656,0.011586248874664307
NA4_LAG50_022,NA4_LAG50,4,50,5,2,cascade,C3,False,-0.001453101634979248,0.19058573246002197
NA4_LAG50_022,NA4_LAG50,4,50,5,3,mild,C1,False,0.0015954375267028809,0.028577208518981934
NA4_LAG50_022,NA4_LAG50,4,50,5,4,cascade,C5,True,0.0008538961410522461,0.014574170112609863
NA4_LAG50_022,NA4_LAG50,4,50,5,6,mild,C5,True,0.0005046725273132324,0.020901083946228027
NA4_LAG50_023,NA4_LAG50,4,50,1,2,cascade,C2,True,0.02753746509552002,0.0755653977394104
NA4_LAG50_023,NA4_LAG50,4,50,1,3,mild,C3,False,0.0482671856880188,0.07925331592559814
NA4_LAG50_023,NA4_LAG50,4,50,1,4,unrelated,,,0.05735933780670166,0.14865243434906006
NA4_LAG50_023,NA4_LAG50,4,50,1,5,mild,C4,False,0.054113924503326416,0.059704482555389404
NA4_LAG50_023,NA4_LAG50,4,50,1,6,cascade,C3,False,0.05279487371444702,0.1063542366027832
NA4_LAG50_024,NA4_LAG50,4,50,5,1,mild,C5,True,-0.0004073977470397949,0.0016819238662719727
NA4_LAG50_024,NA4_LAG50,4,50,5,2,cascade,C5,True,-0.0004577040672302246,0.0004099607467651367
NA4_LAG50_024,NA4_LAG50,4,50,5,3,cascade,C5,True,-0.00021702051162719727,0.007080733776092529
NA4_LAG50_024,NA4_LAG50,4,50,5,4,unrelated,,,-9.989738464355469e-05,0.00731050968170166
NA4_LAG50_024,NA4_LAG50,4,50,5,6,mild,C5,True,-0.0004392862319946289,0.0012297630310058594
NA4_LAG50_025,NA4_LAG50,4,50,1,2,unrelated,,,-0.0009609460830688477,0.03056931495666504
NA4_LAG50_025,NA4_LAG50,4,50,1,3,cascade,C3,False,0.0008805990219116211,0.21712666749954224
NA4_LAG50_025,NA4_LAG50,4,50,1,4,mild,C5,True,5.328655242919922e-05,0.007956087589263916
NA4_LAG50_025,NA4_LAG50,4,50,1,5,mild,C5,True,-0.0004941225051879883,0.00565028190612793
NA4_LAG50_025,NA4_LAG50,4,50,1,6,cascade,C5,True,-0.0006033182144165039,-0.001353621482849121
NA4_LAG50_026,NA4_LAG50,4,50,3,1,cascade,C1,False,0.0008530616760253906,0.025119781494140625
NA4_LAG50_026,NA4_LAG50,4,50,3,2,unrelated,,,0.0005121231079101562,0.012796342372894287
NA4_LAG50_026,NA4_LAG50,4,50,3,4,cascade,C3,False,-0.0003898143768310547,0.22489339113235474
NA4_LAG50_026,NA4_LAG50,4,50,3,5,mild,C5,False,0.0009720921516418457,0.015483617782592773
NA4_LAG50_026,NA4_LAG50,4,50,3,6,cascade,C4,True,-0.0006729364395141602,0.03680342435836792
NA4_LAG50_027,NA4_LAG50,4,50,5,1,cascade,C3,True,0.000700831413269043,-0.008005499839782715
NA4_LAG50_027,NA4_LAG50,4,50,5,2,unrelated,,,-0.00041222572326660156,0.20187395811080933
NA4_LAG50_027,NA4_LAG50,4,50,5,3,mild,C1,False,0.001198410987854004,0.22495520114898682
NA4_LAG50_027,NA4_LAG50,4,50,5,4,cascade,C1,False,0.004096806049346924,0.22552937269210815
NA4_LAG50_027,NA4_LAG50,4,50,5,6,cascade,C3,True,0.000542759895324707,0.003679335117340088
NA4_LAG50_028,NA4_LAG50,4,50,5,1,unrelated,,,0.002296626567840576,0.008526027202606201
NA4_LAG50_028,NA4_LAG50,4,50,5,2,mild,C2,False,0.004194498062133789,0.06324690580368042
NA4_LAG50_028,NA4_LAG50,4,50,5,3,cascade,C4,False,0.0012665987014770508,0.09574979543685913
NA4_LAG50_028,NA4_LAG50,4,50,5,4,mild,C3,False,0.005868315696716309,0.11026346683502197
NA4_LAG50_028,NA4_LAG50,4,50,5,6,mild,C4,False,0.0015660524368286133,0.021861791610717773
NA4_LAG50_029,NA4_LAG50,4,50,4,1,mild,C2,False,-0.0005645155906677246,0.05408000946044922
NA4_LAG50_029,NA4_LAG50,4,50,4,2,mild,C2,False,0.0004221200942993164,0.06694459915161133
NA4_LAG50_029,NA4_LAG50,4,50,4,3,mild,C5,False,-4.488229751586914e-05,0.20991414785385132
NA4_LAG50_029,NA4_LAG50,4,50,4,5,cascade,C3,True,0.0009598731994628906,0.0008767247200012207
NA4_LAG50_029,NA4_LAG50,4,50,4,6,unrelated,,,-0.0001615285873413086,0.19490313529968262
NA5_LAG10_000,NA5_LAG10,5,10,5,1,cascade,C4,False,-0.0007742643356323242,0.2345598340034485
NA5_LAG10_000,NA5_LAG10,5,10,5,2,mild,C3,True,0.00637739896774292,0.05361753702163696
NA5_LAG10_000,NA5_LAG10,5,10,5,3,cascade,C3,True,-0.0005307793617248535,-0.0002301335334777832
NA5_LAG10_000,NA5_LAG10,5,10,5,4,cascade,C3,True,0.00018972158432006836,-0.0018571019172668457
NA5_LAG10_000,NA5_LAG10,5,10,5,6,cascade,C3,True,0.0004311800003051758,-0.002644836902618408
NA5_LAG10_001,NA5_LAG10,5,10,5,1,cascade,C5,False,0.0016399621963500977,0.011632978916168213
NA5_LAG10_001,NA5_LAG10,5,10,5,2,mild,C1,True,0.0009273290634155273,-0.0007641911506652832
NA5_LAG10_001,NA5_LAG10,5,10,5,3,mild,C1,True,4.363059997558594e-05,0.007422208786010742
NA5_LAG10_001,NA5_LAG10,5,10,5,4,mild,C5,False,0.001759648323059082,0.006688833236694336
NA5_LAG10_001,NA5_LAG10,5,10,5,6,cascade,C3,False,0.004096806049346924,0.19650417566299438
NA5_LAG10_002,NA5_LAG10,5,10,6,1,cascade,C4,False,-0.0001099705696105957,0.047151803970336914
NA5_LAG10_002,NA5_LAG10,5,10,6,2,cascade,C1,True,-0.0002548694610595703,0.00652313232421875
NA5_LAG10_002,NA5_LAG10,5,10,6,3,mild,C5,False,5.537271499633789e-05,0.0019257664680480957
NA5_LAG10_002,NA5_LAG10,5,10,6,4,cascade,C1,True,-0.0006660819053649902,0.006236732006072998
NA5_LAG10_002,NA5_LAG10,5,10,6,5,cascade,C1,True,0.0006060004234313965,0.0012756586074829102
NA5_LAG10_003,NA5_LAG10,5,10,6,1,cascade,C3,True,-0.0005234479904174805,0.0013428926467895508
NA5_LAG10_003,NA5_LAG10,5,10,6,2,cascade,C4,False,-0.001277148723602295,0.24957484006881714
NA5_LAG10_003,NA5_LAG10,5,10,6,3,mild,C3,True,0.0022826194763183594,0.029639363288879395
NA5_LAG10_003,NA5_LAG10,5,10,6,4,cascade,C3,True,-0.0003838539123535156,-0.001377403736114502
NA5_LAG10_003,NA5_LAG10,5,10,6,5,cascade,C3,True,0.0005904436111450195,0.0006298422813415527
NA5_LAG10_004,NA5_LAG10,5,10,5,1,mild,C1,False,0.00018447637557983398,0.057749927043914795
NA5_LAG10_004,NA5_LAG10,5,10,5,2,cascade,C4,True,-2.4378299713134766e-05,0.028505980968475342
NA5_LAG10_004,NA5_LAG10,5,10,5,3,mild,C4,True,0.0008158683776855469,0.09425210952758789
NA5_LAG10_004,NA5_LAG10,5,10,5,4,cascade,C4,True,0.00022095441818237305,0.051236867904663086
NA5_LAG10_004,NA5_LAG10,5,10,5,6,mild,C3,False,0.004999399185180664,0.15200966596603394
NA5_LAG10_005,NA5_LAG10,5,10,3,1,cascade,C1,True,-0.0006188154220581055,0.007563948631286621
NA5_LAG10_005,NA5_LAG10,5,10,3,2,mild,C1,True,-0.0008095502853393555,0.018301784992218018
NA5_LAG10_005,NA5_LAG10,5,10,3,4,cascade,C2,False,0.021914303302764893,0.1965104341506958
NA5_LAG10_005,NA5_LAG10,5,10,3,5,mild,C1,True,-0.0009079575538635254,0.0036222338676452637
NA5_LAG10_005,NA5_LAG10,5,10,3,6,cascade,C1,True,-0.0012775659561157227,0.00797945261001587
NA5_LAG10_006,NA5_LAG10,5,10,1,2,cascade,C3,True,-0.0011760592460632324,-0.004128634929656982
NA5_LAG10_006,NA5_LAG10,5,10,1,3,cascade,C2,False,0.023451566696166992,0.10714507102966309
NA5_LAG10_006,NA5_LAG10,5,10,1,4,mild,C4,False,0.0006161332130432129,0.24686205387115479
NA5_LAG10_006,NA5_LAG10,5,10,1,5,mild,C1,False,0.0010277032852172852,0.21883422136306763
NA5_LAG10_006,NA5_LAG10,5,10,1,6,cascade,C1,False,0.0029068589210510254,0.21123278141021729
NA5_LAG10_007,NA5_LAG10,5,10,1,2,cascade,C4,True,0.0005950331687927246,0.0018805265426635742
NA5_LAG10_007,NA5_LAG10,5,10,1,3,mild,C3,False,0.0044400691986083984,0.14783799648284912
NA5_LAG10_007,NA5_LAG10,5,10,1,4,cascade,C2,False,0.023413240909576416,0.05260354280471802
NA5_LAG10_007,NA5_LAG10,5,10,1,5,cascade,C4,True,-5.334615707397461e-05,0.0166437029838562
NA5_LAG10_007,NA5_LAG10,5,10,1,6,cascade,C4,True,-7.855892181396484e-05,0.03389841318130493
NA5_LAG10_008,NA5_LAG10,5,10,1,2,mild,C5,True,-0.0007660388946533203,0.0015509724617004395
NA5_LAG10_008,NA5_LAG10,5,10,1,3,cascade,C5,True,-0.0015163421630859375,0.0047310590744018555
NA5_LAG10_008,NA5_LAG10,5,10,1,4,cascade,C4,False,-0.0023130178451538086,0.03904145956039429
NA5_LAG10_008,NA5_LAG10,5,10,1,5,mild,C3,False,0.0055405497550964355,0.09615057706832886
NA5_LAG10_008,NA5_LAG10,5,10,1,6,mild,C3,False,0.005469322204589844,0.09779411554336548
NA5_LAG10_009,NA5_LAG10,5,10,5,1,cascade,C3,False,0.055747151374816895,0.09149616956710815
NA5_LAG10_009,NA5_LAG10,5,10,5,2,cascade,C4,False,0.057877182960510254,0.25618720054626465
NA5_LAG10_009,NA5_LAG10,5,10,5,3,cascade,C2,True,0.01733386516571045,0.10993051528930664
NA5_LAG10_009,NA5_LAG10,5,10,5,4,cascade,C4,False,0.05986529588699341,0.24145245552062988
NA5_LAG10_009,NA5_LAG10,5,10,5,6,mild,C2,True,0.05608499050140381,0.2236931324005127
NA5_LAG10_010,NA5_LAG10,5,10,4,1,mild,C1,True,-0.0002510547637939453,-0.0007196664810180664
NA5_LAG10_010,NA5_LAG10,5,10,4,2,mild,C1,True,-0.0016227960586547852,0.004387915134429932
NA5_LAG10_010,NA5_LAG10,5,10,4,3,cascade,C1,True,-0.0011062026023864746,0.010254740715026855
NA5_LAG10_010,NA5_LAG10,5,10,4,5,mild,C1,True,-0.0009407997131347656,-0.007074713706970215
NA5_LAG10_010,NA5_LAG10,5,10,4,6,mild,C1,True,-0.0012798309326171875,0.02244037389755249
NA5_LAG10_011,NA5_LAG10,5,10,3,1,mild,C2,False,0.0014151930809020996,0.005447566509246826
NA5_LAG10_011,NA5_LAG10,5,10,3,2,cascade,C3,False,0.000680387020111084,0.1961078643798828
NA5_LAG10_011,NA5_LAG10,5,10,3,4,cascade,C5,True,-0.0004462599754333496,0.0008417963981628418
NA5_LAG10_011,NA5_LAG10,5,10,3,5,cascade,C1,False,0.0026894807815551758,0.03418397903442383
NA5_LAG10_011,NA5_LAG10,5,10,3,6,cascade,C1,False,0.002557694911956787,0.03958272933959961
NA5_LAG10_012,NA5_LAG10,5,10,1,2,mild,C4,False,0.005323052406311035,0.03395289182662964
NA5_LAG10_012,NA5_LAG10,5,10,1,3,cascade,C3,False,0.0025060176849365234,0.20630234479904175
NA5_LAG10_012,NA5_LAG10,5,10,1,4,cascade,C1,True,0.00015300512313842773,0.0016677379608154297
NA5_LAG10_012,NA5_LAG10,5,10,1,5,cascade,C3,False,0.0021604299545288086,0.2051447629928589
NA5_LAG10_012,NA5_LAG10,5,10,1,6,cascade,C1,True,-0.0002447962760925293,0.000904381275177002
NA5_LAG10_013,NA5_LAG10,5,10,2,1,cascade,C2,False,0.022837817668914795,0.2517300248146057
NA5_LAG10_013,NA5_LAG10,5,10,2,3,cascade,C3,True,-8.767843246459961e-05,-0.002831757068634033
NA5_LAG10_013,NA5_LAG10,5,10,2,4,cascade,C4,False,-0.001198887825012207,0.21887481212615967
NA5_LAG10_013,NA5_LAG10,5,10,2,5,mild,C3,True,0.001396477222442627,0.05474585294723511
NA5_LAG10_013,NA5_LAG10,5,10,2,6,mild,C5,False,-0.0013048648834228516,0.2193050980567932
NA5_LAG10_014,NA5_LAG10,5,10,3,1,mild,C5,False,0.04664623737335205,0.22241008281707764
NA5_LAG10_014,NA5_LAG10,5,10,3,2,cascade,C2,True,0.01176232099533081,0.24062567949295044
NA5_LAG10_014,NA5_LAG10,5,10,3,4,cascade,C5,False,0.04614138603210449,0.21285098791122437
NA5_LAG10_014,NA5_LAG10,5,10,3,5,cascade,C5,False,0.04271644353866577,0.2066413164138794
NA5_LAG10_014,NA5_LAG10,5,10,3,6,mild,C2,True,0.039822936058044434,0.23850572109222412
NA5_LAG10_015,NA5_LAG10,5,10,2,1,cascade,C2,False,0.02903735637664795,0.26890623569488525
NA5_LAG10_015,NA5_LAG10,5,10,2,3,mild,C3,True,0.0030171871185302734,0.05484747886657715
NA5_LAG10_015,NA5_LAG10,5,10,2,4,mild,C1,False,-0.00013554096221923828,0.22820144891738892
NA5_LAG10_015,NA5_LAG10,5,10,2,5,mild,C5,False,-0.0005626678466796875,0.2075597047805786
NA5_LAG10_015,NA5_LAG10,5,10,2,6,mild,C3,True,0.004738986492156982,0.028811514377593994
NA5_LAG10_016,NA5_LAG10,5,10,1,2,mild,C2,True,0.040831804275512695,0.23737621307373047
NA5_LAG10_016,NA5_LAG10,5,10,1,3,cascade,C3,False,0.04423433542251587,0.28924667835235596
NA5_LAG10_016,NA5_LAG10,5,10,1,4,mild,C2,True,0.045606911182403564,0.24750542640686035
NA5_LAG10_016,NA5_LAG10,5,10,1,5,mild,C2,True,0.04323136806488037,0.24976032972335815
NA5_LAG10_016,NA5_LAG10,5,10,1,6,mild,C2,True,0.04165071249008179,0.25060683488845825
NA5_LAG10_017,NA5_LAG10,5,10,6,1,mild,C4,True,-6.42538070678711e-05,0.07785838842391968
NA5_LAG10_017,NA5_LAG10,5,10,6,2,cascade,C2,False,0.029835939407348633,0.15289586782455444
NA5_LAG10_017,NA5_LAG10,5,10,6,3,cascade,C2,False,0.02542930841445923,0.05191516876220703
NA5_LAG10_017,NA5_LAG10,5,10,6,4,mild,C4,True,0.0004144906997680664,0.07895547151565552
NA5_LAG10_017,NA5_LAG10,5,10,6,5,cascade,C4,True,-0.00020372867584228516,0.0031074881553649902
NA5_LAG10_018,NA5_LAG10,5,10,5,1,mild,C5,False,0.0009175539016723633,0.008247911930084229
NA5_LAG10_018,NA5_LAG10,5,10,5,2,cascade,C1,True,1.9729137420654297e-05,0.002043008804321289
NA5_LAG10_018,NA5_LAG10,5,10,5,3,mild,C1,True,0.0005356073379516602,0.0011363029479980469
NA5_LAG10_018,NA5_LAG10,5,10,5,4,cascade,C1,True,-5.507469177246094e-05,-0.0007100105285644531
NA5_LAG10_018,NA5_LAG10,5,10,5,6,cascade,C1,True,0.0003858208656311035,0.0009275078773498535
NA5_LAG10_019,NA5_LAG10,5,10,3,1,mild,C5,False,-0.00036329030990600586,0.2196318507194519
NA5_LAG10_019,NA5_LAG10,5,10,3,2,mild,C5,False,0.0004188418388366699,0.21061348915100098
NA5_LAG10_019,NA5_LAG10,5,10,3,4,mild,C3,True,0.005724906921386719,0.04951751232147217
NA5_LAG10_019,NA5_LAG10,5,10,3,5,mild,C3,True,0.005486786365509033,0.04256296157836914
NA5_LAG10_019,NA5_LAG10,5,10,3,6,cascade,C5,False,8.296966552734375e-05,0.20593714714050293
NA5_LAG10_020,NA5_LAG10,5,10,3,1,mild,C1,False,0.00020682811737060547,0.07125061750411987
NA5_LAG10_020,NA5_LAG10,5,10,3,2,mild,C4,True,0.0004769563674926758,0.09717017412185669
NA5_LAG10_020,NA5_LAG10,5,10,3,4,mild,C4,True,-0.0009440779685974121,0.04623246192932129
NA5_LAG10_020,NA5_LAG10,5,10,3,5,cascade,C5,False,-0.0017885565757751465,0.08445346355438232
NA5_LAG10_020,NA5_LAG10,5,10,3,6,cascade,C4,True,-0.0004131793975830078,0.045660972595214844
NA5_LAG10_021,NA5_LAG10,5,10,1,2,mild,C3,False,0.011830806732177734,0.11611264944076538
NA5_LAG10_021,NA5_LAG10,5,10,1,3,mild,C5,False,0.0028533935546875,0.045052409172058105
NA5_LAG10_021,NA5_LAG10,5,10,1,4,cascade,C2,False,0.032215237617492676,0.18542015552520752
NA5_LAG10_021,NA5_LAG10,5,10,1,5,cascade,C4,False,0.0013161301612854004,0.04937225580215454
NA5_LAG10_021,NA5_LAG10,5,10,1,6,cascade,C2,False,0.029604732990264893,0.2015002965927124
NA5_LAG10_022,NA5_LAG10,5,10,5,1,mild,C3,True,0.004182279109954834,0.05858957767486572
NA5_LAG10_022,NA5_LAG10,5,10,5,2,mild,C2,False,0.0004926323890686035,0.22853541374206543
NA5_LAG10_022,NA5_LAG10,5,10,5,3,mild,C5,False,-0.00029027462005615234,0.20712363719940186
NA5_LAG10_022,NA5_LAG10,5,10,5,4,mild,C3,True,0.004590332508087158,0.047310829162597656
NA5_LAG10_022,NA5_LAG10,5,10,5,6,mild,C2,False,0.0011699795722961426,0.19444286823272705
NA5_LAG10_023,NA5_LAG10,5,10,3,1,mild,C5,True,0.00011730194091796875,0.007127165794372559
NA5_LAG10_023,NA5_LAG10,5,10,3,2,mild,C5,True,4.458427429199219e-05,-0.007935762405395508
NA5_LAG10_023,NA5_LAG10,5,10,3,4,mild,C5,True,0.0006592273712158203,0.0027678608894348145
NA5_LAG10_023,NA5_LAG10,5,10,3,5,mild,C1,False,0.0005666613578796387,0.015069246292114258
NA5_LAG10_023,NA5_LAG10,5,10,3,6,mild,C2,False,0.0009522438049316406,0.006264150142669678
NA5_LAG10_024,NA5_LAG10,5,10,2,1,mild,C4,False,0.04431432485580444,0.03582501411437988
NA5_LAG10_024,NA5_LAG10,5,10,2,3,cascade,C2,True,0.010714352130889893,0.15122568607330322
NA5_LAG10_024,NA5_LAG10,5,10,2,4,mild,C1,False,0.047142088413238525,0.16902971267700195
NA5_LAG10_024,NA5_LAG10,5,10,2,5,cascade,C2,True,0.009131252765655518,0.03840529918670654
NA5_LAG10_024,NA5_LAG10,5,10,2,6,cascade,C2,True,0.007869064807891846,0.15603309869766235
NA5_LAG10_025,NA5_LAG10,5,10,5,1,mild,C1,True,0.0007293820381164551,-0.0010971426963806152
NA5_LAG10_025,NA5_LAG10,5,10,5,2,mild,C1,True,0.0006340146064758301,0.0006166696548461914
NA5_LAG10_025,NA5_LAG10,5,10,5,3,mild,C1,True,0.001206040382385254,0.006589651107788086
NA5_LAG10_025,NA5_LAG10,5,10,5,4,cascade,C1,True,-0.0008131265640258789,-0.010239243507385254
NA5_LAG10_025,NA5_LAG10,5,10,5,6,mild,C1,True,0.0009326338768005371,-0.009914755821228027
NA5_LAG10_026,NA5_LAG10,5,10,3,1,cascade,C1,True,-0.0011941790580749512,0.0011821985244750977
NA5_LAG10_026,NA5_LAG10,5,10,3,2,cascade,C1,True,-0.0005103945732116699,0.0005726218223571777
NA5_LAG10_026,NA5_LAG10,5,10,3,4,cascade,C1,True,-0.0006636381149291992,0.0036426186561584473
NA5_LAG10_026,NA5_LAG10,5,10,3,5,cascade,C1,True,-0.0009464621543884277,0.0013729333877563477
NA5_LAG10_026,NA5_LAG10,5,10,3,6,cascade,C1,True,-0.0007007718086242676,0.0021231770515441895
NA5_LAG10_027,NA5_LAG10,5,10,4,1,mild,C2,False,0.00696110725402832,0.0129622220993042
NA5_LAG10_027,NA5_LAG10,5,10,4,2,mild,C1,True,0.0005117654800415039,0.0026273727416992188
NA5_LAG10_027,NA5_LAG10,5,10,4,3,mild,C1,True,0.002091050148010254,0.007199525833129883
NA5_LAG10_027,NA5_LAG10,5,10,4,5,mild,C1,True,0.000822603702545166,0.006168484687805176
NA5_LAG10_027,NA5_LAG10,5,10,4,6,mild,C3,False,0.011323511600494385,0.1303548812866211
NA5_LAG10_028,NA5_LAG10,5,10,1,2,cascade,C1,False,0.06470948457717896,0.17861783504486084
NA5_LAG10_028,NA5_LAG10,5,10,1,3,cascade,C2,True,0.017824232578277588,0.31616103649139404
NA5_LAG10_028,NA5_LAG10,5,10,1,4,cascade,C2,True,0.019563674926757812,0.282501757144928
NA5_LAG10_028,NA5_LAG10,5,10,1,5,mild,C2,True,0.052298903465270996,0.15489357709884644
NA5_LAG10_028,NA5_LAG10,5,10,1,6,cascade,C3,False,0.05227547883987427,0.09825903177261353
NA5_LAG10_029,NA5_LAG10,5,10,6,1,mild,C4,True,-0.00013130903244018555,0.07321536540985107
NA5_LAG10_029,NA5_LAG10,5,10,6,2,cascade,C3,False,0.001495361328125,0.26640796661376953
NA5_LAG10_029,NA5_LAG10,5,10,6,3,mild,C4,True,-0.000399172306060791,0.09288233518600464
NA5_LAG10_029,NA5_LAG10,5,10,6,4,mild,C5,False,0.000363767147064209,0.0627482533454895
NA5_LAG10_029,NA5_LAG10,5,10,6,5,cascade,C2,False,0.02475416660308838,0.11031889915466309
NA5_LAG50_000,NA5_LAG50,5,50,4,1,cascade,C5,False,0.0025253891944885254,0.025218307971954346
NA5_LAG50_000,NA5_LAG50,5,50,4,2,cascade,C2,False,0.011829257011413574,0.187028706073761
NA5_LAG50_000,NA5_LAG50,5,50,4,3,mild,C2,False,0.004694998264312744,0.06478214263916016
NA5_LAG50_000,NA5_LAG50,5,50,4,5,mild,C1,True,0.0014895796775817871,0.015659749507904053
NA5_LAG50_000,NA5_LAG50,5,50,4,6,cascade,C1,True,-0.000565946102142334,0.006474494934082031
NA5_LAG50_001,NA5_LAG50,5,50,2,1,cascade,C3,False,0.04120957851409912,0.0808679461479187
NA5_LAG50_001,NA5_LAG50,5,50,2,3,cascade,C2,True,0.02591007947921753,0.0910494327545166
NA5_LAG50_001,NA5_LAG50,5,50,2,4,mild,C2,True,0.04261517524719238,0.03630882501602173
NA5_LAG50_001,NA5_LAG50,5,50,2,5,cascade,C2,True,0.025869369506835938,0.08946758508682251
NA5_LAG50_001,NA5_LAG50,5,50,2,6,mild,C2,True,0.046838223934173584,0.035301029682159424
NA5_LAG50_002,NA5_LAG50,5,50,4,1,mild,C3,False,0.005217313766479492,0.1095583438873291
NA5_LAG50_002,NA5_LAG50,5,50,4,2,mild,C1,True,0.0002461075782775879,0.013512134552001953
NA5_LAG50_002,NA5_LAG50,5,50,4,3,cascade,C1,True,0.0001710653305053711,0.01152259111404419
NA5_LAG50_002,NA5_LAG50,5,50,4,5,cascade,C1,True,-0.00041663646697998047,0.020032286643981934
NA5_LAG50_002,NA5_LAG50,5,50,4,6,mild,C5,False,0.0022751688957214355,0.04336738586425781
NA5_LAG50_003,NA5_LAG50,5,50,4,1,mild,C3,False,0.0018506646156311035,0.15207386016845703
NA5_LAG50_003,NA5_LAG50,5,50,4,2,cascade,C4,True,-0.0005840659141540527,0.013105392456054688
NA5_LAG50_003,NA5_LAG50,5,50,4,3,cascade,C4,True,-0.000988602638244629,0.07298499345779419
NA5_LAG50_003,NA5_LAG50,5,50,4,5,mild,C2,False,0.0010156631469726562,0.0773392915725708
NA5_LAG50_003,NA5_LAG50,5,50,4,6,mild,C4,True,-0.0004687309265136719,0.03385394811630249
NA5_LAG50_004,NA5_LAG50,5,50,5,1,mild,C4,False,-0.00032025575637817383,0.03372848033905029
NA5_LAG50_004,NA5_LAG50,5,50,5,2,cascade,C5,True,-0.0006593465805053711,0.0013466477394104004
NA5_LAG50_004,NA5_LAG50,5,50,5,3,cascade,C5,True,-0.00037801265716552734,0.0030036568641662598
NA5_LAG50_004,NA5_LAG50,5,50,5,4,cascade,C5,True,-0.000690162181854248,0.0029305219650268555
NA5_LAG50_004,NA5_LAG50,5,50,5,6,mild,C5,True,0.00025844573974609375,0.010454297065734863
NA5_LAG50_005,NA5_LAG50,5,50,1,2,mild,C4,False,0.0004253387451171875,0.15518808364868164
NA5_LAG50_005,NA5_LAG50,5,50,1,3,cascade,C3,True,-0.00022351741790771484,-0.0014098286628723145
NA5_LAG50_005,NA5_LAG50,5,50,1,4,cascade,C3,True,-2.2351741790771484e-05,0.0009715557098388672
NA5_LAG50_005,NA5_LAG50,5,50,1,5,cascade,C3,True,-0.0005292892456054688,-0.0013481974601745605
NA5_LAG50_005,NA5_LAG50,5,50,1,6,cascade,C2,False,0.01162177324295044,0.02651536464691162
NA5_LAG50_006,NA5_LAG50,5,50,5,1,cascade,C1,True,-0.0001653432846069336,0.004611968994140625
NA5_LAG50_006,NA5_LAG50,5,50,5,2,cascade,C2,False,0.012032032012939453,0.1910063624382019
NA5_LAG50_006,NA5_LAG50,5,50,5,3,mild,C5,False,0.003903806209564209,0.015440285205841064
NA5_LAG50_006,NA5_LAG50,5,50,5,4,cascade,C1,True,0.0004925131797790527,0.0006108880043029785
NA5_LAG50_006,NA5_LAG50,5,50,5,6,cascade,C1,True,0.0006192922592163086,0.008783519268035889
NA5_LAG50_007,NA5_LAG50,5,50,5,1,mild,C3,False,0.0033140182495117188,0.1651785969734192
NA5_LAG50_007,NA5_LAG50,5,50,5,2,cascade,C4,True,-0.000774085521697998,0.028493225574493408
NA5_LAG50_007,NA5_LAG50,5,50,5,3,mild,C1,False,0.0007991790771484375,0.0445631742477417
NA5_LAG50_007,NA5_LAG50,5,50,5,4,cascade,C1,False,0.0010833144187927246,0.11838924884796143
NA5_LAG50_007,NA5_LAG50,5,50,5,6,cascade,C4,True,-0.00038743019104003906,0.02214103937149048
NA5_LAG50_008,NA5_LAG50,5,50,5,1,cascade,C3,True,-0.0003566741943359375,-0.0007104873657226562
NA5_LAG50_008,NA5_LAG50,5,50,5,2,mild,C3,True,0.001884758472442627,0.057656705379486084
NA5_LAG50_008,NA5_LAG50,5,50,5,3,mild,C2,False,0.00025838613510131836,0.09470444917678833
NA5_LAG50_008,NA5_LAG50,5,50,5,4,cascade,C2,False,0.009071528911590576,0.04629713296890259
NA5_LAG50_008,NA5_LAG50,5,50,5,6,cascade,C2,False,0.009424149990081787,0.04365670680999756
NA5_LAG50_009,NA5_LAG50,5,50,5,1,mild,C1,False,0.05750548839569092,0.14174437522888184
NA5_LAG50_009,NA5_LAG50,5,50,5,2,cascade,C4,False,0.05333513021469116,0.13621628284454346
NA5_LAG50_009,NA5_LAG50,5,50,5,3,cascade,C2,True,0.03063654899597168,0.09257954359054565
NA5_LAG50_009,NA5_LAG50,5,50,5,4,cascade,C2,True,0.030371665954589844,0.08841222524642944
NA5_LAG50_009,NA5_LAG50,5,50,5,6,cascade,C4,False,0.051697731018066406,0.12767374515533447
NA5_LAG50_010,NA5_LAG50,5,50,1,2,cascade,C2,False,0.008080482482910156,0.21445167064666748
NA5_LAG50_010,NA5_LAG50,5,50,1,3,cascade,C4,True,0.0004940032958984375,0.017700672149658203
NA5_LAG50_010,NA5_LAG50,5,50,1,4,mild,C4,True,0.0002066493034362793,0.03895169496536255
NA5_LAG50_010,NA5_LAG50,5,50,1,5,mild,C4,True,0.0004082322120666504,0.03556126356124878
NA5_LAG50_010,NA5_LAG50,5,50,1,6,cascade,C1,False,0.0017484426498413086,0.04408508539199829
NA5_LAG50_011,NA5_LAG50,5,50,4,1,mild,C4,False,0.04884541034698486,0.05846893787384033
NA5_LAG50_011,NA5_LAG50,5,50,4,2,mild,C2,True,0.04857659339904785,0.05157184600830078
NA5_LAG50_011,NA5_LAG50,5,50,4,3,cascade,C3,False,0.045805513858795166,0.09201401472091675
NA5_LAG50_011,NA5_LAG50,5,50,4,5,cascade,C2,True,0.029179394245147705,0.02826768159866333
NA5_LAG50_011,NA5_LAG50,5,50,4,6,cascade,C1,False,0.05519306659698486,0.15063494443893433
NA5_LAG50_012,NA5_LAG50,5,50,1,2,mild,C4,False,-0.00048828125,0.16672664880752563
NA5_LAG50_012,NA5_LAG50,5,50,1,3,mild,C5,False,-0.00042635202407836914,0.2108515501022339
NA5_LAG50_012,NA5_LAG50,5,50,1,4,cascade,C3,True,1.2695789337158203e-05,-0.0048081278800964355
NA5_LAG50_012,NA5_LAG50,5,50,1,5,cascade,C3,True,-0.00024312734603881836,-0.0031317472457885742
NA5_LAG50_012,NA5_LAG50,5,50,1,6,mild,C3,True,0.0016980767250061035,0.05667448043823242
NA5_LAG50_013,NA5_LAG50,5,50,2,1,cascade,C4,False,0.0004999637603759766,0.03125077486038208
NA5_LAG50_013,NA5_LAG50,5,50,2,3,mild,C1,False,0.0006409883499145508,0.03354370594024658
NA5_LAG50_013,NA5_LAG50,5,50,2,4,mild,C1,False,0.0014097094535827637,0.022542715072631836
NA5_LAG50_013,NA5_LAG50,5,50,2,5,cascade,C5,True,9.97781753540039e-05,0.0050972700119018555
NA5_LAG50_013,NA5_LAG50,5,50,2,6,cascade,C5,True,0.0009018778800964355,0.012372374534606934
NA5_LAG50_014,NA5_LAG50,5,50,2,1,mild,C3,True,0.0024774670600891113,0.054272592067718506
NA5_LAG50_014,NA5_LAG50,5,50,2,3,cascade,C4,False,-0.0003832578659057617,0.2371806502342224
NA5_LAG50_014,NA5_LAG50,5,50,2,4,mild,C3,True,0.0026406049728393555,0.0490683913230896
NA5_LAG50_014,NA5_LAG50,5,50,2,5,mild,C3,True,4.690885543823242e-05,0.0618780255317688
NA5_LAG50_014,NA5_LAG50,5,50,2,6,mild,C3,True,0.0016795992851257324,0.06392371654510498
NA5_LAG50_015,NA5_LAG50,5,50,3,1,mild,C5,True,-0.000944674015045166,0.003393709659576416
NA5_LAG50_015,NA5_LAG50,5,50,3,2,mild,C3,False,0.0016508102416992188,0.11646151542663574
NA5_LAG50_015,NA5_LAG50,5,50,3,4,cascade,C1,False,0.0009884238243103027,0.021722614765167236
NA5_LAG50_015,NA5_LAG50,5,50,3,5,cascade,C5,True,-0.000769495964050293,0.0022929906845092773
NA5_LAG50_015,NA5_LAG50,5,50,3,6,cascade,C4,False,-0.0008180141448974609,0.006513357162475586
NA5_LAG50_016,NA5_LAG50,5,50,2,1,mild,C3,False,0.003930211067199707,0.11201882362365723
NA5_LAG50_016,NA5_LAG50,5,50,2,3,mild,C2,False,0.0009000301361083984,0.0603410005569458
NA5_LAG50_016,NA5_LAG50,5,50,2,4,mild,C5,True,0.00022423267364501953,0.0001245737075805664
NA5_LAG50_016,NA5_LAG50,5,50,2,5,cascade,C2,False,0.009971022605895996,0.15504223108291626
NA5_LAG50_016,NA5_LAG50,5,50,2,6,cascade,C3,False,0.00046193599700927734,0.19435423612594604
NA5_LAG50_017,NA5_LAG50,5,50,2,1,mild,C2,False,0.0006747841835021973,0.053835391998291016
NA5_LAG50_017,NA5_LAG50,5,50,2,3,mild,C3,True,0.00363314151763916,0.055391550064086914
NA5_LAG50_017,NA5_LAG50,5,50,2,4,cascade,C1,False,0.001997828483581543,0.22537559270858765
NA5_LAG50_017,NA5_LAG50,5,50,2,5,mild,C3,True,0.004305481910705566,0.05125468969345093
NA5_LAG50_017,NA5_LAG50,5,50,2,6,cascade,C5,False,0.0008029937744140625,0.20446771383285522
NA5_LAG50_018,NA5_LAG50,5,50,4,1,cascade,C3,True,1.7464160919189453e-05,0.0015470385551452637
NA5_LAG50_018,NA5_LAG50,5,50,4,2,mild,C3,True,0.0038602352142333984,0.048101842403411865
NA5_LAG50_018,NA5_LAG50,5,50,4,3,cascade,C1,False,4.7326087951660156e-05,0.2338019609451294
NA5_LAG50_018,NA5_LAG50,5,50,4,5,cascade,C4,False,-0.0010407567024230957,0.24321836233139038
NA5_LAG50_018,NA5_LAG50,5,50,4,6,mild,C1,False,-0.00017547607421875,0.22164565324783325
NA5_LAG50_019,NA5_LAG50,5,50,5,1,cascade,C2,False,0.009269297122955322,0.021480679512023926
NA5_LAG50_019,NA5_LAG50,5,50,5,2,cascade,C3,True,-0.000639796257019043,0.0026526451110839844
NA5_LAG50_019,NA5_LAG50,5,50,5,3,mild,C3,True,0.0010450482368469238,0.061735332012176514
NA5_LAG50_019,NA5_LAG50,5,50,5,4,cascade,C4,False,-0.00021570920944213867,0.2373523712158203
NA5_LAG50_019,NA5_LAG50,5,50,5,6,mild,C3,True,0.0022752881050109863,0.05266541242599487
NA5_LAG50_020,NA5_LAG50,5,50,2,1,mild,C5,True,-0.00017213821411132812,0.011576533317565918
NA5_LAG50_020,NA5_LAG50,5,50,2,3,cascade,C3,False,0.00033527612686157227,0.20506197214126587
NA5_LAG50_020,NA5_LAG50,5,50,2,4,mild,C5,True,0.0002759695053100586,0.007205545902252197
NA5_LAG50_020,NA5_LAG50,5,50,2,5,mild,C2,False,0.0010529756546020508,0.08113747835159302
NA5_LAG50_020,NA5_LAG50,5,50,2,6,mild,C4,False,0.0007215738296508789,0.024749159812927246
NA5_LAG50_021,NA5_LAG50,5,50,1,2,mild,C5,True,0.00035828351974487305,0.0017576813697814941
NA5_LAG50_021,NA5_LAG50,5,50,1,3,mild,C3,False,0.0016241669654846191,0.12626314163208008
NA5_LAG50_021,NA5_LAG50,5,50,1,4,cascade,C5,True,-0.0006262063980102539,0.004856467247009277
NA5_LAG50_021,NA5_LAG50,5,50,1,5,mild,C4,False,2.9027462005615234e-05,0.08034569025039673
NA5_LAG50_021,NA5_LAG50,5,50,1,6,mild,C5,True,0.0006532669067382812,0.008311927318572998
NA5_LAG50_022,NA5_LAG50,5,50,3,1,cascade,C2,True,0.033237993717193604,0.11216318607330322
NA5_LAG50_022,NA5_LAG50,5,50,3,2,cascade,C1,False,0.06186878681182861,0.24609285593032837
NA5_LAG50_022,NA5_LAG50,5,50,3,4,cascade,C2,True,0.03438925743103027,0.10655838251113892
NA5_LAG50_022,NA5_LAG50,5,50,3,5,cascade,C2,True,0.0353204607963562,0.12124532461166382
NA5_LAG50_022,NA5_LAG50,5,50,3,6,mild,C2,True,0.05597269535064697,0.0588192343711853
NA5_LAG50_023,NA5_LAG50,5,50,3,1,mild,C2,False,0.0008401274681091309,0.05591404438018799
NA5_LAG50_023,NA5_LAG50,5,50,3,2,cascade,C3,True,0.001512765884399414,-1.4841556549072266e-05
NA5_LAG50_023,NA5_LAG50,5,50,3,4,cascade,C2,False,0.008483052253723145,0.027843356132507324
NA5_LAG50_023,NA5_LAG50,5,50,3,5,mild,C1,False,0.0010473132133483887,0.21569740772247314
NA5_LAG50_023,NA5_LAG50,5,50,3,6,cascade,C3,True,0.00022709369659423828,0.0010003447532653809
NA5_LAG50_024,NA5_LAG50,5,50,4,1,mild,C5,True,-0.00029355287551879883,0.003958404064178467
NA5_LAG50_024,NA5_LAG50,5,50,4,2,mild,C1,False,-0.00017654895782470703,0.011431396007537842
NA5_LAG50_024,NA5_LAG50,5,50,4,3,mild,C4,False,0.0012459754943847656,0.011958122253417969
NA5_LAG50_024,NA5_LAG50,5,50,4,5,mild,C4,False,0.0006601214408874512,0.0036273598670959473
NA5_LAG50_024,NA5_LAG50,5,50,4,6,cascade,C5,True,-0.000766456127166748,0.0042220354080200195
NA5_LAG50_025,NA5_LAG50,5,50,3,1,mild,C1,False,0.001138925552368164,-0.0011990666389465332
NA5_LAG50_025,NA5_LAG50,5,50,3,2,cascade,C5,True,-9.036064147949219e-05,-0.004751265048980713
NA5_LAG50_025,NA5_LAG50,5,50,3,4,mild,C3,False,0.002086818218231201,0.10961371660232544
NA5_LAG50_025,NA5_LAG50,5,50,3,5,mild,C5,True,0.0005649924278259277,-0.004594206809997559
NA5_LAG50_025,NA5_LAG50,5,50,3,6,cascade,C5,True,0.0005934834480285645,-0.0007363557815551758
NA5_LAG50_026,NA5_LAG50,5,50,3,1,mild,C4,True,-0.0005745291709899902,0.036801934242248535
NA5_LAG50_026,NA5_LAG50,5,50,3,2,cascade,C3,False,0.00013953447341918945,0.25684332847595215
NA5_LAG50_026,NA5_LAG50,5,50,3,4,mild,C1,False,-0.0001620650291442871,0.045916736125946045
NA5_LAG50_026,NA5_LAG50,5,50,3,5,mild,C4,True,0.0005772113800048828,0.05467337369918823
NA5_LAG50_026,NA5_LAG50,5,50,3,6,mild,C2,False,0.0014086365699768066,0.15108352899551392
NA5_LAG50_027,NA5_LAG50,5,50,1,2,mild,C2,True,0.05275237560272217,0.16535961627960205
NA5_LAG50_027,NA5_LAG50,5,50,1,3,cascade,C5,False,0.04653477668762207,0.08669215440750122
NA5_LAG50_027,NA5_LAG50,5,50,1,4,mild,C5,False,0.04717594385147095,0.07485473155975342
NA5_LAG50_027,NA5_LAG50,5,50,1,5,cascade,C3,False,0.04245460033416748,0.2780318856239319
NA5_LAG50_027,NA5_LAG50,5,50,1,6,mild,C2,True,0.04511404037475586,0.19504815340042114
NA5_LAG50_028,NA5_LAG50,5,50,1,2,mild,C3,False,0.005727946758270264,0.12072902917861938
NA5_LAG50_028,NA5_LAG50,5,50,1,3,cascade,C1,True,-0.0006873011589050293,0.0013603568077087402
NA5_LAG50_028,NA5_LAG50,5,50,1,4,mild,C2,False,0.003134429454803467,0.09982633590698242
NA5_LAG50_028,NA5_LAG50,5,50,1,5,mild,C1,True,0.0008455514907836914,-0.003500044345855713
NA5_LAG50_028,NA5_LAG50,5,50,1,6,cascade,C3,False,0.00016254186630249023,0.22820240259170532
NA5_LAG50_029,NA5_LAG50,5,50,5,1,mild,C5,False,0.00016504526138305664,0.2013798952102661
NA5_LAG50_029,NA5_LAG50,5,50,5,2,mild,C1,False,0.00031507015228271484,0.21791398525238037
NA5_LAG50_029,NA5_LAG50,5,50,5,3,cascade,C2,False,0.011490941047668457,0.0284387469291687
NA5_LAG50_029,NA5_LAG50,5,50,5,4,mild,C1,False,-0.00011426210403442383,0.20672917366027832
NA5_LAG50_029,NA5_LAG50,5,50,5,6,cascade,C4,False,-0.0003241896629333496,0.26163893938064575
