case_id,scenario,n_affected,lag,root,channel,role,break_type,homogeneous,dist_pre_cls,dist_post_cls,delta_cls,dist_pre_patch,dist_post_patch,delta_patch
NA0_LAG10_000,NA0_LAG10,0,10,2,1,unrelated,,,0.008152186870574951,0.00875180959701538,0.0005996227264404297,0.0066983699798583984,0.008099257946014404,0.0014008879661560059
NA0_LAG10_000,NA0_LAG10,0,10,2,3,unrelated,,,0.0202217698097229,0.008619904518127441,-0.011601865291595459,0.01019507646560669,0.007420837879180908,-0.0027742385864257812
NA0_LAG10_000,NA0_LAG10,0,10,2,4,unrelated,,,0.016399502754211426,0.010743200778961182,-0.005656301975250244,0.011059701442718506,0.009339988231658936,-0.0017197132110595703
NA0_LAG10_000,NA0_LAG10,0,10,2,5,unrelated,,,0.01752007007598877,0.015315830707550049,-0.0022042393684387207,0.010455667972564697,0.015361487865447998,0.004905819892883301
NA0_LAG10_000,NA0_LAG10,0,10,2,6,unrelated,,,0.0216638445854187,0.017121613025665283,-0.004542231559753418,0.011157095432281494,0.014750957489013672,0.0035938620567321777
NA0_LAG10_001,NA0_LAG10,0,10,6,1,unrelated,,,0.022897839546203613,0.010024785995483398,-0.012873053550720215,0.014316320419311523,0.009629666805267334,-0.0046866536140441895
NA0_LAG10_001,NA0_LAG10,0,10,6,2,unrelated,,,0.028786897659301758,0.017739593982696533,-0.011047303676605225,0.01770836114883423,0.016550183296203613,-0.0011581778526306152
NA0_LAG10_001,NA0_LAG10,0,10,6,3,unrelated,,,0.05874788761138916,0.019612550735473633,-0.03913533687591553,0.03708243370056152,0.017809629440307617,-0.019272804260253906
NA0_LAG10_001,NA0_LAG10,0,10,6,4,unrelated,,,0.015557706356048584,0.014405012130737305,-0.0011526942253112793,0.01160508394241333,0.014640569686889648,0.0030354857444763184
NA0_LAG10_001,NA0_LAG10,0,10,6,5,unrelated,,,0.05049997568130493,0.013633191585540771,-0.03686678409576416,0.030079782009124756,0.017203152179718018,-0.012876629829406738
NA0_LAG10_002,NA0_LAG10,0,10,4,1,unrelated,,,0.021115481853485107,0.21304649114608765,0.19193100929260254,0.013218045234680176,0.17779898643493652,0.16458094120025635
NA0_LAG10_002,NA0_LAG10,0,10,4,2,unrelated,,,0.028780996799468994,0.22673481702804565,0.19795382022857666,0.023398995399475098,0.17612677812576294,0.15272778272628784
NA0_LAG10_002,NA0_LAG10,0,10,4,3,unrelated,,,0.019853055477142334,0.21810322999954224,0.1982501745223999,0.014087677001953125,0.17531394958496094,0.1612262725830078
NA0_LAG10_002,NA0_LAG10,0,10,4,5,unrelated,,,0.01607447862625122,0.224651038646698,0.20857656002044678,0.011548757553100586,0.17472738027572632,0.16317862272262573
NA0_LAG10_002,NA0_LAG10,0,10,4,6,unrelated,,,0.014087200164794922,0.21724504232406616,0.20315784215927124,0.008765757083892822,0.17182785272598267,0.16306209564208984
NA0_LAG10_003,NA0_LAG10,0,10,2,1,unrelated,,,0.07179129123687744,0.03203064203262329,-0.03976064920425415,0.03684258460998535,0.02983534336090088,-0.007007241249084473
NA0_LAG10_003,NA0_LAG10,0,10,2,3,unrelated,,,0.01304018497467041,0.022170186042785645,0.009130001068115234,0.01064455509185791,0.022122979164123535,0.011478424072265625
NA0_LAG10_003,NA0_LAG10,0,10,2,4,unrelated,,,0.0425715446472168,0.031283795833587646,-0.01128774881362915,0.028523623943328857,0.023897230625152588,-0.0046263933181762695
NA0_LAG10_003,NA0_LAG10,0,10,2,5,unrelated,,,0.024354636669158936,0.037064552307128906,0.01270991563796997,0.014151811599731445,0.03504633903503418,0.020894527435302734
NA0_LAG10_003,NA0_LAG10,0,10,2,6,unrelated,,,0.023565828800201416,0.02932518720626831,0.0057593584060668945,0.013701677322387695,0.02383357286453247,0.010131895542144775
NA0_LAG10_004,NA0_LAG10,0,10,5,1,unrelated,,,0.0173988938331604,0.029300212860107422,0.011901319026947021,0.014433562755584717,0.028688490390777588,0.014254927635192871
NA0_LAG10_004,NA0_LAG10,0,10,5,2,unrelated,,,0.030990421772003174,0.018887996673583984,-0.01210242509841919,0.022002041339874268,0.013910293579101562,-0.008091747760772705
NA0_LAG10_004,NA0_LAG10,0,10,5,3,unrelated,,,0.015151441097259521,0.018926143646240234,0.003774702548980713,0.012438595294952393,0.016025960445404053,0.00358736515045166
NA0_LAG10_004,NA0_LAG10,0,10,5,4,unrelated,,,0.01706451177597046,0.02125835418701172,0.00419384241104126,0.011613547801971436,0.017889976501464844,0.006276428699493408
NA0_LAG10_004,NA0_LAG10,0,10,5,6,unrelated,,,0.02457636594772339,0.016365110874176025,-0.008211255073547363,0.018544137477874756,0.0131911039352417,-0.005353033542633057
NA0_LAG10_005,NA0_LAG10,0,10,3,1,unrelated,,,0.011103689670562744,0.019784986972808838,0.008681297302246094,0.0077689290046691895,0.020939409732818604,0.013170480728149414
NA0_LAG10_005,NA0_LAG10,0,10,3,2,unrelated,,,0.031407952308654785,0.014688551425933838,-0.016719400882720947,0.018489420413970947,0.011435925960540771,-0.007053494453430176
NA0_LAG10_005,NA0_LAG10,0,10,3,4,unrelated,,,0.025095880031585693,0.015253245830535889,-0.009842634201049805,0.017725050449371338,0.011508166790008545,-0.006216883659362793
NA0_LAG10_005,NA0_LAG10,0,10,3,5,unrelated,,,0.023253798484802246,0.016627967357635498,-0.006625831127166748,0.015422165393829346,0.012852013111114502,-0.0025701522827148438
NA0_LAG10_005,NA0_LAG10,0,10,3,6,unrelated,,,0.038167357444763184,0.013179242610931396,-0.024988114833831787,0.025078177452087402,0.011195659637451172,-0.01388251781463623
NA0_LAG10_006,NA0_LAG10,0,10,4,1,unrelated,,,0.04969710111618042,0.20416569709777832,0.1544685959815979,0.026974141597747803,0.19801098108291626,0.17103683948516846
NA0_LAG10_006,NA0_LAG10,0,10,4,2,unrelated,,,0.01158595085144043,0.20084655284881592,0.1892606019973755,0.008437514305114746,0.19648462533950806,0.1880471110343933
NA0_LAG10_006,NA0_LAG10,0,10,4,3,unrelated,,,0.012420415878295898,0.21951282024383545,0.20709240436553955,0.006303548812866211,0.2033597230911255,0.19705617427825928
NA0_LAG10_006,NA0_LAG10,0,10,4,5,unrelated,,,0.009541571140289307,0.21565330028533936,0.20611172914505005,0.008262574672698975,0.21076452732086182,0.20250195264816284
NA0_LAG10_006,NA0_LAG10,0,10,4,6,unrelated,,,0.013631880283355713,0.21336811780929565,0.19973623752593994,0.008971631526947021,0.20739823579788208,0.19842660427093506
NA0_LAG10_007,NA0_LAG10,0,10,1,2,unrelated,,,0.04514956474304199,0.017012178897857666,-0.028137385845184326,0.024869441986083984,0.01379925012588501,-0.011070191860198975
NA0_LAG10_007,NA0_LAG10,0,10,1,3,unrelated,,,0.02604508399963379,0.025844156742095947,-0.0002009272575378418,0.02041858434677124,0.021130919456481934,0.0007123351097106934
NA0_LAG10_007,NA0_LAG10,0,10,1,4,unrelated,,,0.02542293071746826,0.014124810695648193,-0.011298120021820068,0.01549142599105835,0.013736069202423096,-0.001755356788635254
NA0_LAG10_007,NA0_LAG10,0,10,1,5,unrelated,,,0.01587766408920288,0.02074873447418213,0.004871070384979248,0.0103302001953125,0.0174219012260437,0.007091701030731201
NA0_LAG10_007,NA0_LAG10,0,10,1,6,unrelated,,,0.018023192882537842,0.02231377363204956,0.004290580749511719,0.010573267936706543,0.015491068363189697,0.004917800426483154
NA0_LAG10_008,NA0_LAG10,0,10,3,1,unrelated,,,0.02113550901412964,0.03250378370285034,0.011368274688720703,0.0156286358833313,0.027658402919769287,0.012029767036437988
NA0_LAG10_008,NA0_LAG10,0,10,3,2,unrelated,,,0.041961491107940674,0.035591721534729004,-0.00636976957321167,0.020667552947998047,0.034855008125305176,0.014187455177307129
NA0_LAG10_008,NA0_LAG10,0,10,3,4,unrelated,,,0.024032950401306152,0.0348544716835022,0.010821521282196045,0.01916670799255371,0.029809653759002686,0.010642945766448975
NA0_LAG10_008,NA0_LAG10,0,10,3,5,unrelated,,,0.015393257141113281,0.022060751914978027,0.006667494773864746,0.009030640125274658,0.020571887493133545,0.011541247367858887
NA0_LAG10_008,NA0_LAG10,0,10,3,6,unrelated,,,0.04477059841156006,0.03208160400390625,-0.012688994407653809,0.024079561233520508,0.03018951416015625,0.006109952926635742
NA0_LAG10_009,NA0_LAG10,0,10,5,1,unrelated,,,0.009264767169952393,0.023472130298614502,0.01420736312866211,0.007359206676483154,0.020910143852233887,0.013550937175750732
NA0_LAG10_009,NA0_LAG10,0,10,5,2,unrelated,,,0.013509273529052734,0.020952582359313965,0.0074433088302612305,0.008899569511413574,0.02059537172317505,0.011695802211761475
NA0_LAG10_009,NA0_LAG10,0,10,5,3,unrelated,,,0.025762736797332764,0.01936173439025879,-0.006401002407073975,0.017289340496063232,0.015626370906829834,-0.0016629695892333984
NA0_LAG10_009,NA0_LAG10,0,10,5,4,unrelated,,,0.01485353708267212,0.031951308250427246,0.017097771167755127,0.009453058242797852,0.025892257690429688,0.016439199447631836
NA0_LAG10_009,NA0_LAG10,0,10,5,6,unrelated,,,0.012578189373016357,0.02961176633834839,0.01703357696533203,0.00924307107925415,0.028267204761505127,0.019024133682250977
NA0_LAG10_010,NA0_LAG10,0,10,5,1,unrelated,,,0.050193607807159424,0.022461354732513428,-0.027732253074645996,0.04497939348220825,0.01632744073867798,-0.028651952743530273
NA0_LAG10_010,NA0_LAG10,0,10,5,2,unrelated,,,0.018846094608306885,0.01952308416366577,0.0006769895553588867,0.017541050910949707,0.015680909156799316,-0.0018601417541503906
NA0_LAG10_010,NA0_LAG10,0,10,5,3,unrelated,,,0.02631688117980957,0.02542978525161743,-0.0008870959281921387,0.026293158531188965,0.02097529172897339,-0.005317866802215576
NA0_LAG10_010,NA0_LAG10,0,10,5,4,unrelated,,,0.015998125076293945,0.021119117736816406,0.005120992660522461,0.015144169330596924,0.016478896141052246,0.0013347268104553223
NA0_LAG10_010,NA0_LAG10,0,10,5,6,unrelated,,,0.02110224962234497,0.015291988849639893,-0.005810260772705078,0.01830083131790161,0.010505139827728271,-0.00779569149017334
NA0_LAG10_011,NA0_LAG10,0,10,2,1,unrelated,,,0.0125274658203125,0.2262541651725769,0.2137266993522644,0.008363187313079834,0.19256502389907837,0.18420183658599854
NA0_LAG10_011,NA0_LAG10,0,10,2,3,unrelated,,,0.009524762630462646,0.2214682698249817,0.21194350719451904,0.007456600666046143,0.18731313943862915,0.179856538772583
NA0_LAG10_011,NA0_LAG10,0,10,2,4,unrelated,,,0.009330451488494873,0.23646068572998047,0.2271302342414856,0.005105555057525635,0.19899660348892212,0.19389104843139648
NA0_LAG10_011,NA0_LAG10,0,10,2,5,unrelated,,,0.015429258346557617,0.23027896881103516,0.21484971046447754,0.009041368961334229,0.19140982627868652,0.1823684573173523
NA0_LAG10_011,NA0_LAG10,0,10,2,6,unrelated,,,0.0145263671875,0.22787600755691528,0.21334964036941528,0.007134795188903809,0.1958276629447937,0.1886928677558899
NA0_LAG10_012,NA0_LAG10,0,10,5,1,unrelated,,,0.03862416744232178,0.23675692081451416,0.19813275337219238,0.021780550479888916,0.20452743768692017,0.18274688720703125
NA0_LAG10_012,NA0_LAG10,0,10,5,2,unrelated,,,0.037051379680633545,0.22016912698745728,0.18311774730682373,0.0225374698638916,0.1934834122657776,0.170945942401886
NA0_LAG10_012,NA0_LAG10,0,10,5,3,unrelated,,,0.02240520715713501,0.21630722284317017,0.19390201568603516,0.01356053352355957,0.18207955360412598,0.1685190200805664
NA0_LAG10_012,NA0_LAG10,0,10,5,4,unrelated,,,0.03676807880401611,0.21272796392440796,0.17595988512039185,0.017837166786193848,0.18371319770812988,0.16587603092193604
NA0_LAG10_012,NA0_LAG10,0,10,5,6,unrelated,,,0.033485591411590576,0.21555554866790771,0.18206995725631714,0.019861280918121338,0.18980520963668823,0.1699439287185669
NA0_LAG10_013,NA0_LAG10,0,10,1,2,unrelated,,,0.04811364412307739,0.011977851390838623,-0.03613579273223877,0.028295934200286865,0.010866522789001465,-0.0174294114112854
NA0_LAG10_013,NA0_LAG10,0,10,1,3,unrelated,,,0.09969484806060791,0.022681832313537598,-0.07701301574707031,0.03833019733428955,0.019965171813964844,-0.018365025520324707
NA0_LAG10_013,NA0_LAG10,0,10,1,4,unrelated,,,0.026967406272888184,0.010297775268554688,-0.016669631004333496,0.016046524047851562,0.009349346160888672,-0.006697177886962891
NA0_LAG10_013,NA0_LAG10,0,10,1,5,unrelated,,,0.047538936138153076,0.013500571250915527,-0.03403836488723755,0.026741981506347656,0.010280609130859375,-0.01646137237548828
NA0_LAG10_013,NA0_LAG10,0,10,1,6,unrelated,,,0.03977733850479126,0.016087889671325684,-0.023689448833465576,0.02628183364868164,0.013437449932098389,-0.012844383716583252
NA0_LAG10_014,NA0_LAG10,0,10,4,1,unrelated,,,0.03374159336090088,0.005468487739562988,-0.02827310562133789,0.021637916564941406,0.005429327487945557,-0.01620858907699585
NA0_LAG10_014,NA0_LAG10,0,10,4,2,unrelated,,,0.057689666748046875,0.005156755447387695,-0.05253291130065918,0.033158957958221436,0.004633963108062744,-0.02852499485015869
NA0_LAG10_014,NA0_LAG10,0,10,4,3,unrelated,,,0.023086190223693848,0.006796121597290039,-0.01629006862640381,0.017179489135742188,0.0058255791664123535,-0.011353909969329834
NA0_LAG10_014,NA0_LAG10,0,10,4,5,unrelated,,,0.026183724403381348,0.00521397590637207,-0.020969748497009277,0.01717442274093628,0.0038031339645385742,-0.013371288776397705
NA0_LAG10_014,NA0_LAG10,0,10,4,6,unrelated,,,0.03778862953186035,0.007632017135620117,-0.030156612396240234,0.023871004581451416,0.006858646869659424,-0.017012357711791992
NA0_LAG10_015,NA0_LAG10,0,10,4,1,unrelated,,,0.030088603496551514,0.1996353268623352,0.1695467233657837,0.01884901523590088,0.17020368576049805,0.15135467052459717
NA0_LAG10_015,NA0_LAG10,0,10,4,2,unrelated,,,0.021618008613586426,0.18518602848052979,0.16356801986694336,0.013571441173553467,0.162919819355011,0.14934837818145752
NA0_LAG10_015,NA0_LAG10,0,10,4,3,unrelated,,,0.016591906547546387,0.18994951248168945,0.17335760593414307,0.010057926177978516,0.16558653116226196,0.15552860498428345
NA0_LAG10_015,NA0_LAG10,0,10,4,5,unrelated,,,0.0357857346534729,0.19481950998306274,0.15903377532958984,0.0183982253074646,0.169397234916687,0.1509990096092224
NA0_LAG10_015,NA0_LAG10,0,10,4,6,unrelated,,,0.015571177005767822,0.1902570128440857,0.17468583583831787,0.009439826011657715,0.17363685369491577,0.16419702768325806
NA0_LAG10_016,NA0_LAG10,0,10,4,1,unrelated,,,0.0165671706199646,0.18678677082061768,0.17021960020065308,0.011475026607513428,0.17179685831069946,0.16032183170318604
NA0_LAG10_016,NA0_LAG10,0,10,4,2,unrelated,,,0.02425670623779297,0.18318766355514526,0.1589309573173523,0.01506274938583374,0.1651589274406433,0.15009617805480957
NA0_LAG10_016,NA0_LAG10,0,10,4,3,unrelated,,,0.01357877254486084,0.1713559627532959,0.15777719020843506,0.011505424976348877,0.16014951467514038,0.1486440896987915
NA0_LAG10_016,NA0_LAG10,0,10,4,5,unrelated,,,0.014534235000610352,0.19088631868362427,0.17635208368301392,0.009951293468475342,0.17339885234832764,0.1634475588798523
NA0_LAG10_016,NA0_LAG10,0,10,4,6,unrelated,,,0.028090476989746094,0.1910398006439209,0.1629493236541748,0.01964747905731201,0.17298585176467896,0.15333837270736694
NA0_LAG10_017,NA0_LAG10,0,10,6,1,unrelated,,,0.01778090000152588,0.00983428955078125,-0.007946610450744629,0.01353377103805542,0.009305417537689209,-0.004228353500366211
NA0_LAG10_017,NA0_LAG10,0,10,6,2,unrelated,,,0.050009965896606445,0.00909346342086792,-0.040916502475738525,0.025339245796203613,0.009304225444793701,-0.016035020351409912
NA0_LAG10_017,NA0_LAG10,0,10,6,3,unrelated,,,0.019754111766815186,0.009318768978118896,-0.010435342788696289,0.01354748010635376,0.009398937225341797,-0.004148542881011963
NA0_LAG10_017,NA0_LAG10,0,10,6,4,unrelated,,,0.018173396587371826,0.007566988468170166,-0.01060640811920166,0.010053157806396484,0.0068135857582092285,-0.003239572048187256
NA0_LAG10_017,NA0_LAG10,0,10,6,5,unrelated,,,0.01730138063430786,0.012617230415344238,-0.004684150218963623,0.012165546417236328,0.011040270328521729,-0.0011252760887145996
NA0_LAG10_018,NA0_LAG10,0,10,6,1,unrelated,,,0.031152844429016113,0.008465170860290527,-0.022687673568725586,0.01672518253326416,0.005879223346710205,-0.010845959186553955
NA0_LAG10_018,NA0_LAG10,0,10,6,2,unrelated,,,0.060178160667419434,0.01920098066329956,-0.04097718000411987,0.024875879287719727,0.01601332426071167,-0.008862555027008057
NA0_LAG10_018,NA0_LAG10,0,10,6,3,unrelated,,,0.07930141687393188,0.010846257209777832,-0.06845515966415405,0.041769206523895264,0.009491384029388428,-0.032277822494506836
NA0_LAG10_018,NA0_LAG10,0,10,6,4,unrelated,,,0.0684887170791626,0.013863921165466309,-0.05462479591369629,0.0371396541595459,0.011186778545379639,-0.02595287561416626
NA0_LAG10_018,NA0_LAG10,0,10,6,5,unrelated,,,0.06447958946228027,0.012783229351043701,-0.05169636011123657,0.03677785396575928,0.009953320026397705,-0.026824533939361572
NA0_LAG10_019,NA0_LAG10,0,10,3,1,unrelated,,,0.06737673282623291,0.19659864902496338,0.12922191619873047,0.03472369909286499,0.18315356969833374,0.14842987060546875
NA0_LAG10_019,NA0_LAG10,0,10,3,2,unrelated,,,0.01841515302658081,0.18664312362670898,0.16822797060012817,0.01387256383895874,0.1769997477531433,0.16312718391418457
NA0_LAG10_019,NA0_LAG10,0,10,3,4,unrelated,,,0.023047149181365967,0.2032286524772644,0.18018150329589844,0.01382136344909668,0.18137019872665405,0.16754883527755737
NA0_LAG10_019,NA0_LAG10,0,10,3,5,unrelated,,,0.023607730865478516,0.21332305669784546,0.18971532583236694,0.014658868312835693,0.19457179307937622,0.17991292476654053
NA0_LAG10_019,NA0_LAG10,0,10,3,6,unrelated,,,0.030266880989074707,0.2096804976463318,0.17941361665725708,0.017782747745513916,0.18910634517669678,0.17132359743118286
NA0_LAG10_020,NA0_LAG10,0,10,6,1,unrelated,,,0.07376277446746826,0.010366380214691162,-0.0633963942527771,0.039888083934783936,0.008043885231018066,-0.03184419870376587
NA0_LAG10_020,NA0_LAG10,0,10,6,2,unrelated,,,0.13184231519699097,0.01498478651046753,-0.11685752868652344,0.06637251377105713,0.012605607509613037,-0.05376690626144409
NA0_LAG10_020,NA0_LAG10,0,10,6,3,unrelated,,,0.06307345628738403,0.010039448738098145,-0.05303400754928589,0.03703027963638306,0.007499396800994873,-0.029530882835388184
NA0_LAG10_020,NA0_LAG10,0,10,6,4,unrelated,,,0.09477090835571289,0.011599540710449219,-0.08317136764526367,0.05223238468170166,0.008768916130065918,-0.04346346855163574
NA0_LAG10_020,NA0_LAG10,0,10,6,5,unrelated,,,0.037990689277648926,0.015629112720489502,-0.022361576557159424,0.02275693416595459,0.013381481170654297,-0.009375452995300293
NA0_LAG10_021,NA0_LAG10,0,10,2,1,unrelated,,,0.035315871238708496,0.19998162984848022,0.16466575860977173,0.02040320634841919,0.16928189992904663,0.14887869358062744
NA0_LAG10_021,NA0_LAG10,0,10,2,3,unrelated,,,0.04552721977233887,0.17871230840682983,0.13318508863449097,0.0304182767868042,0.16048365831375122,0.13006538152694702
NA0_LAG10_021,NA0_LAG10,0,10,2,4,unrelated,,,0.045978844165802,0.1949237585067749,0.1489449143409729,0.02456367015838623,0.16982531547546387,0.14526164531707764
NA0_LAG10_021,NA0_LAG10,0,10,2,5,unrelated,,,0.017930984497070312,0.18985962867736816,0.17192864418029785,0.01118004322052002,0.16601431369781494,0.15483427047729492
NA0_LAG10_021,NA0_LAG10,0,10,2,6,unrelated,,,0.05367767810821533,0.17962908744812012,0.12595140933990479,0.03983008861541748,0.1513625979423523,0.11153250932693481
NA0_LAG10_022,NA0_LAG10,0,10,6,1,unrelated,,,0.014147758483886719,0.02441692352294922,0.0102691650390625,0.009638309478759766,0.019132018089294434,0.009493708610534668
NA0_LAG10_022,NA0_LAG10,0,10,6,2,unrelated,,,0.04684650897979736,0.028856515884399414,-0.01798999309539795,0.029635369777679443,0.02040809392929077,-0.009227275848388672
NA0_LAG10_022,NA0_LAG10,0,10,6,3,unrelated,,,0.030860066413879395,0.02588343620300293,-0.004976630210876465,0.016691863536834717,0.022699356079101562,0.006007492542266846
NA0_LAG10_022,NA0_LAG10,0,10,6,4,unrelated,,,0.01736980676651001,0.029703617095947266,0.012333810329437256,0.01196962594985962,0.024438202381134033,0.012468576431274414
NA0_LAG10_022,NA0_LAG10,0,10,6,5,unrelated,,,0.019673287868499756,0.03145313262939453,0.011779844760894775,0.011180758476257324,0.028432250022888184,0.01725149154663086
NA0_LAG10_023,NA0_LAG10,0,10,2,1,unrelated,,,0.021130025386810303,0.18825042247772217,0.16712039709091187,0.015271484851837158,0.19134461879730225,0.1760731339454651
NA0_LAG10_023,NA0_LAG10,0,10,2,3,unrelated,,,0.024996459484100342,0.19800478219985962,0.17300832271575928,0.01866936683654785,0.19588375091552734,0.1772143840789795
NA0_LAG10_023,NA0_LAG10,0,10,2,4,unrelated,,,0.04142194986343384,0.19132745265960693,0.1499055027961731,0.027931809425354004,0.18992877006530762,0.1619969606399536
NA0_LAG10_023,NA0_LAG10,0,10,2,5,unrelated,,,0.03407663106918335,0.18998461961746216,0.1559079885482788,0.020678937435150146,0.18776100873947144,0.1670820713043213
NA0_LAG10_023,NA0_LAG10,0,10,2,6,unrelated,,,0.03434175252914429,0.19513201713562012,0.16079026460647583,0.022965610027313232,0.19621628522872925,0.17325067520141602
NA0_LAG10_024,NA0_LAG10,0,10,4,1,unrelated,,,0.030922770500183105,0.23148781061172485,0.20056504011154175,0.01891082525253296,0.21422457695007324,0.19531375169754028
NA0_LAG10_024,NA0_LAG10,0,10,4,2,unrelated,,,0.026248931884765625,0.2284923791885376,0.20224344730377197,0.01796025037765503,0.21144843101501465,0.19348818063735962
NA0_LAG10_024,NA0_LAG10,0,10,4,3,unrelated,,,0.012873589992523193,0.2250382900238037,0.21216470003128052,0.008615434169769287,0.21743732690811157,0.20882189273834229
NA0_LAG10_024,NA0_LAG10,0,10,4,5,unrelated,,,0.023076534271240234,0.2440643310546875,0.22098779678344727,0.018355250358581543,0.22407174110412598,0.20571649074554443
NA0_LAG10_024,NA0_LAG10,0,10,4,6,unrelated,,,0.025831878185272217,0.22364038228988647,0.19780850410461426,0.018448352813720703,0.21037769317626953,0.19192934036254883
NA0_LAG10_025,NA0_LAG10,0,10,5,1,unrelated,,,0.01011669635772705,0.0102006196975708,8.392333984375e-05,0.008670151233673096,0.007400691509246826,-0.0012694597244262695
NA0_LAG10_025,NA0_LAG10,0,10,5,2,unrelated,,,0.018765687942504883,0.006648600101470947,-0.012117087841033936,0.015718936920166016,0.004828691482543945,-0.01089024543762207
NA0_LAG10_025,NA0_LAG10,0,10,5,3,unrelated,,,0.01892799139022827,0.013881504535675049,-0.005046486854553223,0.011264920234680176,0.01170581579208374,0.00044089555740356445
NA0_LAG10_025,NA0_LAG10,0,10,5,4,unrelated,,,0.016807079315185547,0.005105197429656982,-0.011701881885528564,0.010769367218017578,0.004732310771942139,-0.0060370564460754395
NA0_LAG10_025,NA0_LAG10,0,10,5,6,unrelated,,,0.018088102340698242,0.007590055465698242,-0.010498046875,0.014227986335754395,0.007202506065368652,-0.007025480270385742
NA0_LAG10_026,NA0_LAG10,0,10,4,1,unrelated,,,0.02709251642227173,0.020035266876220703,-0.007057249546051025,0.016741812229156494,0.017595291137695312,0.0008534789085388184
NA0_LAG10_026,NA0_LAG10,0,10,4,2,unrelated,,,0.03394114971160889,0.03821837902069092,0.004277229309082031,0.01832181215286255,0.033609092235565186,0.015287280082702637
NA0_LAG10_026,NA0_LAG10,0,10,4,3,unrelated,,,0.0300101637840271,0.0149039626121521,-0.015106201171875,0.01684284210205078,0.014908254146575928,-0.0019345879554748535
NA0_LAG10_026,NA0_LAG10,0,10,4,5,unrelated,,,0.026076078414916992,0.03637051582336426,0.010294437408447266,0.01582324504852295,0.031045138835906982,0.015221893787384033
NA0_LAG10_026,NA0_LAG10,0,10,4,6,unrelated,,,0.036085546016693115,0.02532505989074707,-0.010760486125946045,0.021680474281311035,0.019998669624328613,-0.0016818046569824219
NA0_LAG10_027,NA0_LAG10,0,10,4,1,unrelated,,,0.01698249578475952,0.032180726528167725,0.015198230743408203,0.016010940074920654,0.02762526273727417,0.011614322662353516
NA0_LAG10_027,NA0_LAG10,0,10,4,2,unrelated,,,0.021876037120819092,0.023247063159942627,0.0013710260391235352,0.01594454050064087,0.02438056468963623,0.008436024188995361
NA0_LAG10_027,NA0_LAG10,0,10,4,3,unrelated,,,0.01102536916732788,0.026369988918304443,0.015344619750976562,0.008554518222808838,0.02199476957321167,0.013440251350402832
NA0_LAG10_027,NA0_LAG10,0,10,4,5,unrelated,,,0.023527085781097412,0.017337799072265625,-0.006189286708831787,0.016903221607208252,0.014612436294555664,-0.002290785312652588
NA0_LAG10_027,NA0_LAG10,0,10,4,6,unrelated,,,0.009005069732666016,0.027757704257965088,0.018752634525299072,0.00640106201171875,0.025509357452392578,0.019108295440673828
NA0_LAG10_028,NA0_LAG10,0,10,4,1,unrelated,,,0.020599365234375,0.030867695808410645,0.010268330574035645,0.01335674524307251,0.02892768383026123,0.01557093858718872
NA0_LAG10_028,NA0_LAG10,0,10,4,2,unrelated,,,0.025681376457214355,0.030093729496002197,0.004412353038787842,0.019326746463775635,0.028860032558441162,0.009533286094665527
NA0_LAG10_028,NA0_LAG10,0,10,4,3,unrelated,,,0.032908499240875244,0.020026683807373047,-0.012881815433502197,0.0211067795753479,0.01874828338623047,-0.0023584961891174316
NA0_LAG10_028,NA0_LAG10,0,10,4,5,unrelated,,,0.08052778244018555,0.010594010353088379,-0.06993377208709717,0.04754006862640381,0.008428096771240234,-0.039111971855163574
NA0_LAG10_028,NA0_LAG10,0,10,4,6,unrelated,,,0.05345195531845093,0.011191964149475098,-0.04225999116897583,0.03885525465011597,0.01006007194519043,-0.028795182704925537
NA0_LAG10_029,NA0_LAG10,0,10,4,1,unrelated,,,0.017341792583465576,0.010854661464691162,-0.006487131118774414,0.010657787322998047,0.00798124074935913,-0.002676546573638916
NA0_LAG10_029,NA0_LAG10,0,10,4,2,unrelated,,,0.02808159589767456,0.01340031623840332,-0.01468127965927124,0.016386210918426514,0.007945895195007324,-0.00844031572341919
NA0_LAG10_029,NA0_LAG10,0,10,4,3,unrelated,,,0.03542971611022949,0.01802384853363037,-0.01740586757659912,0.02283024787902832,0.010587036609649658,-0.012243211269378662
NA0_LAG10_029,NA0_LAG10,0,10,4,5,unrelated,,,0.018966972827911377,0.011825978755950928,-0.007140994071960449,0.012950658798217773,0.008031308650970459,-0.0049193501472473145
NA0_LAG10_029,NA0_LAG10,0,10,4,6,unrelated,,,0.034079551696777344,0.012708425521850586,-0.021371126174926758,0.02376025915145874,0.00921553373336792,-0.01454472541809082
NA0_LAG50_000,NA0_LAG50,0,50,3,1,unrelated,,,0.03428757190704346,0.030007898807525635,-0.004279673099517822,0.016119003295898438,0.03223317861557007,0.01611417531967163
NA0_LAG50_000,NA0_LAG50,0,50,3,2,unrelated,,,0.02930229902267456,0.02666836977005005,-0.0026339292526245117,0.01414334774017334,0.027988314628601074,0.013844966888427734
NA0_LAG50_000,NA0_LAG50,0,50,3,4,unrelated,,,0.01962226629257202,0.021915555000305176,0.0022932887077331543,0.013716459274291992,0.02297687530517578,0.009260416030883789
NA0_LAG50_000,NA0_LAG50,0,50,3,5,unrelated,,,0.01572328805923462,0.0295407772064209,0.01381748914718628,0.010624587535858154,0.027159452438354492,0.016534864902496338
NA0_LAG50_000,NA0_LAG50,0,50,3,6,unrelated,,,0.021365106105804443,0.02853870391845703,0.007173597812652588,0.016482293605804443,0.03083670139312744,0.014354407787322998
NA0_LAG50_001,NA0_LAG50,0,50,1,2,unrelated,,,0.02061748504638672,0.18840420246124268,0.16778671741485596,0.017715871334075928,0.15728724002838135,0.13957136869430542
NA0_LAG50_001,NA0_LAG50,0,50,1,3,unrelated,,,0.02117133140563965,0.18745946884155273,0.16628813743591309,0.017112433910369873,0.16249042749404907,0.1453779935836792
NA0_LAG50_001,NA0_LAG50,0,50,1,4,unrelated,,,0.022021949291229248,0.18767905235290527,0.16565710306167603,0.014298737049102783,0.15822726488113403,0.14392852783203125
NA0_LAG50_001,NA0_LAG50,0,50,1,5,unrelated,,,0.016209304332733154,0.18852239847183228,0.17231309413909912,0.008739233016967773,0.16494792699813843,0.15620869398117065
NA0_LAG50_001,NA0_LAG50,0,50,1,6,unrelated,,,0.028011679649353027,0.17530953884124756,0.14729785919189453,0.015914201736450195,0.15192800760269165,0.13601380586624146
NA0_LAG50_002,NA0_LAG50,0,50,5,1,unrelated,,,0.016818702220916748,0.008139610290527344,-0.008679091930389404,0.01065295934677124,0.006768584251403809,-0.0038843750953674316
NA0_LAG50_002,NA0_LAG50,0,50,5,2,unrelated,,,0.021272480487823486,0.00824892520904541,-0.013023555278778076,0.017281830310821533,0.007384002208709717,-0.009897828102111816
NA0_LAG50_002,NA0_LAG50,0,50,5,3,unrelated,,,0.014997422695159912,0.011581480503082275,-0.0034159421920776367,0.00803065299987793,0.010111868381500244,0.0020812153816223145
NA0_LAG50_002,NA0_LAG50,0,50,5,4,unrelated,,,0.015497207641601562,0.00924694538116455,-0.006250262260437012,0.009553730487823486,0.008591234683990479,-0.0009624958038330078
NA0_LAG50_002,NA0_LAG50,0,50,5,6,unrelated,,,0.01687633991241455,0.011917173862457275,-0.004959166049957275,0.011945784091949463,0.01141291856765747,-0.0005328655242919922
NA0_LAG50_003,NA0_LAG50,0,50,2,1,unrelated,,,0.06285363435745239,0.18559497594833374,0.12274134159088135,0.03733891248703003,0.17606723308563232,0.1387283205986023
NA0_LAG50_003,NA0_LAG50,0,50,2,3,unrelated,,,0.016224980354309082,0.19810736179351807,0.18188238143920898,0.012466013431549072,0.1834644079208374,0.17099839448928833
NA0_LAG50_003,NA0_LAG50,0,50,2,4,unrelated,,,0.011042296886444092,0.18452221155166626,0.17347991466522217,0.00738602876663208,0.1720590591430664,0.16467303037643433
NA0_LAG50_003,NA0_LAG50,0,50,2,5,unrelated,,,0.015135526657104492,0.20536720752716064,0.19023168087005615,0.00991123914718628,0.1836545467376709,0.17374330759048462
NA0_LAG50_003,NA0_LAG50,0,50,2,6,unrelated,,,0.01422727108001709,0.19415581226348877,0.17992854118347168,0.012070655822753906,0.17987632751464844,0.16780567169189453
NA0_LAG50_004,NA0_LAG50,0,50,1,2,unrelated,,,0.025665760040283203,0.03530150651931763,0.009635746479034424,0.01865363121032715,0.031315624713897705,0.012661993503570557
NA0_LAG50_004,NA0_LAG50,0,50,1,3,unrelated,,,0.015637576580047607,0.03170579671859741,0.016068220138549805,0.008974432945251465,0.023123562335968018,0.014149129390716553
NA0_LAG50_004,NA0_LAG50,0,50,1,4,unrelated,,,0.025814533233642578,0.033104538917541504,0.007290005683898926,0.01672506332397461,0.027982115745544434,0.011257052421569824
NA0_LAG50_004,NA0_LAG50,0,50,1,5,unrelated,,,0.012280941009521484,0.036209821701049805,0.02392888069152832,0.010279059410095215,0.030145883560180664,0.01986682415008545
NA0_LAG50_004,NA0_LAG50,0,50,1,6,unrelated,,,0.01935553550720215,0.043822288513183594,0.024466753005981445,0.01137477159500122,0.03361046314239502,0.0222356915473938
NA0_LAG50_005,NA0_LAG50,0,50,5,1,unrelated,,,0.01810091733932495,0.19575542211532593,0.17765450477600098,0.012807905673980713,0.1875668168067932,0.1747589111328125
NA0_LAG50_005,NA0_LAG50,0,50,5,2,unrelated,,,0.06820541620254517,0.17735600471496582,0.10915058851242065,0.032530784606933594,0.17608177661895752,0.14355099201202393
NA0_LAG50_005,NA0_LAG50,0,50,5,3,unrelated,,,0.018021821975708008,0.1961228847503662,0.1781010627746582,0.015198767185211182,0.1868302822113037,0.17163151502609253
NA0_LAG50_005,NA0_LAG50,0,50,5,4,unrelated,,,0.03059786558151245,0.17636138200759888,0.14576351642608643,0.018699288368225098,0.1726422905921936,0.1539430022239685
NA0_LAG50_005,NA0_LAG50,0,50,5,6,unrelated,,,0.03159177303314209,0.17516350746154785,0.14357173442840576,0.019057273864746094,0.1713780164718628,0.1523207426071167
NA0_LAG50_006,NA0_LAG50,0,50,2,1,unrelated,,,0.030597329139709473,0.010291814804077148,-0.020305514335632324,0.01414954662322998,0.007427692413330078,-0.006721854209899902
NA0_LAG50_006,NA0_LAG50,0,50,2,3,unrelated,,,0.02478194236755371,0.01047605276107788,-0.01430588960647583,0.013035118579864502,0.007998347282409668,-0.005036771297454834
NA0_LAG50_006,NA0_LAG50,0,50,2,4,unrelated,,,0.018340647220611572,0.007633864879608154,-0.010706782341003418,0.009320080280303955,0.005791187286376953,-0.003528892993927002
NA0_LAG50_006,NA0_LAG50,0,50,2,5,unrelated,,,0.015909314155578613,0.010415375232696533,-0.00549393892288208,0.009792745113372803,0.009660184383392334,-0.00013256072998046875
NA0_LAG50_006,NA0_LAG50,0,50,2,6,unrelated,,,0.04269450902938843,0.007966399192810059,-0.03472810983657837,0.019271135330200195,0.007408738136291504,-0.011862397193908691
NA0_LAG50_007,NA0_LAG50,0,50,4,1,unrelated,,,0.016696929931640625,0.014051318168640137,-0.0026456117630004883,0.010195732116699219,0.008271336555480957,-0.0019243955612182617
NA0_LAG50_007,NA0_LAG50,0,50,4,2,unrelated,,,0.019583702087402344,0.010267555713653564,-0.00931614637374878,0.009618818759918213,0.007584929466247559,-0.0020338892936706543
NA0_LAG50_007,NA0_LAG50,0,50,4,3,unrelated,,,0.017630815505981445,0.015582680702209473,-0.0020481348037719727,0.009504973888397217,0.012907087802886963,0.003402113914489746
NA0_LAG50_007,NA0_LAG50,0,50,4,5,unrelated,,,0.017473876476287842,0.011490225791931152,-0.0059836506843566895,0.009548842906951904,0.010283708572387695,0.000734865665435791
NA0_LAG50_007,NA0_LAG50,0,50,4,6,unrelated,,,0.01403588056564331,0.009565651416778564,-0.004470229148864746,0.008198797702789307,0.006817758083343506,-0.0013810396194458008
NA0_LAG50_008,NA0_LAG50,0,50,5,1,unrelated,,,0.041845738887786865,0.00896596908569336,-0.032879769802093506,0.02057892084121704,0.006466984748840332,-0.014111936092376709
NA0_LAG50_008,NA0_LAG50,0,50,5,2,unrelated,,,0.01621490716934204,0.01058739423751831,-0.0056275129318237305,0.00926363468170166,0.00883573293685913,-0.0004279017448425293
NA0_LAG50_008,NA0_LAG50,0,50,5,3,unrelated,,,0.09776365756988525,0.007058143615722656,-0.0907055139541626,0.04259270429611206,0.006572842597961426,-0.036019861698150635
NA0_LAG50_008,NA0_LAG50,0,50,5,4,unrelated,,,0.02008110284805298,0.019482135772705078,-0.0005989670753479004,0.011668622493743896,0.0181349515914917,0.006466329097747803
NA0_LAG50_008,NA0_LAG50,0,50,5,6,unrelated,,,0.013264775276184082,0.011629223823547363,-0.0016355514526367188,0.010900497436523438,0.009975910186767578,-0.0009245872497558594
NA0_LAG50_009,NA0_LAG50,0,50,3,1,unrelated,,,0.0366901159286499,0.1852121353149414,0.1485220193862915,0.019752144813537598,0.17341387271881104,0.15366172790527344
NA0_LAG50_009,NA0_LAG50,0,50,3,2,unrelated,,,0.034883201122283936,0.1750950813293457,0.14021188020706177,0.02097851037979126,0.16966652870178223,0.14868801832199097
NA0_LAG50_009,NA0_LAG50,0,50,3,4,unrelated,,,0.044978559017181396,0.18084782361984253,0.13586926460266113,0.025047659873962402,0.17466264963150024,0.14961498975753784
NA0_LAG50_009,NA0_LAG50,0,50,3,5,unrelated,,,0.03478705883026123,0.19978994131088257,0.16500288248062134,0.02026766538619995,0.18118178844451904,0.1609141230583191
NA0_LAG50_009,NA0_LAG50,0,50,3,6,unrelated,,,0.028391361236572266,0.17832106351852417,0.1499297022819519,0.0174713134765625,0.1645723581314087,0.1471010446548462
NA0_LAG50_010,NA0_LAG50,0,50,2,1,unrelated,,,0.030840754508972168,0.22652971744537354,0.19568896293640137,0.017551302909851074,0.2127954363822937,0.19524413347244263
NA0_LAG50_010,NA0_LAG50,0,50,2,3,unrelated,,,0.03894716501235962,0.218744695186615,0.17979753017425537,0.023701071739196777,0.20015358924865723,0.17645251750946045
NA0_LAG50_010,NA0_LAG50,0,50,2,4,unrelated,,,0.03140711784362793,0.21286064386367798,0.18145352602005005,0.017288684844970703,0.20424801111221313,0.18695932626724243
NA0_LAG50_010,NA0_LAG50,0,50,2,5,unrelated,,,0.021429717540740967,0.22040420770645142,0.19897449016571045,0.0134163498878479,0.2093462347984314,0.1959298849105835
NA0_LAG50_010,NA0_LAG50,0,50,2,6,unrelated,,,0.028903722763061523,0.22264176607131958,0.19373804330825806,0.0170862078666687,0.20958799123764038,0.19250178337097168
NA0_LAG50_011,NA0_LAG50,0,50,1,2,unrelated,,,0.018893837928771973,0.007329404354095459,-0.011564433574676514,0.01768714189529419,0.006197512149810791,-0.011489629745483398
NA0_LAG50_011,NA0_LAG50,0,50,1,3,unrelated,,,0.015512347221374512,0.00628131628036499,-0.009231030941009521,0.00942307710647583,0.005128920078277588,-0.004294157028198242
NA0_LAG50_011,NA0_LAG50,0,50,1,4,unrelated,,,0.02522367238998413,0.00697636604309082,-0.01824730634689331,0.016624093055725098,0.005476891994476318,-0.01114720106124878
NA0_LAG50_011,NA0_LAG50,0,50,1,5,unrelated,,,0.018550455570220947,0.005229592323303223,-0.013320863246917725,0.012783944606781006,0.0054888129234313965,-0.007295131683349609
NA0_LAG50_011,NA0_LAG50,0,50,1,6,unrelated,,,0.02253812551498413,0.0049454569816589355,-0.017592668533325195,0.017965197563171387,0.0038748979568481445,-0.014090299606323242
NA0_LAG50_012,NA0_LAG50,0,50,2,1,unrelated,,,0.02329123020172119,0.014114916324615479,-0.009176313877105713,0.012567341327667236,0.010101616382598877,-0.0024657249450683594
NA0_LAG50_012,NA0_LAG50,0,50,2,3,unrelated,,,0.02156168222427368,0.01722121238708496,-0.004340469837188721,0.018879354000091553,0.010811209678649902,-0.00806814432144165
NA0_LAG50_012,NA0_LAG50,0,50,2,4,unrelated,,,0.02280348539352417,0.020460009574890137,-0.002343475818634033,0.01513892412185669,0.013846755027770996,-0.0012921690940856934
NA0_LAG50_012,NA0_LAG50,0,50,2,5,unrelated,,,0.03171074390411377,0.0151824951171875,-0.01652824878692627,0.02033257484436035,0.009674251079559326,-0.010658323764801025
NA0_LAG50_012,NA0_LAG50,0,50,2,6,unrelated,,,0.01850968599319458,0.015204668045043945,-0.0033050179481506348,0.0112190842628479,0.011053681373596191,-0.00016540288925170898
NA0_LAG50_013,NA0_LAG50,0,50,2,1,unrelated,,,0.02046602964401245,0.01774144172668457,-0.002724587917327881,0.012933850288391113,0.013267874717712402,0.00033402442932128906
NA0_LAG50_013,NA0_LAG50,0,50,2,3,unrelated,,,0.02016216516494751,0.011890292167663574,-0.008271872997283936,0.016607701778411865,0.014008045196533203,-0.002599656581878662
NA0_LAG50_013,NA0_LAG50,0,50,2,4,unrelated,,,0.021026551723480225,0.016125261783599854,-0.004901289939880371,0.01346367597579956,0.013715207576751709,0.00025153160095214844
NA0_LAG50_013,NA0_LAG50,0,50,2,5,unrelated,,,0.014429807662963867,0.013256430625915527,-0.0011733770370483398,0.008867502212524414,0.010118186473846436,0.0012506842613220215
NA0_LAG50_013,NA0_LAG50,0,50,2,6,unrelated,,,0.024301767349243164,0.011016428470611572,-0.013285338878631592,0.019090771675109863,0.012531638145446777,-0.006559133529663086
NA0_LAG50_014,NA0_LAG50,0,50,3,1,unrelated,,,0.009848177433013916,0.014079630374908447,0.004231452941894531,0.00808340311050415,0.010326802730560303,0.0022433996200561523
NA0_LAG50_014,NA0_LAG50,0,50,3,2,unrelated,,,0.015684425830841064,0.014262676239013672,-0.0014217495918273926,0.010995864868164062,0.011441588401794434,0.0004457235336303711
NA0_LAG50_014,NA0_LAG50,0,50,3,4,unrelated,,,0.011934936046600342,0.013268828392028809,0.0013338923454284668,0.009018242359161377,0.010306715965270996,0.0012884736061096191
NA0_LAG50_014,NA0_LAG50,0,50,3,5,unrelated,,,0.011493265628814697,0.007907271385192871,-0.003585994243621826,0.008163630962371826,0.007421255111694336,-0.0007423758506774902
NA0_LAG50_014,NA0_LAG50,0,50,3,6,unrelated,,,0.11122262477874756,0.016137778759002686,-0.09508484601974487,0.06428658962249756,0.011471867561340332,-0.05281472206115723
NA0_LAG50_015,NA0_LAG50,0,50,6,1,unrelated,,,0.015331447124481201,0.1814458966255188,0.1661144495010376,0.011037349700927734,0.15730100870132446,0.14626365900039673
NA0_LAG50_015,NA0_LAG50,0,50,6,2,unrelated,,,0.0269281268119812,0.2152928113937378,0.1883646845817566,0.02101719379425049,0.17566007375717163,0.15464287996292114
NA0_LAG50_015,NA0_LAG50,0,50,6,3,unrelated,,,0.016826272010803223,0.19427847862243652,0.1774522066116333,0.010996580123901367,0.16424691677093506,0.1532503366470337
NA0_LAG50_015,NA0_LAG50,0,50,6,4,unrelated,,,0.017943382263183594,0.19392359256744385,0.17598021030426025,0.010116279125213623,0.1676061749458313,0.15748989582061768
NA0_LAG50_015,NA0_LAG50,0,50,6,5,unrelated,,,0.02223026752471924,0.19842076301574707,0.17619049549102783,0.013648569583892822,0.162852942943573,0.14920437335968018
NA0_LAG50_016,NA0_LAG50,0,50,5,1,unrelated,,,0.019427597522735596,0.01707446575164795,-0.0023531317710876465,0.012281060218811035,0.017012059688568115,0.00473099946975708
NA0_LAG50_016,NA0_LAG50,0,50,5,2,unrelated,,,0.059948086738586426,0.01877415180206299,-0.04117393493652344,0.029833078384399414,0.016443848609924316,-0.013389229774475098
NA0_LAG50_016,NA0_LAG50,0,50,5,3,unrelated,,,0.041027963161468506,0.014354526996612549,-0.026673436164855957,0.027036547660827637,0.01238340139389038,-0.014653146266937256
NA0_LAG50_016,NA0_LAG50,0,50,5,4,unrelated,,,0.009594917297363281,0.017269015312194824,0.007674098014831543,0.007548987865447998,0.015336573123931885,0.007787585258483887
NA0_LAG50_016,NA0_LAG50,0,50,5,6,unrelated,,,0.014135301113128662,0.010216474533081055,-0.003918826580047607,0.009994745254516602,0.010273635387420654,0.00027889013290405273
NA0_LAG50_017,NA0_LAG50,0,50,1,2,unrelated,,,0.033760130405426025,0.017587602138519287,-0.01617252826690674,0.016578972339630127,0.014351427555084229,-0.0022275447845458984
NA0_LAG50_017,NA0_LAG50,0,50,1,3,unrelated,,,0.032363951206207275,0.01563364267349243,-0.016730308532714844,0.01750737428665161,0.01508861780166626,-0.0024187564849853516
NA0_LAG50_017,NA0_LAG50,0,50,1,4,unrelated,,,0.01774013042449951,0.017028868198394775,-0.0007112622261047363,0.008802235126495361,0.018227756023406982,0.009425520896911621
NA0_LAG50_017,NA0_LAG50,0,50,1,5,unrelated,,,0.06235402822494507,0.02839440107345581,-0.03395962715148926,0.030081570148468018,0.025728285312652588,-0.00435328483581543
NA0_LAG50_017,NA0_LAG50,0,50,1,6,unrelated,,,0.03175264596939087,0.015853703022003174,-0.015898942947387695,0.02006012201309204,0.010735690593719482,-0.009324431419372559
NA0_LAG50_018,NA0_LAG50,0,50,3,1,unrelated,,,0.04759281873703003,0.21066182851791382,0.1630690097808838,0.023775756359100342,0.20172590017318726,0.17795014381408691
NA0_LAG50_018,NA0_LAG50,0,50,3,2,unrelated,,,0.021244704723358154,0.20710325241088867,0.18585854768753052,0.011060595512390137,0.19262486696243286,0.18156427145004272
NA0_LAG50_018,NA0_LAG50,0,50,3,4,unrelated,,,0.04767894744873047,0.2010800838470459,0.15340113639831543,0.02318364381790161,0.18648254871368408,0.16329890489578247
NA0_LAG50_018,NA0_LAG50,0,50,3,5,unrelated,,,0.025793492794036865,0.21243137121200562,0.18663787841796875,0.014441132545471191,0.1986016035079956,0.18416047096252441
NA0_LAG50_018,NA0_LAG50,0,50,3,6,unrelated,,,0.02297663688659668,0.1952158808708191,0.1722392439842224,0.015555322170257568,0.18370342254638672,0.16814810037612915
NA0_LAG50_019,NA0_LAG50,0,50,2,1,unrelated,,,0.014951586723327637,0.011177301406860352,-0.003774285316467285,0.013093888759613037,0.010257959365844727,-0.0028359293937683105
NA0_LAG50_019,NA0_LAG50,0,50,2,3,unrelated,,,0.03642171621322632,0.014220178127288818,-0.0222015380859375,0.02818155288696289,0.012110233306884766,-0.016071319580078125
NA0_LAG50_019,NA0_LAG50,0,50,2,4,unrelated,,,0.019411325454711914,0.013459324836730957,-0.005952000617980957,0.011847257614135742,0.012389898300170898,0.0005426406860351562
NA0_LAG50_019,NA0_LAG50,0,50,2,5,unrelated,,,0.018657982349395752,0.01765751838684082,-0.0010004639625549316,0.012112140655517578,0.016316354274749756,0.004204213619232178
NA0_LAG50_019,NA0_LAG50,0,50,2,6,unrelated,,,0.022608637809753418,0.010293245315551758,-0.01231539249420166,0.015726923942565918,0.00848621129989624,-0.007240712642669678
NA0_LAG50_020,NA0_LAG50,0,50,4,1,unrelated,,,0.0179254412651062,0.007429301738739014,-0.010496139526367188,0.011692702770233154,0.006684482097625732,-0.005008220672607422
NA0_LAG50_020,NA0_LAG50,0,50,4,2,unrelated,,,0.033848702907562256,0.006114363670349121,-0.027734339237213135,0.01675814390182495,0.0070694684982299805,-0.00968867540359497
NA0_LAG50_020,NA0_LAG50,0,50,4,3,unrelated,,,0.024348139762878418,0.010224223136901855,-0.014123916625976562,0.012583553791046143,0.00903409719467163,-0.0035494565963745117
NA0_LAG50_020,NA0_LAG50,0,50,4,5,unrelated,,,0.013714432716369629,0.006325960159301758,-0.007388472557067871,0.008177518844604492,0.006059110164642334,-0.002118408679962158
NA0_LAG50_020,NA0_LAG50,0,50,4,6,unrelated,,,0.029743969440460205,0.005749106407165527,-0.023994863033294678,0.019277989864349365,0.006374239921569824,-0.012903749942779541
NA0_LAG50_021,NA0_LAG50,0,50,3,1,unrelated,,,0.07615268230438232,0.01293647289276123,-0.0632162094116211,0.041063785552978516,0.010031521320343018,-0.031032264232635498
NA0_LAG50_021,NA0_LAG50,0,50,3,2,unrelated,,,0.025216758251190186,0.01884472370147705,-0.006372034549713135,0.017860233783721924,0.012062132358551025,-0.0057981014251708984
NA0_LAG50_021,NA0_LAG50,0,50,3,4,unrelated,,,0.07769948244094849,0.011338114738464355,-0.06636136770248413,0.0482519268989563,0.007574558258056641,-0.04067736864089966
NA0_LAG50_021,NA0_LAG50,0,50,3,5,unrelated,,,0.020396769046783447,0.008052825927734375,-0.012343943119049072,0.014697790145874023,0.006207704544067383,-0.00849008560180664
NA0_LAG50_021,NA0_LAG50,0,50,3,6,unrelated,,,0.05564385652542114,0.01199328899383545,-0.04365056753158569,0.032387614250183105,0.00840669870376587,-0.023980915546417236
NA0_LAG50_022,NA0_LAG50,0,50,1,2,unrelated,,,0.03562939167022705,0.009511470794677734,-0.026117920875549316,0.01568371057510376,0.007534682750701904,-0.008149027824401855
NA0_LAG50_022,NA0_LAG50,0,50,1,3,unrelated,,,0.03872746229171753,0.009258806705474854,-0.029468655586242676,0.021069109439849854,0.008401453495025635,-0.012667655944824219
NA0_LAG50_022,NA0_LAG50,0,50,1,4,unrelated,,,0.03324556350708008,0.012080609798431396,-0.02116495370864868,0.01605403423309326,0.011249661445617676,-0.004804372787475586
NA0_LAG50_022,NA0_LAG50,0,50,1,5,unrelated,,,0.03241229057312012,0.006867766380310059,-0.02554452419281006,0.014130592346191406,0.005939602851867676,-0.00819098949432373
NA0_LAG50_022,NA0_LAG50,0,50,1,6,unrelated,,,0.01450258493423462,0.013635873794555664,-0.0008667111396789551,0.007351875305175781,0.011915326118469238,0.004563450813293457
NA0_LAG50_023,NA0_LAG50,0,50,2,1,unrelated,,,0.03021949529647827,0.015310049057006836,-0.014909446239471436,0.017626702785491943,0.012003898620605469,-0.005622804164886475
NA0_LAG50_023,NA0_LAG50,0,50,2,3,unrelated,,,0.06496018171310425,0.012244760990142822,-0.052715420722961426,0.03388422727584839,0.009708166122436523,-0.024176061153411865
NA0_LAG50_023,NA0_LAG50,0,50,2,4,unrelated,,,0.021083414554595947,0.008356153964996338,-0.01272726058959961,0.012760818004608154,0.0050969719886779785,-0.007663846015930176
NA0_LAG50_023,NA0_LAG50,0,50,2,5,unrelated,,,0.03746068477630615,0.014612793922424316,-0.022847890853881836,0.026230037212371826,0.010282754898071289,-0.015947282314300537
NA0_LAG50_023,NA0_LAG50,0,50,2,6,unrelated,,,0.03737783432006836,0.010657131671905518,-0.026720702648162842,0.021816730499267578,0.009205281734466553,-0.012611448764801025
NA0_LAG50_024,NA0_LAG50,0,50,1,2,unrelated,,,0.018746912479400635,0.011548936367034912,-0.007197976112365723,0.011034250259399414,0.012529373168945312,0.0014951229095458984
NA0_LAG50_024,NA0_LAG50,0,50,1,3,unrelated,,,0.01029890775680542,0.023344099521636963,0.013045191764831543,0.007146477699279785,0.023519039154052734,0.01637256145477295
NA0_LAG50_024,NA0_LAG50,0,50,1,4,unrelated,,,0.02477484941482544,0.016530275344848633,-0.008244574069976807,0.013091623783111572,0.015261590480804443,0.002169966697692871
NA0_LAG50_024,NA0_LAG50,0,50,1,5,unrelated,,,0.04078930616378784,0.011748075485229492,-0.02904123067855835,0.020044684410095215,0.011814773082733154,-0.00822991132736206
NA0_LAG50_024,NA0_LAG50,0,50,1,6,unrelated,,,0.019262611865997314,0.017099320888519287,-0.0021632909774780273,0.009255290031433105,0.014901161193847656,0.005645871162414551
NA0_LAG50_025,NA0_LAG50,0,50,6,1,unrelated,,,0.014183640480041504,0.01175224781036377,-0.0024313926696777344,0.009237587451934814,0.00830066204071045,-0.0009369254112243652
NA0_LAG50_025,NA0_LAG50,0,50,6,2,unrelated,,,0.024873077869415283,0.009797871112823486,-0.015075206756591797,0.016806602478027344,0.008503496646881104,-0.00830310583114624
NA0_LAG50_025,NA0_LAG50,0,50,6,3,unrelated,,,0.012218236923217773,0.010101854801177979,-0.002116382122039795,0.008102953433990479,0.00825047492980957,0.0001475214958190918
NA0_LAG50_025,NA0_LAG50,0,50,6,4,unrelated,,,0.01474982500076294,0.013271689414978027,-0.0014781355857849121,0.00917065143585205,0.011844038963317871,0.0026733875274658203
NA0_LAG50_025,NA0_LAG50,0,50,6,5,unrelated,,,0.027949392795562744,0.0102347731590271,-0.017714619636535645,0.019126594066619873,0.0074266791343688965,-0.011699914932250977
NA0_LAG50_026,NA0_LAG50,0,50,1,2,unrelated,,,0.013074815273284912,0.023981571197509766,0.010906755924224854,0.010440587997436523,0.02091318368911743,0.010472595691680908
NA0_LAG50_026,NA0_LAG50,0,50,1,3,unrelated,,,0.018630623817443848,0.012743234634399414,-0.005887389183044434,0.010949909687042236,0.011779069900512695,0.000829160213470459
NA0_LAG50_026,NA0_LAG50,0,50,1,4,unrelated,,,0.011959731578826904,0.016703546047210693,0.004743814468383789,0.009020626544952393,0.014896750450134277,0.005876123905181885
NA0_LAG50_026,NA0_LAG50,0,50,1,5,unrelated,,,0.011847436428070068,0.012610316276550293,0.0007628798484802246,0.008584976196289062,0.009834110736846924,0.0012491345405578613
NA0_LAG50_026,NA0_LAG50,0,50,1,6,unrelated,,,0.013138055801391602,0.01960545778274536,0.00646740198135376,0.009002864360809326,0.017402291297912598,0.008399426937103271
NA0_LAG50_027,NA0_LAG50,0,50,4,1,unrelated,,,0.04349750280380249,0.1724708080291748,0.12897330522537231,0.024406373500823975,0.152188241481781,0.12778186798095703
NA0_LAG50_027,NA0_LAG50,0,50,4,2,unrelated,,,0.018802344799041748,0.18446499109268188,0.16566264629364014,0.013636112213134766,0.1558091640472412,0.14217305183410645
NA0_LAG50_027,NA0_LAG50,0,50,4,3,unrelated,,,0.01009368896484375,0.16538918018341064,0.1552954912185669,0.008147478103637695,0.14804112911224365,0.13989365100860596
NA0_LAG50_027,NA0_LAG50,0,50,4,5,unrelated,,,0.02001136541366577,0.18015670776367188,0.1601453423500061,0.01776278018951416,0.1572943925857544,0.13953161239624023
NA0_LAG50_027,NA0_LAG50,0,50,4,6,unrelated,,,0.016594231128692627,0.1707814335823059,0.15418720245361328,0.014548420906066895,0.1458669900894165,0.1313185691833496
NA0_LAG50_028,NA0_LAG50,0,50,5,1,unrelated,,,0.035397112369537354,0.00785154104232788,-0.027545571327209473,0.02359861135482788,0.005822122097015381,-0.0177764892578125
NA0_LAG50_028,NA0_LAG50,0,50,5,2,unrelated,,,0.04250365495681763,0.006186366081237793,-0.036317288875579834,0.028187155723571777,0.00572812557220459,-0.022459030151367188
NA0_LAG50_028,NA0_LAG50,0,50,5,3,unrelated,,,0.030001521110534668,0.010087907314300537,-0.01991361379623413,0.01985776424407959,0.00790947675704956,-0.01194828748703003
NA0_LAG50_028,NA0_LAG50,0,50,5,4,unrelated,,,0.028720319271087646,0.012957394123077393,-0.015762925148010254,0.01994532346725464,0.010560214519500732,-0.009385108947753906
NA0_LAG50_028,NA0_LAG50,0,50,5,6,unrelated,,,0.022807300090789795,0.010715007781982422,-0.012092292308807373,0.015321791172027588,0.0076958537101745605,-0.007625937461853027
NA0_LAG50_029,NA0_LAG50,0,50,4,1,unrelated,,,0.08088231086730957,0.24256467819213867,0.1616823673248291,0.032990455627441406,0.2157529592514038,0.1827625036239624
NA0_LAG50_029,NA0_LAG50,0,50,4,2,unrelated,,,0.0898362398147583,0.2207227349281311,0.1308864951133728,0.039836764335632324,0.20720458030700684,0.1673678159713745
NA0_LAG50_029,NA0_LAG50,0,50,4,3,unrelated,,,0.04780548810958862,0.24323564767837524,0.19543015956878662,0.0237160325050354,0.21125757694244385,0.18754154443740845
NA0_LAG50_029,NA0_LAG50,0,50,4,5,unrelated,,,0.08779841661453247,0.22710824012756348,0.139309823513031,0.04605889320373535,0.2039012908935547,0.15784239768981934
NA0_LAG50_029,NA0_LAG50,0,50,4,6,unrelated,,,0.053026795387268066,0.21634989976882935,0.16332310438156128,0.023518085479736328,0.19468790292739868,0.17116981744766235
NA1_LAG10_000,NA1_LAG10,1,10,5,1,unrelated,,,0.03571408987045288,0.009337127208709717,-0.026376962661743164,0.02078491449356079,0.009672760963439941,-0.01111215353012085
NA1_LAG10_000,NA1_LAG10,1,10,5,2,unrelated,,,0.04258912801742554,0.010578691959381104,-0.032010436058044434,0.021574318408966064,0.012542188167572021,-0.009032130241394043
NA1_LAG10_000,NA1_LAG10,1,10,5,3,cascade,C4,True,0.026408672332763672,0.00986182689666748,-0.01654684543609619,0.018558204174041748,0.008120298385620117,-0.01043790578842163
NA1_LAG10_000,NA1_LAG10,1,10,5,4,unrelated,,,0.0455436110496521,0.01239997148513794,-0.03314363956451416,0.025989055633544922,0.012399733066558838,-0.013589322566986084
NA1_LAG10_000,NA1_LAG10,1,10,5,6,unrelated,,,0.05769294500350952,0.00807887315750122,-0.0496140718460083,0.027853786945343018,0.008806049823760986,-0.01904773712158203
NA1_LAG10_001,NA1_LAG10,1,10,4,1,unrelated,,,0.016770482063293457,0.013592004776000977,-0.0031784772872924805,0.00853806734085083,0.011272966861724854,0.0027348995208740234
NA1_LAG10_001,NA1_LAG10,1,10,4,2,mild,C5,True,0.018825292587280273,0.014343798160552979,-0.004481494426727295,0.014164447784423828,0.014217853546142578,5.340576171875e-05
NA1_LAG10_001,NA1_LAG10,1,10,4,3,unrelated,,,0.02311563491821289,0.015642225742340088,-0.007473409175872803,0.014057278633117676,0.01136082410812378,-0.0026964545249938965
NA1_LAG10_001,NA1_LAG10,1,10,4,5,unrelated,,,0.024667739868164062,0.007447421550750732,-0.01722031831741333,0.015052497386932373,0.007010996341705322,-0.00804150104522705
NA1_LAG10_001,NA1_LAG10,1,10,4,6,unrelated,,,0.02389758825302124,0.012045621871948242,-0.011851966381072998,0.018748104572296143,0.009408652782440186,-0.009339451789855957
NA1_LAG10_002,NA1_LAG10,1,10,5,1,unrelated,,,0.024113833904266357,0.017064809799194336,-0.0070490241050720215,0.019318878650665283,0.016350746154785156,-0.002968132495880127
NA1_LAG10_002,NA1_LAG10,1,10,5,2,mild,C3,True,0.011248648166656494,0.05715298652648926,0.045904338359832764,0.008482158184051514,0.040061235427856445,0.03157907724380493
NA1_LAG10_002,NA1_LAG10,1,10,5,3,unrelated,,,0.03057575225830078,0.005287587642669678,-0.025288164615631104,0.02023857831954956,0.005398988723754883,-0.014839589595794678
NA1_LAG10_002,NA1_LAG10,1,10,5,4,unrelated,,,0.014184892177581787,0.005485892295837402,-0.008698999881744385,0.008149206638336182,0.005048096179962158,-0.0031011104583740234
NA1_LAG10_002,NA1_LAG10,1,10,5,6,unrelated,,,0.029740869998931885,0.009961962699890137,-0.019778907299041748,0.015561938285827637,0.009355366230010986,-0.00620657205581665
NA1_LAG10_003,NA1_LAG10,1,10,6,1,unrelated,,,0.01146465539932251,0.009275555610656738,-0.0021890997886657715,0.010860860347747803,0.009062349796295166,-0.0017985105514526367
NA1_LAG10_003,NA1_LAG10,1,10,6,2,unrelated,,,0.030549168586730957,0.01471036672592163,-0.015838801860809326,0.018464326858520508,0.013149440288543701,-0.005314886569976807
NA1_LAG10_003,NA1_LAG10,1,10,6,3,mild,C4,True,0.01918715238571167,0.010416686534881592,-0.008770465850830078,0.014105081558227539,0.011237800121307373,-0.002867281436920166
NA1_LAG10_003,NA1_LAG10,1,10,6,4,unrelated,,,0.060563862323760986,0.011792898178100586,-0.0487709641456604,0.030276775360107422,0.008993983268737793,-0.02128279209136963
NA1_LAG10_003,NA1_LAG10,1,10,6,5,unrelated,,,0.014081358909606934,0.009966731071472168,-0.004114627838134766,0.008401215076446533,0.00952613353729248,0.0011249184608459473
NA1_LAG10_004,NA1_LAG10,1,10,6,1,unrelated,,,0.05577278137207031,0.024257540702819824,-0.03151524066925049,0.026679813861846924,0.016309618949890137,-0.010370194911956787
NA1_LAG10_004,NA1_LAG10,1,10,6,2,unrelated,,,0.018857300281524658,0.018197715282440186,-0.0006595849990844727,0.009713947772979736,0.01318293809890747,0.0034689903259277344
NA1_LAG10_004,NA1_LAG10,1,10,6,3,unrelated,,,0.06163680553436279,0.015317142009735107,-0.046319663524627686,0.02706235647201538,0.0114670991897583,-0.01559525728225708
NA1_LAG10_004,NA1_LAG10,1,10,6,4,mild,C5,True,0.06037712097167969,0.011963069438934326,-0.04841405153274536,0.026136457920074463,0.009311378002166748,-0.016825079917907715
NA1_LAG10_004,NA1_LAG10,1,10,6,5,unrelated,,,0.05477488040924072,0.017901122570037842,-0.03687375783920288,0.02455127239227295,0.012219429016113281,-0.012331843376159668
NA1_LAG10_005,NA1_LAG10,1,10,2,1,cascade,C1,False,0.022439181804656982,0.018827080726623535,-0.0036121010780334473,0.014167606830596924,0.017651915550231934,0.0034843087196350098
NA1_LAG10_005,NA1_LAG10,1,10,2,3,unrelated,,,0.013609707355499268,0.012652397155761719,-0.0009573101997375488,0.009807825088500977,0.010580062866210938,0.0007722377777099609
NA1_LAG10_005,NA1_LAG10,1,10,2,4,unrelated,,,0.013910174369812012,0.006515979766845703,-0.007394194602966309,0.010692834854125977,0.0055838823318481445,-0.005108952522277832
NA1_LAG10_005,NA1_LAG10,1,10,2,5,unrelated,,,0.03325462341308594,0.009853124618530273,-0.023401498794555664,0.020621538162231445,0.008016109466552734,-0.012605428695678711
NA1_LAG10_005,NA1_LAG10,1,10,2,6,unrelated,,,0.01618778705596924,0.0109902024269104,-0.005197584629058838,0.010775983333587646,0.00899285078048706,-0.001783132553100586
NA1_LAG10_006,NA1_LAG10,1,10,6,1,unrelated,,,0.019214212894439697,0.0264432430267334,0.007229030132293701,0.015411317348480225,0.02823561429977417,0.012824296951293945
NA1_LAG10_006,NA1_LAG10,1,10,6,2,unrelated,,,0.061853766441345215,0.020199060440063477,-0.04165470600128174,0.03635889291763306,0.02127474546432495,-0.015084147453308105
NA1_LAG10_006,NA1_LAG10,1,10,6,3,unrelated,,,0.04717963933944702,0.024069249629974365,-0.023110389709472656,0.023853838443756104,0.02299100160598755,-0.0008628368377685547
NA1_LAG10_006,NA1_LAG10,1,10,6,4,cascade,C4,False,0.09522175788879395,0.014159619808197021,-0.08106213808059692,0.04147738218307495,0.015073299407958984,-0.026404082775115967
NA1_LAG10_006,NA1_LAG10,1,10,6,5,unrelated,,,0.02338254451751709,0.02078557014465332,-0.0025969743728637695,0.01733684539794922,0.020826399326324463,0.003489553928375244
NA1_LAG10_007,NA1_LAG10,1,10,2,1,unrelated,,,0.04822450876235962,0.02773386240005493,-0.020490646362304688,0.03611266613006592,0.02310866117477417,-0.013004004955291748
NA1_LAG10_007,NA1_LAG10,1,10,2,3,unrelated,,,0.0168495774269104,0.023217737674713135,0.006368160247802734,0.013160109519958496,0.02095210552215576,0.007791996002197266
NA1_LAG10_007,NA1_LAG10,1,10,2,4,unrelated,,,0.029143989086151123,0.022662818431854248,-0.006481170654296875,0.017271876335144043,0.0199396014213562,0.002667725086212158
NA1_LAG10_007,NA1_LAG10,1,10,2,5,unrelated,,,0.05384266376495361,0.018282592296600342,-0.03556007146835327,0.04131126403808594,0.014004647731781006,-0.02730661630630493
NA1_LAG10_007,NA1_LAG10,1,10,2,6,cascade,C1,True,0.024214565753936768,0.0073667168617248535,-0.016847848892211914,0.019620299339294434,0.0051721930503845215,-0.014448106288909912
NA1_LAG10_008,NA1_LAG10,1,10,4,1,mild,C5,True,0.0230291485786438,0.018188059329986572,-0.0048410892486572266,0.019969522953033447,0.015807747840881348,-0.0041617751121521
NA1_LAG10_008,NA1_LAG10,1,10,4,2,unrelated,,,0.012626469135284424,0.009183526039123535,-0.0034429430961608887,0.008638322353363037,0.007364034652709961,-0.0012742877006530762
NA1_LAG10_008,NA1_LAG10,1,10,4,3,unrelated,,,0.029183626174926758,0.009772896766662598,-0.01941072940826416,0.016205132007598877,0.00886613130569458,-0.007339000701904297
NA1_LAG10_008,NA1_LAG10,1,10,4,5,unrelated,,,0.035369873046875,0.009771108627319336,-0.025598764419555664,0.02557462453842163,0.00951474905014038,-0.01605987548828125
NA1_LAG10_008,NA1_LAG10,1,10,4,6,unrelated,,,0.018249571323394775,0.0100935697555542,-0.008156001567840576,0.018567979335784912,0.00762706995010376,-0.010940909385681152
NA1_LAG10_009,NA1_LAG10,1,10,5,1,unrelated,,,0.011973917484283447,0.02771812677383423,0.01574420928955078,0.006662726402282715,0.030245184898376465,0.02358245849609375
NA1_LAG10_009,NA1_LAG10,1,10,5,2,mild,C2,False,0.021111905574798584,0.028037607669830322,0.006925702095031738,0.0181887149810791,0.03086799383163452,0.01267927885055542
NA1_LAG10_009,NA1_LAG10,1,10,5,3,unrelated,,,0.02119731903076172,0.02030205726623535,-0.0008952617645263672,0.019904375076293945,0.019730746746063232,-0.0001736283302307129
NA1_LAG10_009,NA1_LAG10,1,10,5,4,unrelated,,,0.027994990348815918,0.02104276418685913,-0.006952226161956787,0.0208284854888916,0.019567668437957764,-0.0012608170509338379
NA1_LAG10_009,NA1_LAG10,1,10,5,6,unrelated,,,0.010365843772888184,0.018380045890808105,0.008014202117919922,0.006751716136932373,0.018985390663146973,0.0122336745262146
NA1_LAG10_010,NA1_LAG10,1,10,5,1,unrelated,,,0.036626458168029785,0.011349976062774658,-0.025276482105255127,0.01743096113204956,0.009824037551879883,-0.007606923580169678
NA1_LAG10_010,NA1_LAG10,1,10,5,2,cascade,C1,False,0.015878498554229736,0.01732635498046875,0.0014478564262390137,0.01081305742263794,0.016378283500671387,0.005565226078033447
NA1_LAG10_010,NA1_LAG10,1,10,5,3,unrelated,,,0.034316062927246094,0.01237255334854126,-0.021943509578704834,0.02379012107849121,0.00939708948135376,-0.014393031597137451
NA1_LAG10_010,NA1_LAG10,1,10,5,4,unrelated,,,0.013232827186584473,0.009273231029510498,-0.003959596157073975,0.010511517524719238,0.007878661155700684,-0.0026328563690185547
NA1_LAG10_010,NA1_LAG10,1,10,5,6,unrelated,,,0.019618868827819824,0.006523311138153076,-0.013095557689666748,0.01343756914138794,0.005950510501861572,-0.007487058639526367
NA1_LAG10_011,NA1_LAG10,1,10,5,1,unrelated,,,0.021528184413909912,0.025546491146087646,0.004018306732177734,0.016824543476104736,0.02359682321548462,0.006772279739379883
NA1_LAG10_011,NA1_LAG10,1,10,5,2,unrelated,,,0.0203782320022583,0.03860902786254883,0.018230795860290527,0.01347959041595459,0.035169005393981934,0.021689414978027344
NA1_LAG10_011,NA1_LAG10,1,10,5,3,unrelated,,,0.034850895404815674,0.03280264139175415,-0.0020482540130615234,0.02242356538772583,0.02886652946472168,0.00644296407699585
NA1_LAG10_011,NA1_LAG10,1,10,5,4,unrelated,,,0.0261385440826416,0.04309415817260742,0.01695561408996582,0.021505415439605713,0.037735939025878906,0.016230523586273193
NA1_LAG10_011,NA1_LAG10,1,10,5,6,mild,C1,True,0.016109764575958252,0.023699045181274414,0.007589280605316162,0.013361930847167969,0.02199244499206543,0.008630514144897461
NA1_LAG10_012,NA1_LAG10,1,10,5,1,unrelated,,,0.017430782318115234,0.008828222751617432,-0.008602559566497803,0.012644469738006592,0.007021009922027588,-0.005623459815979004
NA1_LAG10_012,NA1_LAG10,1,10,5,2,unrelated,,,0.012591361999511719,0.010157644748687744,-0.0024337172508239746,0.009777307510375977,0.008768916130065918,-0.0010083913803100586
NA1_LAG10_012,NA1_LAG10,1,10,5,3,unrelated,,,0.018483221530914307,0.009848415851593018,-0.008634805679321289,0.012902617454528809,0.00790327787399292,-0.004999339580535889
NA1_LAG10_012,NA1_LAG10,1,10,5,4,unrelated,,,0.020815491676330566,0.006215035915374756,-0.01460045576095581,0.013232648372650146,0.005013585090637207,-0.00821906328201294
NA1_LAG10_012,NA1_LAG10,1,10,5,6,cascade,C5,True,0.03134959936141968,0.0071634650230407715,-0.024186134338378906,0.02328777313232422,0.0066109299659729,-0.01667684316635132
NA1_LAG10_013,NA1_LAG10,1,10,1,2,cascade,C4,True,0.01874595880508423,0.01100379228591919,-0.007742166519165039,0.008685708045959473,0.009108364582061768,0.0004226565361022949
NA1_LAG10_013,NA1_LAG10,1,10,1,3,unrelated,,,0.025267720222473145,0.009650945663452148,-0.015616774559020996,0.013506293296813965,0.009964942932128906,-0.0035413503646850586
NA1_LAG10_013,NA1_LAG10,1,10,1,4,unrelated,,,0.02249300479888916,0.017725825309753418,-0.004767179489135742,0.01306384801864624,0.015440225601196289,0.002376377582550049
NA1_LAG10_013,NA1_LAG10,1,10,1,5,unrelated,,,0.026473045349121094,0.009627580642700195,-0.0168454647064209,0.011519372463226318,0.00857609510421753,-0.002943277359008789
NA1_LAG10_013,NA1_LAG10,1,10,1,6,unrelated,,,0.03194451332092285,0.01726365089416504,-0.014680862426757812,0.012987256050109863,0.01444554328918457,0.001458287239074707
NA1_LAG10_014,NA1_LAG10,1,10,2,1,unrelated,,,0.017394840717315674,0.038346827030181885,0.02095198631286621,0.010019242763519287,0.03404325246810913,0.024024009704589844
NA1_LAG10_014,NA1_LAG10,1,10,2,3,unrelated,,,0.018401801586151123,0.025685667991638184,0.0072838664054870605,0.010496914386749268,0.019111692905426025,0.008614778518676758
NA1_LAG10_014,NA1_LAG10,1,10,2,4,unrelated,,,0.024527549743652344,0.03083723783493042,0.006309688091278076,0.012410402297973633,0.02590477466583252,0.013494372367858887
NA1_LAG10_014,NA1_LAG10,1,10,2,5,mild,C4,False,0.02206552028656006,0.05792504549026489,0.035859525203704834,0.010746121406555176,0.03992617130279541,0.029180049896240234
NA1_LAG10_014,NA1_LAG10,1,10,2,6,unrelated,,,0.019324541091918945,0.03491830825805664,0.015593767166137695,0.011011183261871338,0.0240667462348938,0.013055562973022461
NA1_LAG10_015,NA1_LAG10,1,10,5,1,unrelated,,,0.045263826847076416,0.19802874326705933,0.1527649164199829,0.031053245067596436,0.1739155650138855,0.14286231994628906
NA1_LAG10_015,NA1_LAG10,1,10,5,2,unrelated,,,0.014192342758178711,0.18917036056518555,0.17497801780700684,0.010473310947418213,0.16850322484970093,0.15802991390228271
NA1_LAG10_015,NA1_LAG10,1,10,5,3,unrelated,,,0.017856478691101074,0.20127594470977783,0.18341946601867676,0.012706577777862549,0.1805809736251831,0.16787439584732056
NA1_LAG10_015,NA1_LAG10,1,10,5,4,mild,C2,True,0.018266797065734863,0.18600821495056152,0.16774141788482666,0.012551188468933105,0.16643470525741577,0.15388351678848267
NA1_LAG10_015,NA1_LAG10,1,10,5,6,unrelated,,,0.015614032745361328,0.20160388946533203,0.1859898567199707,0.013281464576721191,0.17282456159591675,0.15954309701919556
NA1_LAG10_016,NA1_LAG10,1,10,2,1,unrelated,,,0.03272438049316406,0.01499176025390625,-0.017732620239257812,0.019494295120239258,0.010653436183929443,-0.008840858936309814
NA1_LAG10_016,NA1_LAG10,1,10,2,3,unrelated,,,0.05146211385726929,0.009801506996154785,-0.0416606068611145,0.0249253511428833,0.007546424865722656,-0.017378926277160645
NA1_LAG10_016,NA1_LAG10,1,10,2,4,unrelated,,,0.028285205364227295,0.011231720447540283,-0.01705348491668701,0.01879572868347168,0.008889555931091309,-0.009906172752380371
NA1_LAG10_016,NA1_LAG10,1,10,2,5,cascade,C1,False,0.022504091262817383,0.031048059463500977,0.008543968200683594,0.0168951153755188,0.03026711940765381,0.01337200403213501
NA1_LAG10_016,NA1_LAG10,1,10,2,6,unrelated,,,0.014978647232055664,0.0120086669921875,-0.002969980239868164,0.010713040828704834,0.011189579963684082,0.00047653913497924805
NA1_LAG10_017,NA1_LAG10,1,10,3,1,mild,C2,True,0.015123724937438965,0.17917776107788086,0.1640540361404419,0.014082252979278564,0.1595814824104309,0.14549922943115234
NA1_LAG10_017,NA1_LAG10,1,10,3,2,unrelated,,,0.024394571781158447,0.19851338863372803,0.17411881685256958,0.017295241355895996,0.16897118091583252,0.15167593955993652
NA1_LAG10_017,NA1_LAG10,1,10,3,4,unrelated,,,0.027166545391082764,0.20698881149291992,0.17982226610183716,0.01819831132888794,0.18757009506225586,0.16937178373336792
NA1_LAG10_017,NA1_LAG10,1,10,3,5,unrelated,,,0.013775348663330078,0.18327105045318604,0.16949570178985596,0.008538484573364258,0.16174441576004028,0.15320593118667603
NA1_LAG10_017,NA1_LAG10,1,10,3,6,unrelated,,,0.019010305404663086,0.17863112688064575,0.15962082147598267,0.013313531875610352,0.16251838207244873,0.14920485019683838
NA1_LAG10_018,NA1_LAG10,1,10,2,1,unrelated,,,0.03142458200454712,0.009470939636230469,-0.02195364236831665,0.02724677324295044,0.00866246223449707,-0.01858431100845337
NA1_LAG10_018,NA1_LAG10,1,10,2,3,unrelated,,,0.020415425300598145,0.015190660953521729,-0.005224764347076416,0.0102347731590271,0.013554632663726807,0.003319859504699707
NA1_LAG10_018,NA1_LAG10,1,10,2,4,mild,C4,True,0.01606738567352295,0.020154595375061035,0.004087209701538086,0.011157393455505371,0.021386802196502686,0.010229408740997314
NA1_LAG10_018,NA1_LAG10,1,10,2,5,unrelated,,,0.041711390018463135,0.017425179481506348,-0.024286210536956787,0.0243338942527771,0.015822291374206543,-0.008511602878570557
NA1_LAG10_018,NA1_LAG10,1,10,2,6,unrelated,,,0.022414982318878174,0.02241116762161255,-3.814697265625e-06,0.015106201171875,0.02228713035583496,0.007180929183959961
NA1_LAG10_019,NA1_LAG10,1,10,4,1,unrelated,,,0.0749521255493164,0.00720369815826416,-0.06774842739105225,0.028297603130340576,0.006875336170196533,-0.021422266960144043
NA1_LAG10_019,NA1_LAG10,1,10,4,2,mild,C1,False,0.01409447193145752,0.009841203689575195,-0.004253268241882324,0.010061204433441162,0.008745074272155762,-0.0013161301612854004
NA1_LAG10_019,NA1_LAG10,1,10,4,3,unrelated,,,0.019259333610534668,0.005662143230438232,-0.013597190380096436,0.013965845108032227,0.0066495537757873535,-0.007316291332244873
NA1_LAG10_019,NA1_LAG10,1,10,4,5,unrelated,,,0.022835850715637207,0.007016897201538086,-0.01581895351409912,0.014319837093353271,0.005912482738494873,-0.008407354354858398
NA1_LAG10_019,NA1_LAG10,1,10,4,6,unrelated,,,0.014529824256896973,0.005780696868896484,-0.008749127388000488,0.010169625282287598,0.005984246730804443,-0.004185378551483154
NA1_LAG10_020,NA1_LAG10,1,10,2,1,unrelated,,,0.020842909812927246,0.014187097549438477,-0.0066558122634887695,0.01615208387374878,0.009286999702453613,-0.006865084171295166
NA1_LAG10_020,NA1_LAG10,1,10,2,3,unrelated,,,0.03184640407562256,0.016994059085845947,-0.014852344989776611,0.0243033766746521,0.012675762176513672,-0.011627614498138428
NA1_LAG10_020,NA1_LAG10,1,10,2,4,unrelated,,,0.015415787696838379,0.007615864276885986,-0.007799923419952393,0.014706134796142578,0.006111204624176025,-0.008594930171966553
NA1_LAG10_020,NA1_LAG10,1,10,2,5,unrelated,,,0.023923218250274658,0.009944677352905273,-0.013978540897369385,0.02054429054260254,0.006817996501922607,-0.013726294040679932
NA1_LAG10_020,NA1_LAG10,1,10,2,6,cascade,C4,False,0.019815146923065186,0.015869319438934326,-0.003945827484130859,0.01423424482345581,0.011176228523254395,-0.003058016300201416
NA1_LAG10_021,NA1_LAG10,1,10,3,1,unrelated,,,0.03630530834197998,0.19993364810943604,0.16362833976745605,0.03104346990585327,0.16807854175567627,0.137035071849823
NA1_LAG10_021,NA1_LAG10,1,10,3,2,cascade,C2,True,0.0299454927444458,0.08407443761825562,0.054128944873809814,0.025343358516693115,0.11749023199081421,0.0921468734741211
NA1_LAG10_021,NA1_LAG10,1,10,3,4,unrelated,,,0.043547093868255615,0.189666748046875,0.14611965417861938,0.030828237533569336,0.16977494955062866,0.13894671201705933
NA1_LAG10_021,NA1_LAG10,1,10,3,5,unrelated,,,0.013835728168487549,0.19952595233917236,0.18569022417068481,0.010679960250854492,0.17538708448410034,0.16470712423324585
NA1_LAG10_021,NA1_LAG10,1,10,3,6,unrelated,,,0.018433690071105957,0.19750672578811646,0.1790730357170105,0.015239715576171875,0.1691870093345642,0.15394729375839233
NA1_LAG10_022,NA1_LAG10,1,10,5,1,unrelated,,,0.01846832036972046,0.20158898830413818,0.18312066793441772,0.009261608123779297,0.1883535385131836,0.1790919303894043
NA1_LAG10_022,NA1_LAG10,1,10,5,2,unrelated,,,0.028480052947998047,0.19120222330093384,0.1627221703529358,0.016879916191101074,0.19185984134674072,0.17497992515563965
NA1_LAG10_022,NA1_LAG10,1,10,5,3,unrelated,,,0.01612401008605957,0.1906840205192566,0.17456001043319702,0.010389089584350586,0.18176162242889404,0.17137253284454346
NA1_LAG10_022,NA1_LAG10,1,10,5,4,unrelated,,,0.0130462646484375,0.19613683223724365,0.18309056758880615,0.00826030969619751,0.18354368209838867,0.17528337240219116
NA1_LAG10_022,NA1_LAG10,1,10,5,6,mild,C4,False,0.0184972882270813,0.17898553609848022,0.16048824787139893,0.013152241706848145,0.1752084493637085,0.16205620765686035
NA1_LAG10_023,NA1_LAG10,1,10,3,1,unrelated,,,0.0413966178894043,0.18836641311645508,0.14696979522705078,0.02351963520050049,0.16404378414154053,0.14052414894104004
NA1_LAG10_023,NA1_LAG10,1,10,3,2,unrelated,,,0.013626575469970703,0.20584005117416382,0.19221347570419312,0.008511960506439209,0.17399698495864868,0.16548502445220947
NA1_LAG10_023,NA1_LAG10,1,10,3,4,unrelated,,,0.018332242965698242,0.1868811845779419,0.16854894161224365,0.011145353317260742,0.1655433177947998,0.15439796447753906
NA1_LAG10_023,NA1_LAG10,1,10,3,5,unrelated,,,0.02445244789123535,0.19280201196670532,0.16834956407546997,0.01661461591720581,0.16641032695770264,0.14979571104049683
NA1_LAG10_023,NA1_LAG10,1,10,3,6,mild,C4,False,0.01987481117248535,0.1996799111366272,0.17980509996414185,0.01131129264831543,0.17504441738128662,0.1637331247329712
NA1_LAG10_024,NA1_LAG10,1,10,2,1,unrelated,,,0.012128353118896484,0.00704580545425415,-0.005082547664642334,0.009764313697814941,0.006353557109832764,-0.0034107565879821777
NA1_LAG10_024,NA1_LAG10,1,10,2,3,unrelated,,,0.011687815189361572,0.011779069900512695,9.125471115112305e-05,0.005902290344238281,0.010804593563079834,0.004902303218841553
NA1_LAG10_024,NA1_LAG10,1,10,2,4,cascade,C3,True,0.05207502841949463,0.015538215637207031,-0.0365368127822876,0.026187002658843994,0.015387415885925293,-0.010799586772918701
NA1_LAG10_024,NA1_LAG10,1,10,2,5,unrelated,,,0.014573991298675537,0.014014244079589844,-0.0005597472190856934,0.009563565254211426,0.012328624725341797,0.002765059471130371
NA1_LAG10_024,NA1_LAG10,1,10,2,6,unrelated,,,0.014482319355010986,0.005790889263153076,-0.00869143009185791,0.01012122631072998,0.004723787307739258,-0.005397439002990723
NA1_LAG10_025,NA1_LAG10,1,10,2,1,cascade,C3,False,0.04715543985366821,0.021602630615234375,-0.025552809238433838,0.027118265628814697,0.02577066421508789,-0.0013476014137268066
NA1_LAG10_025,NA1_LAG10,1,10,2,3,unrelated,,,0.03763538599014282,0.010210156440734863,-0.02742522954940796,0.019402503967285156,0.010076761245727539,-0.009325742721557617
NA1_LAG10_025,NA1_LAG10,1,10,2,4,unrelated,,,0.013220429420471191,0.011070549488067627,-0.0021498799324035645,0.008662819862365723,0.008994877338409424,0.00033205747604370117
NA1_LAG10_025,NA1_LAG10,1,10,2,5,unrelated,,,0.044129371643066406,0.010236918926239014,-0.03389245271682739,0.02324092388153076,0.008324146270751953,-0.014916777610778809
NA1_LAG10_025,NA1_LAG10,1,10,2,6,unrelated,,,0.0211980938911438,0.009414374828338623,-0.011783719062805176,0.01936560869216919,0.00853121280670166,-0.01083439588546753
NA1_LAG10_026,NA1_LAG10,1,10,1,2,unrelated,,,0.01797199249267578,0.024348735809326172,0.006376743316650391,0.013441324234008789,0.01986640691757202,0.006425082683563232
NA1_LAG10_026,NA1_LAG10,1,10,1,3,mild,C1,True,0.017048954963684082,0.020281732082366943,0.0032327771186828613,0.012893199920654297,0.016311943531036377,0.00341874361038208
NA1_LAG10_026,NA1_LAG10,1,10,1,4,unrelated,,,0.03730762004852295,0.026543736457824707,-0.010763883590698242,0.029450714588165283,0.019900202751159668,-0.009550511837005615
NA1_LAG10_026,NA1_LAG10,1,10,1,5,unrelated,,,0.03553450107574463,0.024101853370666504,-0.011432647705078125,0.02305769920349121,0.02159261703491211,-0.0014650821685791016
NA1_LAG10_026,NA1_LAG10,1,10,1,6,unrelated,,,0.025052011013031006,0.029678523540496826,0.00462651252746582,0.017900049686431885,0.025136888027191162,0.007236838340759277
NA1_LAG10_027,NA1_LAG10,1,10,2,1,unrelated,,,0.04496300220489502,0.016940057277679443,-0.028022944927215576,0.018862783908843994,0.016479313373565674,-0.0023834705352783203
NA1_LAG10_027,NA1_LAG10,1,10,2,3,cascade,C3,False,0.024092257022857666,0.02295207977294922,-0.0011401772499084473,0.013829052448272705,0.01837337017059326,0.004544317722320557
NA1_LAG10_027,NA1_LAG10,1,10,2,4,unrelated,,,0.03794294595718384,0.016873717308044434,-0.021069228649139404,0.019425511360168457,0.014897167682647705,-0.004528343677520752
NA1_LAG10_027,NA1_LAG10,1,10,2,5,unrelated,,,0.0270538330078125,0.014451801776885986,-0.012602031230926514,0.014086782932281494,0.014544427394866943,0.0004576444625854492
NA1_LAG10_027,NA1_LAG10,1,10,2,6,unrelated,,,0.023579418659210205,0.007200658321380615,-0.01637876033782959,0.013592720031738281,0.007233083248138428,-0.0063596367835998535
NA1_LAG10_028,NA1_LAG10,1,10,6,1,unrelated,,,0.04058724641799927,0.20350736379623413,0.16292011737823486,0.023413419723510742,0.18682265281677246,0.16340923309326172
NA1_LAG10_028,NA1_LAG10,1,10,6,2,unrelated,,,0.0280531644821167,0.2135406732559204,0.1854875087738037,0.018187522888183594,0.1900680661201477,0.1718805432319641
NA1_LAG10_028,NA1_LAG10,1,10,6,3,unrelated,,,0.046668410301208496,0.2193540334701538,0.1726856231689453,0.027246177196502686,0.20204585790634155,0.17479968070983887
NA1_LAG10_028,NA1_LAG10,1,10,6,4,unrelated,,,0.025296270847320557,0.2061094045639038,0.18081313371658325,0.014014184474945068,0.18371516466140747,0.1697009801864624
NA1_LAG10_028,NA1_LAG10,1,10,6,5,mild,C2,True,0.040576815605163574,0.19034481048583984,0.14976799488067627,0.021360576152801514,0.17323243618011475,0.15187186002731323
NA1_LAG10_029,NA1_LAG10,1,10,4,1,unrelated,,,0.0123634934425354,0.012745678424835205,0.0003821849822998047,0.010233521461486816,0.009226024150848389,-0.0010074973106384277
NA1_LAG10_029,NA1_LAG10,1,10,4,2,unrelated,,,0.014558076858520508,0.01619851589202881,0.0016404390335083008,0.011466741561889648,0.012723088264465332,0.0012563467025756836
NA1_LAG10_029,NA1_LAG10,1,10,4,3,unrelated,,,0.018879830837249756,0.015549838542938232,-0.0033299922943115234,0.013437926769256592,0.013938963413238525,0.0005010366439819336
NA1_LAG10_029,NA1_LAG10,1,10,4,5,unrelated,,,0.02224445343017578,0.014594793319702148,-0.007649660110473633,0.012364625930786133,0.011732995510101318,-0.0006316304206848145
NA1_LAG10_029,NA1_LAG10,1,10,4,6,mild,C3,True,0.008017182350158691,0.05542415380477905,0.04740697145462036,0.007540762424468994,0.04750800132751465,0.039967238903045654
NA1_LAG50_000,NA1_LAG50,1,50,1,2,mild,C2,True,0.01590365171432495,0.19580000638961792,0.17989635467529297,0.011134505271911621,0.1968182921409607,0.18568378686904907
NA1_LAG50_000,NA1_LAG50,1,50,1,3,unrelated,,,0.020886003971099854,0.18438953161239624,0.1635035276412964,0.015175879001617432,0.18481677770614624,0.1696408987045288
NA1_LAG50_000,NA1_LAG50,1,50,1,4,unrelated,,,0.018558919429779053,0.18927472829818726,0.1707158088684082,0.015902817249298096,0.18543177843093872,0.16952896118164062
NA1_LAG50_000,NA1_LAG50,1,50,1,5,unrelated,,,0.013143002986907959,0.20313119888305664,0.18998819589614868,0.009442269802093506,0.18973588943481445,0.18029361963272095
NA1_LAG50_000,NA1_LAG50,1,50,1,6,unrelated,,,0.03829878568649292,0.2070651650428772,0.16876637935638428,0.0154191255569458,0.1905314326286316,0.1751123070716858
NA1_LAG50_001,NA1_LAG50,1,50,3,1,unrelated,,,0.01534038782119751,0.01781022548675537,0.0024698376655578613,0.010432064533233643,0.01339113712310791,0.0029590725898742676
NA1_LAG50_001,NA1_LAG50,1,50,3,2,unrelated,,,0.03797119855880737,0.03555929660797119,-0.0024119019508361816,0.019660234451293945,0.026100337505340576,0.006440103054046631
NA1_LAG50_001,NA1_LAG50,1,50,3,4,unrelated,,,0.012031495571136475,0.013518929481506348,0.001487433910369873,0.009370505809783936,0.010632812976837158,0.0012623071670532227
NA1_LAG50_001,NA1_LAG50,1,50,3,5,mild,C2,False,0.019747614860534668,0.04300457239151001,0.023256957530975342,0.013121962547302246,0.03505563735961914,0.021933674812316895
NA1_LAG50_001,NA1_LAG50,1,50,3,6,unrelated,,,0.013532280921936035,0.015720784664154053,0.0021885037422180176,0.011798381805419922,0.013143360614776611,0.0013449788093566895
NA1_LAG50_002,NA1_LAG50,1,50,5,1,unrelated,,,0.011840403079986572,0.2217181921005249,0.20987778902053833,0.00653916597366333,0.18149852752685547,0.17495936155319214
NA1_LAG50_002,NA1_LAG50,1,50,5,2,mild,C2,True,0.017565429210662842,0.23948407173156738,0.22191864252090454,0.009884297847747803,0.20835423469543457,0.19846993684768677
NA1_LAG50_002,NA1_LAG50,1,50,5,3,unrelated,,,0.024723052978515625,0.20387911796569824,0.17915606498718262,0.01603752374649048,0.18034285306930542,0.16430532932281494
NA1_LAG50_002,NA1_LAG50,1,50,5,4,unrelated,,,0.02460092306137085,0.21527034044265747,0.19066941738128662,0.016642868518829346,0.18316543102264404,0.1665225625038147
NA1_LAG50_002,NA1_LAG50,1,50,5,6,unrelated,,,0.029811501502990723,0.20287370681762695,0.17306220531463623,0.022369086742401123,0.1820043921470642,0.15963530540466309
NA1_LAG50_003,NA1_LAG50,1,50,1,2,cascade,C2,True,0.09315025806427002,0.14986497163772583,0.05671471357345581,0.03944343328475952,0.1634482741355896,0.12400484085083008
NA1_LAG50_003,NA1_LAG50,1,50,1,3,unrelated,,,0.02412015199661255,0.19473540782928467,0.17061525583267212,0.01243525743484497,0.16829723119735718,0.1558619737625122
NA1_LAG50_003,NA1_LAG50,1,50,1,4,unrelated,,,0.02493762969970703,0.19362378120422363,0.1686861515045166,0.011973559856414795,0.1715151071548462,0.1595415472984314
NA1_LAG50_003,NA1_LAG50,1,50,1,5,unrelated,,,0.013161122798919678,0.19714009761810303,0.18397897481918335,0.00905311107635498,0.17163121700286865,0.16257810592651367
NA1_LAG50_003,NA1_LAG50,1,50,1,6,unrelated,,,0.014280736446380615,0.1857229471206665,0.1714422106742859,0.009558320045471191,0.1612878441810608,0.1517295241355896
NA1_LAG50_004,NA1_LAG50,1,50,3,1,unrelated,,,0.0221213698387146,0.018825829029083252,-0.0032955408096313477,0.014961957931518555,0.016413748264312744,0.0014517903327941895
NA1_LAG50_004,NA1_LAG50,1,50,3,2,unrelated,,,0.02653324604034424,0.012654662132263184,-0.013878583908081055,0.01703059673309326,0.010546743869781494,-0.006483852863311768
NA1_LAG50_004,NA1_LAG50,1,50,3,4,unrelated,,,0.015873253345489502,0.017100632190704346,0.0012273788452148438,0.011058807373046875,0.016044557094573975,0.0049857497215271
NA1_LAG50_004,NA1_LAG50,1,50,3,5,mild,C4,False,0.01328730583190918,0.027057111263275146,0.013769805431365967,0.01023256778717041,0.023907840251922607,0.013675272464752197
NA1_LAG50_004,NA1_LAG50,1,50,3,6,unrelated,,,0.025432348251342773,0.024387896060943604,-0.00104445219039917,0.015197575092315674,0.02280515432357788,0.007607579231262207
NA1_LAG50_005,NA1_LAG50,1,50,6,1,unrelated,,,0.017684638500213623,0.21077263355255127,0.19308799505233765,0.01242685317993164,0.18765169382095337,0.17522484064102173
NA1_LAG50_005,NA1_LAG50,1,50,6,2,unrelated,,,0.03122347593307495,0.20605921745300293,0.17483574151992798,0.019406557083129883,0.18430209159851074,0.16489553451538086
NA1_LAG50_005,NA1_LAG50,1,50,6,3,unrelated,,,0.01769101619720459,0.21764808893203735,0.19995707273483276,0.009780526161193848,0.19123446941375732,0.18145394325256348
NA1_LAG50_005,NA1_LAG50,1,50,6,4,unrelated,,,0.022481679916381836,0.2042750120162964,0.18179333209991455,0.014242589473724365,0.18280243873596191,0.16855984926223755
NA1_LAG50_005,NA1_LAG50,1,50,6,5,cascade,C5,False,0.0278242826461792,0.2130981683731079,0.1852738857269287,0.0126572847366333,0.19009631872177124,0.17743903398513794
NA1_LAG50_006,NA1_LAG50,1,50,3,1,unrelated,,,0.025376975536346436,0.00619196891784668,-0.019185006618499756,0.01909613609313965,0.00418400764465332,-0.014912128448486328
NA1_LAG50_006,NA1_LAG50,1,50,3,2,mild,C2,False,0.022470474243164062,0.01314634084701538,-0.009324133396148682,0.01848471164703369,0.014857649803161621,-0.0036270618438720703
NA1_LAG50_006,NA1_LAG50,1,50,3,4,unrelated,,,0.02665632963180542,0.015529513359069824,-0.011126816272735596,0.019048035144805908,0.0123787522315979,-0.006669282913208008
NA1_LAG50_006,NA1_LAG50,1,50,3,5,unrelated,,,0.022731125354766846,0.015215396881103516,-0.00751572847366333,0.014640390872955322,0.011272668838500977,-0.0033677220344543457
NA1_LAG50_006,NA1_LAG50,1,50,3,6,unrelated,,,0.026843547821044922,0.014327466487884521,-0.0125160813331604,0.018373191356658936,0.008984208106994629,-0.009388983249664307
NA1_LAG50_007,NA1_LAG50,1,50,4,1,unrelated,,,0.01722174882888794,0.019105494022369385,0.0018837451934814453,0.012090206146240234,0.015440225601196289,0.0033500194549560547
NA1_LAG50_007,NA1_LAG50,1,50,4,2,mild,C3,False,0.019699573516845703,0.05619996786117554,0.036500394344329834,0.016781270503997803,0.050582945346832275,0.03380167484283447
NA1_LAG50_007,NA1_LAG50,1,50,4,3,unrelated,,,0.016984760761260986,0.015806257724761963,-0.0011785030364990234,0.011877655982971191,0.013952195644378662,0.0020745396614074707
NA1_LAG50_007,NA1_LAG50,1,50,4,5,unrelated,,,0.016563594341278076,0.016230225563049316,-0.00033336877822875977,0.01017218828201294,0.0163763165473938,0.006204128265380859
NA1_LAG50_007,NA1_LAG50,1,50,4,6,unrelated,,,0.026099205017089844,0.01624852418899536,-0.009850680828094482,0.01910555362701416,0.01323544979095459,-0.00587010383605957
NA1_LAG50_008,NA1_LAG50,1,50,1,2,mild,C2,False,0.025038540363311768,0.027340233325958252,0.0023016929626464844,0.013292253017425537,0.02192467451095581,0.008632421493530273
NA1_LAG50_008,NA1_LAG50,1,50,1,3,unrelated,,,0.017463505268096924,0.009539961814880371,-0.007923543453216553,0.011018574237823486,0.008313536643981934,-0.0027050375938415527
NA1_LAG50_008,NA1_LAG50,1,50,1,4,unrelated,,,0.07909327745437622,0.007642388343811035,-0.07145088911056519,0.03753232955932617,0.006343364715576172,-0.03118896484375
NA1_LAG50_008,NA1_LAG50,1,50,1,5,unrelated,,,0.02177649736404419,0.009420037269592285,-0.012356460094451904,0.012927532196044922,0.008157491683959961,-0.004770040512084961
NA1_LAG50_008,NA1_LAG50,1,50,1,6,unrelated,,,0.01664102077484131,0.012937545776367188,-0.003703474998474121,0.011790037155151367,0.010902881622314453,-0.0008871555328369141
NA1_LAG50_009,NA1_LAG50,1,50,4,1,cascade,C4,True,0.015107572078704834,0.006785452365875244,-0.00832211971282959,0.010275661945343018,0.006495118141174316,-0.003780543804168701
NA1_LAG50_009,NA1_LAG50,1,50,4,2,unrelated,,,0.02845972776412964,0.01426398754119873,-0.014195740222930908,0.01403820514678955,0.012121617794036865,-0.0019165873527526855
NA1_LAG50_009,NA1_LAG50,1,50,4,3,unrelated,,,0.01334458589553833,0.010698199272155762,-0.0026463866233825684,0.009842336177825928,0.010808825492858887,0.000966489315032959
NA1_LAG50_009,NA1_LAG50,1,50,4,5,unrelated,,,0.04141855239868164,0.011431574821472168,-0.029986977577209473,0.018005013465881348,0.009844005107879639,-0.008161008358001709
NA1_LAG50_009,NA1_LAG50,1,50,4,6,unrelated,,,0.013042688369750977,0.007487952709197998,-0.0055547356605529785,0.0064890384674072266,0.008894562721252441,0.002405524253845215
NA1_LAG50_010,NA1_LAG50,1,50,2,1,mild,C4,True,0.04044395685195923,0.02689540386199951,-0.013548552989959717,0.017284154891967773,0.027495384216308594,0.01021122932434082
NA1_LAG50_010,NA1_LAG50,1,50,2,3,unrelated,,,0.09103596210479736,0.012693583965301514,-0.07834237813949585,0.04150503873825073,0.009210169315338135,-0.0322948694229126
NA1_LAG50_010,NA1_LAG50,1,50,2,4,unrelated,,,0.022548913955688477,0.026321828365325928,0.003772914409637451,0.01854771375656128,0.017351150512695312,-0.0011965632438659668
NA1_LAG50_010,NA1_LAG50,1,50,2,5,unrelated,,,0.015968680381774902,0.020529747009277344,0.004561066627502441,0.010535001754760742,0.018462002277374268,0.007927000522613525
NA1_LAG50_010,NA1_LAG50,1,50,2,6,unrelated,,,0.0268363356590271,0.01824432611465454,-0.008592009544372559,0.019236624240875244,0.014259815216064453,-0.004976809024810791
NA1_LAG50_011,NA1_LAG50,1,50,2,1,unrelated,,,0.04071950912475586,0.02076101303100586,-0.01995849609375,0.01764315366744995,0.019270658493041992,0.001627504825592041
NA1_LAG50_011,NA1_LAG50,1,50,2,3,unrelated,,,0.040570735931396484,0.020326972007751465,-0.02024376392364502,0.02301466464996338,0.018868863582611084,-0.004145801067352295
NA1_LAG50_011,NA1_LAG50,1,50,2,4,mild,C1,True,0.023090064525604248,0.013686299324035645,-0.009403765201568604,0.018022358417510986,0.010836958885192871,-0.007185399532318115
NA1_LAG50_011,NA1_LAG50,1,50,2,5,unrelated,,,0.018439888954162598,0.015717267990112305,-0.002722620964050293,0.009935379028320312,0.012838184833526611,0.002902805805206299
NA1_LAG50_011,NA1_LAG50,1,50,2,6,unrelated,,,0.03542137145996094,0.017277061939239502,-0.018144309520721436,0.02765941619873047,0.014626741409301758,-0.013032674789428711
NA1_LAG50_012,NA1_LAG50,1,50,5,1,cascade,C5,True,0.020216763019561768,0.0066492557525634766,-0.013567507266998291,0.015447437763214111,0.004916131496429443,-0.010531306266784668
NA1_LAG50_012,NA1_LAG50,1,50,5,2,unrelated,,,0.02047199010848999,0.007289230823516846,-0.013182759284973145,0.012834370136260986,0.005017459392547607,-0.007816910743713379
NA1_LAG50_012,NA1_LAG50,1,50,5,3,unrelated,,,0.05150306224822998,0.01213216781616211,-0.03937089443206787,0.03767925500869751,0.010141313076019287,-0.027537941932678223
NA1_LAG50_012,NA1_LAG50,1,50,5,4,unrelated,,,0.02703016996383667,0.007565617561340332,-0.019464552402496338,0.018244028091430664,0.006247758865356445,-0.011996269226074219
NA1_LAG50_012,NA1_LAG50,1,50,5,6,unrelated,,,0.04539996385574341,0.008026361465454102,-0.03737360239028931,0.031012356281280518,0.00750577449798584,-0.023506581783294678
NA1_LAG50_013,NA1_LAG50,1,50,3,1,unrelated,,,0.018288791179656982,0.015246808528900146,-0.003041982650756836,0.01263493299484253,0.012821853160858154,0.000186920166015625
NA1_LAG50_013,NA1_LAG50,1,50,3,2,mild,C2,False,0.029869437217712402,0.024896204471588135,-0.004973232746124268,0.02598351240158081,0.022899329662322998,-0.0030841827392578125
NA1_LAG50_013,NA1_LAG50,1,50,3,4,unrelated,,,0.04981184005737305,0.013865649700164795,-0.03594619035720825,0.03224402666091919,0.012427210807800293,-0.019816815853118896
NA1_LAG50_013,NA1_LAG50,1,50,3,5,unrelated,,,0.023193657398223877,0.02476370334625244,0.0015700459480285645,0.015484035015106201,0.020198404788970947,0.004714369773864746
NA1_LAG50_013,NA1_LAG50,1,50,3,6,unrelated,,,0.018039166927337646,0.017677247524261475,-0.0003619194030761719,0.013107895851135254,0.015186071395874023,0.0020781755447387695
NA1_LAG50_014,NA1_LAG50,1,50,3,1,unrelated,,,0.03175806999206543,0.2232305407524109,0.19147247076034546,0.02664816379547119,0.19701963663101196,0.17037147283554077
NA1_LAG50_014,NA1_LAG50,1,50,3,2,unrelated,,,0.01849895715713501,0.19922292232513428,0.18072396516799927,0.015076875686645508,0.18027257919311523,0.16519570350646973
NA1_LAG50_014,NA1_LAG50,1,50,3,4,unrelated,,,0.02144235372543335,0.21061384677886963,0.18917149305343628,0.015675723552703857,0.18483471870422363,0.16915899515151978
NA1_LAG50_014,NA1_LAG50,1,50,3,5,cascade,C2,True,0.020892977714538574,0.15979641675949097,0.1389034390449524,0.015670299530029297,0.17378336191177368,0.15811306238174438
NA1_LAG50_014,NA1_LAG50,1,50,3,6,unrelated,,,0.02346932888031006,0.20526748895645142,0.18179816007614136,0.020016491413116455,0.18185216188430786,0.1618356704711914
NA1_LAG50_015,NA1_LAG50,1,50,1,2,mild,C3,False,0.020249783992767334,0.04281193017959595,0.022562146186828613,0.011046171188354492,0.03548556566238403,0.02443939447402954
NA1_LAG50_015,NA1_LAG50,1,50,1,3,unrelated,,,0.009588122367858887,0.026691198348999023,0.017103075981140137,0.00919884443283081,0.016209959983825684,0.007011115550994873
NA1_LAG50_015,NA1_LAG50,1,50,1,4,unrelated,,,0.025011897087097168,0.020224690437316895,-0.0047872066497802734,0.017316460609436035,0.009761154651641846,-0.0075553059577941895
NA1_LAG50_015,NA1_LAG50,1,50,1,5,unrelated,,,0.04740709066390991,0.027686238288879395,-0.019720852375030518,0.025568127632141113,0.0167008638381958,-0.008867263793945312
NA1_LAG50_015,NA1_LAG50,1,50,1,6,unrelated,,,0.029185891151428223,0.02079683542251587,-0.008389055728912354,0.020321249961853027,0.016874074935913086,-0.0034471750259399414
NA1_LAG50_016,NA1_LAG50,1,50,1,2,unrelated,,,0.11240702867507935,0.013710975646972656,-0.09869605302810669,0.05048060417175293,0.007802844047546387,-0.04267776012420654
NA1_LAG50_016,NA1_LAG50,1,50,1,3,unrelated,,,0.04877513647079468,0.011368811130523682,-0.037406325340270996,0.020239055156707764,0.007306694984436035,-0.012932360172271729
NA1_LAG50_016,NA1_LAG50,1,50,1,4,unrelated,,,0.019637703895568848,0.007451951503753662,-0.012185752391815186,0.014179825782775879,0.005781829357147217,-0.008397996425628662
NA1_LAG50_016,NA1_LAG50,1,50,1,5,mild,C5,True,0.021732628345489502,0.005589604377746582,-0.01614302396774292,0.016203343868255615,0.00436323881149292,-0.011840105056762695
NA1_LAG50_016,NA1_LAG50,1,50,1,6,unrelated,,,0.016851961612701416,0.007943868637084961,-0.008908092975616455,0.011511087417602539,0.006060481071472168,-0.005450606346130371
NA1_LAG50_017,NA1_LAG50,1,50,2,1,unrelated,,,0.020154178142547607,0.01988816261291504,-0.00026601552963256836,0.013141155242919922,0.014747321605682373,0.0016061663627624512
NA1_LAG50_017,NA1_LAG50,1,50,2,3,unrelated,,,0.015662431716918945,0.030857622623443604,0.015195190906524658,0.010763764381408691,0.027729451656341553,0.01696568727493286
NA1_LAG50_017,NA1_LAG50,1,50,2,4,unrelated,,,0.02853471040725708,0.02658998966217041,-0.00194472074508667,0.014361262321472168,0.021316170692443848,0.00695490837097168
NA1_LAG50_017,NA1_LAG50,1,50,2,5,mild,C1,True,0.03984224796295166,0.024710893630981445,-0.015131354331970215,0.023075342178344727,0.0171663761138916,-0.005908966064453125
NA1_LAG50_017,NA1_LAG50,1,50,2,6,unrelated,,,0.018078625202178955,0.031040847301483154,0.0129622220993042,0.011206209659576416,0.02832210063934326,0.017115890979766846
NA1_LAG50_018,NA1_LAG50,1,50,5,1,cascade,C5,True,0.00857841968536377,0.009548306465148926,0.0009698867797851562,0.004786372184753418,0.007024288177490234,0.0022379159927368164
NA1_LAG50_018,NA1_LAG50,1,50,5,2,unrelated,,,0.013572156429290771,0.019108235836029053,0.005536079406738281,0.008188128471374512,0.01586782932281494,0.00767970085144043
NA1_LAG50_018,NA1_LAG50,1,50,5,3,unrelated,,,0.027210533618927002,0.011515021324157715,-0.015695512294769287,0.016949832439422607,0.009341061115264893,-0.007608771324157715
NA1_LAG50_018,NA1_LAG50,1,50,5,4,unrelated,,,0.017326831817626953,0.014488399028778076,-0.002838432788848877,0.014914274215698242,0.010593771934509277,-0.004320502281188965
NA1_LAG50_018,NA1_LAG50,1,50,5,6,unrelated,,,0.04289364814758301,0.009050190448760986,-0.03384345769882202,0.022550642490386963,0.00822991132736206,-0.014320731163024902
NA1_LAG50_019,NA1_LAG50,1,50,4,1,cascade,C3,False,0.022714853286743164,0.18600130081176758,0.16328644752502441,0.013639271259307861,0.17623132467269897,0.1625920534133911
NA1_LAG50_019,NA1_LAG50,1,50,4,2,unrelated,,,0.03313237428665161,0.19970035552978516,0.16656798124313354,0.023064076900482178,0.1813889741897583,0.15832489728927612
NA1_LAG50_019,NA1_LAG50,1,50,4,3,unrelated,,,0.03431123495101929,0.19526171684265137,0.16095048189163208,0.026132702827453613,0.1793929934501648,0.15326029062271118
NA1_LAG50_019,NA1_LAG50,1,50,4,5,unrelated,,,0.025133788585662842,0.21152836084365845,0.1863945722579956,0.014355719089508057,0.1840599775314331,0.16970425844192505
NA1_LAG50_019,NA1_LAG50,1,50,4,6,unrelated,,,0.014661312103271484,0.21775072813034058,0.2030894160270691,0.009460628032684326,0.18807953596115112,0.1786189079284668
NA1_LAG50_020,NA1_LAG50,1,50,6,1,unrelated,,,0.01926875114440918,0.17760133743286133,0.15833258628845215,0.011272251605987549,0.14572066068649292,0.13444840908050537
NA1_LAG50_020,NA1_LAG50,1,50,6,2,unrelated,,,0.025758445262908936,0.19039082527160645,0.1646323800086975,0.01425635814666748,0.15717744827270508,0.1429210901260376
NA1_LAG50_020,NA1_LAG50,1,50,6,3,unrelated,,,0.019335031509399414,0.17565959692001343,0.156324565410614,0.012785375118255615,0.14612162113189697,0.13333624601364136
NA1_LAG50_020,NA1_LAG50,1,50,6,4,unrelated,,,0.023575901985168457,0.18614715337753296,0.1625712513923645,0.017525672912597656,0.1532084345817566,0.13568276166915894
NA1_LAG50_020,NA1_LAG50,1,50,6,5,mild,C2,True,0.017193734645843506,0.17429077625274658,0.15709704160690308,0.0122414231300354,0.15463143587112427,0.14239001274108887
NA1_LAG50_021,NA1_LAG50,1,50,5,1,unrelated,,,0.06503081321716309,0.021125376224517822,-0.043905436992645264,0.030045628547668457,0.01920485496520996,-0.010840773582458496
NA1_LAG50_021,NA1_LAG50,1,50,5,2,unrelated,,,0.011991739273071289,0.022617638111114502,0.010625898838043213,0.008255302906036377,0.01567763090133667,0.007422327995300293
NA1_LAG50_021,NA1_LAG50,1,50,5,3,unrelated,,,0.013701438903808594,0.02340036630630493,0.009698927402496338,0.008613348007202148,0.02172940969467163,0.013116061687469482
NA1_LAG50_021,NA1_LAG50,1,50,5,4,unrelated,,,0.039443135261535645,0.010737836360931396,-0.028705298900604248,0.020027101039886475,0.009663999080657959,-0.010363101959228516
NA1_LAG50_021,NA1_LAG50,1,50,5,6,cascade,C4,True,0.042350053787231445,0.02295774221420288,-0.019392311573028564,0.025604724884033203,0.01971912384033203,-0.005885601043701172
NA1_LAG50_022,NA1_LAG50,1,50,5,1,mild,C4,False,0.021452903747558594,0.0412941575050354,0.019841253757476807,0.01584857702255249,0.03516864776611328,0.01932007074356079
NA1_LAG50_022,NA1_LAG50,1,50,5,2,unrelated,,,0.013688504695892334,0.023502826690673828,0.009814321994781494,0.008871972560882568,0.019620895385742188,0.01074892282485962
NA1_LAG50_022,NA1_LAG50,1,50,5,3,unrelated,,,0.012836217880249023,0.040177106857299805,0.02734088897705078,0.007773160934448242,0.040599822998046875,0.03282666206359863
NA1_LAG50_022,NA1_LAG50,1,50,5,4,unrelated,,,0.016645491123199463,0.019950687885284424,0.003305196762084961,0.011001169681549072,0.019688844680786133,0.00868767499923706
NA1_LAG50_022,NA1_LAG50,1,50,5,6,unrelated,,,0.014601349830627441,0.024373173713684082,0.00977182388305664,0.008693456649780273,0.02510833740234375,0.016414880752563477
NA1_LAG50_023,NA1_LAG50,1,50,4,1,mild,C3,False,0.018508076667785645,0.046893179416656494,0.02838510274887085,0.009607851505279541,0.04879605770111084,0.0391882061958313
NA1_LAG50_023,NA1_LAG50,1,50,4,2,unrelated,,,0.017431437969207764,0.024175703525543213,0.006744265556335449,0.015708982944488525,0.017893671989440918,0.0021846890449523926
NA1_LAG50_023,NA1_LAG50,1,50,4,3,unrelated,,,0.014398396015167236,0.016174137592315674,0.0017757415771484375,0.010546267032623291,0.015385448932647705,0.004839181900024414
NA1_LAG50_023,NA1_LAG50,1,50,4,5,unrelated,,,0.02024596929550171,0.011390388011932373,-0.008855581283569336,0.015812039375305176,0.010662078857421875,-0.005149960517883301
NA1_LAG50_023,NA1_LAG50,1,50,4,6,unrelated,,,0.018717169761657715,0.009422063827514648,-0.009295105934143066,0.013051629066467285,0.009072184562683105,-0.00397944450378418
NA1_LAG50_024,NA1_LAG50,1,50,1,2,unrelated,,,0.0333215594291687,0.020675718784332275,-0.012645840644836426,0.018625319004058838,0.016749560832977295,-0.001875758171081543
NA1_LAG50_024,NA1_LAG50,1,50,1,3,mild,C1,True,0.051381051540374756,0.022252202033996582,-0.029128849506378174,0.029893994331359863,0.018943727016448975,-0.010950267314910889
NA1_LAG50_024,NA1_LAG50,1,50,1,4,unrelated,,,0.027681052684783936,0.02537989616394043,-0.002301156520843506,0.01486659049987793,0.020346879959106445,0.005480289459228516
NA1_LAG50_024,NA1_LAG50,1,50,1,5,unrelated,,,0.0291479229927063,0.02830052375793457,-0.0008473992347717285,0.01749652624130249,0.021578848361968994,0.004082322120666504
NA1_LAG50_024,NA1_LAG50,1,50,1,6,unrelated,,,0.022141456604003906,0.03383916616439819,0.011697709560394287,0.012823104858398438,0.02737283706665039,0.014549732208251953
NA1_LAG50_025,NA1_LAG50,1,50,3,1,unrelated,,,0.01725590229034424,0.012802958488464355,-0.004452943801879883,0.0106889009475708,0.00964653491973877,-0.0010423660278320312
NA1_LAG50_025,NA1_LAG50,1,50,3,2,cascade,C1,False,0.012023508548736572,0.02297908067703247,0.010955572128295898,0.009322404861450195,0.022288799285888672,0.012966394424438477
NA1_LAG50_025,NA1_LAG50,1,50,3,4,unrelated,,,0.027401268482208252,0.014686524868011475,-0.012714743614196777,0.014914155006408691,0.008552730083465576,-0.006361424922943115
NA1_LAG50_025,NA1_LAG50,1,50,3,5,unrelated,,,0.010217607021331787,0.01384037733078003,0.003622770309448242,0.007372379302978516,0.010237395763397217,0.002865016460418701
NA1_LAG50_025,NA1_LAG50,1,50,3,6,unrelated,,,0.01862877607345581,0.014496684074401855,-0.004132091999053955,0.011761069297790527,0.009943664073944092,-0.0018174052238464355
NA1_LAG50_026,NA1_LAG50,1,50,3,1,unrelated,,,0.012434959411621094,0.010634958744049072,-0.0018000006675720215,0.010580062866210938,0.00854569673538208,-0.0020343661308288574
NA1_LAG50_026,NA1_LAG50,1,50,3,2,mild,C1,False,0.021777749061584473,0.011332392692565918,-0.010445356369018555,0.015141785144805908,0.011484324932098389,-0.0036574602127075195
NA1_LAG50_026,NA1_LAG50,1,50,3,4,unrelated,,,0.020695745944976807,0.008236885070800781,-0.012458860874176025,0.016133666038513184,0.006548523902893066,-0.009585142135620117
NA1_LAG50_026,NA1_LAG50,1,50,3,5,unrelated,,,0.04130077362060547,0.004697978496551514,-0.036602795124053955,0.026977837085723877,0.0050871968269348145,-0.021890640258789062
NA1_LAG50_026,NA1_LAG50,1,50,3,6,unrelated,,,0.010524630546569824,0.008016049861907959,-0.0025085806846618652,0.008370459079742432,0.008053004741668701,-0.00031745433807373047
NA1_LAG50_027,NA1_LAG50,1,50,6,1,unrelated,,,0.03225308656692505,0.030497074127197266,-0.0017560124397277832,0.02419048547744751,0.027413249015808105,0.0032227635383605957
NA1_LAG50_027,NA1_LAG50,1,50,6,2,unrelated,,,0.027845263481140137,0.02694183588027954,-0.0009034276008605957,0.01946854591369629,0.02406752109527588,0.00459897518157959
NA1_LAG50_027,NA1_LAG50,1,50,6,3,unrelated,,,0.012809038162231445,0.03286540508270264,0.02005636692047119,0.011707663536071777,0.030070126056671143,0.018362462520599365
NA1_LAG50_027,NA1_LAG50,1,50,6,4,unrelated,,,0.01934635639190674,0.04021191596984863,0.020865559577941895,0.013459980487823486,0.039034247398376465,0.02557426691055298
NA1_LAG50_027,NA1_LAG50,1,50,6,5,mild,C1,True,0.028965532779693604,0.0139121413230896,-0.015053391456604004,0.016098499298095703,0.01116633415222168,-0.0049321651458740234
NA1_LAG50_028,NA1_LAG50,1,50,5,1,unrelated,,,0.02260148525238037,0.023182213306427002,0.0005807280540466309,0.014507174491882324,0.01874864101409912,0.004241466522216797
NA1_LAG50_028,NA1_LAG50,1,50,5,2,unrelated,,,0.016620278358459473,0.01735866069793701,0.0007383823394775391,0.011662304401397705,0.01601046323776245,0.004348158836364746
NA1_LAG50_028,NA1_LAG50,1,50,5,3,unrelated,,,0.018943071365356445,0.02192443609237671,0.0029813647270202637,0.010516583919525146,0.022690653800964355,0.012174069881439209
NA1_LAG50_028,NA1_LAG50,1,50,5,4,cascade,C1,True,0.04160350561141968,0.014452636241912842,-0.027150869369506836,0.027126431465148926,0.013089895248413086,-0.01403653621673584
NA1_LAG50_028,NA1_LAG50,1,50,5,6,unrelated,,,0.021579980850219727,0.02340608835220337,0.0018261075019836426,0.01245206594467163,0.026755094528198242,0.014303028583526611
NA1_LAG50_029,NA1_LAG50,1,50,1,2,unrelated,,,0.03461778163909912,0.011523723602294922,-0.0230940580368042,0.01725316047668457,0.00947260856628418,-0.007780551910400391
NA1_LAG50_029,NA1_LAG50,1,50,1,3,unrelated,,,0.016727864742279053,0.011088967323303223,-0.00563889741897583,0.012244701385498047,0.010648667812347412,-0.0015960335731506348
NA1_LAG50_029,NA1_LAG50,1,50,1,4,unrelated,,,0.03844654560089111,0.008571028709411621,-0.029875516891479492,0.021181344985961914,0.007256925106048584,-0.01392441987991333
NA1_LAG50_029,NA1_LAG50,1,50,1,5,mild,C2,False,0.008225023746490479,0.016394853591918945,0.008169829845428467,0.006170928478240967,0.01615363359451294,0.009982705116271973
NA1_LAG50_029,NA1_LAG50,1,50,1,6,unrelated,,,0.01716536283493042,0.00999760627746582,-0.0071677565574646,0.012697219848632812,0.009048938751220703,-0.0036482810974121094
NA2_LAG10_000,NA2_LAG10,2,10,4,1,unrelated,,,0.036176204681396484,0.009838283061981201,-0.026337921619415283,0.023901522159576416,0.007334113121032715,-0.0165674090385437
NA2_LAG10_000,NA2_LAG10,2,10,4,2,mild,C4,False,0.04346740245819092,0.014705955982208252,-0.028761446475982666,0.03089660406112671,0.012420237064361572,-0.018476366996765137
NA2_LAG10_000,NA2_LAG10,2,10,4,3,unrelated,,,0.04411602020263672,0.009702742099761963,-0.034413278102874756,0.02577841281890869,0.008873701095581055,-0.016904711723327637
NA2_LAG10_000,NA2_LAG10,2,10,4,5,unrelated,,,0.05119842290878296,0.009151995182037354,-0.042046427726745605,0.030653834342956543,0.008579850196838379,-0.022073984146118164
NA2_LAG10_000,NA2_LAG10,2,10,4,6,mild,C5,False,0.029397010803222656,0.013611197471618652,-0.015785813331604004,0.01297616958618164,0.009082794189453125,-0.0038933753967285156
NA2_LAG10_001,NA2_LAG10,2,10,1,2,unrelated,,,0.015070617198944092,0.009248793125152588,-0.005821824073791504,0.012221276760101318,0.0076223015785217285,-0.00459897518157959
NA2_LAG10_001,NA2_LAG10,2,10,1,3,unrelated,,,0.02800518274307251,0.008348345756530762,-0.019656836986541748,0.017625927925109863,0.006015002727508545,-0.011610925197601318
NA2_LAG10_001,NA2_LAG10,2,10,1,4,cascade,C5,False,0.04672747850418091,0.012507736682891846,-0.03421974182128906,0.01873832941055298,0.009956061840057373,-0.008782267570495605
NA2_LAG10_001,NA2_LAG10,2,10,1,5,mild,C4,False,0.04227179288864136,0.02118927240371704,-0.021082520484924316,0.0248793363571167,0.017440199851989746,-0.007439136505126953
NA2_LAG10_001,NA2_LAG10,2,10,1,6,unrelated,,,0.02952730655670166,0.008546710014343262,-0.0209805965423584,0.0157167911529541,0.006198883056640625,-0.009517908096313477
NA2_LAG10_002,NA2_LAG10,2,10,2,1,unrelated,,,0.06421184539794922,0.023715078830718994,-0.040496766567230225,0.02746373414993286,0.018510401248931885,-0.008953332901000977
NA2_LAG10_002,NA2_LAG10,2,10,2,3,cascade,C1,True,0.01983177661895752,0.008602380752563477,-0.011229395866394043,0.017928242683410645,0.007191896438598633,-0.010736346244812012
NA2_LAG10_002,NA2_LAG10,2,10,2,4,unrelated,,,0.06387746334075928,0.02639913558959961,-0.03747832775115967,0.03165769577026367,0.026807188987731934,-0.004850506782531738
NA2_LAG10_002,NA2_LAG10,2,10,2,5,unrelated,,,0.016041934490203857,0.02026844024658203,0.004226505756378174,0.010771989822387695,0.018771708011627197,0.007999718189239502
NA2_LAG10_002,NA2_LAG10,2,10,2,6,cascade,C1,True,0.025945544242858887,0.008621394634246826,-0.01732414960861206,0.017160654067993164,0.005490601062774658,-0.011670053005218506
NA2_LAG10_003,NA2_LAG10,2,10,2,1,mild,C1,False,0.03854113817214966,0.015204906463623047,-0.02333623170852661,0.01970696449279785,0.01177448034286499,-0.007932484149932861
NA2_LAG10_003,NA2_LAG10,2,10,2,3,unrelated,,,0.03478646278381348,0.014160871505737305,-0.020625591278076172,0.018320143222808838,0.010869622230529785,-0.007450520992279053
NA2_LAG10_003,NA2_LAG10,2,10,2,4,unrelated,,,0.05798274278640747,0.00791776180267334,-0.05006498098373413,0.024202406406402588,0.006783843040466309,-0.01741856336593628
NA2_LAG10_003,NA2_LAG10,2,10,2,5,unrelated,,,0.00881868600845337,0.01593804359436035,0.007119357585906982,0.007587134838104248,0.011458337306976318,0.0038712024688720703
NA2_LAG10_003,NA2_LAG10,2,10,2,6,mild,C5,False,0.017962872982025146,0.010509371757507324,-0.007453501224517822,0.011459410190582275,0.007755100727081299,-0.0037043094635009766
NA2_LAG10_004,NA2_LAG10,2,10,5,1,cascade,C2,True,0.010900616645812988,0.12643617391586304,0.11553555727005005,0.008109509944915771,0.1732589602470398,0.16514945030212402
NA2_LAG10_004,NA2_LAG10,2,10,5,2,unrelated,,,0.01828908920288086,0.17012369632720947,0.1518346071243286,0.013620078563690186,0.1590626835823059,0.14544260501861572
NA2_LAG10_004,NA2_LAG10,2,10,5,3,unrelated,,,0.021594762802124023,0.1823660135269165,0.16077125072479248,0.014678001403808594,0.16787177324295044,0.15319377183914185
NA2_LAG10_004,NA2_LAG10,2,10,5,4,unrelated,,,0.019121110439300537,0.17558985948562622,0.15646874904632568,0.012556374073028564,0.16068530082702637,0.1481289267539978
NA2_LAG10_004,NA2_LAG10,2,10,5,6,mild,C4,False,0.032388150691986084,0.1856292486190796,0.1532410979270935,0.022535622119903564,0.16837364435195923,0.14583802223205566
NA2_LAG10_005,NA2_LAG10,2,10,3,1,mild,C4,True,0.01788651943206787,0.016014814376831055,-0.0018717050552368164,0.015855073928833008,0.013854742050170898,-0.0020003318786621094
NA2_LAG10_005,NA2_LAG10,2,10,3,2,unrelated,,,0.01899111270904541,0.013001084327697754,-0.005990028381347656,0.013158440589904785,0.011213243007659912,-0.001945197582244873
NA2_LAG10_005,NA2_LAG10,2,10,3,4,unrelated,,,0.02180302143096924,0.01689833402633667,-0.004904687404632568,0.014303267002105713,0.014351069927215576,4.780292510986328e-05
NA2_LAG10_005,NA2_LAG10,2,10,3,5,unrelated,,,0.019807755947113037,0.008199632167816162,-0.011608123779296875,0.01145094633102417,0.005968034267425537,-0.005482912063598633
NA2_LAG10_005,NA2_LAG10,2,10,3,6,cascade,C4,True,0.02248978614807129,0.005636930465698242,-0.016852855682373047,0.0133056640625,0.0037943124771118164,-0.009511351585388184
NA2_LAG10_006,NA2_LAG10,2,10,3,1,unrelated,,,0.024309217929840088,0.010039687156677246,-0.014269530773162842,0.01744365692138672,0.00838559865951538,-0.009058058261871338
NA2_LAG10_006,NA2_LAG10,2,10,3,2,unrelated,,,0.016227245330810547,0.012418925762176514,-0.003808319568634033,0.010785818099975586,0.010086774826049805,-0.0006990432739257812
NA2_LAG10_006,NA2_LAG10,2,10,3,4,cascade,C4,False,0.03172212839126587,0.0209924578666687,-0.010729670524597168,0.0193941593170166,0.020443379878997803,0.0010492205619812012
NA2_LAG10_006,NA2_LAG10,2,10,3,5,unrelated,,,0.02511155605316162,0.01338893175125122,-0.0117226243019104,0.020980417728424072,0.0111159086227417,-0.009864509105682373
NA2_LAG10_006,NA2_LAG10,2,10,3,6,cascade,C3,False,0.03317517042160034,0.024630963802337646,-0.008544206619262695,0.018483281135559082,0.028090238571166992,0.00960695743560791
NA2_LAG10_007,NA2_LAG10,2,10,5,1,unrelated,,,0.057888805866241455,0.2167782187461853,0.15888941287994385,0.03101569414138794,0.17511022090911865,0.1440945267677307
NA2_LAG10_007,NA2_LAG10,2,10,5,2,unrelated,,,0.017665088176727295,0.20125877857208252,0.18359369039535522,0.015458285808563232,0.16331636905670166,0.14785808324813843
NA2_LAG10_007,NA2_LAG10,2,10,5,3,cascade,C2,True,0.02222764492034912,0.10899275541305542,0.0867651104927063,0.013093888759613037,0.12754493951797485,0.11445105075836182
NA2_LAG10_007,NA2_LAG10,2,10,5,4,unrelated,,,0.01817697286605835,0.21903544664382935,0.200858473777771,0.0155143141746521,0.16505950689315796,0.14954519271850586
NA2_LAG10_007,NA2_LAG10,2,10,5,6,mild,C2,True,0.013175547122955322,0.20484572649002075,0.19167017936706543,0.009540140628814697,0.16537219285964966,0.15583205223083496
NA2_LAG10_008,NA2_LAG10,2,10,6,1,cascade,C5,True,0.02605336904525757,0.012132823467254639,-0.01392054557800293,0.02089536190032959,0.009050190448760986,-0.011845171451568604
NA2_LAG10_008,NA2_LAG10,2,10,6,2,unrelated,,,0.033431172370910645,0.01367342472076416,-0.019757747650146484,0.01945275068283081,0.008423328399658203,-0.011029422283172607
NA2_LAG10_008,NA2_LAG10,2,10,6,3,unrelated,,,0.01620239019393921,0.014829635620117188,-0.0013727545738220215,0.01122504472732544,0.01321643590927124,0.0019913911819458008
NA2_LAG10_008,NA2_LAG10,2,10,6,4,mild,C5,True,0.03289902210235596,0.010075867176055908,-0.02282315492630005,0.023489713668823242,0.007850229740142822,-0.01563948392868042
NA2_LAG10_008,NA2_LAG10,2,10,6,5,unrelated,,,0.036316096782684326,0.009845554828643799,-0.026470541954040527,0.03415060043334961,0.00911027193069458,-0.02504032850265503
NA2_LAG10_009,NA2_LAG10,2,10,3,1,unrelated,,,0.03082221746444702,0.008493900299072266,-0.022328317165374756,0.016368091106414795,0.006835758686065674,-0.009532332420349121
NA2_LAG10_009,NA2_LAG10,2,10,3,2,mild,C5,True,0.015915095806121826,0.009011685848236084,-0.006903409957885742,0.012337923049926758,0.007580935955047607,-0.00475698709487915
NA2_LAG10_009,NA2_LAG10,2,10,3,4,unrelated,,,0.03391844034194946,0.011786878108978271,-0.02213156223297119,0.029000818729400635,0.008014857769012451,-0.020985960960388184
NA2_LAG10_009,NA2_LAG10,2,10,3,5,cascade,C2,False,0.019752025604248047,0.15024441480636597,0.13049238920211792,0.011070787906646729,0.14656835794448853,0.1354975700378418
NA2_LAG10_009,NA2_LAG10,2,10,3,6,unrelated,,,0.015522897243499756,0.008214831352233887,-0.007308065891265869,0.010205745697021484,0.005112290382385254,-0.0050934553146362305
NA2_LAG10_010,NA2_LAG10,2,10,4,1,unrelated,,,0.046036481857299805,0.023944318294525146,-0.022092163562774658,0.033818840980529785,0.017079472541809082,-0.016739368438720703
NA2_LAG10_010,NA2_LAG10,2,10,4,2,unrelated,,,0.0582236647605896,0.009865880012512207,-0.04835778474807739,0.029451489448547363,0.010075092315673828,-0.019376397132873535
NA2_LAG10_010,NA2_LAG10,2,10,4,3,mild,C5,True,0.022921323776245117,0.010032713413238525,-0.012888610363006592,0.017057418823242188,0.007750332355499268,-0.00930708646774292
NA2_LAG10_010,NA2_LAG10,2,10,4,5,unrelated,,,0.01595890522003174,0.01479262113571167,-0.0011662840843200684,0.010587334632873535,0.012446463108062744,0.001859128475189209
NA2_LAG10_010,NA2_LAG10,2,10,4,6,cascade,C3,False,0.022181928157806396,0.022014915943145752,-0.00016701221466064453,0.012474656105041504,0.02001357078552246,0.007538914680480957
NA2_LAG10_011,NA2_LAG10,2,10,1,2,mild,C1,False,0.04277533292770386,0.010852515697479248,-0.03192281723022461,0.027573347091674805,0.010519981384277344,-0.01705336570739746
NA2_LAG10_011,NA2_LAG10,2,10,1,3,unrelated,,,0.037937939167022705,0.016386866569519043,-0.021551072597503662,0.023266971111297607,0.015279531478881836,-0.007987439632415771
NA2_LAG10_011,NA2_LAG10,2,10,1,4,unrelated,,,0.025342702865600586,0.00941544771194458,-0.015927255153656006,0.01669633388519287,0.008204281330108643,-0.008492052555084229
NA2_LAG10_011,NA2_LAG10,2,10,1,5,cascade,C1,False,0.025067687034606934,0.018324077129364014,-0.00674360990524292,0.012755811214447021,0.016781508922576904,0.004025697708129883
NA2_LAG10_011,NA2_LAG10,2,10,1,6,unrelated,,,0.06680381298065186,0.01611638069152832,-0.050687432289123535,0.030538082122802734,0.012563347816467285,-0.01797473430633545
NA2_LAG10_012,NA2_LAG10,2,10,2,1,mild,C3,False,0.012760281562805176,0.03981059789657593,0.027050316333770752,0.009108364582061768,0.034714460372924805,0.025606095790863037
NA2_LAG10_012,NA2_LAG10,2,10,2,3,unrelated,,,0.016579389572143555,0.012968719005584717,-0.003610670566558838,0.01310664415359497,0.010838925838470459,-0.0022677183151245117
NA2_LAG10_012,NA2_LAG10,2,10,2,4,cascade,C4,True,0.015910744667053223,0.008017301559448242,-0.00789344310760498,0.009418964385986328,0.004887819290161133,-0.004531145095825195
NA2_LAG10_012,NA2_LAG10,2,10,2,5,unrelated,,,0.023081839084625244,0.013552486896514893,-0.009529352188110352,0.01579296588897705,0.009212791919708252,-0.006580173969268799
NA2_LAG10_012,NA2_LAG10,2,10,2,6,unrelated,,,0.017606616020202637,0.010523080825805664,-0.007083535194396973,0.00943136215209961,0.0071907639503479,-0.002240598201751709
NA2_LAG10_013,NA2_LAG10,2,10,2,1,unrelated,,,0.023438215255737305,0.015516817569732666,-0.007921397686004639,0.01559823751449585,0.01275491714477539,-0.002843320369720459
NA2_LAG10_013,NA2_LAG10,2,10,2,3,mild,C5,False,0.024985015392303467,0.006975710391998291,-0.018009305000305176,0.019802868366241455,0.007535278797149658,-0.012267589569091797
NA2_LAG10_013,NA2_LAG10,2,10,2,4,unrelated,,,0.01586836576461792,0.017846643924713135,0.001978278160095215,0.01089388132095337,0.01602041721343994,0.005126535892486572
NA2_LAG10_013,NA2_LAG10,2,10,2,5,unrelated,,,0.015595555305480957,0.011490821838378906,-0.004104733467102051,0.010488927364349365,0.009573101997375488,-0.000915825366973877
NA2_LAG10_013,NA2_LAG10,2,10,2,6,cascade,C4,True,0.02822333574295044,0.007076740264892578,-0.02114659547805786,0.019964277744293213,0.0070803165435791016,-0.012883961200714111
NA2_LAG10_014,NA2_LAG10,2,10,1,2,cascade,C4,False,0.024044692516326904,0.011513829231262207,-0.012530863285064697,0.014249920845031738,0.009820878505706787,-0.004429042339324951
NA2_LAG10_014,NA2_LAG10,2,10,1,3,unrelated,,,0.00958329439163208,0.013581514358520508,0.003998219966888428,0.006911218166351318,0.011461198329925537,0.004549980163574219
NA2_LAG10_014,NA2_LAG10,2,10,1,4,cascade,C5,True,0.01654762029647827,0.008465766906738281,-0.00808185338973999,0.010875403881072998,0.007404148578643799,-0.0034712553024291992
NA2_LAG10_014,NA2_LAG10,2,10,1,5,unrelated,,,0.025444090366363525,0.00981593132019043,-0.015628159046173096,0.018937349319458008,0.007743656635284424,-0.011193692684173584
NA2_LAG10_014,NA2_LAG10,2,10,1,6,unrelated,,,0.01663649082183838,0.012357831001281738,-0.004278659820556641,0.010371267795562744,0.009218752384185791,-0.0011525154113769531
NA2_LAG10_015,NA2_LAG10,2,10,3,1,unrelated,,,0.01653045415878296,0.030636906623840332,0.014106452465057373,0.012060046195983887,0.02145218849182129,0.009392142295837402
NA2_LAG10_015,NA2_LAG10,2,10,3,2,unrelated,,,0.1107359528541565,0.03600972890853882,-0.07472622394561768,0.05193978548049927,0.030633211135864258,-0.02130657434463501
NA2_LAG10_015,NA2_LAG10,2,10,3,4,cascade,C1,True,0.01358109712600708,0.0106315016746521,-0.0029495954513549805,0.011350393295288086,0.0079079270362854,-0.0034424662590026855
NA2_LAG10_015,NA2_LAG10,2,10,3,5,unrelated,,,0.019178450107574463,0.025569438934326172,0.006390988826751709,0.012031495571136475,0.024677515029907227,0.012646019458770752
NA2_LAG10_015,NA2_LAG10,2,10,3,6,mild,C2,False,0.026274442672729492,0.03969210386276245,0.013417661190032959,0.021704494953155518,0.027987182140350342,0.006282687187194824
NA2_LAG10_016,NA2_LAG10,2,10,4,1,mild,C3,True,0.01288539171218872,0.049265146255493164,0.03637975454330444,0.007723212242126465,0.038006722927093506,0.03028351068496704
NA2_LAG10_016,NA2_LAG10,2,10,4,2,cascade,C3,True,0.0166170597076416,0.01960122585296631,0.002984166145324707,0.01046067476272583,0.01991194486618042,0.00945127010345459
NA2_LAG10_016,NA2_LAG10,2,10,4,3,unrelated,,,0.015340328216552734,0.011332035064697266,-0.004008293151855469,0.00783073902130127,0.007754862308502197,-7.587671279907227e-05
NA2_LAG10_016,NA2_LAG10,2,10,4,5,unrelated,,,0.026736795902252197,0.009684979915618896,-0.0170518159866333,0.011353373527526855,0.007621407508850098,-0.003731966018676758
NA2_LAG10_016,NA2_LAG10,2,10,4,6,unrelated,,,0.011578917503356934,0.01714003086090088,0.005561113357543945,0.008194565773010254,0.011138677597045898,0.0029441118240356445
NA2_LAG10_017,NA2_LAG10,2,10,1,2,mild,C5,False,0.042545318603515625,0.1926060914993286,0.150060772895813,0.017364144325256348,0.18513739109039307,0.16777324676513672
NA2_LAG10_017,NA2_LAG10,2,10,1,3,unrelated,,,0.015668511390686035,0.19521725177764893,0.1795487403869629,0.009998142719268799,0.1904166340827942,0.1804184913635254
NA2_LAG10_017,NA2_LAG10,2,10,1,4,cascade,C2,True,0.029754281044006348,0.09768116474151611,0.06792688369750977,0.017146766185760498,0.14238053560256958,0.12523376941680908
NA2_LAG10_017,NA2_LAG10,2,10,1,5,unrelated,,,0.01797008514404297,0.19425660371780396,0.176286518573761,0.01294255256652832,0.19171810150146484,0.17877554893493652
NA2_LAG10_017,NA2_LAG10,2,10,1,6,unrelated,,,0.021084249019622803,0.18494057655334473,0.16385632753372192,0.012719154357910156,0.18374717235565186,0.1710280179977417
NA2_LAG10_018,NA2_LAG10,2,10,6,1,mild,C5,False,0.029100000858306885,0.20604950189590454,0.17694950103759766,0.019495069980621338,0.1836404800415039,0.16414541006088257
NA2_LAG10_018,NA2_LAG10,2,10,6,2,unrelated,,,0.01164853572845459,0.19467878341674805,0.18303024768829346,0.006466686725616455,0.1822633147239685,0.17579662799835205
NA2_LAG10_018,NA2_LAG10,2,10,6,3,unrelated,,,0.03762686252593994,0.19325929880142212,0.15563243627548218,0.02226400375366211,0.17670077085494995,0.15443676710128784
NA2_LAG10_018,NA2_LAG10,2,10,6,4,mild,C4,False,0.035439252853393555,0.17686575651168823,0.14142650365829468,0.021072685718536377,0.1748536229133606,0.15378093719482422
NA2_LAG10_018,NA2_LAG10,2,10,6,5,unrelated,,,0.04180765151977539,0.19183802604675293,0.15003037452697754,0.02295219898223877,0.17941731214523315,0.15646511316299438
NA2_LAG10_019,NA2_LAG10,2,10,3,1,unrelated,,,0.01816880702972412,0.21470308303833008,0.19653427600860596,0.008881032466888428,0.1902635097503662,0.18138247728347778
NA2_LAG10_019,NA2_LAG10,2,10,3,2,unrelated,,,0.029095351696014404,0.18956983089447021,0.1604744791984558,0.016416966915130615,0.17307496070861816,0.15665799379348755
NA2_LAG10_019,NA2_LAG10,2,10,3,4,mild,C2,True,0.011007606983184814,0.19631952047348022,0.1853119134902954,0.00588536262512207,0.1787813901901245,0.17289602756500244
NA2_LAG10_019,NA2_LAG10,2,10,3,5,unrelated,,,0.019684016704559326,0.19292950630187988,0.17324548959732056,0.013509631156921387,0.18119418621063232,0.16768455505371094
NA2_LAG10_019,NA2_LAG10,2,10,3,6,mild,C2,True,0.02062779664993286,0.17501258850097656,0.1543847918510437,0.012982368469238281,0.16772323846817017,0.15474086999893188
NA2_LAG10_020,NA2_LAG10,2,10,6,1,unrelated,,,0.017804443836212158,0.1958160400390625,0.17801159620285034,0.010957539081573486,0.1852877140045166,0.17433017492294312
NA2_LAG10_020,NA2_LAG10,2,10,6,2,unrelated,,,0.018639981746673584,0.19813162088394165,0.17949163913726807,0.013094127178192139,0.18312770128250122,0.17003357410430908
NA2_LAG10_020,NA2_LAG10,2,10,6,3,mild,C1,False,0.03408205509185791,0.22512930631637573,0.19104725122451782,0.018166184425354004,0.1952301263809204,0.1770639419555664
NA2_LAG10_020,NA2_LAG10,2,10,6,4,mild,C2,True,0.025321245193481445,0.17433840036392212,0.14901715517044067,0.013443946838378906,0.167691171169281,0.1542472243309021
NA2_LAG10_020,NA2_LAG10,2,10,6,5,unrelated,,,0.01827704906463623,0.1933789849281311,0.17510193586349487,0.013614535331726074,0.17957758903503418,0.1659630537033081
NA2_LAG10_021,NA2_LAG10,2,10,5,1,mild,C5,True,0.009191274642944336,0.014142930507659912,0.004951655864715576,0.005665421485900879,0.01224750280380249,0.006582081317901611
NA2_LAG10_021,NA2_LAG10,2,10,5,2,unrelated,,,0.01677393913269043,0.018305182456970215,0.0015312433242797852,0.009877562522888184,0.014460444450378418,0.004582881927490234
NA2_LAG10_021,NA2_LAG10,2,10,5,3,cascade,C5,True,0.014628112316131592,0.009136319160461426,-0.005491793155670166,0.012095093727111816,0.007169485092163086,-0.0049256086349487305
NA2_LAG10_021,NA2_LAG10,2,10,5,4,unrelated,,,0.011069118976593018,0.007966399192810059,-0.003102719783782959,0.009107649326324463,0.006622493267059326,-0.0024851560592651367
NA2_LAG10_021,NA2_LAG10,2,10,5,6,unrelated,,,0.008756279945373535,0.00932300090789795,0.0005667209625244141,0.006151258945465088,0.006905674934387207,0.0007544159889221191
NA2_LAG10_022,NA2_LAG10,2,10,5,1,mild,C5,True,0.09413188695907593,0.010731816291809082,-0.08340007066726685,0.05438357591629028,0.00923091173171997,-0.04515266418457031
NA2_LAG10_022,NA2_LAG10,2,10,5,2,unrelated,,,0.05359286069869995,0.014221131801605225,-0.03937172889709473,0.029903650283813477,0.010175049304962158,-0.01972860097885132
NA2_LAG10_022,NA2_LAG10,2,10,5,3,mild,C5,True,0.018103182315826416,0.011141359806060791,-0.006961822509765625,0.013886570930480957,0.009511768817901611,-0.004374802112579346
NA2_LAG10_022,NA2_LAG10,2,10,5,4,unrelated,,,0.039819955825805664,0.01493614912033081,-0.024883806705474854,0.024728894233703613,0.014293491840362549,-0.010435402393341064
NA2_LAG10_022,NA2_LAG10,2,10,5,6,unrelated,,,0.061328351497650146,0.01230764389038086,-0.04902070760726929,0.03264230489730835,0.008696556091308594,-0.023945748805999756
NA2_LAG10_023,NA2_LAG10,2,10,1,2,unrelated,,,0.05950671434402466,0.016020536422729492,-0.043486177921295166,0.02776259183883667,0.012716829776763916,-0.015045762062072754
NA2_LAG10_023,NA2_LAG10,2,10,1,3,cascade,C4,True,0.048500001430511475,0.010128796100616455,-0.03837120532989502,0.02250880002975464,0.007709801197052002,-0.014798998832702637
NA2_LAG10_023,NA2_LAG10,2,10,1,4,cascade,C1,False,0.01235133409500122,0.024194955825805664,0.011843621730804443,0.008211314678192139,0.027255535125732422,0.019044220447540283
NA2_LAG10_023,NA2_LAG10,2,10,1,5,unrelated,,,0.03692328929901123,0.013040006160736084,-0.023883283138275146,0.02544987201690674,0.011379837989807129,-0.01407003402709961
NA2_LAG10_023,NA2_LAG10,2,10,1,6,unrelated,,,0.024858057498931885,0.01181018352508545,-0.013047873973846436,0.014869868755340576,0.010669291019439697,-0.004200577735900879
NA2_LAG10_024,NA2_LAG10,2,10,1,2,unrelated,,,0.014259278774261475,0.18866819143295288,0.1744089126586914,0.010485589504241943,0.1608406901359558,0.15035510063171387
NA2_LAG10_024,NA2_LAG10,2,10,1,3,cascade,C2,True,0.019952714443206787,0.12556976079940796,0.10561704635620117,0.015504240989685059,0.16199904680252075,0.1464948058128357
NA2_LAG10_024,NA2_LAG10,2,10,1,4,mild,C3,False,0.04545813798904419,0.1790018081665039,0.13354367017745972,0.03050100803375244,0.16776221990585327,0.13726121187210083
NA2_LAG10_024,NA2_LAG10,2,10,1,5,unrelated,,,0.09674406051635742,0.1917095184326172,0.09496545791625977,0.04880601167678833,0.17239558696746826,0.12358957529067993
NA2_LAG10_024,NA2_LAG10,2,10,1,6,unrelated,,,0.022492706775665283,0.1862773895263672,0.1637846827507019,0.014384567737579346,0.1666974425315857,0.15231287479400635
NA2_LAG10_025,NA2_LAG10,2,10,6,1,cascade,C5,False,0.009698092937469482,0.006290256977081299,-0.0034078359603881836,0.00836789608001709,0.006010830402374268,-0.0023570656776428223
NA2_LAG10_025,NA2_LAG10,2,10,6,2,unrelated,,,0.014381051063537598,0.009081661701202393,-0.005299389362335205,0.011107265949249268,0.007539272308349609,-0.003567993640899658
NA2_LAG10_025,NA2_LAG10,2,10,6,3,cascade,C1,False,0.026418447494506836,0.011318385601043701,-0.015100061893463135,0.016966164112091064,0.00943690538406372,-0.007529258728027344
NA2_LAG10_025,NA2_LAG10,2,10,6,4,unrelated,,,0.0219307541847229,0.007186472415924072,-0.014744281768798828,0.014303028583526611,0.005275845527648926,-0.009027183055877686
NA2_LAG10_025,NA2_LAG10,2,10,6,5,unrelated,,,0.006505787372589111,0.01650381088256836,0.009998023509979248,0.004170477390289307,0.01838284730911255,0.014212369918823242
NA2_LAG10_026,NA2_LAG10,2,10,5,1,unrelated,,,0.009724020957946777,0.026062846183776855,0.016338825225830078,0.007066547870635986,0.021038174629211426,0.01397162675857544
NA2_LAG10_026,NA2_LAG10,2,10,5,2,unrelated,,,0.03412282466888428,0.017348408699035645,-0.016774415969848633,0.02439594268798828,0.011125922203063965,-0.013270020484924316
NA2_LAG10_026,NA2_LAG10,2,10,5,3,cascade,C3,False,0.011761665344238281,0.013546586036682129,0.0017849206924438477,0.007445991039276123,0.009282529354095459,0.001836538314819336
NA2_LAG10_026,NA2_LAG10,2,10,5,4,mild,C5,True,0.030366361141204834,0.02205371856689453,-0.008312642574310303,0.019599437713623047,0.01782047748565674,-0.0017789602279663086
NA2_LAG10_026,NA2_LAG10,2,10,5,6,unrelated,,,0.03744840621948242,0.015351057052612305,-0.022097349166870117,0.017712891101837158,0.009493410587310791,-0.008219480514526367
NA2_LAG10_027,NA2_LAG10,2,10,5,1,unrelated,,,0.028882980346679688,0.01162940263748169,-0.017253577709197998,0.023498356342315674,0.0117722749710083,-0.011726081371307373
NA2_LAG10_027,NA2_LAG10,2,10,5,2,mild,C4,False,0.010835349559783936,0.012637317180633545,0.0018019676208496094,0.010013461112976074,0.012208819389343262,0.0021953582763671875
NA2_LAG10_027,NA2_LAG10,2,10,5,3,unrelated,,,0.019999146461486816,0.009310543537139893,-0.010688602924346924,0.013208746910095215,0.009793877601623535,-0.0034148693084716797
NA2_LAG10_027,NA2_LAG10,2,10,5,4,cascade,C1,False,0.028304457664489746,0.0240439772605896,-0.0042604804039001465,0.014258027076721191,0.026555657386779785,0.012297630310058594
NA2_LAG10_027,NA2_LAG10,2,10,5,6,unrelated,,,0.03995782136917114,0.0073552727699279785,-0.032602548599243164,0.028828024864196777,0.007136702537536621,-0.021691322326660156
NA2_LAG10_028,NA2_LAG10,2,10,4,1,unrelated,,,0.04298895597457886,0.03153681755065918,-0.011452138423919678,0.029716849327087402,0.029393792152404785,-0.0003230571746826172
NA2_LAG10_028,NA2_LAG10,2,10,4,2,cascade,C4,False,0.03688693046569824,0.020639657974243164,-0.016247272491455078,0.029685378074645996,0.025676608085632324,-0.004008769989013672
NA2_LAG10_028,NA2_LAG10,2,10,4,3,cascade,C1,True,0.0376741886138916,0.0064928531646728516,-0.03118133544921875,0.030678629875183105,0.005690157413482666,-0.02498847246170044
NA2_LAG10_028,NA2_LAG10,2,10,4,5,unrelated,,,0.02010256052017212,0.03045499324798584,0.01035243272781372,0.016278445720672607,0.031061530113220215,0.014783084392547607
NA2_LAG10_028,NA2_LAG10,2,10,4,6,unrelated,,,0.031495749950408936,0.02241736650466919,-0.009078383445739746,0.02413177490234375,0.023782014846801758,-0.0003497600555419922
NA2_LAG10_029,NA2_LAG10,2,10,5,1,unrelated,,,0.04443579912185669,0.007697761058807373,-0.036738038063049316,0.019859731197357178,0.007605195045471191,-0.012254536151885986
NA2_LAG10_029,NA2_LAG10,2,10,5,2,mild,C1,False,0.03006565570831299,0.012728273868560791,-0.017337381839752197,0.013585686683654785,0.013857543468475342,0.00027185678482055664
NA2_LAG10_029,NA2_LAG10,2,10,5,3,unrelated,,,0.02010291814804077,0.011650025844573975,-0.008452892303466797,0.01316523551940918,0.0118408203125,-0.0013244152069091797
NA2_LAG10_029,NA2_LAG10,2,10,5,4,unrelated,,,0.04664897918701172,0.005585134029388428,-0.04106384515762329,0.02001732587814331,0.0049498677253723145,-0.015067458152770996
NA2_LAG10_029,NA2_LAG10,2,10,5,6,mild,C5,False,0.030604541301727295,0.007967054843902588,-0.022637486457824707,0.015621066093444824,0.008175075054168701,-0.007445991039276123
NA2_LAG50_000,NA2_LAG50,2,50,2,1,unrelated,,,0.01357656717300415,0.014473378658294678,0.0008968114852905273,0.010910749435424805,0.013455033302307129,0.0025442838668823242
NA2_LAG50_000,NA2_LAG50,2,50,2,3,unrelated,,,0.018221378326416016,0.0074953436851501465,-0.01072603464126587,0.012141048908233643,0.006666600704193115,-0.005474448204040527
NA2_LAG50_000,NA2_LAG50,2,50,2,4,unrelated,,,0.02133786678314209,0.010403692722320557,-0.010934174060821533,0.01614975929260254,0.009542226791381836,-0.006607532501220703
NA2_LAG50_000,NA2_LAG50,2,50,2,5,mild,C1,False,0.011009752750396729,0.019070088863372803,0.008060336112976074,0.006956815719604492,0.018370985984802246,0.011414170265197754
NA2_LAG50_000,NA2_LAG50,2,50,2,6,mild,C4,True,0.01733553409576416,0.018329739570617676,0.0009942054748535156,0.010618805885314941,0.018122076988220215,0.0075032711029052734
NA2_LAG50_001,NA2_LAG50,2,50,2,1,unrelated,,,0.02788376808166504,0.01433485746383667,-0.01354891061782837,0.027929067611694336,0.011578679084777832,-0.016350388526916504
NA2_LAG50_001,NA2_LAG50,2,50,2,3,unrelated,,,0.011434853076934814,0.014397859573364258,0.0029630064964294434,0.012126505374908447,0.010815143585205078,-0.0013113617897033691
NA2_LAG50_001,NA2_LAG50,2,50,2,4,cascade,C5,True,0.024553537368774414,0.01185673475265503,-0.012696802616119385,0.016456127166748047,0.010120868682861328,-0.006335258483886719
NA2_LAG50_001,NA2_LAG50,2,50,2,5,unrelated,,,0.040656983852386475,0.019532978534698486,-0.02112400531768799,0.027893424034118652,0.016032397747039795,-0.011861026287078857
NA2_LAG50_001,NA2_LAG50,2,50,2,6,cascade,C3,False,0.018345773220062256,0.022009849548339844,0.003664076328277588,0.013732552528381348,0.01872098445892334,0.004988431930541992
NA2_LAG50_002,NA2_LAG50,2,50,3,1,unrelated,,,0.023709535598754883,0.0071381330490112305,-0.016571402549743652,0.013960957527160645,0.006356954574584961,-0.007604002952575684
NA2_LAG50_002,NA2_LAG50,2,50,3,2,cascade,C3,True,0.016534626483917236,0.016138553619384766,-0.0003960728645324707,0.00981825590133667,0.015674829483032227,0.005856573581695557
NA2_LAG50_002,NA2_LAG50,2,50,3,4,mild,C1,False,0.010850071907043457,0.012470722198486328,0.001620650291442871,0.009130120277404785,0.008799135684967041,-0.00033098459243774414
NA2_LAG50_002,NA2_LAG50,2,50,3,5,unrelated,,,0.017191290855407715,0.005558609962463379,-0.011632680892944336,0.012575685977935791,0.00472414493560791,-0.00785154104232788
NA2_LAG50_002,NA2_LAG50,2,50,3,6,unrelated,,,0.036891400814056396,0.015573680400848389,-0.021317720413208008,0.01919686794281006,0.012400805950164795,-0.006796061992645264
NA2_LAG50_003,NA2_LAG50,2,50,6,1,unrelated,,,0.02699369192123413,0.022955894470214844,-0.004037797451019287,0.019543170928955078,0.022786200046539307,0.0032430291175842285
NA2_LAG50_003,NA2_LAG50,2,50,6,2,cascade,C2,False,0.01867908239364624,0.10353958606719971,0.08486050367355347,0.010967016220092773,0.0944942831993103,0.08352726697921753
NA2_LAG50_003,NA2_LAG50,2,50,6,3,mild,C5,False,0.017481744289398193,0.01659238338470459,-0.0008893609046936035,0.00996929407119751,0.013007104396820068,0.0030378103256225586
NA2_LAG50_003,NA2_LAG50,2,50,6,4,unrelated,,,0.022786200046539307,0.02605956792831421,0.0032733678817749023,0.017883896827697754,0.02690565586090088,0.009021759033203125
NA2_LAG50_003,NA2_LAG50,2,50,6,5,unrelated,,,0.02434641122817993,0.0160977840423584,-0.008248627185821533,0.017109394073486328,0.014723360538482666,-0.002386033535003662
NA2_LAG50_004,NA2_LAG50,2,50,5,1,unrelated,,,0.014350414276123047,0.2362726926803589,0.22192227840423584,0.007806956768035889,0.20032411813735962,0.19251716136932373
NA2_LAG50_004,NA2_LAG50,2,50,5,2,mild,C2,True,0.01811075210571289,0.22453844547271729,0.2064276933670044,0.008755981922149658,0.19684171676635742,0.18808573484420776
NA2_LAG50_004,NA2_LAG50,2,50,5,3,cascade,C1,False,0.009442389011383057,0.24925541877746582,0.23981302976608276,0.005803823471069336,0.21479415893554688,0.20899033546447754
NA2_LAG50_004,NA2_LAG50,2,50,5,4,unrelated,,,0.015896260738372803,0.21682995557785034,0.20093369483947754,0.009598731994628906,0.1850517988204956,0.1754530668258667
NA2_LAG50_004,NA2_LAG50,2,50,5,6,unrelated,,,0.03552520275115967,0.21940481662750244,0.18387961387634277,0.02225106954574585,0.18905729055404663,0.16680622100830078
NA2_LAG50_005,NA2_LAG50,2,50,1,2,mild,C5,False,0.031037747859954834,0.022005319595336914,-0.00903242826461792,0.019513487815856934,0.017665863037109375,-0.0018476247787475586
NA2_LAG50_005,NA2_LAG50,2,50,1,3,unrelated,,,0.04873842000961304,0.031073272228240967,-0.01766514778137207,0.02778017520904541,0.028293728828430176,0.0005135536193847656
NA2_LAG50_005,NA2_LAG50,2,50,1,4,unrelated,,,0.06369280815124512,0.022950291633605957,-0.04074251651763916,0.034158170223236084,0.021435797214508057,-0.012722373008728027
NA2_LAG50_005,NA2_LAG50,2,50,1,5,unrelated,,,0.05720919370651245,0.02267158031463623,-0.03453761339187622,0.03300309181213379,0.020440757274627686,-0.012562334537506104
NA2_LAG50_005,NA2_LAG50,2,50,1,6,mild,C5,False,0.04627925157546997,0.03587949275970459,-0.01039975881576538,0.0288965106010437,0.03392094373703003,0.005024433135986328
NA2_LAG50_006,NA2_LAG50,2,50,3,1,mild,C2,True,0.02714836597442627,0.17994195222854614,0.15279358625411987,0.016730129718780518,0.1721058487892151,0.15537571907043457
NA2_LAG50_006,NA2_LAG50,2,50,3,2,unrelated,,,0.01902484893798828,0.18879306316375732,0.16976821422576904,0.012577354907989502,0.16861212253570557,0.15603476762771606
NA2_LAG50_006,NA2_LAG50,2,50,3,4,unrelated,,,0.020650207996368408,0.1849392056465149,0.16428899765014648,0.012252569198608398,0.16515111923217773,0.15289855003356934
NA2_LAG50_006,NA2_LAG50,2,50,3,5,unrelated,,,0.013238608837127686,0.17706137895584106,0.16382277011871338,0.008329987525939941,0.16444861888885498,0.15611863136291504
NA2_LAG50_006,NA2_LAG50,2,50,3,6,cascade,C3,False,0.0184098482131958,0.18313568830490112,0.16472584009170532,0.012343764305114746,0.16330885887145996,0.15096509456634521
NA2_LAG50_007,NA2_LAG50,2,50,3,1,cascade,C3,True,0.032012343406677246,0.013689398765563965,-0.01832294464111328,0.01687222719192505,0.013345301151275635,-0.003526926040649414
NA2_LAG50_007,NA2_LAG50,2,50,3,2,unrelated,,,0.017608940601348877,0.008578956127166748,-0.009029984474182129,0.010854184627532959,0.008965253829956055,-0.0018889307975769043
NA2_LAG50_007,NA2_LAG50,2,50,3,4,unrelated,,,0.04539155960083008,0.0065767765045166016,-0.03881478309631348,0.02556288242340088,0.006188511848449707,-0.019374370574951172
NA2_LAG50_007,NA2_LAG50,2,50,3,5,unrelated,,,0.017108500003814697,0.00836169719696045,-0.008746802806854248,0.01194143295288086,0.008094191551208496,-0.0038472414016723633
NA2_LAG50_007,NA2_LAG50,2,50,3,6,mild,C5,False,0.02525961399078369,0.010589003562927246,-0.014670610427856445,0.018423140048980713,0.010458648204803467,-0.007964491844177246
NA2_LAG50_008,NA2_LAG50,2,50,3,1,mild,C3,True,0.022268176078796387,0.04833120107650757,0.02606302499771118,0.01481097936630249,0.04598170518875122,0.03117072582244873
NA2_LAG50_008,NA2_LAG50,2,50,3,2,unrelated,,,0.013260304927825928,0.011247098445892334,-0.0020132064819335938,0.009195804595947266,0.011349260807037354,0.002153456211090088
NA2_LAG50_008,NA2_LAG50,2,50,3,4,mild,C1,False,0.010931193828582764,0.0109100341796875,-2.1159648895263672e-05,0.00874483585357666,0.00981360673904419,0.0010687708854675293
NA2_LAG50_008,NA2_LAG50,2,50,3,5,unrelated,,,0.05088287591934204,0.006856560707092285,-0.044026315212249756,0.029884636402130127,0.007069945335388184,-0.022814691066741943
NA2_LAG50_008,NA2_LAG50,2,50,3,6,unrelated,,,0.023580491542816162,0.030654191970825195,0.007073700428009033,0.016484498977661133,0.02642810344696045,0.009943604469299316
NA2_LAG50_009,NA2_LAG50,2,50,6,1,unrelated,,,0.031953513622283936,0.03853052854537964,0.006577014923095703,0.02104628086090088,0.03271448612213135,0.011668205261230469
NA2_LAG50_009,NA2_LAG50,2,50,6,2,cascade,C1,True,0.028494417667388916,0.02131366729736328,-0.007180750370025635,0.017818808555603027,0.017156541347503662,-0.0006622672080993652
NA2_LAG50_009,NA2_LAG50,2,50,6,3,cascade,C5,False,0.030957400798797607,0.026120424270629883,-0.004836976528167725,0.01739037036895752,0.02367013692855835,0.00627976655960083
NA2_LAG50_009,NA2_LAG50,2,50,6,4,unrelated,,,0.03961741924285889,0.01939946413040161,-0.020217955112457275,0.026408791542053223,0.018641948699951172,-0.007766842842102051
NA2_LAG50_009,NA2_LAG50,2,50,6,5,unrelated,,,0.018082857131958008,0.01991182565689087,0.0018289685249328613,0.013129949569702148,0.015379846096038818,0.00224989652633667
NA2_LAG50_010,NA2_LAG50,2,50,5,1,unrelated,,,0.017688095569610596,0.012529313564300537,-0.005158782005310059,0.013006925582885742,0.010949909687042236,-0.002057015895843506
NA2_LAG50_010,NA2_LAG50,2,50,5,2,cascade,C4,True,0.08647847175598145,0.009997904300689697,-0.07648056745529175,0.03898823261260986,0.008547723293304443,-0.03044050931930542
NA2_LAG50_010,NA2_LAG50,2,50,5,3,unrelated,,,0.023902595043182373,0.022408366203308105,-0.0014942288398742676,0.015380620956420898,0.01736593246459961,0.001985311508178711
NA2_LAG50_010,NA2_LAG50,2,50,5,4,unrelated,,,0.013882935047149658,0.015323460102081299,0.0014405250549316406,0.011736154556274414,0.014237403869628906,0.002501249313354492
NA2_LAG50_010,NA2_LAG50,2,50,5,6,mild,C1,False,0.024245023727416992,0.01517254114151001,-0.009072482585906982,0.018840432167053223,0.016763150691986084,-0.0020772814750671387
NA2_LAG50_011,NA2_LAG50,2,50,2,1,cascade,C4,False,0.04139167070388794,0.0246809720993042,-0.01671069860458374,0.022275805473327637,0.02734285593032837,0.005067050457000732
NA2_LAG50_011,NA2_LAG50,2,50,2,3,mild,C1,True,0.03777271509170532,0.02409374713897705,-0.013678967952728271,0.020248115062713623,0.02104496955871582,0.0007968544960021973
NA2_LAG50_011,NA2_LAG50,2,50,2,4,unrelated,,,0.030152201652526855,0.027325928211212158,-0.0028262734413146973,0.02027595043182373,0.025924861431121826,0.005648910999298096
NA2_LAG50_011,NA2_LAG50,2,50,2,5,unrelated,,,0.030780494213104248,0.020392239093780518,-0.01038825511932373,0.01803511381149292,0.02030235528945923,0.0022672414779663086
NA2_LAG50_011,NA2_LAG50,2,50,2,6,unrelated,,,0.021671950817108154,0.031545042991638184,0.00987309217453003,0.01448291540145874,0.031232059001922607,0.016749143600463867
NA2_LAG50_012,NA2_LAG50,2,50,5,1,cascade,C4,False,0.013977229595184326,0.028454840183258057,0.01447761058807373,0.0085068941116333,0.03009432554244995,0.02158743143081665
NA2_LAG50_012,NA2_LAG50,2,50,5,2,unrelated,,,0.031103551387786865,0.015450775623321533,-0.015652775764465332,0.017584621906280518,0.014704227447509766,-0.002880394458770752
NA2_LAG50_012,NA2_LAG50,2,50,5,3,unrelated,,,0.03152036666870117,0.018264174461364746,-0.013256192207336426,0.018252551555633545,0.016076087951660156,-0.0021764636039733887
NA2_LAG50_012,NA2_LAG50,2,50,5,4,unrelated,,,0.013596832752227783,0.021789729595184326,0.008192896842956543,0.00932621955871582,0.023347556591033936,0.014021337032318115
NA2_LAG50_012,NA2_LAG50,2,50,5,6,mild,C4,False,0.01780170202255249,0.016415119171142578,-0.0013865828514099121,0.013585388660430908,0.015692055225372314,0.0021066665649414062
NA2_LAG50_013,NA2_LAG50,2,50,1,2,unrelated,,,0.023017942905426025,0.02684873342514038,0.0038307905197143555,0.014704227447509766,0.02146989107131958,0.0067656636238098145
NA2_LAG50_013,NA2_LAG50,2,50,1,3,unrelated,,,0.009808897972106934,0.02489262819290161,0.015083730220794678,0.00848478078842163,0.020748019218444824,0.012263238430023193
NA2_LAG50_013,NA2_LAG50,2,50,1,4,unrelated,,,0.04611390829086304,0.031635403633117676,-0.014478504657745361,0.027842938899993896,0.0292971134185791,0.001454174518585205
NA2_LAG50_013,NA2_LAG50,2,50,1,5,mild,C1,True,0.011995315551757812,0.0201377272605896,0.008142411708831787,0.00831514596939087,0.019247889518737793,0.010932743549346924
NA2_LAG50_013,NA2_LAG50,2,50,1,6,cascade,C1,True,0.015271186828613281,0.017336547374725342,0.0020653605461120605,0.012019515037536621,0.016315758228302002,0.004296243190765381
NA2_LAG50_014,NA2_LAG50,2,50,1,2,unrelated,,,0.014793157577514648,0.0222853422164917,0.007492184638977051,0.011262357234954834,0.016551434993743896,0.0052890777587890625
NA2_LAG50_014,NA2_LAG50,2,50,1,3,mild,C5,False,0.023456871509552002,0.02253657579421997,-0.0009202957153320312,0.018135130405426025,0.019616007804870605,0.00148087739944458
NA2_LAG50_014,NA2_LAG50,2,50,1,4,unrelated,,,0.012181341648101807,0.01659572124481201,0.004414379596710205,0.009645402431488037,0.014852404594421387,0.00520700216293335
NA2_LAG50_014,NA2_LAG50,2,50,1,5,cascade,C1,True,0.04120248556137085,0.017178475856781006,-0.024024009704589844,0.026352524757385254,0.010862648487091064,-0.01548987627029419
NA2_LAG50_014,NA2_LAG50,2,50,1,6,unrelated,,,0.05765312910079956,0.01839691400527954,-0.03925621509552002,0.03321593999862671,0.013739526271820068,-0.01947641372680664
NA2_LAG50_015,NA2_LAG50,2,50,5,1,unrelated,,,0.02196258306503296,0.02208840847015381,0.0001258254051208496,0.015389680862426758,0.019718050956726074,0.004328370094299316
NA2_LAG50_015,NA2_LAG50,2,50,5,2,cascade,C3,False,0.017306864261627197,0.0366097092628479,0.019302845001220703,0.014463722705841064,0.03927892446517944,0.02481520175933838
NA2_LAG50_015,NA2_LAG50,2,50,5,3,unrelated,,,0.02671670913696289,0.02248913049697876,-0.004227578639984131,0.02230745553970337,0.019478023052215576,-0.002829432487487793
NA2_LAG50_015,NA2_LAG50,2,50,5,4,mild,C1,True,0.022022604942321777,0.011987090110778809,-0.010035514831542969,0.019220173358917236,0.008880615234375,-0.010339558124542236
NA2_LAG50_015,NA2_LAG50,2,50,5,6,unrelated,,,0.02778041362762451,0.024172306060791016,-0.003608107566833496,0.01962369680404663,0.021690785884857178,0.002067089080810547
NA2_LAG50_016,NA2_LAG50,2,50,6,1,unrelated,,,0.06403380632400513,0.194119393825531,0.13008558750152588,0.031463563442230225,0.16080492734909058,0.12934136390686035
NA2_LAG50_016,NA2_LAG50,2,50,6,2,unrelated,,,0.0783112645149231,0.19679248332977295,0.11848121881484985,0.038408875465393066,0.16466403007507324,0.12625515460968018
NA2_LAG50_016,NA2_LAG50,2,50,6,3,mild,C2,True,0.06371402740478516,0.21511411666870117,0.15140008926391602,0.03639400005340576,0.18104147911071777,0.144647479057312
NA2_LAG50_016,NA2_LAG50,2,50,6,4,mild,C3,False,0.05536174774169922,0.20244920253753662,0.1470874547958374,0.03262227773666382,0.1775001883506775,0.14487791061401367
NA2_LAG50_016,NA2_LAG50,2,50,6,5,unrelated,,,0.15045326948165894,0.2070738673210144,0.05662059783935547,0.06797361373901367,0.17134302854537964,0.10336941480636597
NA2_LAG50_017,NA2_LAG50,2,50,5,1,unrelated,,,0.03601479530334473,0.016517043113708496,-0.01949775218963623,0.019791007041931152,0.01380091905593872,-0.005990087985992432
NA2_LAG50_017,NA2_LAG50,2,50,5,2,mild,C2,False,0.03151226043701172,0.03888964653015137,0.0073773860931396484,0.021491169929504395,0.025339961051940918,0.0038487911224365234
NA2_LAG50_017,NA2_LAG50,2,50,5,3,cascade,C3,False,0.022734999656677246,0.01793348789215088,-0.004801511764526367,0.013416111469268799,0.019137322902679443,0.0057212114334106445
NA2_LAG50_017,NA2_LAG50,2,50,5,4,unrelated,,,0.06078970432281494,0.014692246913909912,-0.04609745740890503,0.0273590087890625,0.011235415935516357,-0.016123592853546143
NA2_LAG50_017,NA2_LAG50,2,50,5,6,unrelated,,,0.03881150484085083,0.018514633178710938,-0.020296871662139893,0.027029812335968018,0.014531850814819336,-0.012497961521148682
NA2_LAG50_018,NA2_LAG50,2,50,5,1,unrelated,,,0.020923137664794922,0.009549856185913086,-0.011373281478881836,0.015668094158172607,0.009554445743560791,-0.006113648414611816
NA2_LAG50_018,NA2_LAG50,2,50,5,2,cascade,C5,True,0.02615135908126831,0.008891284465789795,-0.017260074615478516,0.015551090240478516,0.008681833744049072,-0.006869256496429443
NA2_LAG50_018,NA2_LAG50,2,50,5,3,mild,C2,False,0.059541940689086914,0.019056081771850586,-0.04048585891723633,0.035504937171936035,0.0148392915725708,-0.020665645599365234
NA2_LAG50_018,NA2_LAG50,2,50,5,4,unrelated,,,0.045224547386169434,0.012337327003479004,-0.03288722038269043,0.03444850444793701,0.01193082332611084,-0.022517681121826172
NA2_LAG50_018,NA2_LAG50,2,50,5,6,unrelated,,,0.06120097637176514,0.015987932682037354,-0.04521304368972778,0.03055751323699951,0.011060953140258789,-0.019496560096740723
NA2_LAG50_019,NA2_LAG50,2,50,6,1,unrelated,,,0.05760657787322998,0.013705193996429443,-0.04390138387680054,0.044341444969177246,0.012241840362548828,-0.03209960460662842
NA2_LAG50_019,NA2_LAG50,2,50,6,2,unrelated,,,0.04416936635971069,0.015249013900756836,-0.028920352458953857,0.02886134386062622,0.01137840747833252,-0.0174829363822937
NA2_LAG50_019,NA2_LAG50,2,50,6,3,cascade,C3,False,0.03249019384384155,0.0204164981842041,-0.012073695659637451,0.03217160701751709,0.017945587635040283,-0.014226019382476807
NA2_LAG50_019,NA2_LAG50,2,50,6,4,unrelated,,,0.03128927946090698,0.013695120811462402,-0.01759415864944458,0.01809537410736084,0.011707007884979248,-0.006388366222381592
NA2_LAG50_019,NA2_LAG50,2,50,6,5,cascade,C3,False,0.01777571439743042,0.021578431129455566,0.0038027167320251465,0.015116095542907715,0.020445942878723145,0.00532984733581543
NA2_LAG50_020,NA2_LAG50,2,50,5,1,cascade,C4,True,0.01812922954559326,0.013141274452209473,-0.004987955093383789,0.013492166996002197,0.008559346199035645,-0.004932820796966553
NA2_LAG50_020,NA2_LAG50,2,50,5,2,unrelated,,,0.019023001194000244,0.015281438827514648,-0.0037415623664855957,0.01114797592163086,0.012024343013763428,0.0008763670921325684
NA2_LAG50_020,NA2_LAG50,2,50,5,3,unrelated,,,0.012884259223937988,0.01266467571258545,-0.00021958351135253906,0.008132398128509521,0.012738406658172607,0.004606008529663086
NA2_LAG50_020,NA2_LAG50,2,50,5,4,mild,C4,True,0.020824790000915527,0.01701056957244873,-0.003814220428466797,0.012888908386230469,0.015232264995574951,0.0023433566093444824
NA2_LAG50_020,NA2_LAG50,2,50,5,6,unrelated,,,0.012213349342346191,0.016683638095855713,0.0044702887535095215,0.007261514663696289,0.012136101722717285,0.004874587059020996
NA2_LAG50_021,NA2_LAG50,2,50,2,1,unrelated,,,0.029900968074798584,0.022594332695007324,-0.00730663537979126,0.019755125045776367,0.01830226182937622,-0.0014528632164001465
NA2_LAG50_021,NA2_LAG50,2,50,2,3,cascade,C1,True,0.028442800045013428,0.016481101512908936,-0.011961698532104492,0.02223503589630127,0.012901723384857178,-0.009333312511444092
NA2_LAG50_021,NA2_LAG50,2,50,2,4,cascade,C1,True,0.029614388942718506,0.01650005578994751,-0.013114333152770996,0.02073359489440918,0.012592971324920654,-0.008140623569488525
NA2_LAG50_021,NA2_LAG50,2,50,2,5,unrelated,,,0.016840219497680664,0.017742633819580078,0.0009024143218994141,0.014094889163970947,0.014809489250183105,0.0007146000862121582
NA2_LAG50_021,NA2_LAG50,2,50,2,6,unrelated,,,0.02438819408416748,0.01854485273361206,-0.00584334135055542,0.019526124000549316,0.015141785144805908,-0.004384338855743408
NA2_LAG50_022,NA2_LAG50,2,50,5,1,cascade,C2,True,0.05082589387893677,0.17423486709594727,0.1234089732170105,0.030755996704101562,0.17789894342422485,0.1471429467201233
NA2_LAG50_022,NA2_LAG50,2,50,5,2,unrelated,,,0.03579354286193848,0.19967257976531982,0.16387903690338135,0.02166438102722168,0.18173938989639282,0.16007500886917114
NA2_LAG50_022,NA2_LAG50,2,50,5,3,mild,C4,False,0.045167624950408936,0.1891741156578064,0.14400649070739746,0.03394824266433716,0.1743619441986084,0.14041370153427124
NA2_LAG50_022,NA2_LAG50,2,50,5,4,unrelated,,,0.02329397201538086,0.20540589094161987,0.182111918926239,0.015638649463653564,0.18354272842407227,0.1679040789604187
NA2_LAG50_022,NA2_LAG50,2,50,5,6,unrelated,,,0.011428534984588623,0.1965785026550293,0.18514996767044067,0.008095264434814453,0.17895913124084473,0.17086386680603027
NA2_LAG50_023,NA2_LAG50,2,50,6,1,unrelated,,,0.027649283409118652,0.03081202507019043,0.0031627416610717773,0.01863163709640503,0.03362476825714111,0.014993131160736084
NA2_LAG50_023,NA2_LAG50,2,50,6,2,cascade,C5,False,0.017711102962493896,0.033713579177856445,0.01600247621536255,0.01003730297088623,0.03520125150680542,0.02516394853591919
NA2_LAG50_023,NA2_LAG50,2,50,6,3,unrelated,,,0.01571178436279297,0.03594672679901123,0.02023494243621826,0.0072228312492370605,0.038739025592803955,0.031516194343566895
NA2_LAG50_023,NA2_LAG50,2,50,6,4,unrelated,,,0.031399548053741455,0.01867973804473877,-0.012719810009002686,0.017232954502105713,0.017438292503356934,0.0002053380012512207
NA2_LAG50_023,NA2_LAG50,2,50,6,5,cascade,C1,True,0.01840496063232422,0.01656055450439453,-0.0018444061279296875,0.012224376201629639,0.015062570571899414,0.0028381943702697754
NA2_LAG50_024,NA2_LAG50,2,50,5,1,cascade,C4,False,0.014375507831573486,0.01095658540725708,-0.0034189224243164062,0.012650489807128906,0.010057985782623291,-0.0025925040245056152
NA2_LAG50_024,NA2_LAG50,2,50,5,2,unrelated,,,0.014162063598632812,0.008815467357635498,-0.0053465962409973145,0.011758208274841309,0.0065920352935791016,-0.005166172981262207
NA2_LAG50_024,NA2_LAG50,2,50,5,3,unrelated,,,0.02392423152923584,0.02061527967453003,-0.0033089518547058105,0.017192482948303223,0.019096672534942627,0.0019041895866394043
NA2_LAG50_024,NA2_LAG50,2,50,5,4,mild,C3,True,0.006235241889953613,0.043166160583496094,0.03693091869354248,0.005372107028961182,0.04087567329406738,0.0355035662651062
NA2_LAG50_024,NA2_LAG50,2,50,5,6,unrelated,,,0.018903911113739014,0.013635575771331787,-0.0052683353424072266,0.012292981147766113,0.012517273426055908,0.00022429227828979492
NA2_LAG50_025,NA2_LAG50,2,50,1,2,unrelated,,,0.03938758373260498,0.00716400146484375,-0.03222358226776123,0.02321469783782959,0.0063076019287109375,-0.016907095909118652
NA2_LAG50_025,NA2_LAG50,2,50,1,3,unrelated,,,0.03028661012649536,0.014650344848632812,-0.01563626527786255,0.021923959255218506,0.013489723205566406,-0.0084342360496521
NA2_LAG50_025,NA2_LAG50,2,50,1,4,cascade,C4,True,0.024850070476531982,0.008459210395812988,-0.016390860080718994,0.017507433891296387,0.00700145959854126,-0.010505974292755127
NA2_LAG50_025,NA2_LAG50,2,50,1,5,unrelated,,,0.02177482843399048,0.013199687004089355,-0.008575141429901123,0.009084165096282959,0.01181173324584961,0.0027275681495666504
NA2_LAG50_025,NA2_LAG50,2,50,1,6,cascade,C5,False,0.025885939598083496,0.012230515480041504,-0.013655424118041992,0.018247544765472412,0.009141266345977783,-0.009106278419494629
NA2_LAG50_026,NA2_LAG50,2,50,1,2,unrelated,,,0.017333924770355225,0.00930100679397583,-0.008032917976379395,0.01116788387298584,0.008292615413665771,-0.0028752684593200684
NA2_LAG50_026,NA2_LAG50,2,50,1,3,unrelated,,,0.022365331649780273,0.011182546615600586,-0.011182785034179688,0.011732161045074463,0.009503483772277832,-0.002228677272796631
NA2_LAG50_026,NA2_LAG50,2,50,1,4,mild,C3,False,0.030897140502929688,0.06289821863174438,0.0320010781288147,0.0191536545753479,0.06106036901473999,0.04190671443939209
NA2_LAG50_026,NA2_LAG50,2,50,1,5,unrelated,,,0.018334567546844482,0.019900619983673096,0.0015660524368286133,0.012652158737182617,0.017724454402923584,0.005072295665740967
NA2_LAG50_026,NA2_LAG50,2,50,1,6,cascade,C2,False,0.0166628360748291,0.11800152063369751,0.10133868455886841,0.011174917221069336,0.107990562915802,0.09681564569473267
NA2_LAG50_027,NA2_LAG50,2,50,4,1,cascade,C1,False,0.02881455421447754,0.027143418788909912,-0.001671135425567627,0.01571720838546753,0.023221850395202637,0.007504642009735107
NA2_LAG50_027,NA2_LAG50,2,50,4,2,cascade,C2,False,0.03518033027648926,0.11932104825973511,0.08414071798324585,0.026505649089813232,0.09767425060272217,0.07116860151290894
NA2_LAG50_027,NA2_LAG50,2,50,4,3,unrelated,,,0.032498061656951904,0.013096034526824951,-0.019402027130126953,0.024254679679870605,0.00970834493637085,-0.014546334743499756
NA2_LAG50_027,NA2_LAG50,2,50,4,5,unrelated,,,0.02209317684173584,0.007967591285705566,-0.014125585556030273,0.01595860719680786,0.006261587142944336,-0.009697020053863525
NA2_LAG50_027,NA2_LAG50,2,50,4,6,unrelated,,,0.04326444864273071,0.00623631477355957,-0.03702813386917114,0.022314906120300293,0.004391491413116455,-0.017923414707183838
NA2_LAG50_028,NA2_LAG50,2,50,4,1,cascade,C5,True,0.03306698799133301,0.006966531276702881,-0.026100456714630127,0.022491633892059326,0.00620657205581665,-0.016285061836242676
NA2_LAG50_028,NA2_LAG50,2,50,4,2,unrelated,,,0.02340710163116455,0.009453356266021729,-0.013953745365142822,0.01655721664428711,0.00837850570678711,-0.0081787109375
NA2_LAG50_028,NA2_LAG50,2,50,4,3,unrelated,,,0.014489531517028809,0.006411612033843994,-0.008077919483184814,0.011491894721984863,0.005519747734069824,-0.005972146987915039
NA2_LAG50_028,NA2_LAG50,2,50,4,5,unrelated,,,0.024146080017089844,0.0063890814781188965,-0.017756998538970947,0.01630347967147827,0.007236003875732422,-0.00906747579574585
NA2_LAG50_028,NA2_LAG50,2,50,4,6,cascade,C5,True,0.008623301982879639,0.007733285427093506,-0.0008900165557861328,0.009005308151245117,0.007567882537841797,-0.0014374256134033203
NA2_LAG50_029,NA2_LAG50,2,50,6,1,mild,C5,True,0.05660587549209595,0.010295271873474121,-0.046310603618621826,0.029367506504058838,0.009082674980163574,-0.020284831523895264
NA2_LAG50_029,NA2_LAG50,2,50,6,2,unrelated,,,0.014312922954559326,0.01373821496963501,-0.0005747079849243164,0.01300579309463501,0.008364856243133545,-0.004640936851501465
NA2_LAG50_029,NA2_LAG50,2,50,6,3,unrelated,,,0.012045979499816895,0.011691570281982422,-0.00035440921783447266,0.008999168872833252,0.008981049060821533,-1.811981201171875e-05
NA2_LAG50_029,NA2_LAG50,2,50,6,4,unrelated,,,0.018039941787719727,0.009021103382110596,-0.00901883840560913,0.010512173175811768,0.00736767053604126,-0.003144502639770508
NA2_LAG50_029,NA2_LAG50,2,50,6,5,cascade,C4,False,0.03074955940246582,0.007982969284057617,-0.022766590118408203,0.018538713455200195,0.0048531293869018555,-0.01368558406829834
NA3_LAG10_000,NA3_LAG10,3,10,4,1,cascade,C2,True,0.028040409088134766,0.11586254835128784,0.08782213926315308,0.0205230712890625,0.15874040126800537,0.13821732997894287
NA3_LAG10_000,NA3_LAG10,3,10,4,2,unrelated,,,0.019441604614257812,0.19632327556610107,0.17688167095184326,0.013035178184509277,0.1850922703742981,0.17205709218978882
NA3_LAG10_000,NA3_LAG10,3,10,4,3,mild,C2,True,0.02143305540084839,0.19308429956436157,0.17165124416351318,0.013950645923614502,0.17590069770812988,0.16195005178451538
NA3_LAG10_000,NA3_LAG10,3,10,4,5,mild,C3,False,0.020593762397766113,0.18034321069717407,0.15974944829940796,0.014360129833221436,0.18273788690567017,0.16837775707244873
NA3_LAG10_000,NA3_LAG10,3,10,4,6,unrelated,,,0.011939048767089844,0.18721657991409302,0.17527753114700317,0.0075550079345703125,0.18431299924850464,0.17675799131393433
NA3_LAG10_001,NA3_LAG10,3,10,2,1,unrelated,,,0.04411756992340088,0.03372877836227417,-0.010388791561126709,0.02609729766845703,0.03153491020202637,0.005437612533569336
NA3_LAG10_001,NA3_LAG10,3,10,2,3,cascade,C4,False,0.02806001901626587,0.030540049076080322,0.002480030059814453,0.018527448177337646,0.02993929386138916,0.011411845684051514
NA3_LAG10_001,NA3_LAG10,3,10,2,4,mild,C1,True,0.017151713371276855,0.033944785594940186,0.01679307222366333,0.010220527648925781,0.029983997344970703,0.019763469696044922
NA3_LAG10_001,NA3_LAG10,3,10,2,5,mild,C1,True,0.07267272472381592,0.018997907638549805,-0.05367481708526611,0.04566532373428345,0.016101300716400146,-0.0295640230178833
NA3_LAG10_001,NA3_LAG10,3,10,2,6,unrelated,,,0.028807759284973145,0.03976970911026001,0.010961949825286865,0.018940448760986328,0.03486067056655884,0.01592022180557251
NA3_LAG10_002,NA3_LAG10,3,10,4,1,cascade,C2,True,0.036881446838378906,0.12861180305480957,0.09173035621643066,0.024580419063568115,0.1663215160369873,0.1417410969734192
NA3_LAG10_002,NA3_LAG10,3,10,4,2,mild,C3,False,0.07168197631835938,0.18618673086166382,0.11450475454330444,0.04331916570663452,0.17292368412017822,0.1296045184135437
NA3_LAG10_002,NA3_LAG10,3,10,4,3,unrelated,,,0.026575326919555664,0.21517568826675415,0.1886003613471985,0.01752030849456787,0.1891908049583435,0.17167049646377563
NA3_LAG10_002,NA3_LAG10,3,10,4,5,unrelated,,,0.040154337882995605,0.2061750888824463,0.16602075099945068,0.02490454912185669,0.17963433265686035,0.15472978353500366
NA3_LAG10_002,NA3_LAG10,3,10,4,6,mild,C5,False,0.038599491119384766,0.19779330492019653,0.15919381380081177,0.030025839805603027,0.17840373516082764,0.1483778953552246
NA3_LAG10_003,NA3_LAG10,3,10,6,1,cascade,C2,False,0.027278661727905273,0.17861121892929077,0.1513325572013855,0.015495538711547852,0.1846480369567871,0.16915249824523926
NA3_LAG10_003,NA3_LAG10,3,10,6,2,unrelated,,,0.05341649055480957,0.01694643497467041,-0.03647005558013916,0.027115821838378906,0.011644065380096436,-0.01547175645828247
NA3_LAG10_003,NA3_LAG10,3,10,6,3,mild,C5,True,0.058058083057403564,0.013469338417053223,-0.04458874464035034,0.024723827838897705,0.008575499057769775,-0.01614832878112793
NA3_LAG10_003,NA3_LAG10,3,10,6,4,unrelated,,,0.050248146057128906,0.012859344482421875,-0.03738880157470703,0.021577894687652588,0.010246574878692627,-0.011331319808959961
NA3_LAG10_003,NA3_LAG10,3,10,6,5,mild,C2,False,0.04157257080078125,0.016928136348724365,-0.024644434452056885,0.025367140769958496,0.013042807579040527,-0.012324333190917969
NA3_LAG10_004,NA3_LAG10,3,10,6,1,cascade,C5,True,0.014078259468078613,0.008389294147491455,-0.005688965320587158,0.01172703504562378,0.005303084850311279,-0.0064239501953125
NA3_LAG10_004,NA3_LAG10,3,10,6,2,unrelated,,,0.01040029525756836,0.012298524379730225,0.0018982291221618652,0.007164359092712402,0.010199308395385742,0.00303494930267334
NA3_LAG10_004,NA3_LAG10,3,10,6,3,cascade,C4,False,0.0288735032081604,0.012444615364074707,-0.016428887844085693,0.01878899335861206,0.011171400547027588,-0.007617592811584473
NA3_LAG10_004,NA3_LAG10,3,10,6,4,unrelated,,,0.012658357620239258,0.007675349712371826,-0.004983007907867432,0.010350227355957031,0.006859421730041504,-0.0034908056259155273
NA3_LAG10_004,NA3_LAG10,3,10,6,5,cascade,C5,True,0.009175658226013184,0.005032002925872803,-0.004143655300140381,0.010830283164978027,0.005163431167602539,-0.005666851997375488
NA3_LAG10_005,NA3_LAG10,3,10,6,1,unrelated,,,0.01579594612121582,0.013254523277282715,-0.0025414228439331055,0.014332175254821777,0.011195600032806396,-0.003136575222015381
NA3_LAG10_005,NA3_LAG10,3,10,6,2,cascade,C5,True,0.014302611351013184,0.005699515342712402,-0.008603096008300781,0.008902549743652344,0.005090594291687012,-0.003811955451965332
NA3_LAG10_005,NA3_LAG10,3,10,6,3,mild,C4,False,0.018203258514404297,0.016205966472625732,-0.0019972920417785645,0.01123511791229248,0.013557910919189453,0.0023227930068969727
NA3_LAG10_005,NA3_LAG10,3,10,6,4,cascade,C2,False,0.021033167839050293,0.22191154956817627,0.20087838172912598,0.016620516777038574,0.19664186239242554,0.18002134561538696
NA3_LAG10_005,NA3_LAG10,3,10,6,5,unrelated,,,0.02188408374786377,0.012093901634216309,-0.009790182113647461,0.011941969394683838,0.009909272193908691,-0.0020326972007751465
NA3_LAG10_006,NA3_LAG10,3,10,3,1,unrelated,,,0.028048992156982422,0.028660595417022705,0.0006116032600402832,0.024320602416992188,0.025142312049865723,0.0008217096328735352
NA3_LAG10_006,NA3_LAG10,3,10,3,2,mild,C3,False,0.013863861560821533,0.07496273517608643,0.06109887361526489,0.010147690773010254,0.05384284257888794,0.043695151805877686
NA3_LAG10_006,NA3_LAG10,3,10,3,4,cascade,C5,False,0.036407470703125,0.019008100032806396,-0.017399370670318604,0.020561575889587402,0.016638338565826416,-0.003923237323760986
NA3_LAG10_006,NA3_LAG10,3,10,3,5,mild,C4,False,0.011931657791137695,0.022747397422790527,0.010815739631652832,0.008185207843780518,0.021630823612213135,0.013445615768432617
NA3_LAG10_006,NA3_LAG10,3,10,3,6,unrelated,,,0.02922743558883667,0.01555943489074707,-0.0136680006980896,0.020663321018218994,0.013761162757873535,-0.006902158260345459
NA3_LAG10_007,NA3_LAG10,3,10,6,1,mild,C2,True,0.01211768388748169,0.18594282865524292,0.17382514476776123,0.00906062126159668,0.17505210638046265,0.16599148511886597
NA3_LAG10_007,NA3_LAG10,3,10,6,2,unrelated,,,0.014907002449035645,0.18107903003692627,0.16617202758789062,0.012224972248077393,0.17347317934036255,0.16124820709228516
NA3_LAG10_007,NA3_LAG10,3,10,6,3,mild,C1,False,0.011590242385864258,0.20631498098373413,0.19472473859786987,0.007638394832611084,0.19850242137908936,0.19086402654647827
NA3_LAG10_007,NA3_LAG10,3,10,6,4,mild,C1,False,0.05577075481414795,0.20942634344100952,0.15365558862686157,0.039057016372680664,0.19428443908691406,0.1552274227142334
NA3_LAG10_007,NA3_LAG10,3,10,6,5,unrelated,,,0.016475319862365723,0.19480299949645996,0.17832767963409424,0.010571897029876709,0.18827468156814575,0.17770278453826904
NA3_LAG10_008,NA3_LAG10,3,10,1,2,cascade,C3,True,0.01251983642578125,0.014681577682495117,0.002161741256713867,0.008843064308166504,0.013121306896209717,0.004278242588043213
NA3_LAG10_008,NA3_LAG10,3,10,1,3,mild,C5,False,0.020627260208129883,0.004467010498046875,-0.016160249710083008,0.011632561683654785,0.003978312015533447,-0.007654249668121338
NA3_LAG10_008,NA3_LAG10,3,10,1,4,unrelated,,,0.03909265995025635,0.009044110774993896,-0.03004854917526245,0.017959892749786377,0.007062196731567383,-0.010897696018218994
NA3_LAG10_008,NA3_LAG10,3,10,1,5,unrelated,,,0.02479463815689087,0.010653793811798096,-0.014140844345092773,0.01464080810546875,0.008653461933135986,-0.005987346172332764
NA3_LAG10_008,NA3_LAG10,3,10,1,6,mild,C1,False,0.02612525224685669,0.005156099796295166,-0.020969152450561523,0.012700378894805908,0.004381299018859863,-0.008319079875946045
NA3_LAG10_009,NA3_LAG10,3,10,2,1,unrelated,,,0.019928932189941406,0.020832717418670654,0.000903785228729248,0.015194714069366455,0.016125380992889404,0.0009306669235229492
NA3_LAG10_009,NA3_LAG10,3,10,2,3,cascade,C1,False,0.021839797496795654,0.021806776523590088,-3.3020973205566406e-05,0.01315218210220337,0.018171072006225586,0.005018889904022217
NA3_LAG10_009,NA3_LAG10,3,10,2,4,unrelated,,,0.017928004264831543,0.00836247205734253,-0.009565532207489014,0.012937009334564209,0.009009957313537598,-0.003927052021026611
NA3_LAG10_009,NA3_LAG10,3,10,2,5,cascade,C2,False,0.019534826278686523,0.18778324127197266,0.16824841499328613,0.012857258319854736,0.1672040820121765,0.15434682369232178
NA3_LAG10_009,NA3_LAG10,3,10,2,6,mild,C3,True,0.012367069721221924,0.0678064227104187,0.05543935298919678,0.010246872901916504,0.05111050605773926,0.040863633155822754
NA3_LAG10_010,NA3_LAG10,3,10,2,1,unrelated,,,0.02207118272781372,0.012521862983703613,-0.009549319744110107,0.013800263404846191,0.012550175189971924,-0.0012500882148742676
NA3_LAG10_010,NA3_LAG10,3,10,2,3,cascade,C4,True,0.03341400623321533,0.00895017385482788,-0.02446383237838745,0.02318936586380005,0.006298959255218506,-0.016890406608581543
NA3_LAG10_010,NA3_LAG10,3,10,2,4,mild,C3,False,0.022596240043640137,0.05695700645446777,0.03436076641082764,0.01434779167175293,0.04847830533981323,0.0341305136680603
NA3_LAG10_010,NA3_LAG10,3,10,2,5,unrelated,,,0.016075313091278076,0.011583149433135986,-0.00449216365814209,0.010604500770568848,0.012342870235443115,0.0017383694648742676
NA3_LAG10_010,NA3_LAG10,3,10,2,6,cascade,C1,False,0.013898372650146484,0.017035305500030518,0.003136932849884033,0.01085597276687622,0.012927591800689697,0.0020716190338134766
NA3_LAG10_011,NA3_LAG10,3,10,6,1,cascade,C3,False,0.04006689786911011,0.02053302526473999,-0.019533872604370117,0.026380538940429688,0.01731353998184204,-0.009066998958587646
NA3_LAG10_011,NA3_LAG10,3,10,6,2,unrelated,,,0.0059435367584228516,0.009559810161590576,0.0036162734031677246,0.004949212074279785,0.008256673812866211,0.0033074617385864258
NA3_LAG10_011,NA3_LAG10,3,10,6,3,mild,C4,True,0.014023423194885254,0.008826076984405518,-0.005197346210479736,0.009072661399841309,0.00914144515991211,6.878376007080078e-05
NA3_LAG10_011,NA3_LAG10,3,10,6,4,cascade,C4,True,0.05032068490982056,0.011223554611206055,-0.0390971302986145,0.026678085327148438,0.007476627826690674,-0.019201457500457764
NA3_LAG10_011,NA3_LAG10,3,10,6,5,unrelated,,,0.015923380851745605,0.00771939754486084,-0.008203983306884766,0.010541796684265137,0.008207559585571289,-0.0023342370986938477
NA3_LAG10_012,NA3_LAG10,3,10,3,1,unrelated,,,0.015701115131378174,0.015615880489349365,-8.52346420288086e-05,0.013283789157867432,0.011269986629486084,-0.0020138025283813477
NA3_LAG10_012,NA3_LAG10,3,10,3,2,unrelated,,,0.010803043842315674,0.012520968914031982,0.0017179250717163086,0.00840461254119873,0.010228514671325684,0.0018239021301269531
NA3_LAG10_012,NA3_LAG10,3,10,3,4,mild,C2,False,0.018544018268585205,0.016329467296600342,-0.0022145509719848633,0.013643085956573486,0.014584958553314209,0.0009418725967407227
NA3_LAG10_012,NA3_LAG10,3,10,3,5,mild,C4,True,0.012463808059692383,0.014309346675872803,0.00184553861618042,0.009149730205535889,0.014517545700073242,0.0053678154945373535
NA3_LAG10_012,NA3_LAG10,3,10,3,6,mild,C1,False,0.07350015640258789,0.016000807285308838,-0.05749934911727905,0.04402190446853638,0.015121519565582275,-0.0289003849029541
NA3_LAG10_013,NA3_LAG10,3,10,3,1,cascade,C4,False,0.019373953342437744,0.009103238582611084,-0.01027071475982666,0.011821925640106201,0.006574511528015137,-0.0052474141120910645
NA3_LAG10_013,NA3_LAG10,3,10,3,2,unrelated,,,0.024217665195465088,0.011321783065795898,-0.01289588212966919,0.015612959861755371,0.009284615516662598,-0.0063283443450927734
NA3_LAG10_013,NA3_LAG10,3,10,3,4,cascade,C3,False,0.027674615383148193,0.027357757091522217,-0.00031685829162597656,0.018319785594940186,0.021097779273986816,0.002777993679046631
NA3_LAG10_013,NA3_LAG10,3,10,3,5,cascade,C5,True,0.05759286880493164,0.009737491607666016,-0.047855377197265625,0.03175210952758789,0.007915019989013672,-0.02383708953857422
NA3_LAG10_013,NA3_LAG10,3,10,3,6,unrelated,,,0.038897037506103516,0.011359691619873047,-0.02753734588623047,0.019936978816986084,0.010817229747772217,-0.009119749069213867
NA3_LAG10_014,NA3_LAG10,3,10,4,1,unrelated,,,0.021608293056488037,0.03171318769454956,0.010104894638061523,0.01188880205154419,0.026614010334014893,0.014725208282470703
NA3_LAG10_014,NA3_LAG10,3,10,4,2,cascade,C4,True,0.029004275798797607,0.009472191333770752,-0.019532084465026855,0.011117339134216309,0.00841975212097168,-0.002697587013244629
NA3_LAG10_014,NA3_LAG10,3,10,4,3,unrelated,,,0.01128917932510376,0.01825892925262451,0.006969749927520752,0.006734609603881836,0.01797938346862793,0.011244773864746094
NA3_LAG10_014,NA3_LAG10,3,10,4,5,mild,C5,False,0.021914362907409668,0.014622688293457031,-0.007291674613952637,0.016009151935577393,0.011477410793304443,-0.004531741142272949
NA3_LAG10_014,NA3_LAG10,3,10,4,6,mild,C3,False,0.031851768493652344,0.05699920654296875,0.025147438049316406,0.021666228771209717,0.05064892768859863,0.028982698917388916
NA3_LAG10_015,NA3_LAG10,3,10,1,2,mild,C5,True,0.02209341526031494,0.01002281904220581,-0.01207059621810913,0.01101839542388916,0.009386539459228516,-0.0016318559646606445
NA3_LAG10_015,NA3_LAG10,3,10,1,3,mild,C2,False,0.020847558975219727,0.027544617652893066,0.00669705867767334,0.011925458908081055,0.025036096572875977,0.013110637664794922
NA3_LAG10_015,NA3_LAG10,3,10,1,4,unrelated,,,0.010327816009521484,0.01281064748764038,0.0024828314781188965,0.008514463901519775,0.010834157466888428,0.0023196935653686523
NA3_LAG10_015,NA3_LAG10,3,10,1,5,mild,C5,True,0.018485963344573975,0.010958731174468994,-0.0075272321701049805,0.00984412431716919,0.011099934577941895,0.001255810260772705
NA3_LAG10_015,NA3_LAG10,3,10,1,6,unrelated,,,0.0302850604057312,0.015176236629486084,-0.015108823776245117,0.015369296073913574,0.01281207799911499,-0.002557218074798584
NA3_LAG10_016,NA3_LAG10,3,10,1,2,unrelated,,,0.014240741729736328,0.19812780618667603,0.1838870644569397,0.007439374923706055,0.167147696018219,0.15970832109451294
NA3_LAG10_016,NA3_LAG10,3,10,1,3,cascade,C2,True,0.02593010663986206,0.10244137048721313,0.07651126384735107,0.01952260732650757,0.13959038257598877,0.1200677752494812
NA3_LAG10_016,NA3_LAG10,3,10,1,4,mild,C2,True,0.021131396293640137,0.18631303310394287,0.16518163681030273,0.017051875591278076,0.16080784797668457,0.1437559723854065
NA3_LAG10_016,NA3_LAG10,3,10,1,5,unrelated,,,0.04075443744659424,0.20444345474243164,0.1636890172958374,0.03382372856140137,0.17125731706619263,0.13743358850479126
NA3_LAG10_016,NA3_LAG10,3,10,1,6,cascade,C2,True,0.028689920902252197,0.13275569677352905,0.10406577587127686,0.019401729106903076,0.17181813716888428,0.1524164080619812
NA3_LAG10_017,NA3_LAG10,3,10,5,1,mild,C4,False,0.015734612941741943,0.18547868728637695,0.169744074344635,0.012916266918182373,0.16466182470321655,0.15174555778503418
NA3_LAG10_017,NA3_LAG10,3,10,5,2,mild,C5,False,0.013211667537689209,0.1775938868522644,0.1643822193145752,0.009427428245544434,0.16265708208084106,0.15322965383529663
NA3_LAG10_017,NA3_LAG10,3,10,5,3,cascade,C1,False,0.027988791465759277,0.2056589126586914,0.17767012119293213,0.020791172981262207,0.185122549533844,0.1643313765525818
NA3_LAG10_017,NA3_LAG10,3,10,5,4,unrelated,,,0.017519056797027588,0.20513707399368286,0.18761801719665527,0.01185595989227295,0.17678463459014893,0.16492867469787598
NA3_LAG10_017,NA3_LAG10,3,10,5,6,unrelated,,,0.011262714862823486,0.17949891090393066,0.16823619604110718,0.009423971176147461,0.16980218887329102,0.16037821769714355
NA3_LAG10_018,NA3_LAG10,3,10,2,1,unrelated,,,0.059148967266082764,0.02147233486175537,-0.03767663240432739,0.02903693914413452,0.02240985631942749,-0.006627082824707031
NA3_LAG10_018,NA3_LAG10,3,10,2,3,cascade,C1,True,0.010695695877075195,0.010049939155578613,-0.000645756721496582,0.007319629192352295,0.008695840835571289,0.0013762116432189941
NA3_LAG10_018,NA3_LAG10,3,10,2,4,mild,C3,False,0.01171112060546875,0.09761703014373779,0.08590590953826904,0.007551252841949463,0.0785779356956482,0.07102668285369873
NA3_LAG10_018,NA3_LAG10,3,10,2,5,mild,C1,True,0.011150121688842773,0.020828425884246826,0.009678304195404053,0.006882727146148682,0.018453598022460938,0.011570870876312256
NA3_LAG10_018,NA3_LAG10,3,10,2,6,unrelated,,,0.04186534881591797,0.022408246994018555,-0.019457101821899414,0.02686232328414917,0.02232450246810913,-0.004537820816040039
NA3_LAG10_019,NA3_LAG10,3,10,2,1,cascade,C2,True,0.014794409275054932,0.13649511337280273,0.1217007040977478,0.008513927459716797,0.17735660076141357,0.16884267330169678
NA3_LAG10_019,NA3_LAG10,3,10,2,3,unrelated,,,0.018566012382507324,0.21604138612747192,0.1974753737449646,0.01501089334487915,0.18332356214523315,0.168312668800354
NA3_LAG10_019,NA3_LAG10,3,10,2,4,cascade,C5,False,0.01720482110977173,0.18731987476348877,0.17011505365371704,0.017257213592529297,0.16844981908798218,0.15119260549545288
NA3_LAG10_019,NA3_LAG10,3,10,2,5,unrelated,,,0.024149596691131592,0.20781999826431274,0.18367040157318115,0.016513407230377197,0.18125563859939575,0.16474223136901855
NA3_LAG10_019,NA3_LAG10,3,10,2,6,mild,C3,False,0.007128357887268066,0.17423462867736816,0.1671062707901001,0.005749881267547607,0.1680247187614441,0.16227483749389648
NA3_LAG10_020,NA3_LAG10,3,10,2,1,mild,C2,False,0.03562629222869873,0.014577209949493408,-0.021049082279205322,0.023111462593078613,0.0135573148727417,-0.009554147720336914
NA3_LAG10_020,NA3_LAG10,3,10,2,3,cascade,C2,False,0.025546252727508545,0.19485265016555786,0.16930639743804932,0.02006983757019043,0.1835746169090271,0.16350477933883667
NA3_LAG10_020,NA3_LAG10,3,10,2,4,unrelated,,,0.01816946268081665,0.009219765663146973,-0.008949697017669678,0.012293994426727295,0.007178068161010742,-0.005115926265716553
NA3_LAG10_020,NA3_LAG10,3,10,2,5,unrelated,,,0.02366572618484497,0.008640468120574951,-0.01502525806427002,0.01757681369781494,0.006988048553466797,-0.010588765144348145
NA3_LAG10_020,NA3_LAG10,3,10,2,6,mild,C3,True,0.0311850905418396,0.056903719902038574,0.025718629360198975,0.021704256534576416,0.04244387149810791,0.020739614963531494
NA3_LAG10_021,NA3_LAG10,3,10,4,1,mild,C2,False,0.030531346797943115,0.03353375196456909,0.0030024051666259766,0.023825109004974365,0.031741321086883545,0.00791621208190918
NA3_LAG10_021,NA3_LAG10,3,10,4,2,unrelated,,,0.019341766834259033,0.020884931087493896,0.0015431642532348633,0.01185375452041626,0.017593026161193848,0.005739271640777588
NA3_LAG10_021,NA3_LAG10,3,10,4,3,unrelated,,,0.03145742416381836,0.041549861431121826,0.010092437267303467,0.017016291618347168,0.039995670318603516,0.022979378700256348
NA3_LAG10_021,NA3_LAG10,3,10,4,5,mild,C1,True,0.05773371458053589,0.01843845844268799,-0.0392952561378479,0.030646145343780518,0.017961621284484863,-0.012684524059295654
NA3_LAG10_021,NA3_LAG10,3,10,4,6,cascade,C1,True,0.028138935565948486,0.011671900749206543,-0.016467034816741943,0.013421297073364258,0.008016407489776611,-0.0054048895835876465
NA3_LAG10_022,NA3_LAG10,3,10,2,1,mild,C1,False,0.0301663875579834,0.010109663009643555,-0.020056724548339844,0.019952237606048584,0.01053231954574585,-0.009419918060302734
NA3_LAG10_022,NA3_LAG10,3,10,2,3,unrelated,,,0.01522892713546753,0.00606989860534668,-0.00915902853012085,0.010980725288391113,0.00560528039932251,-0.0053754448890686035
NA3_LAG10_022,NA3_LAG10,3,10,2,4,mild,C3,True,0.02018052339553833,0.04378354549407959,0.02360302209854126,0.011482536792755127,0.03399050235748291,0.022507965564727783
NA3_LAG10_022,NA3_LAG10,3,10,2,5,cascade,C1,False,0.011867105960845947,0.019113123416900635,0.0072460174560546875,0.007159292697906494,0.01753056049346924,0.010371267795562744
NA3_LAG10_022,NA3_LAG10,3,10,2,6,unrelated,,,0.06611430644989014,0.007458090782165527,-0.05865621566772461,0.03200286626815796,0.0054312944412231445,-0.026571571826934814
NA3_LAG10_023,NA3_LAG10,3,10,4,1,mild,C1,False,0.013187050819396973,0.20751076936721802,0.19432371854782104,0.009484529495239258,0.1952189803123474,0.18573445081710815
NA3_LAG10_023,NA3_LAG10,3,10,4,2,cascade,C3,False,0.014034390449523926,0.17800521850585938,0.16397082805633545,0.009280025959014893,0.16965633630752563,0.16037631034851074
NA3_LAG10_023,NA3_LAG10,3,10,4,3,mild,C4,False,0.04940825700759888,0.19560164213180542,0.14619338512420654,0.02151656150817871,0.19477564096450806,0.17325907945632935
NA3_LAG10_023,NA3_LAG10,3,10,4,5,unrelated,,,0.01805216073989868,0.19327783584594727,0.17522567510604858,0.011269748210906982,0.19386392831802368,0.1825941801071167
NA3_LAG10_023,NA3_LAG10,3,10,4,6,unrelated,,,0.017719686031341553,0.1998562216758728,0.18213653564453125,0.010618925094604492,0.18886470794677734,0.17824578285217285
NA3_LAG10_024,NA3_LAG10,3,10,1,2,mild,C2,True,0.03527688980102539,0.18575119972229004,0.15047430992126465,0.01824343204498291,0.1586132049560547,0.14036977291107178
NA3_LAG10_024,NA3_LAG10,3,10,1,3,mild,C5,False,0.041751980781555176,0.20927172899246216,0.16751974821090698,0.019562244415283203,0.18232440948486328,0.16276216506958008
NA3_LAG10_024,NA3_LAG10,3,10,1,4,unrelated,,,0.037667691707611084,0.2108946442604065,0.1732269525527954,0.016857504844665527,0.18207985162734985,0.16522234678268433
NA3_LAG10_024,NA3_LAG10,3,10,1,5,unrelated,,,0.014341771602630615,0.21006262302398682,0.1957208514213562,0.008933484554290771,0.18188530206680298,0.1729518175125122
NA3_LAG10_024,NA3_LAG10,3,10,1,6,mild,C4,False,0.01835876703262329,0.19964367151260376,0.18128490447998047,0.0115622878074646,0.18419456481933594,0.17263227701187134
NA3_LAG10_025,NA3_LAG10,3,10,4,1,unrelated,,,0.05961036682128906,0.22264456748962402,0.16303420066833496,0.038870155811309814,0.21414661407470703,0.17527645826339722
NA3_LAG10_025,NA3_LAG10,3,10,4,2,cascade,C2,True,0.04704892635345459,0.14244693517684937,0.09539800882339478,0.02757960557937622,0.18569350242614746,0.15811389684677124
NA3_LAG10_025,NA3_LAG10,3,10,4,3,mild,C1,False,0.014423608779907227,0.24004340171813965,0.22561979293823242,0.01439046859741211,0.22387760877609253,0.20948714017868042
NA3_LAG10_025,NA3_LAG10,3,10,4,5,unrelated,,,0.040591537952423096,0.22424638271331787,0.18365484476089478,0.026102006435394287,0.21088308095932007,0.18478107452392578
NA3_LAG10_025,NA3_LAG10,3,10,4,6,cascade,C2,True,0.02595341205596924,0.1449708342552185,0.11901742219924927,0.014070212841033936,0.1920299530029297,0.17795974016189575
NA3_LAG10_026,NA3_LAG10,3,10,6,1,unrelated,,,0.02584385871887207,0.1873970627784729,0.16155320405960083,0.018004536628723145,0.17936456203460693,0.1613600254058838
NA3_LAG10_026,NA3_LAG10,3,10,6,2,cascade,C5,False,0.018201589584350586,0.19836848974227905,0.18016690015792847,0.009953081607818604,0.17095410823822021,0.1610010266304016
NA3_LAG10_026,NA3_LAG10,3,10,6,3,unrelated,,,0.017252326011657715,0.18664491176605225,0.16939258575439453,0.011345207691192627,0.16769254207611084,0.1563473343849182
NA3_LAG10_026,NA3_LAG10,3,10,6,4,mild,C2,True,0.04126805067062378,0.1638149619102478,0.12254691123962402,0.01998800039291382,0.1598224639892578,0.139834463596344
NA3_LAG10_026,NA3_LAG10,3,10,6,5,cascade,C5,False,0.02037745714187622,0.1784137487411499,0.15803629159927368,0.013403177261352539,0.16539746522903442,0.15199428796768188
NA3_LAG10_027,NA3_LAG10,3,10,2,1,unrelated,,,0.015584826469421387,0.037761807441711426,0.02217698097229004,0.011502683162689209,0.035919010639190674,0.024416327476501465
NA3_LAG10_027,NA3_LAG10,3,10,2,3,cascade,C5,False,0.02002882957458496,0.04673409461975098,0.026705265045166016,0.017529189586639404,0.05039060115814209,0.032861411571502686
NA3_LAG10_027,NA3_LAG10,3,10,2,4,unrelated,,,0.01773238182067871,0.05128824710845947,0.03355586528778076,0.01187807321548462,0.051867008209228516,0.039988934993743896
NA3_LAG10_027,NA3_LAG10,3,10,2,5,mild,C4,False,0.02334684133529663,0.040599286556243896,0.017252445220947266,0.01526576280593872,0.03533202409744263,0.020066261291503906
NA3_LAG10_027,NA3_LAG10,3,10,2,6,cascade,C1,True,0.02181553840637207,0.026032328605651855,0.004216790199279785,0.013510525226593018,0.019801735877990723,0.006291210651397705
NA3_LAG10_028,NA3_LAG10,3,10,6,1,unrelated,,,0.02667975425720215,0.007281184196472168,-0.01939857006072998,0.015733182430267334,0.007222771644592285,-0.008510410785675049
NA3_LAG10_028,NA3_LAG10,3,10,6,2,cascade,C2,False,0.027529776096343994,0.16432517766952515,0.13679540157318115,0.015473902225494385,0.1576938033103943,0.1422199010848999
NA3_LAG10_028,NA3_LAG10,3,10,6,3,mild,C1,False,0.01399928331375122,0.019051313400268555,0.005052030086517334,0.008576750755310059,0.016951799392700195,0.008375048637390137
NA3_LAG10_028,NA3_LAG10,3,10,6,4,unrelated,,,0.01975417137145996,0.015895724296569824,-0.0038584470748901367,0.012934505939483643,0.010410308837890625,-0.0025241971015930176
NA3_LAG10_028,NA3_LAG10,3,10,6,5,cascade,C3,True,0.02464902400970459,0.022769689559936523,-0.0018793344497680664,0.011218488216400146,0.02227771282196045,0.011059224605560303
NA3_LAG10_029,NA3_LAG10,3,10,5,1,unrelated,,,0.02820897102355957,0.006117820739746094,-0.022091150283813477,0.014392673969268799,0.006081342697143555,-0.008311331272125244
NA3_LAG10_029,NA3_LAG10,3,10,5,2,cascade,C3,True,0.028109192848205566,0.0130729079246521,-0.015036284923553467,0.020830154418945312,0.014527082443237305,-0.006303071975708008
NA3_LAG10_029,NA3_LAG10,3,10,5,3,mild,C4,False,0.010951519012451172,0.011517226696014404,0.0005657076835632324,0.006750762462615967,0.010126054286956787,0.0033752918243408203
NA3_LAG10_029,NA3_LAG10,3,10,5,4,cascade,C3,True,0.023732364177703857,0.014578402042388916,-0.009153962135314941,0.019641399383544922,0.012581348419189453,-0.007060050964355469
NA3_LAG10_029,NA3_LAG10,3,10,5,6,unrelated,,,0.06475710868835449,0.01209104061126709,-0.0526660680770874,0.03437387943267822,0.012884676456451416,-0.021489202976226807
NA3_LAG50_000,NA3_LAG50,3,50,2,1,mild,C5,True,0.01442575454711914,0.007511496543884277,-0.006914258003234863,0.010838806629180908,0.005535900592803955,-0.005302906036376953
NA3_LAG50_000,NA3_LAG50,3,50,2,3,unrelated,,,0.012086927890777588,0.012205243110656738,0.00011831521987915039,0.011321008205413818,0.011147141456604004,-0.00017386674880981445
NA3_LAG50_000,NA3_LAG50,3,50,2,4,cascade,C3,False,0.01474142074584961,0.01969808340072632,0.004956662654876709,0.010566890239715576,0.01754695177078247,0.0069800615310668945
NA3_LAG50_000,NA3_LAG50,3,50,2,5,cascade,C1,False,0.030615270137786865,0.028902530670166016,-0.0017127394676208496,0.023173868656158447,0.029497742652893066,0.006323873996734619
NA3_LAG50_000,NA3_LAG50,3,50,2,6,unrelated,,,0.016960322856903076,0.008946716785430908,-0.008013606071472168,0.01108640432357788,0.006880402565002441,-0.0042060017585754395
NA3_LAG50_001,NA3_LAG50,3,50,1,2,cascade,C5,False,0.06301838159561157,0.01059180498123169,-0.05242657661437988,0.03314322233200073,0.009540557861328125,-0.023602664470672607
NA3_LAG50_001,NA3_LAG50,3,50,1,3,cascade,C4,True,0.03325551748275757,0.009067296981811523,-0.024188220500946045,0.021619677543640137,0.009489774703979492,-0.012129902839660645
NA3_LAG50_001,NA3_LAG50,3,50,1,4,mild,C4,True,0.0257299542427063,0.03412020206451416,0.008390247821807861,0.014165163040161133,0.030243217945098877,0.016078054904937744
NA3_LAG50_001,NA3_LAG50,3,50,1,5,unrelated,,,0.01577937602996826,0.014076590538024902,-0.0017027854919433594,0.009788691997528076,0.013680696487426758,0.0038920044898986816
NA3_LAG50_001,NA3_LAG50,3,50,1,6,unrelated,,,0.0401911735534668,0.017556488513946533,-0.022634685039520264,0.0195046067237854,0.015017032623291016,-0.004487574100494385
NA3_LAG50_002,NA3_LAG50,3,50,2,1,cascade,C1,False,0.02036464214324951,0.21165698766708374,0.19129234552383423,0.012646019458770752,0.17734181880950928,0.16469579935073853
NA3_LAG50_002,NA3_LAG50,3,50,2,3,unrelated,,,0.01554781198501587,0.18277835845947266,0.1672305464744568,0.00886160135269165,0.15319734811782837,0.14433574676513672
NA3_LAG50_002,NA3_LAG50,3,50,2,4,cascade,C2,True,0.013773024082183838,0.1702495813369751,0.15647655725479126,0.009174823760986328,0.161912202835083,0.15273737907409668
NA3_LAG50_002,NA3_LAG50,3,50,2,5,cascade,C2,True,0.03626281023025513,0.1505545973777771,0.11429178714752197,0.02294301986694336,0.15693145990371704,0.13398844003677368
NA3_LAG50_002,NA3_LAG50,3,50,2,6,unrelated,,,0.012918055057525635,0.18715816736221313,0.1742401123046875,0.009721040725708008,0.16646838188171387,0.15674734115600586
NA3_LAG50_003,NA3_LAG50,3,50,2,1,mild,C3,True,0.027355551719665527,0.03338277339935303,0.0060272216796875,0.014603734016418457,0.035573601722717285,0.020969867706298828
NA3_LAG50_003,NA3_LAG50,3,50,2,3,cascade,C3,True,0.010620951652526855,0.03340113162994385,0.022780179977416992,0.008790969848632812,0.03003513813018799,0.021244168281555176
NA3_LAG50_003,NA3_LAG50,3,50,2,4,unrelated,,,0.030753612518310547,0.01161503791809082,-0.019138574600219727,0.01787090301513672,0.01032179594039917,-0.007549107074737549
NA3_LAG50_003,NA3_LAG50,3,50,2,5,mild,C3,True,0.016781091690063477,0.039054930210113525,0.02227383852005005,0.011507749557495117,0.038771867752075195,0.027264118194580078
NA3_LAG50_003,NA3_LAG50,3,50,2,6,unrelated,,,0.016643285751342773,0.020750582218170166,0.004107296466827393,0.009135127067565918,0.01819545030593872,0.009060323238372803
NA3_LAG50_004,NA3_LAG50,3,50,1,2,unrelated,,,0.04356318712234497,0.015744447708129883,-0.027818739414215088,0.03000742197036743,0.010682404041290283,-0.01932501792907715
NA3_LAG50_004,NA3_LAG50,3,50,1,3,cascade,C3,False,0.02220618724822998,0.01291191577911377,-0.009294271469116211,0.014932811260223389,0.017244398593902588,0.0023115873336791992
NA3_LAG50_004,NA3_LAG50,3,50,1,4,cascade,C2,False,0.010026693344116211,0.12611156702041626,0.11608487367630005,0.007159173488616943,0.10106104612350464,0.0939018726348877
NA3_LAG50_004,NA3_LAG50,3,50,1,5,mild,C2,False,0.029695093631744385,0.018637359142303467,-0.011057734489440918,0.019801080226898193,0.018575727939605713,-0.0012253522872924805
NA3_LAG50_004,NA3_LAG50,3,50,1,6,unrelated,,,0.013876020908355713,0.007744848728179932,-0.006131172180175781,0.011442959308624268,0.007362544536590576,-0.004080414772033691
NA3_LAG50_005,NA3_LAG50,3,50,5,1,unrelated,,,0.038368284702301025,0.01781928539276123,-0.020548999309539795,0.021438181400299072,0.015553534030914307,-0.005884647369384766
NA3_LAG50_005,NA3_LAG50,3,50,5,2,cascade,C1,True,0.02090620994567871,0.021152913570404053,0.0002467036247253418,0.01390230655670166,0.017800211906433105,0.0038979053497314453
NA3_LAG50_005,NA3_LAG50,3,50,5,3,unrelated,,,0.037656545639038086,0.02115410566329956,-0.016502439975738525,0.015610039234161377,0.02103513479232788,0.005425095558166504
NA3_LAG50_005,NA3_LAG50,3,50,5,4,cascade,C1,True,0.028929591178894043,0.01330631971359253,-0.015623271465301514,0.013851821422576904,0.011649072170257568,-0.002202749252319336
NA3_LAG50_005,NA3_LAG50,3,50,5,6,mild,C1,True,0.06561321020126343,0.022368013858795166,-0.04324519634246826,0.035741329193115234,0.020302534103393555,-0.01543879508972168
NA3_LAG50_006,NA3_LAG50,3,50,6,1,cascade,C3,False,0.020511925220489502,0.20337975025177002,0.18286782503128052,0.01308143138885498,0.17160290479660034,0.15852147340774536
NA3_LAG50_006,NA3_LAG50,3,50,6,2,unrelated,,,0.026323556900024414,0.18501538038253784,0.15869182348251343,0.013917148113250732,0.1643892526626587,0.15047210454940796
NA3_LAG50_006,NA3_LAG50,3,50,6,3,mild,C2,True,0.024670183658599854,0.19989526271820068,0.17522507905960083,0.012260377407073975,0.17906290292739868,0.1668025255203247
NA3_LAG50_006,NA3_LAG50,3,50,6,4,cascade,C1,False,0.015338003635406494,0.20959162712097168,0.19425362348556519,0.011612534523010254,0.18064475059509277,0.16903221607208252
NA3_LAG50_006,NA3_LAG50,3,50,6,5,unrelated,,,0.01654595136642456,0.18322622776031494,0.16668027639389038,0.012066960334777832,0.16051483154296875,0.14844787120819092
NA3_LAG50_007,NA3_LAG50,3,50,4,1,unrelated,,,0.0240250825881958,0.02608245611190796,0.002057373523712158,0.015642166137695312,0.020413219928741455,0.004771053791046143
NA3_LAG50_007,NA3_LAG50,3,50,4,2,unrelated,,,0.01546931266784668,0.03158998489379883,0.01612067222595215,0.013538241386413574,0.02202582359313965,0.008487582206726074
NA3_LAG50_007,NA3_LAG50,3,50,4,3,cascade,C2,False,0.01965928077697754,0.11460661888122559,0.09494733810424805,0.012745380401611328,0.09705591201782227,0.08431053161621094
NA3_LAG50_007,NA3_LAG50,3,50,4,5,mild,C5,False,0.018163681030273438,0.04346930980682373,0.025305628776550293,0.013883709907531738,0.03400135040283203,0.020117640495300293
NA3_LAG50_007,NA3_LAG50,3,50,4,6,cascade,C1,True,0.01168525218963623,0.01101750135421753,-0.0006677508354187012,0.009651899337768555,0.008631289005279541,-0.0010206103324890137
NA3_LAG50_008,NA3_LAG50,3,50,6,1,mild,C4,True,0.03438866138458252,0.027145087718963623,-0.0072435736656188965,0.017562031745910645,0.022319674491882324,0.00475764274597168
NA3_LAG50_008,NA3_LAG50,3,50,6,2,unrelated,,,0.016990244388580322,0.014135777950286865,-0.002854466438293457,0.009387373924255371,0.011511266231536865,0.002123892307281494
NA3_LAG50_008,NA3_LAG50,3,50,6,3,mild,C4,True,0.0687711238861084,0.026981353759765625,-0.04178977012634277,0.035489678382873535,0.023765861988067627,-0.011723816394805908
NA3_LAG50_008,NA3_LAG50,3,50,6,4,mild,C4,True,0.023911774158477783,0.022190332412719727,-0.0017214417457580566,0.017207801342010498,0.022058486938476562,0.0048506855964660645
NA3_LAG50_008,NA3_LAG50,3,50,6,5,unrelated,,,0.03626662492752075,0.009991824626922607,-0.026274800300598145,0.022839784622192383,0.00881272554397583,-0.014027059078216553
NA3_LAG50_009,NA3_LAG50,3,50,4,1,mild,C3,False,0.013577461242675781,0.23345184326171875,0.21987438201904297,0.01057744026184082,0.23697084188461304,0.22639340162277222
NA3_LAG50_009,NA3_LAG50,3,50,4,2,mild,C2,True,0.026062190532684326,0.22063428163528442,0.1945720911026001,0.01990276575088501,0.20368576049804688,0.18378299474716187
NA3_LAG50_009,NA3_LAG50,3,50,4,3,cascade,C2,True,0.022339820861816406,0.16423547267913818,0.14189565181732178,0.014891445636749268,0.1994563341140747,0.18456488847732544
NA3_LAG50_009,NA3_LAG50,3,50,4,5,unrelated,,,0.010867714881896973,0.22037291526794434,0.20950520038604736,0.007828235626220703,0.20452719926834106,0.19669896364212036
NA3_LAG50_009,NA3_LAG50,3,50,4,6,unrelated,,,0.0217818021774292,0.2308310866355896,0.2090492844581604,0.009989261627197266,0.20789742469787598,0.1979081630706787
NA3_LAG50_010,NA3_LAG50,3,50,1,2,unrelated,,,0.014319121837615967,0.18900585174560547,0.1746867299079895,0.009956717491149902,0.16646206378936768,0.15650534629821777
NA3_LAG50_010,NA3_LAG50,3,50,1,3,unrelated,,,0.04755604267120361,0.18666338920593262,0.139107346534729,0.02178293466567993,0.1707526445388794,0.14896970987319946
NA3_LAG50_010,NA3_LAG50,3,50,1,4,cascade,C2,True,0.026467561721801758,0.13475382328033447,0.10828626155853271,0.01433873176574707,0.14879828691482544,0.13445955514907837
NA3_LAG50_010,NA3_LAG50,3,50,1,5,mild,C2,True,0.02274155616760254,0.18791508674621582,0.16517353057861328,0.011865496635437012,0.1720176339149475,0.1601521372795105
NA3_LAG50_010,NA3_LAG50,3,50,1,6,mild,C4,False,0.01939314603805542,0.19404888153076172,0.1746557354927063,0.015619277954101562,0.1721896529197693,0.15657037496566772
NA3_LAG50_011,NA3_LAG50,3,50,5,1,unrelated,,,0.07186233997344971,0.19684439897537231,0.12498205900192261,0.03406703472137451,0.17530882358551025,0.14124178886413574
NA3_LAG50_011,NA3_LAG50,3,50,5,2,cascade,C2,True,0.06950610876083374,0.15208035707473755,0.08257424831390381,0.032083988189697266,0.15816974639892578,0.12608575820922852
NA3_LAG50_011,NA3_LAG50,3,50,5,3,mild,C2,True,0.03162491321563721,0.22226858139038086,0.19064366817474365,0.01582515239715576,0.20338547229766846,0.1875603199005127
NA3_LAG50_011,NA3_LAG50,3,50,5,4,cascade,C3,False,0.016987621784210205,0.21548151969909668,0.19849389791488647,0.009564638137817383,0.19515496492385864,0.18559032678604126
NA3_LAG50_011,NA3_LAG50,3,50,5,6,unrelated,,,0.01028364896774292,0.19186615943908691,0.181582510471344,0.007022678852081299,0.1694638729095459,0.1624411940574646
NA3_LAG50_012,NA3_LAG50,3,50,3,1,mild,C4,False,0.02641761302947998,0.022638559341430664,-0.0037790536880493164,0.01717466115951538,0.02010399103164673,0.0029293298721313477
NA3_LAG50_012,NA3_LAG50,3,50,3,2,cascade,C5,True,0.061717867851257324,0.012368857860565186,-0.04934900999069214,0.03035151958465576,0.00820988416671753,-0.022141635417938232
NA3_LAG50_012,NA3_LAG50,3,50,3,4,unrelated,,,0.03154212236404419,0.009191751480102539,-0.02235037088394165,0.021561026573181152,0.009579896926879883,-0.01198112964630127
NA3_LAG50_012,NA3_LAG50,3,50,3,5,mild,C3,False,0.08891695737838745,0.04754096269607544,-0.04137599468231201,0.04109609127044678,0.04240703582763672,0.0013109445571899414
NA3_LAG50_012,NA3_LAG50,3,50,3,6,unrelated,,,0.04909193515777588,0.009771287441253662,-0.03932064771652222,0.024608254432678223,0.008707582950592041,-0.01590067148208618
NA3_LAG50_013,NA3_LAG50,3,50,1,2,mild,C4,False,0.015805959701538086,0.02844446897506714,0.012638509273529053,0.010178983211517334,0.025940775871276855,0.01576179265975952
NA3_LAG50_013,NA3_LAG50,3,50,1,3,cascade,C1,False,0.03222179412841797,0.04385024309158325,0.011628448963165283,0.016114115715026855,0.04748427867889404,0.03137016296386719
NA3_LAG50_013,NA3_LAG50,3,50,1,4,unrelated,,,0.01402902603149414,0.0145835280418396,0.000554502010345459,0.0070740580558776855,0.013151168823242188,0.006077110767364502
NA3_LAG50_013,NA3_LAG50,3,50,1,5,unrelated,,,0.010007381439208984,0.014587342739105225,0.00457996129989624,0.00652235746383667,0.014967501163482666,0.008445143699645996
NA3_LAG50_013,NA3_LAG50,3,50,1,6,mild,C3,False,0.01433020830154419,0.0495416522026062,0.03521144390106201,0.008352577686309814,0.047267794609069824,0.03891521692276001
NA3_LAG50_014,NA3_LAG50,3,50,5,1,cascade,C4,True,0.02382361888885498,0.012819886207580566,-0.011003732681274414,0.016703009605407715,0.010361433029174805,-0.00634157657623291
NA3_LAG50_014,NA3_LAG50,3,50,5,2,cascade,C4,True,0.02435624599456787,0.019531607627868652,-0.004824638366699219,0.01574617624282837,0.014202296733856201,-0.001543879508972168
NA3_LAG50_014,NA3_LAG50,3,50,5,3,unrelated,,,0.017371654510498047,0.011373817920684814,-0.005997836589813232,0.012717068195343018,0.01131659746170044,-0.0014004707336425781
NA3_LAG50_014,NA3_LAG50,3,50,5,4,unrelated,,,0.024964511394500732,0.007863163948059082,-0.01710134744644165,0.01275414228439331,0.006979823112487793,-0.005774319171905518
NA3_LAG50_014,NA3_LAG50,3,50,5,6,mild,C5,False,0.012216329574584961,0.0129280686378479,0.0007117390632629395,0.007970035076141357,0.012077867984771729,0.004107832908630371
NA3_LAG50_015,NA3_LAG50,3,50,3,1,unrelated,,,0.019387364387512207,0.01639348268508911,-0.0029938817024230957,0.013193070888519287,0.013024985790252686,-0.00016808509826660156
NA3_LAG50_015,NA3_LAG50,3,50,3,2,mild,C5,True,0.03672832250595093,0.016005396842956543,-0.020722925662994385,0.018806934356689453,0.013151705265045166,-0.005655229091644287
NA3_LAG50_015,NA3_LAG50,3,50,3,4,unrelated,,,0.027862608432769775,0.02545332908630371,-0.0024092793464660645,0.015073239803314209,0.021339118480682373,0.006265878677368164
NA3_LAG50_015,NA3_LAG50,3,50,3,5,cascade,C5,True,0.04186069965362549,0.00844430923461914,-0.03341639041900635,0.020726501941680908,0.00660628080368042,-0.014120221138000488
NA3_LAG50_015,NA3_LAG50,3,50,3,6,mild,C1,False,0.03710746765136719,0.015878260135650635,-0.021229207515716553,0.017610251903533936,0.015524744987487793,-0.0020855069160461426
NA3_LAG50_016,NA3_LAG50,3,50,5,1,cascade,C1,False,0.022821784019470215,0.22379070520401,0.2009689211845398,0.011746466159820557,0.21002668142318726,0.1982802152633667
NA3_LAG50_016,NA3_LAG50,3,50,5,2,unrelated,,,0.01581895351409912,0.19963210821151733,0.1838131546974182,0.01310431957244873,0.19302397966384888,0.17991966009140015
NA3_LAG50_016,NA3_LAG50,3,50,5,3,unrelated,,,0.030200660228729248,0.20218247175216675,0.1719818115234375,0.015021443367004395,0.1966513991355896,0.1816299557685852
NA3_LAG50_016,NA3_LAG50,3,50,5,4,cascade,C2,True,0.013973236083984375,0.1618189811706543,0.14784574508666992,0.006822943687438965,0.18593913316726685,0.17911618947982788
NA3_LAG50_016,NA3_LAG50,3,50,5,6,cascade,C3,False,0.013855516910552979,0.20629894733428955,0.19244343042373657,0.007022678852081299,0.20569700002670288,0.19867432117462158
NA3_LAG50_017,NA3_LAG50,3,50,1,2,mild,C1,False,0.015581905841827393,0.009169697761535645,-0.006412208080291748,0.011052727699279785,0.009368717670440674,-0.0016840100288391113
NA3_LAG50_017,NA3_LAG50,3,50,1,3,unrelated,,,0.02026921510696411,0.00916963815689087,-0.011099576950073242,0.013004720211029053,0.00876230001449585,-0.004242420196533203
NA3_LAG50_017,NA3_LAG50,3,50,1,4,unrelated,,,0.057102322578430176,0.00891345739364624,-0.048188865184783936,0.02618032693862915,0.007390379905700684,-0.018789947032928467
NA3_LAG50_017,NA3_LAG50,3,50,1,5,mild,C5,True,0.013976454734802246,0.00572127103805542,-0.008255183696746826,0.007865726947784424,0.005099892616271973,-0.002765834331512451
NA3_LAG50_017,NA3_LAG50,3,50,1,6,mild,C1,False,0.03222149610519409,0.01871436834335327,-0.01350712776184082,0.016862452030181885,0.020187795162200928,0.003325343132019043
NA3_LAG50_018,NA3_LAG50,3,50,6,1,cascade,C5,True,0.024877548217773438,0.0067147016525268555,-0.018162846565246582,0.016509950160980225,0.005866646766662598,-0.010643303394317627
NA3_LAG50_018,NA3_LAG50,3,50,6,2,unrelated,,,0.07380479574203491,0.012177050113677979,-0.061627745628356934,0.03397148847579956,0.010752379894256592,-0.02321910858154297
NA3_LAG50_018,NA3_LAG50,3,50,6,3,unrelated,,,0.009900271892547607,0.006782472133636475,-0.003117799758911133,0.007730424404144287,0.004449784755706787,-0.0032806396484375
NA3_LAG50_018,NA3_LAG50,3,50,6,4,cascade,C1,False,0.01328200101852417,0.021304547786712646,0.008022546768188477,0.009361028671264648,0.019775807857513428,0.01041477918624878
NA3_LAG50_018,NA3_LAG50,3,50,6,5,cascade,C5,True,0.02925974130630493,0.006908595561981201,-0.02235114574432373,0.016851842403411865,0.004867196083068848,-0.011984646320343018
NA3_LAG50_019,NA3_LAG50,3,50,1,2,mild,C5,True,0.020720183849334717,0.007827460765838623,-0.012892723083496094,0.012175440788269043,0.006910741329193115,-0.005264699459075928
NA3_LAG50_019,NA3_LAG50,3,50,1,3,unrelated,,,0.03255337476730347,0.01576519012451172,-0.016788184642791748,0.02182745933532715,0.01008838415145874,-0.011739075183868408
NA3_LAG50_019,NA3_LAG50,3,50,1,4,cascade,C5,True,0.03269118070602417,0.014449059963226318,-0.01824212074279785,0.019060969352722168,0.00982576608657837,-0.009235203266143799
NA3_LAG50_019,NA3_LAG50,3,50,1,5,unrelated,,,0.02242755889892578,0.014199376106262207,-0.008228182792663574,0.013466298580169678,0.010802865028381348,-0.00266343355178833
NA3_LAG50_019,NA3_LAG50,3,50,1,6,mild,C5,True,0.01057446002960205,0.016192197799682617,0.005617737770080566,0.007890105247497559,0.011382758617401123,0.0034926533699035645
NA3_LAG50_020,NA3_LAG50,3,50,5,1,unrelated,,,0.027842938899993896,0.011898636817932129,-0.015944302082061768,0.020557761192321777,0.008759677410125732,-0.011798083782196045
NA3_LAG50_020,NA3_LAG50,3,50,5,2,cascade,C5,False,0.044265568256378174,0.0198095440864563,-0.024456024169921875,0.025502026081085205,0.017525136470794678,-0.007976889610290527
NA3_LAG50_020,NA3_LAG50,3,50,5,3,unrelated,,,0.03296321630477905,0.019315361976623535,-0.013647854328155518,0.022208333015441895,0.015978336334228516,-0.006229996681213379
NA3_LAG50_020,NA3_LAG50,3,50,5,4,mild,C3,True,0.016799092292785645,0.04174453020095825,0.024945437908172607,0.011259198188781738,0.03921467065811157,0.027955472469329834
NA3_LAG50_020,NA3_LAG50,3,50,5,6,cascade,C3,True,0.011672675609588623,0.02632981538772583,0.014657139778137207,0.010085344314575195,0.02291315793991089,0.012827813625335693
NA3_LAG50_021,NA3_LAG50,3,50,3,1,cascade,C3,True,0.03207963705062866,0.022456765174865723,-0.00962287187576294,0.02591860294342041,0.02154397964477539,-0.0043746232986450195
NA3_LAG50_021,NA3_LAG50,3,50,3,2,mild,C3,True,0.030364394187927246,0.05792236328125,0.027557969093322754,0.018623769283294678,0.046223580837249756,0.027599811553955078
NA3_LAG50_021,NA3_LAG50,3,50,3,4,unrelated,,,0.032329559326171875,0.021578550338745117,-0.010751008987426758,0.02464425563812256,0.01673489809036255,-0.00790935754776001
NA3_LAG50_021,NA3_LAG50,3,50,3,5,mild,C3,True,0.022459089756011963,0.053033649921417236,0.030574560165405273,0.01544797420501709,0.04466807842254639,0.029220104217529297
NA3_LAG50_021,NA3_LAG50,3,50,3,6,unrelated,,,0.027519702911376953,0.015118956565856934,-0.01240074634552002,0.019916057586669922,0.011201262474060059,-0.008714795112609863
NA3_LAG50_022,NA3_LAG50,3,50,4,1,unrelated,,,0.049219489097595215,0.030862033367156982,-0.018357455730438232,0.021662473678588867,0.030245959758758545,0.008583486080169678
NA3_LAG50_022,NA3_LAG50,3,50,4,2,unrelated,,,0.016418278217315674,0.02573782205581665,0.009319543838500977,0.012734770774841309,0.024358272552490234,0.011623501777648926
NA3_LAG50_022,NA3_LAG50,3,50,4,3,mild,C5,False,0.02386605739593506,0.012809932231903076,-0.011056125164031982,0.020034074783325195,0.011591911315917969,-0.008442163467407227
NA3_LAG50_022,NA3_LAG50,3,50,4,5,mild,C3,True,0.03543597459793091,0.038060665130615234,0.002624690532684326,0.021582961082458496,0.03665757179260254,0.015074610710144043
NA3_LAG50_022,NA3_LAG50,3,50,4,6,cascade,C1,False,0.0301588773727417,0.032735586166381836,0.0025767087936401367,0.018867135047912598,0.02353602647781372,0.004668891429901123
NA3_LAG50_023,NA3_LAG50,3,50,3,1,unrelated,,,0.029384613037109375,0.0242689847946167,-0.005115628242492676,0.014010429382324219,0.02304530143737793,0.009034872055053711
NA3_LAG50_023,NA3_LAG50,3,50,3,2,mild,C5,False,0.01250225305557251,0.013564825057983398,0.0010625720024108887,0.006758570671081543,0.01464933156967163,0.007890760898590088
NA3_LAG50_023,NA3_LAG50,3,50,3,4,mild,C3,True,0.021120429039001465,0.058368802070617676,0.03724837303161621,0.010014891624450684,0.05357956886291504,0.043564677238464355
NA3_LAG50_023,NA3_LAG50,3,50,3,5,unrelated,,,0.02001035213470459,0.009986460208892822,-0.010023891925811768,0.008755922317504883,0.009600639343261719,0.0008447170257568359
NA3_LAG50_023,NA3_LAG50,3,50,3,6,mild,C3,True,0.03994452953338623,0.05412393808364868,0.014179408550262451,0.016225159168243408,0.045863986015319824,0.029638826847076416
NA3_LAG50_024,NA3_LAG50,3,50,6,1,unrelated,,,0.03073704242706299,0.007800281047821045,-0.022936761379241943,0.018603503704071045,0.00551527738571167,-0.013088226318359375
NA3_LAG50_024,NA3_LAG50,3,50,6,2,mild,C5,True,0.03298431634902954,0.020079433917999268,-0.012904882431030273,0.017669320106506348,0.018207550048828125,0.0005382299423217773
NA3_LAG50_024,NA3_LAG50,3,50,6,3,mild,C5,True,0.014386177062988281,0.011425018310546875,-0.0029611587524414062,0.008989989757537842,0.011874139308929443,0.0028841495513916016
NA3_LAG50_024,NA3_LAG50,3,50,6,4,mild,C5,True,0.05396801233291626,0.01992177963256836,-0.0340462327003479,0.03617262840270996,0.017963528633117676,-0.018209099769592285
NA3_LAG50_024,NA3_LAG50,3,50,6,5,unrelated,,,0.026767849922180176,0.011922717094421387,-0.014845132827758789,0.020152926445007324,0.010393202304840088,-0.009759724140167236
NA3_LAG50_025,NA3_LAG50,3,50,2,1,mild,C2,False,0.02491128444671631,0.02252298593521118,-0.002388298511505127,0.02007383108139038,0.022315502166748047,0.002241671085357666
NA3_LAG50_025,NA3_LAG50,3,50,2,3,mild,C3,False,0.015999555587768555,0.04491060972213745,0.028911054134368896,0.012112617492675781,0.047248244285583496,0.035135626792907715
NA3_LAG50_025,NA3_LAG50,3,50,2,4,unrelated,,,0.028155267238616943,0.01796877384185791,-0.010186493396759033,0.01889723539352417,0.01468050479888916,-0.00421673059463501
NA3_LAG50_025,NA3_LAG50,3,50,2,5,mild,C4,True,0.021293818950653076,0.015087604522705078,-0.006206214427947998,0.010933995246887207,0.015220224857330322,0.004286229610443115
NA3_LAG50_025,NA3_LAG50,3,50,2,6,unrelated,,,0.015954196453094482,0.010247468948364258,-0.005706727504730225,0.010750412940979004,0.00905752182006836,-0.0016928911209106445
NA3_LAG50_026,NA3_LAG50,3,50,4,1,cascade,C2,True,0.023896455764770508,0.1775762438774109,0.15367978811264038,0.015476584434509277,0.16603988409042358,0.1505632996559143
NA3_LAG50_026,NA3_LAG50,3,50,4,2,unrelated,,,0.012589693069458008,0.20317333936691284,0.19058364629745483,0.008401095867156982,0.1695454716682434,0.16114437580108643
NA3_LAG50_026,NA3_LAG50,3,50,4,3,unrelated,,,0.016684889793395996,0.21420425176620483,0.19751936197280884,0.009863674640655518,0.1782723069190979,0.16840863227844238
NA3_LAG50_026,NA3_LAG50,3,50,4,5,cascade,C2,True,0.010361135005950928,0.17142856121063232,0.1610674262046814,0.007876157760620117,0.17458105087280273,0.16670489311218262
NA3_LAG50_026,NA3_LAG50,3,50,4,6,mild,C2,True,0.014236509799957275,0.21585428714752197,0.2016177773475647,0.011207640171051025,0.1808423399925232,0.16963469982147217
NA3_LAG50_027,NA3_LAG50,3,50,3,1,unrelated,,,0.02141505479812622,0.0077460408210754395,-0.013669013977050781,0.010191798210144043,0.007624685764312744,-0.002567112445831299
NA3_LAG50_027,NA3_LAG50,3,50,3,2,cascade,C4,False,0.014967024326324463,0.01510918140411377,0.00014215707778930664,0.009438395500183105,0.01261228322982788,0.0031738877296447754
NA3_LAG50_027,NA3_LAG50,3,50,3,4,unrelated,,,0.019366025924682617,0.013555943965911865,-0.005810081958770752,0.013852238655090332,0.010405480861663818,-0.0034467577934265137
NA3_LAG50_027,NA3_LAG50,3,50,3,5,cascade,C1,False,0.010316550731658936,0.03279238939285278,0.022475838661193848,0.007948219776153564,0.023111999034881592,0.015163779258728027
NA3_LAG50_027,NA3_LAG50,3,50,3,6,mild,C3,True,0.020394325256347656,0.03714871406555176,0.0167543888092041,0.01496797800064087,0.03976505994796753,0.02479708194732666
NA3_LAG50_028,NA3_LAG50,3,50,3,1,mild,C5,True,0.02792876958847046,0.015195369720458984,-0.012733399868011475,0.014262259006500244,0.01052016019821167,-0.0037420988082885742
NA3_LAG50_028,NA3_LAG50,3,50,3,2,cascade,C5,True,0.014165759086608887,0.010379135608673096,-0.003786623477935791,0.008711755275726318,0.009939074516296387,0.0012273192405700684
NA3_LAG50_028,NA3_LAG50,3,50,3,4,unrelated,,,0.007874131202697754,0.014157474040985107,0.0062833428382873535,0.006552577018737793,0.009699523448944092,0.003146946430206299
NA3_LAG50_028,NA3_LAG50,3,50,3,5,unrelated,,,0.019893348217010498,0.015351474285125732,-0.004541873931884766,0.013785779476165771,0.011596262454986572,-0.0021895170211791992
NA3_LAG50_028,NA3_LAG50,3,50,3,6,cascade,C5,True,0.01081240177154541,0.012587010860443115,0.001774609088897705,0.0071648359298706055,0.011499762535095215,0.004334926605224609
NA3_LAG50_029,NA3_LAG50,3,50,2,1,mild,C3,False,0.021365582942962646,0.2067650556564331,0.18539947271347046,0.013292670249938965,0.19991660118103027,0.1866239309310913
NA3_LAG50_029,NA3_LAG50,3,50,2,3,mild,C2,True,0.023873627185821533,0.20055162906646729,0.17667800188064575,0.012051105499267578,0.1855182647705078,0.17346715927124023
NA3_LAG50_029,NA3_LAG50,3,50,2,4,unrelated,,,0.016001105308532715,0.1997871994972229,0.18378609418869019,0.00975942611694336,0.18569833040237427,0.1759389042854309
NA3_LAG50_029,NA3_LAG50,3,50,2,5,mild,C1,False,0.015091359615325928,0.19641131162643433,0.1813199520111084,0.007631778717041016,0.17942827939987183,0.1717965006828308
NA3_LAG50_029,NA3_LAG50,3,50,2,6,unrelated,,,0.015403270721435547,0.20178872346878052,0.18638545274734497,0.010000646114349365,0.1827629804611206,0.17276233434677124
NA4_LAG10_000,NA4_LAG10,4,10,4,1,cascade,C3,True,0.014438867568969727,0.014481782913208008,4.291534423828125e-05,0.011372506618499756,0.016388773918151855,0.0050162672996521
NA4_LAG10_000,NA4_LAG10,4,10,4,2,mild,C2,False,0.0217818021774292,0.01611649990081787,-0.005665302276611328,0.015414953231811523,0.012457847595214844,-0.0029571056365966797
NA4_LAG10_000,NA4_LAG10,4,10,4,3,unrelated,,,0.02155780792236328,0.006008505821228027,-0.015549302101135254,0.014648079872131348,0.003889322280883789,-0.010758757591247559
NA4_LAG10_000,NA4_LAG10,4,10,4,5,mild,C3,True,0.035198867321014404,0.02866518497467041,-0.006533682346343994,0.020200669765472412,0.02855205535888672,0.008351385593414307
NA4_LAG10_000,NA4_LAG10,4,10,4,6,mild,C2,False,0.015530884265899658,0.027435600757598877,0.011904716491699219,0.012006580829620361,0.020997941493988037,0.008991360664367676
NA4_LAG10_001,NA4_LAG10,4,10,5,1,cascade,C2,False,0.03652292490005493,0.16855573654174805,0.13203281164169312,0.026334941387176514,0.15229779481887817,0.12596285343170166
NA4_LAG10_001,NA4_LAG10,4,10,5,2,unrelated,,,0.02188289165496826,0.01902151107788086,-0.0028613805770874023,0.014235258102416992,0.01695263385772705,0.0027173757553100586
NA4_LAG10_001,NA4_LAG10,4,10,5,3,cascade,C4,True,0.014561772346496582,0.008592665195465088,-0.005969107151031494,0.011160492897033691,0.006857335567474365,-0.004303157329559326
NA4_LAG10_001,NA4_LAG10,4,10,5,4,mild,C4,True,0.01609140634536743,0.014439523220062256,-0.0016518831253051758,0.008644580841064453,0.012978792190551758,0.004334211349487305
NA4_LAG10_001,NA4_LAG10,4,10,5,6,cascade,C4,True,0.05346280336380005,0.01807624101638794,-0.03538656234741211,0.03242087364196777,0.016361653804779053,-0.01605921983718872
NA4_LAG10_002,NA4_LAG10,4,10,1,2,unrelated,,,0.02197897434234619,0.004903435707092285,-0.017075538635253906,0.014797091484069824,0.0048348307609558105,-0.009962260723114014
NA4_LAG10_002,NA4_LAG10,4,10,1,3,mild,C2,False,0.021150648593902588,0.03370821475982666,0.012557566165924072,0.012746334075927734,0.02534008026123047,0.012593746185302734
NA4_LAG10_002,NA4_LAG10,4,10,1,4,cascade,C3,True,0.025546789169311523,0.013166964054107666,-0.012379825115203857,0.01890009641647339,0.013586938381195068,-0.00531315803527832
NA4_LAG10_002,NA4_LAG10,4,10,1,5,mild,C3,True,0.008939087390899658,0.04189872741699219,0.03295964002609253,0.006937146186828613,0.03271365165710449,0.02577650547027588
NA4_LAG10_002,NA4_LAG10,4,10,1,6,mild,C3,True,0.018577873706817627,0.04400819540023804,0.02543032169342041,0.012563526630401611,0.03314828872680664,0.02058476209640503
NA4_LAG10_003,NA4_LAG10,4,10,2,1,cascade,C3,True,0.06593352556228638,0.029651761054992676,-0.0362817645072937,0.039990365505218506,0.03356403112411499,-0.006426334381103516
NA4_LAG10_003,NA4_LAG10,4,10,2,3,unrelated,,,0.03197360038757324,0.009508848190307617,-0.022464752197265625,0.02359187602996826,0.00663447380065918,-0.016957402229309082
NA4_LAG10_003,NA4_LAG10,4,10,2,4,mild,C5,False,0.04255431890487671,0.010178625583648682,-0.03237569332122803,0.028032422065734863,0.008182704448699951,-0.019849717617034912
NA4_LAG10_003,NA4_LAG10,4,10,2,5,mild,C3,True,0.03404891490936279,0.0606684684753418,0.026619553565979004,0.020222723484039307,0.04219263792037964,0.021969914436340332
NA4_LAG10_003,NA4_LAG10,4,10,2,6,mild,C2,False,0.01688021421432495,0.016490459442138672,-0.0003897547721862793,0.011377274990081787,0.012569546699523926,0.0011922717094421387
NA4_LAG10_004,NA4_LAG10,4,10,5,1,cascade,C3,True,0.032322704792022705,0.01463329792022705,-0.017689406871795654,0.02527850866317749,0.012791931629180908,-0.012486577033996582
NA4_LAG10_004,NA4_LAG10,4,10,5,2,cascade,C4,False,0.025551438331604004,0.00892484188079834,-0.016626596450805664,0.017199397087097168,0.0068552494049072266,-0.010344147682189941
NA4_LAG10_004,NA4_LAG10,4,10,5,3,mild,C1,False,0.019689738750457764,0.011605024337768555,-0.008084714412689209,0.014075398445129395,0.010423421859741211,-0.0036519765853881836
NA4_LAG10_004,NA4_LAG10,4,10,5,4,unrelated,,,0.018762946128845215,0.010971784591674805,-0.00779116153717041,0.012986719608306885,0.008106231689453125,-0.00488048791885376
NA4_LAG10_004,NA4_LAG10,4,10,5,6,cascade,C3,True,0.016856789588928223,0.013123393058776855,-0.003733396530151367,0.010806620121002197,0.014443933963775635,0.0036373138427734375
NA4_LAG10_005,NA4_LAG10,4,10,5,1,mild,C4,False,0.030298233032226562,0.1758158802986145,0.14551764726638794,0.014906227588653564,0.15631169080734253,0.14140546321868896
NA4_LAG10_005,NA4_LAG10,4,10,5,2,cascade,C1,False,0.0447576642036438,0.20797371864318848,0.16321605443954468,0.022935688495635986,0.18918246030807495,0.16624677181243896
NA4_LAG10_005,NA4_LAG10,4,10,5,3,mild,C2,True,0.030010104179382324,0.16888433694839478,0.13887423276901245,0.013965964317321777,0.14996838569641113,0.13600242137908936
NA4_LAG10_005,NA4_LAG10,4,10,5,4,mild,C2,True,0.008166670799255371,0.15975922346115112,0.15159255266189575,0.005884408950805664,0.14735960960388184,0.14147520065307617
NA4_LAG10_005,NA4_LAG10,4,10,5,6,unrelated,,,0.03072303533554077,0.18406438827514648,0.1533413529396057,0.016901493072509766,0.16476225852966309,0.14786076545715332
NA4_LAG10_006,NA4_LAG10,4,10,5,1,cascade,C5,True,0.01593494415283203,0.008153975009918213,-0.007780969142913818,0.013077616691589355,0.007643997669219971,-0.005433619022369385
NA4_LAG10_006,NA4_LAG10,4,10,5,2,unrelated,,,0.014712333679199219,0.01234579086303711,-0.0023665428161621094,0.01071786880493164,0.011160850524902344,0.0004429817199707031
NA4_LAG10_006,NA4_LAG10,4,10,5,3,mild,C1,False,0.024805068969726562,0.02034240961074829,-0.0044626593589782715,0.0210191011428833,0.020153522491455078,-0.0008655786514282227
NA4_LAG10_006,NA4_LAG10,4,10,5,4,mild,C5,True,0.020204782485961914,0.00852501392364502,-0.011679768562316895,0.017128944396972656,0.00679779052734375,-0.010331153869628906
NA4_LAG10_006,NA4_LAG10,4,10,5,6,mild,C5,True,0.01962500810623169,0.011445105075836182,-0.008179903030395508,0.015172898769378662,0.010628938674926758,-0.004543960094451904
NA4_LAG10_007,NA4_LAG10,4,10,1,2,cascade,C2,True,0.01677072048187256,0.11923712491989136,0.1024664044380188,0.00968027114868164,0.16538691520690918,0.15570664405822754
NA4_LAG10_007,NA4_LAG10,4,10,1,3,mild,C5,False,0.03623861074447632,0.23163002729415894,0.19539141654968262,0.01847785711288452,0.2017778754234314,0.18330001831054688
NA4_LAG10_007,NA4_LAG10,4,10,1,4,mild,C5,False,0.05887424945831299,0.2530229091644287,0.19414865970611572,0.035005807876586914,0.21853256225585938,0.18352675437927246
NA4_LAG10_007,NA4_LAG10,4,10,1,5,cascade,C1,False,0.013118386268615723,0.2667578458786011,0.25363945960998535,0.009250640869140625,0.2225736379623413,0.21332299709320068
NA4_LAG10_007,NA4_LAG10,4,10,1,6,unrelated,,,0.03444027900695801,0.2359045147895813,0.2014642357826233,0.020734548568725586,0.2031930685043335,0.1824585199356079
NA4_LAG10_008,NA4_LAG10,4,10,1,2,mild,C5,True,0.015101015567779541,0.012048959732055664,-0.003052055835723877,0.008856475353240967,0.00971841812133789,0.0008619427680969238
NA4_LAG10_008,NA4_LAG10,4,10,1,3,mild,C4,False,0.01859956979751587,0.01147085428237915,-0.007128715515136719,0.010453402996063232,0.011079609394073486,0.0006262063980102539
NA4_LAG10_008,NA4_LAG10,4,10,1,4,cascade,C5,True,0.022022545337677002,0.006280779838562012,-0.01574176549911499,0.014676153659820557,0.0043274760246276855,-0.010348677635192871
NA4_LAG10_008,NA4_LAG10,4,10,1,5,unrelated,,,0.0191497802734375,0.011801600456237793,-0.007348179817199707,0.013411223888397217,0.00876694917678833,-0.004644274711608887
NA4_LAG10_008,NA4_LAG10,4,10,1,6,cascade,C3,False,0.013168632984161377,0.020660996437072754,0.007492363452911377,0.007736921310424805,0.02187669277191162,0.014139771461486816
NA4_LAG10_009,NA4_LAG10,4,10,4,1,cascade,C1,False,0.02202916145324707,0.02071356773376465,-0.0013155937194824219,0.014605462551116943,0.019982099533081055,0.005376636981964111
NA4_LAG10_009,NA4_LAG10,4,10,4,2,cascade,C3,True,0.014134526252746582,0.02442634105682373,0.010291814804077148,0.008409082889556885,0.021472454071044922,0.013063371181488037
NA4_LAG10_009,NA4_LAG10,4,10,4,3,mild,C2,False,0.03369802236557007,0.023354291915893555,-0.010343730449676514,0.01811850070953369,0.016858398914337158,-0.0012601017951965332
NA4_LAG10_009,NA4_LAG10,4,10,4,5,cascade,C3,True,0.017716407775878906,0.01797342300415039,0.0002570152282714844,0.00885009765625,0.01872706413269043,0.00987696647644043
NA4_LAG10_009,NA4_LAG10,4,10,4,6,unrelated,,,0.02309054136276245,0.012498736381530762,-0.01059180498123169,0.015175223350524902,0.010111570358276367,-0.005063652992248535
NA4_LAG10_010,NA4_LAG10,4,10,3,1,unrelated,,,0.012795984745025635,0.19806581735610962,0.18526983261108398,0.01171565055847168,0.16593092679977417,0.1542152762413025
NA4_LAG10_010,NA4_LAG10,4,10,3,2,cascade,C2,True,0.014313340187072754,0.10967504978179932,0.09536170959472656,0.012171387672424316,0.14330607652664185,0.13113468885421753
NA4_LAG10_010,NA4_LAG10,4,10,3,4,mild,C3,False,0.023242175579071045,0.18463879823684692,0.16139662265777588,0.02052891254425049,0.1627570390701294,0.1422281265258789
NA4_LAG10_010,NA4_LAG10,4,10,3,5,cascade,C5,False,0.02093040943145752,0.19534367322921753,0.17441326379776,0.014608502388000488,0.165244460105896,0.1506359577178955
NA4_LAG10_010,NA4_LAG10,4,10,3,6,cascade,C3,False,0.010177373886108398,0.17581629753112793,0.16563892364501953,0.007281839847564697,0.14040327072143555,0.13312143087387085
NA4_LAG10_011,NA4_LAG10,4,10,5,1,mild,C4,False,0.024072647094726562,0.006847977638244629,-0.017224669456481934,0.02493816614151001,0.005759298801422119,-0.01917886734008789
NA4_LAG10_011,NA4_LAG10,4,10,5,2,cascade,C2,False,0.01573556661605835,0.19907575845718384,0.1833401918411255,0.010918378829956055,0.17540019750595093,0.16448181867599487
NA4_LAG10_011,NA4_LAG10,4,10,5,3,cascade,C4,False,0.02369314432144165,0.015326857566833496,-0.008366286754608154,0.015713214874267578,0.011599421501159668,-0.00411379337310791
NA4_LAG10_011,NA4_LAG10,4,10,5,4,mild,C4,False,0.020976543426513672,0.01654714345932007,-0.0044293999671936035,0.013885200023651123,0.017350196838378906,0.003464996814727783
NA4_LAG10_011,NA4_LAG10,4,10,5,6,unrelated,,,0.015999972820281982,0.00693124532699585,-0.009068727493286133,0.008173227310180664,0.004619717597961426,-0.0035535097122192383
NA4_LAG10_012,NA4_LAG10,4,10,3,1,mild,C4,True,0.04225647449493408,0.027791976928710938,-0.014464497566223145,0.03518325090408325,0.024638712406158447,-0.010544538497924805
NA4_LAG10_012,NA4_LAG10,4,10,3,2,cascade,C4,True,0.019453227519989014,0.01721823215484619,-0.0022349953651428223,0.013463139533996582,0.013275206089019775,-0.00018793344497680664
NA4_LAG10_012,NA4_LAG10,4,10,3,4,mild,C2,False,0.031849026679992676,0.021972835063934326,-0.00987619161605835,0.016395092010498047,0.021211683750152588,0.004816591739654541
NA4_LAG10_012,NA4_LAG10,4,10,3,5,unrelated,,,0.013854742050170898,0.024009525775909424,0.010154783725738525,0.010219573974609375,0.015590786933898926,0.005371212959289551
NA4_LAG10_012,NA4_LAG10,4,10,3,6,cascade,C3,False,0.009151995182037354,0.019379854202270508,0.010227859020233154,0.006142675876617432,0.0178835391998291,0.01174086332321167
NA4_LAG10_013,NA4_LAG10,4,10,6,1,mild,C1,True,0.01974785327911377,0.013775289058685303,-0.005972564220428467,0.012978792190551758,0.011709988117218018,-0.0012688040733337402
NA4_LAG10_013,NA4_LAG10,4,10,6,2,mild,C5,False,0.0325961709022522,0.024817824363708496,-0.007778346538543701,0.01846325397491455,0.02592313289642334,0.007459878921508789
NA4_LAG10_013,NA4_LAG10,4,10,6,3,mild,C1,True,0.025191426277160645,0.018211841583251953,-0.006979584693908691,0.014073014259338379,0.015352129936218262,0.0012791156768798828
NA4_LAG10_013,NA4_LAG10,4,10,6,4,unrelated,,,0.018628060817718506,0.022145628929138184,0.0035175681114196777,0.011659801006317139,0.019073069095611572,0.007413268089294434
NA4_LAG10_013,NA4_LAG10,4,10,6,5,mild,C1,True,0.009868144989013672,0.01625347137451172,0.006385326385498047,0.007313847541809082,0.0136033296585083,0.006289482116699219
NA4_LAG10_014,NA4_LAG10,4,10,2,1,mild,C4,True,0.028600454330444336,0.018279731273651123,-0.010320723056793213,0.016063988208770752,0.015539586544036865,-0.0005244016647338867
NA4_LAG10_014,NA4_LAG10,4,10,2,3,unrelated,,,0.015291273593902588,0.024106621742248535,0.008815348148345947,0.013230979442596436,0.019208252429962158,0.005977272987365723
NA4_LAG10_014,NA4_LAG10,4,10,2,4,cascade,C4,True,0.014698684215545654,0.011961579322814941,-0.002737104892730713,0.010448992252349854,0.009887099266052246,-0.0005618929862976074
NA4_LAG10_014,NA4_LAG10,4,10,2,5,mild,C3,False,0.017447471618652344,0.05961722135543823,0.04216974973678589,0.011600792407989502,0.04878360033035278,0.03718280792236328
NA4_LAG10_014,NA4_LAG10,4,10,2,6,cascade,C4,True,0.013162612915039062,0.009930908679962158,-0.0032317042350769043,0.009353935718536377,0.008426845073699951,-0.0009270906448364258
NA4_LAG10_015,NA4_LAG10,4,10,1,2,cascade,C5,False,0.03674036264419556,0.19218069314956665,0.1554403305053711,0.028113126754760742,0.16441714763641357,0.13630402088165283
NA4_LAG10_015,NA4_LAG10,4,10,1,3,cascade,C2,True,0.013214826583862305,0.11917233467102051,0.1059575080871582,0.00981062650680542,0.18744564056396484,0.17763501405715942
NA4_LAG10_015,NA4_LAG10,4,10,1,4,unrelated,,,0.03504931926727295,0.2162429690361023,0.18119364976882935,0.017442643642425537,0.18928682804107666,0.17184418439865112
NA4_LAG10_015,NA4_LAG10,4,10,1,5,cascade,C1,False,0.015340924263000488,0.22381025552749634,0.20846933126449585,0.010040640830993652,0.194729745388031,0.18468910455703735
NA4_LAG10_015,NA4_LAG10,4,10,1,6,cascade,C2,True,0.027762770652770996,0.08361315727233887,0.05585038661956787,0.01569235324859619,0.1231500506401062,0.10745769739151001
NA4_LAG10_016,NA4_LAG10,4,10,2,1,cascade,C3,False,0.016482412815093994,0.01692068576812744,0.00043827295303344727,0.014624476432800293,0.016611456871032715,0.001986980438232422
NA4_LAG10_016,NA4_LAG10,4,10,2,3,mild,C3,False,0.024492621421813965,0.06549817323684692,0.04100555181503296,0.016507327556610107,0.04995161294937134,0.03344428539276123
NA4_LAG10_016,NA4_LAG10,4,10,2,4,unrelated,,,0.017726361751556396,0.013531804084777832,-0.0041945576667785645,0.010039985179901123,0.009592711925506592,-0.00044727325439453125
NA4_LAG10_016,NA4_LAG10,4,10,2,5,mild,C5,True,0.020396649837493896,0.016912877559661865,-0.0034837722778320312,0.012899696826934814,0.012346148490905762,-0.0005535483360290527
NA4_LAG10_016,NA4_LAG10,4,10,2,6,cascade,C5,True,0.020822584629058838,0.011707007884979248,-0.00911557674407959,0.015547513961791992,0.008507490158081055,-0.0070400238037109375
NA4_LAG10_017,NA4_LAG10,4,10,6,1,mild,C4,False,0.028221487998962402,0.01990586519241333,-0.008315622806549072,0.020705044269561768,0.019566714763641357,-0.0011383295059204102
NA4_LAG10_017,NA4_LAG10,4,10,6,2,cascade,C5,False,0.016285300254821777,0.022120237350463867,0.00583493709564209,0.012349367141723633,0.023576676845550537,0.011227309703826904
NA4_LAG10_017,NA4_LAG10,4,10,6,3,mild,C1,True,0.01690906286239624,0.011370420455932617,-0.005538642406463623,0.011505842208862305,0.008834362030029297,-0.002671480178833008
NA4_LAG10_017,NA4_LAG10,4,10,6,4,unrelated,,,0.011416316032409668,0.019217729568481445,0.007801413536071777,0.008946061134338379,0.0178910493850708,0.008944988250732422
NA4_LAG10_017,NA4_LAG10,4,10,6,5,cascade,C1,True,0.015387535095214844,0.009201109409332275,-0.006186425685882568,0.008409976959228516,0.007408320903778076,-0.0010016560554504395
NA4_LAG10_018,NA4_LAG10,4,10,5,1,mild,C4,True,0.0771130919456482,0.03891569375991821,-0.03819739818572998,0.027741611003875732,0.030278682708740234,0.002537071704864502
NA4_LAG10_018,NA4_LAG10,4,10,5,2,mild,C4,True,0.019463300704956055,0.02775251865386963,0.008289217948913574,0.014284729957580566,0.022349834442138672,0.008065104484558105
NA4_LAG10_018,NA4_LAG10,4,10,5,3,mild,C4,True,0.026065349578857422,0.021533489227294922,-0.0045318603515625,0.020203828811645508,0.018177568912506104,-0.0020262598991394043
NA4_LAG10_018,NA4_LAG10,4,10,5,4,unrelated,,,0.013928234577178955,0.015223920345306396,0.0012956857681274414,0.012087523937225342,0.011980593204498291,-0.00010693073272705078
NA4_LAG10_018,NA4_LAG10,4,10,5,6,mild,C2,False,0.030337929725646973,0.02652531862258911,-0.0038126111030578613,0.02412313222885132,0.023261666297912598,-0.0008614659309387207
NA4_LAG10_019,NA4_LAG10,4,10,5,1,mild,C2,False,0.03791326284408569,0.030927538871765137,-0.006985723972320557,0.023822546005249023,0.024431049823760986,0.0006085038185119629
NA4_LAG10_019,NA4_LAG10,4,10,5,2,cascade,C2,False,0.049744486808776855,0.18893694877624512,0.13919246196746826,0.03377377986907959,0.17938017845153809,0.1456063985824585
NA4_LAG10_019,NA4_LAG10,4,10,5,3,cascade,C3,False,0.02890878915786743,0.011583983898162842,-0.01732480525970459,0.020292580127716064,0.012128114700317383,-0.008164465427398682
NA4_LAG10_019,NA4_LAG10,4,10,5,4,cascade,C4,False,0.05354189872741699,0.0073722004890441895,-0.0461696982383728,0.030269622802734375,0.005781888961791992,-0.024487733840942383
NA4_LAG10_019,NA4_LAG10,4,10,5,6,unrelated,,,0.019206106662750244,0.021669507026672363,0.002463400363922119,0.012008309364318848,0.015392541885375977,0.003384232521057129
NA4_LAG10_020,NA4_LAG10,4,10,2,1,cascade,C5,False,0.01027214527130127,0.00826936960220337,-0.0020027756690979004,0.006772935390472412,0.008214592933654785,0.001441657543182373
NA4_LAG10_020,NA4_LAG10,4,10,2,3,unrelated,,,0.025163888931274414,0.015203535556793213,-0.009960353374481201,0.019362270832061768,0.011470258235931396,-0.007892012596130371
NA4_LAG10_020,NA4_LAG10,4,10,2,4,mild,C4,True,0.015747487545013428,0.024856925010681152,0.009109437465667725,0.013405978679656982,0.020933091640472412,0.00752711296081543
NA4_LAG10_020,NA4_LAG10,4,10,2,5,mild,C4,True,0.00854647159576416,0.014360189437866211,0.005813717842102051,0.008162617683410645,0.01421499252319336,0.006052374839782715
NA4_LAG10_020,NA4_LAG10,4,10,2,6,cascade,C2,False,0.023952007293701172,0.161049485206604,0.13709747791290283,0.017673611640930176,0.16016334295272827,0.1424897313117981
NA4_LAG10_021,NA4_LAG10,4,10,1,2,mild,C4,True,0.008530735969543457,0.010689616203308105,0.0021588802337646484,0.005955934524536133,0.009929120540618896,0.003973186016082764
NA4_LAG10_021,NA4_LAG10,4,10,1,3,cascade,C4,True,0.017185866832733154,0.015127778053283691,-0.002058088779449463,0.010514557361602783,0.011800050735473633,0.0012854933738708496
NA4_LAG10_021,NA4_LAG10,4,10,1,4,unrelated,,,0.010599255561828613,0.012512743473052979,0.0019134879112243652,0.009142160415649414,0.010832905769348145,0.0016907453536987305
NA4_LAG10_021,NA4_LAG10,4,10,1,5,mild,C3,False,0.012538671493530273,0.042394280433654785,0.02985560894012451,0.009905517101287842,0.040363430976867676,0.030457913875579834
NA4_LAG10_021,NA4_LAG10,4,10,1,6,cascade,C4,True,0.03774291276931763,0.01770198345184326,-0.020040929317474365,0.02877432107925415,0.016568005084991455,-0.012206315994262695
NA4_LAG10_022,NA4_LAG10,4,10,5,1,mild,C2,True,0.03403353691101074,0.195002019405365,0.16096848249435425,0.020206928253173828,0.17291349172592163,0.1527065634727478
NA4_LAG10_022,NA4_LAG10,4,10,5,2,mild,C4,False,0.04053616523742676,0.18436717987060547,0.1438310146331787,0.023949503898620605,0.17264515161514282,0.14869564771652222
NA4_LAG10_022,NA4_LAG10,4,10,5,3,cascade,C5,False,0.020597994327545166,0.2014002799987793,0.18080228567123413,0.011710882186889648,0.17908775806427002,0.16737687587738037
NA4_LAG10_022,NA4_LAG10,4,10,5,4,mild,C1,False,0.04594653844833374,0.21893787384033203,0.1729913353919983,0.02502739429473877,0.19807440042495728,0.1730470061302185
NA4_LAG10_022,NA4_LAG10,4,10,5,6,unrelated,,,0.022154629230499268,0.20369768142700195,0.18154305219650269,0.01344919204711914,0.19036871194839478,0.17691951990127563
NA4_LAG10_023,NA4_LAG10,4,10,4,1,unrelated,,,0.017980515956878662,0.014214634895324707,-0.003765881061553955,0.011889040470123291,0.012017250061035156,0.00012820959091186523
NA4_LAG10_023,NA4_LAG10,4,10,4,2,mild,C5,True,0.02544534206390381,0.03194117546081543,0.006495833396911621,0.02138662338256836,0.028579652309417725,0.007193028926849365
NA4_LAG10_023,NA4_LAG10,4,10,4,3,mild,C3,False,0.01436549425125122,0.04876631498336792,0.0344008207321167,0.009165167808532715,0.04120516777038574,0.03203999996185303
NA4_LAG10_023,NA4_LAG10,4,10,4,5,mild,C2,False,0.009703218936920166,0.02454441785812378,0.014841198921203613,0.006173372268676758,0.021481990814208984,0.015308618545532227
NA4_LAG10_023,NA4_LAG10,4,10,4,6,mild,C3,False,0.019743621349334717,0.06241112947463989,0.042667508125305176,0.012677371501922607,0.051313161849975586,0.03863579034805298
NA4_LAG10_024,NA4_LAG10,4,10,5,1,mild,C3,True,0.04520583152770996,0.04336202144622803,-0.0018438100814819336,0.027692079544067383,0.035086214542388916,0.007394134998321533
NA4_LAG10_024,NA4_LAG10,4,10,5,2,unrelated,,,0.027057230472564697,0.014110743999481201,-0.012946486473083496,0.023434817790985107,0.011025547981262207,-0.0124092698097229
NA4_LAG10_024,NA4_LAG10,4,10,5,3,mild,C4,False,0.01836538314819336,0.011275410652160645,-0.007089972496032715,0.015900492668151855,0.008683264255523682,-0.007217228412628174
NA4_LAG10_024,NA4_LAG10,4,10,5,4,mild,C3,True,0.04043179750442505,0.05192089080810547,0.01148909330368042,0.023376941680908203,0.03729528188705444,0.01391834020614624
NA4_LAG10_024,NA4_LAG10,4,10,5,6,mild,C3,True,0.036090075969696045,0.0636284351348877,0.02753835916519165,0.024768352508544922,0.04601258039474487,0.02124422788619995
NA4_LAG10_025,NA4_LAG10,4,10,3,1,cascade,C4,False,0.019161880016326904,0.1937132477760315,0.1745513677597046,0.0141945481300354,0.18294119834899902,0.16874665021896362
NA4_LAG10_025,NA4_LAG10,4,10,3,2,unrelated,,,0.015715718269348145,0.18339329957962036,0.16767758131027222,0.010707259178161621,0.17510318756103516,0.16439592838287354
NA4_LAG10_025,NA4_LAG10,4,10,3,4,mild,C2,True,0.01604592800140381,0.17728698253631592,0.1612410545349121,0.010620355606079102,0.17002129554748535,0.15940093994140625
NA4_LAG10_025,NA4_LAG10,4,10,3,5,cascade,C3,False,0.022759437561035156,0.19063681364059448,0.16787737607955933,0.01766270399093628,0.16421473026275635,0.14655202627182007
NA4_LAG10_025,NA4_LAG10,4,10,3,6,mild,C2,True,0.029117047786712646,0.18484628200531006,0.1557292342185974,0.021174132823944092,0.16666483879089355,0.14549070596694946
NA4_LAG10_026,NA4_LAG10,4,10,2,1,mild,C3,False,0.024166464805603027,0.0411982536315918,0.01703178882598877,0.013176262378692627,0.03273499011993408,0.019558727741241455
NA4_LAG10_026,NA4_LAG10,4,10,2,3,unrelated,,,0.024017930030822754,0.014149069786071777,-0.009868860244750977,0.015889644622802734,0.0090065598487854,-0.006883084774017334
NA4_LAG10_026,NA4_LAG10,4,10,2,4,mild,C5,True,0.021763324737548828,0.010784327983856201,-0.010978996753692627,0.020301997661590576,0.005968630313873291,-0.014333367347717285
NA4_LAG10_026,NA4_LAG10,4,10,2,5,cascade,C5,True,0.01541990041732788,0.0173947811126709,0.0019748806953430176,0.014039456844329834,0.01318436861038208,-0.0008550882339477539
NA4_LAG10_026,NA4_LAG10,4,10,2,6,cascade,C1,False,0.03378641605377197,0.018710196018218994,-0.015076220035552979,0.025629103183746338,0.01775139570236206,-0.007877707481384277
NA4_LAG10_027,NA4_LAG10,4,10,5,1,mild,C3,True,0.030040442943572998,0.03811490535736084,0.008074462413787842,0.019179821014404297,0.03502136468887329,0.015841543674468994
NA4_LAG10_027,NA4_LAG10,4,10,5,2,unrelated,,,0.08828163146972656,0.006810963153839111,-0.08147066831588745,0.04591631889343262,0.00566864013671875,-0.04024767875671387
NA4_LAG10_027,NA4_LAG10,4,10,5,3,mild,C5,False,0.07802331447601318,0.0047951340675354,-0.07322818040847778,0.04633045196533203,0.004952549934387207,-0.041377902030944824
NA4_LAG10_027,NA4_LAG10,4,10,5,4,mild,C1,False,0.04915034770965576,0.013940215110778809,-0.03521013259887695,0.03008747100830078,0.011840283870697021,-0.01824718713760376
NA4_LAG10_027,NA4_LAG10,4,10,5,6,mild,C3,True,0.03561532497406006,0.043975889682769775,0.008360564708709717,0.020967423915863037,0.03438270092010498,0.013415277004241943
NA4_LAG10_028,NA4_LAG10,4,10,4,1,mild,C4,True,0.04218786954879761,0.014717578887939453,-0.027470290660858154,0.021008014678955078,0.016583681106567383,-0.004424333572387695
NA4_LAG10_028,NA4_LAG10,4,10,4,2,unrelated,,,0.02291959524154663,0.012453138828277588,-0.010466456413269043,0.01534336805343628,0.010755777359008789,-0.00458759069442749
NA4_LAG10_028,NA4_LAG10,4,10,4,3,cascade,C4,True,0.019453227519989014,0.008276820182800293,-0.01117640733718872,0.01358795166015625,0.007840633392333984,-0.005747318267822266
NA4_LAG10_028,NA4_LAG10,4,10,4,5,cascade,C2,False,0.033859074115753174,0.1496274471282959,0.11576837301254272,0.020968198776245117,0.15909695625305176,0.13812875747680664
NA4_LAG10_028,NA4_LAG10,4,10,4,6,cascade,C4,True,0.025508642196655273,0.00932168960571289,-0.016186952590942383,0.018780946731567383,0.008573412895202637,-0.010207533836364746
NA4_LAG10_029,NA4_LAG10,4,10,1,2,mild,C1,True,0.030014514923095703,0.022936522960662842,-0.007077991962432861,0.02072322368621826,0.01645660400390625,-0.004266619682312012
NA4_LAG10_029,NA4_LAG10,4,10,1,3,unrelated,,,0.022028982639312744,0.031248390674591064,0.00921940803527832,0.015283465385437012,0.026204586029052734,0.010921120643615723
NA4_LAG10_029,NA4_LAG10,4,10,1,4,mild,C5,False,0.02650994062423706,0.04076242446899414,0.01425248384475708,0.01889193058013916,0.0272061824798584,0.008314251899719238
NA4_LAG10_029,NA4_LAG10,4,10,1,5,mild,C3,False,0.02740997076034546,0.0906151533126831,0.06320518255233765,0.016987621784210205,0.07280784845352173,0.05582022666931152
NA4_LAG10_029,NA4_LAG10,4,10,1,6,mild,C5,False,0.02917182445526123,0.02898728847503662,-0.00018453598022460938,0.019074320793151855,0.025478839874267578,0.006404519081115723
NA4_LAG50_000,NA4_LAG50,4,50,3,1,unrelated,,,0.00757145881652832,0.0208321213722229,0.01326066255569458,0.005535900592803955,0.018335342407226562,0.012799441814422607
NA4_LAG50_000,NA4_LAG50,4,50,3,2,mild,C3,True,0.01212090253829956,0.0798715353012085,0.06775063276290894,0.008955001831054688,0.05352288484573364,0.044567883014678955
NA4_LAG50_000,NA4_LAG50,4,50,3,4,mild,C3,True,0.010908424854278564,0.06650781631469727,0.0555993914604187,0.008404552936553955,0.05145341157913208,0.043048858642578125
NA4_LAG50_000,NA4_LAG50,4,50,3,5,mild,C2,False,0.06208360195159912,0.027048230171203613,-0.03503537178039551,0.0244482159614563,0.022427856922149658,-0.0020203590393066406
NA4_LAG50_000,NA4_LAG50,4,50,3,6,cascade,C5,False,0.014795482158660889,0.022236943244934082,0.007441461086273193,0.009797453880310059,0.020669221878051758,0.0108717679977417
NA4_LAG50_001,NA4_LAG50,4,50,4,1,cascade,C2,False,0.021733343601226807,0.1512538194656372,0.1295204758644104,0.014248013496398926,0.1253519058227539,0.11110389232635498
NA4_LAG50_001,NA4_LAG50,4,50,4,2,unrelated,,,0.03303825855255127,0.0092087984085083,-0.02382946014404297,0.022363781929016113,0.007286369800567627,-0.015077412128448486
NA4_LAG50_001,NA4_LAG50,4,50,4,3,mild,C3,False,0.02030712366104126,0.05128222703933716,0.0309751033782959,0.013781249523162842,0.045926451683044434,0.03214520215988159
NA4_LAG50_001,NA4_LAG50,4,50,4,5,cascade,C5,True,0.02613508701324463,0.014242172241210938,-0.011892914772033691,0.01461249589920044,0.00921332836151123,-0.005399167537689209
NA4_LAG50_001,NA4_LAG50,4,50,4,6,cascade,C2,False,0.014172971248626709,0.14183616638183594,0.12766319513320923,0.008192956447601318,0.11831289529800415,0.11011993885040283
NA4_LAG50_002,NA4_LAG50,4,50,4,1,cascade,C5,False,0.012981057167053223,0.20163089036941528,0.18864983320236206,0.010456740856170654,0.1570102572441101,0.14655351638793945
NA4_LAG50_002,NA4_LAG50,4,50,4,2,mild,C2,True,0.01941007375717163,0.22760075330734253,0.2081906795501709,0.012013018131256104,0.17426884174346924,0.16225582361221313
NA4_LAG50_002,NA4_LAG50,4,50,4,3,mild,C3,False,0.01332324743270874,0.2215239405632019,0.20820069313049316,0.008198201656341553,0.1813133955001831,0.17311519384384155
NA4_LAG50_002,NA4_LAG50,4,50,4,5,cascade,C1,False,0.05444842576980591,0.22742873430252075,0.17298030853271484,0.03704804182052612,0.1697559952735901,0.13270795345306396
NA4_LAG50_002,NA4_LAG50,4,50,4,6,unrelated,,,0.00709909200668335,0.20730853080749512,0.20020943880081177,0.0054718852043151855,0.16151374578475952,0.15604186058044434
NA4_LAG50_003,NA4_LAG50,4,50,4,1,cascade,C5,False,0.02396947145462036,0.020389199256896973,-0.0035802721977233887,0.013954401016235352,0.021215736865997314,0.007261335849761963
NA4_LAG50_003,NA4_LAG50,4,50,4,2,cascade,C1,True,0.016457557678222656,0.010397493839263916,-0.00606006383895874,0.011592864990234375,0.00964808464050293,-0.0019447803497314453
NA4_LAG50_003,NA4_LAG50,4,50,4,3,mild,C1,True,0.01035982370376587,0.014507830142974854,0.004148006439208984,0.006244659423828125,0.01227802038192749,0.006033360958099365
NA4_LAG50_003,NA4_LAG50,4,50,4,5,mild,C4,False,0.028643429279327393,0.040403544902801514,0.011760115623474121,0.01858574151992798,0.03495192527770996,0.016366183757781982
NA4_LAG50_003,NA4_LAG50,4,50,4,6,unrelated,,,0.02698516845703125,0.03440731763839722,0.007422149181365967,0.019675016403198242,0.038506388664245605,0.018831372261047363
NA4_LAG50_004,NA4_LAG50,4,50,4,1,cascade,C2,True,0.030324101448059082,0.15787053108215332,0.12754642963409424,0.019277870655059814,0.17393112182617188,0.15465325117111206
NA4_LAG50_004,NA4_LAG50,4,50,4,2,mild,C5,False,0.024025261402130127,0.20350724458694458,0.17948198318481445,0.015996694564819336,0.19039756059646606,0.17440086603164673
NA4_LAG50_004,NA4_LAG50,4,50,4,3,mild,C5,False,0.037445068359375,0.1939682960510254,0.1565232276916504,0.027973532676696777,0.17733979225158691,0.14936625957489014
NA4_LAG50_004,NA4_LAG50,4,50,4,5,cascade,C2,True,0.05015850067138672,0.18905508518218994,0.13889658451080322,0.03240776062011719,0.19608640670776367,0.16367864608764648
NA4_LAG50_004,NA4_LAG50,4,50,4,6,unrelated,,,0.04040282964706421,0.19695919752120972,0.1565563678741455,0.027100324630737305,0.18312865495681763,0.15602833032608032
NA4_LAG50_005,NA4_LAG50,4,50,5,1,cascade,C5,False,0.05459249019622803,0.023401081562042236,-0.03119140863418579,0.03197753429412842,0.020734786987304688,-0.01124274730682373
NA4_LAG50_005,NA4_LAG50,4,50,5,2,mild,C3,False,0.022593975067138672,0.07596379518508911,0.05336982011795044,0.012636721134185791,0.07123339176177979,0.058596670627593994
NA4_LAG50_005,NA4_LAG50,4,50,5,3,cascade,C1,False,0.06753647327423096,0.024494647979736328,-0.04304182529449463,0.044451892375946045,0.02211010456085205,-0.022341787815093994
NA4_LAG50_005,NA4_LAG50,4,50,5,4,cascade,C4,True,0.036186814308166504,0.008784770965576172,-0.027402043342590332,0.02270221710205078,0.006875514984130859,-0.015826702117919922
NA4_LAG50_005,NA4_LAG50,4,50,5,6,unrelated,,,0.02886444330215454,0.028310537338256836,-0.0005539059638977051,0.01734215021133423,0.02905559539794922,0.01171344518661499
NA4_LAG50_006,NA4_LAG50,4,50,2,1,mild,C3,False,0.023437142372131348,0.1909191608428955,0.16748201847076416,0.014095008373260498,0.19166171550750732,0.17756670713424683
NA4_LAG50_006,NA4_LAG50,4,50,2,3,mild,C5,False,0.017207622528076172,0.17881399393081665,0.16160637140274048,0.011289417743682861,0.17238390445709229,0.16109448671340942
NA4_LAG50_006,NA4_LAG50,4,50,2,4,cascade,C4,False,0.028967559337615967,0.17770695686340332,0.14873939752578735,0.01600879430770874,0.16738325357437134,0.1513744592666626
NA4_LAG50_006,NA4_LAG50,4,50,2,5,mild,C4,False,0.022705256938934326,0.18825960159301758,0.16555434465408325,0.015051662921905518,0.18293941020965576,0.16788774728775024
NA4_LAG50_006,NA4_LAG50,4,50,2,6,unrelated,,,0.027030885219573975,0.20290321111679077,0.1758723258972168,0.016002297401428223,0.18994873762130737,0.17394644021987915
NA4_LAG50_007,NA4_LAG50,4,50,1,2,cascade,C4,True,0.0460207462310791,0.010810017585754395,-0.03521072864532471,0.02365022897720337,0.010464668273925781,-0.013185560703277588
NA4_LAG50_007,NA4_LAG50,4,50,1,3,cascade,C4,True,0.033896028995513916,0.0163155198097229,-0.017580509185791016,0.014559686183929443,0.013146758079528809,-0.0014129281044006348
NA4_LAG50_007,NA4_LAG50,4,50,1,4,unrelated,,,0.01470094919204712,0.011216700077056885,-0.0034842491149902344,0.009069383144378662,0.008381962776184082,-0.0006874203681945801
NA4_LAG50_007,NA4_LAG50,4,50,1,5,mild,C3,False,0.01717907190322876,0.05251944065093994,0.03534036874771118,0.012139976024627686,0.054155826568603516,0.04201585054397583
NA4_LAG50_007,NA4_LAG50,4,50,1,6,cascade,C4,True,0.027096927165985107,0.011441230773925781,-0.015655696392059326,0.014188528060913086,0.010779082775115967,-0.003409445285797119
NA4_LAG50_008,NA4_LAG50,4,50,3,1,cascade,C4,True,0.023849427700042725,0.01636570692062378,-0.007483720779418945,0.016818225383758545,0.012316644191741943,-0.0045015811920166016
NA4_LAG50_008,NA4_LAG50,4,50,3,2,mild,C4,True,0.025959253311157227,0.028768539428710938,0.002809286117553711,0.020360887050628662,0.021919071674346924,0.0015581846237182617
NA4_LAG50_008,NA4_LAG50,4,50,3,4,cascade,C4,True,0.03763967752456665,0.009835004806518555,-0.027804672718048096,0.013998687267303467,0.009558558464050293,-0.004440128803253174
NA4_LAG50_008,NA4_LAG50,4,50,3,5,cascade,C3,False,0.021589040756225586,0.0352897047996521,0.013700664043426514,0.01723027229309082,0.03582322597503662,0.0185929536819458
NA4_LAG50_008,NA4_LAG50,4,50,3,6,unrelated,,,0.013679683208465576,0.021588683128356934,0.007908999919891357,0.009808897972106934,0.02097243070602417,0.011163532733917236
NA4_LAG50_009,NA4_LAG50,4,50,5,1,unrelated,,,0.015719830989837646,0.23518425226211548,0.21946442127227783,0.00789332389831543,0.19640231132507324,0.1885089874267578
NA4_LAG50_009,NA4_LAG50,4,50,5,2,cascade,C2,True,0.014754533767700195,0.18776768445968628,0.17301315069198608,0.010705292224884033,0.1775604486465454,0.16685515642166138
NA4_LAG50_009,NA4_LAG50,4,50,5,3,cascade,C2,True,0.01858144998550415,0.2157226800918579,0.19714123010635376,0.008780598640441895,0.19816792011260986,0.18938732147216797
NA4_LAG50_009,NA4_LAG50,4,50,5,4,cascade,C2,True,0.021230041980743408,0.19600015878677368,0.17477011680603027,0.01583230495452881,0.20037329196929932,0.1845409870147705
NA4_LAG50_009,NA4_LAG50,4,50,5,6,cascade,C5,False,0.012783408164978027,0.23043543100357056,0.21765202283859253,0.007206082344055176,0.2039448618888855,0.19673877954483032
NA4_LAG50_010,NA4_LAG50,4,50,3,1,cascade,C5,True,0.015412569046020508,0.00774770975112915,-0.007664859294891357,0.007836461067199707,0.006999492645263672,-0.0008369684219360352
NA4_LAG50_010,NA4_LAG50,4,50,3,2,unrelated,,,0.030839920043945312,0.005344569683074951,-0.02549535036087036,0.024215102195739746,0.005279242992401123,-0.018935859203338623
NA4_LAG50_010,NA4_LAG50,4,50,3,4,mild,C1,False,0.023573637008666992,0.01473391056060791,-0.008839726448059082,0.010745465755462646,0.012902438640594482,0.002156972885131836
NA4_LAG50_010,NA4_LAG50,4,50,3,5,cascade,C4,False,0.05429518222808838,0.009106159210205078,-0.0451890230178833,0.036892712116241455,0.008709609508514404,-0.02818310260772705
NA4_LAG50_010,NA4_LAG50,4,50,3,6,mild,C5,True,0.03645682334899902,0.006326615810394287,-0.030130207538604736,0.016065657138824463,0.005188465118408203,-0.01087719202041626
NA4_LAG50_011,NA4_LAG50,4,50,5,1,mild,C1,False,0.018787622451782227,0.22309207916259766,0.20430445671081543,0.015529990196228027,0.20388823747634888,0.18835824728012085
NA4_LAG50_011,NA4_LAG50,4,50,5,2,mild,C2,True,0.017424702644348145,0.20789921283721924,0.1904745101928711,0.013021111488342285,0.19665676355361938,0.1836356520652771
NA4_LAG50_011,NA4_LAG50,4,50,5,3,cascade,C5,False,0.022763431072235107,0.20267194509506226,0.17990851402282715,0.01469796895980835,0.18096184730529785,0.1662638783454895
NA4_LAG50_011,NA4_LAG50,4,50,5,4,cascade,C1,False,0.015387296676635742,0.2325115203857422,0.21712422370910645,0.010210931301116943,0.1992676854133606,0.18905675411224365
NA4_LAG50_011,NA4_LAG50,4,50,5,6,unrelated,,,0.028222084045410156,0.21270591020584106,0.1844838261604309,0.01996314525604248,0.18174481391906738,0.1617816686630249
NA4_LAG50_012,NA4_LAG50,4,50,6,1,mild,C2,True,0.013640165328979492,0.2248859405517578,0.21124577522277832,0.010850965976715088,0.21311742067337036,0.20226645469665527
NA4_LAG50_012,NA4_LAG50,4,50,6,2,cascade,C2,True,0.009520471096038818,0.17123782634735107,0.16171735525131226,0.00709301233291626,0.18122977018356323,0.17413675785064697
NA4_LAG50_012,NA4_LAG50,4,50,6,3,mild,C1,False,0.02088618278503418,0.24373859167099,0.2228524088859558,0.015226125717163086,0.21894961595535278,0.2037234902381897
NA4_LAG50_012,NA4_LAG50,4,50,6,4,unrelated,,,0.02538001537322998,0.22375524044036865,0.19837522506713867,0.02102726697921753,0.19783389568328857,0.17680662870407104
NA4_LAG50_012,NA4_LAG50,4,50,6,5,mild,C4,False,0.018115878105163574,0.22219347953796387,0.2040776014328003,0.014804363250732422,0.20273983478546143,0.187935471534729
NA4_LAG50_013,NA4_LAG50,4,50,2,1,cascade,C3,True,0.07337599992752075,0.015567481517791748,-0.057808518409729004,0.030026137828826904,0.01136624813079834,-0.018659889698028564
NA4_LAG50_013,NA4_LAG50,4,50,2,3,unrelated,,,0.02038860321044922,0.020494401454925537,0.00010579824447631836,0.013208746910095215,0.013595104217529297,0.00038635730743408203
NA4_LAG50_013,NA4_LAG50,4,50,2,4,mild,C3,True,0.025216221809387207,0.03547680377960205,0.010260581970214844,0.014108419418334961,0.02992534637451172,0.015816926956176758
NA4_LAG50_013,NA4_LAG50,4,50,2,5,cascade,C3,True,0.02097487449645996,0.02535015344619751,0.004375278949737549,0.012056946754455566,0.02134549617767334,0.009288549423217773
NA4_LAG50_013,NA4_LAG50,4,50,2,6,mild,C3,True,0.026964426040649414,0.04139596223831177,0.014431536197662354,0.013712167739868164,0.040445148944854736,0.026732981204986572
NA4_LAG50_014,NA4_LAG50,4,50,5,1,cascade,C5,True,0.014189362525939941,0.010094940662384033,-0.004094421863555908,0.009965240955352783,0.009265422821044922,-0.0006998181343078613
NA4_LAG50_014,NA4_LAG50,4,50,5,2,mild,C5,True,0.009898543357849121,0.009827136993408203,-7.140636444091797e-05,0.005742073059082031,0.007372140884399414,0.0016300678253173828
NA4_LAG50_014,NA4_LAG50,4,50,5,3,mild,C2,False,0.018300354480743408,0.023320019245147705,0.005019664764404297,0.011544585227966309,0.022230565547943115,0.010685980319976807
NA4_LAG50_014,NA4_LAG50,4,50,5,4,mild,C2,False,0.023115456104278564,0.030760109424591064,0.0076446533203125,0.01382213830947876,0.026949763298034668,0.013127624988555908
NA4_LAG50_014,NA4_LAG50,4,50,5,6,unrelated,,,0.027784228324890137,0.015431702136993408,-0.012352526187896729,0.01961737871170044,0.013215124607086182,-0.006402254104614258
NA4_LAG50_015,NA4_LAG50,4,50,4,1,mild,C1,True,0.014792025089263916,0.017428815364837646,0.0026367902755737305,0.013277590274810791,0.014574229717254639,0.0012966394424438477
NA4_LAG50_015,NA4_LAG50,4,50,4,2,unrelated,,,0.013977527618408203,0.029901087284088135,0.01592355966567993,0.010411441326141357,0.029257535934448242,0.018846094608306885
NA4_LAG50_015,NA4_LAG50,4,50,4,3,cascade,C1,True,0.010842382907867432,0.028570473194122314,0.017728090286254883,0.00852137804031372,0.02155447006225586,0.013033092021942139
NA4_LAG50_015,NA4_LAG50,4,50,4,5,cascade,C1,True,0.02848637104034424,0.03319054841995239,0.004704177379608154,0.015309691429138184,0.02368295192718506,0.008373260498046875
NA4_LAG50_015,NA4_LAG50,4,50,4,6,cascade,C3,False,0.019690334796905518,0.03393739461898804,0.01424705982208252,0.011920154094696045,0.03017634153366089,0.018256187438964844
NA4_LAG50_016,NA4_LAG50,4,50,5,1,cascade,C3,False,0.03208082914352417,0.015053868293762207,-0.017026960849761963,0.020539283752441406,0.017654120922088623,-0.002885162830352783
NA4_LAG50_016,NA4_LAG50,4,50,5,2,mild,C1,False,0.04457283020019531,0.015550196170806885,-0.029022634029388428,0.023532330989837646,0.016119956970214844,-0.007412374019622803
NA4_LAG50_016,NA4_LAG50,4,50,5,3,mild,C4,True,0.033839404582977295,0.02089107036590576,-0.012948334217071533,0.02552121877670288,0.01902318000793457,-0.0064980387687683105
NA4_LAG50_016,NA4_LAG50,4,50,5,4,unrelated,,,0.025486111640930176,0.01194608211517334,-0.013540029525756836,0.014868378639221191,0.010593235492706299,-0.004275143146514893
NA4_LAG50_016,NA4_LAG50,4,50,5,6,cascade,C4,True,0.01792842149734497,0.007976353168487549,-0.009952068328857422,0.011601269245147705,0.006703794002532959,-0.004897475242614746
NA4_LAG50_017,NA4_LAG50,4,50,5,1,mild,C2,False,0.013946473598480225,0.02090078592300415,0.006954312324523926,0.009575366973876953,0.019872426986694336,0.010297060012817383
NA4_LAG50_017,NA4_LAG50,4,50,5,2,cascade,C2,False,0.01429593563079834,0.10429263114929199,0.08999669551849365,0.009717762470245361,0.09363609552383423,0.08391833305358887
NA4_LAG50_017,NA4_LAG50,4,50,5,3,mild,C5,True,0.012653350830078125,0.012193143367767334,-0.000460207462310791,0.008051753044128418,0.011508584022521973,0.0034568309783935547
NA4_LAG50_017,NA4_LAG50,4,50,5,4,unrelated,,,0.015208423137664795,0.012173116207122803,-0.003035306930541992,0.010040104389190674,0.011638522148132324,0.0015984177589416504
NA4_LAG50_017,NA4_LAG50,4,50,5,6,mild,C2,False,0.026368319988250732,0.025163710117340088,-0.0012046098709106445,0.01874309778213501,0.02100813388824463,0.002265036106109619
NA4_LAG50_018,NA4_LAG50,4,50,2,1,cascade,C4,True,0.028368055820465088,0.01528024673461914,-0.013087809085845947,0.01816922426223755,0.01082754135131836,-0.0073416829109191895
NA4_LAG50_018,NA4_LAG50,4,50,2,3,cascade,C4,True,0.03393435478210449,0.01041179895401001,-0.023522555828094482,0.021274447441101074,0.009350836277008057,-0.011923611164093018
NA4_LAG50_018,NA4_LAG50,4,50,2,4,unrelated,,,0.016676008701324463,0.010819971561431885,-0.005856037139892578,0.010595917701721191,0.009723842144012451,-0.0008720755577087402
NA4_LAG50_018,NA4_LAG50,4,50,2,5,mild,C4,True,0.04649931192398071,0.011317133903503418,-0.035182178020477295,0.03039407730102539,0.010366678237915039,-0.02002739906311035
NA4_LAG50_018,NA4_LAG50,4,50,2,6,mild,C4,True,0.0228155255317688,0.013445734977722168,-0.00936979055404663,0.013080239295959473,0.012112259864807129,-0.0009679794311523438
NA4_LAG50_019,NA4_LAG50,4,50,4,1,mild,C3,False,0.015533804893493652,0.05398881435394287,0.03845500946044922,0.011987626552581787,0.05304992198944092,0.04106229543685913
NA4_LAG50_019,NA4_LAG50,4,50,4,2,cascade,C4,False,0.027897298336029053,0.009500622749328613,-0.01839667558670044,0.015453815460205078,0.008572995662689209,-0.006880819797515869
NA4_LAG50_019,NA4_LAG50,4,50,4,3,mild,C5,True,0.033070385456085205,0.01209568977355957,-0.020974695682525635,0.018811941146850586,0.010479271411895752,-0.008332669734954834
NA4_LAG50_019,NA4_LAG50,4,50,4,5,unrelated,,,0.019543588161468506,0.009340763092041016,-0.01020282506942749,0.013383626937866211,0.005842924118041992,-0.007540702819824219
NA4_LAG50_019,NA4_LAG50,4,50,4,6,cascade,C5,True,0.03887099027633667,0.00520700216293335,-0.03366398811340332,0.024991929531097412,0.004049241542816162,-0.02094268798828125
NA4_LAG50_020,NA4_LAG50,4,50,4,1,cascade,C1,True,0.039425432682037354,0.020553112030029297,-0.018872320652008057,0.023456454277038574,0.014918088912963867,-0.008538365364074707
NA4_LAG50_020,NA4_LAG50,4,50,4,2,mild,C5,False,0.03933370113372803,0.02544480562210083,-0.013888895511627197,0.023398220539093018,0.024732112884521484,0.0013338923454284668
NA4_LAG50_020,NA4_LAG50,4,50,4,3,mild,C5,False,0.04531306028366089,0.028366446495056152,-0.016946613788604736,0.024256885051727295,0.029750347137451172,0.005493462085723877
NA4_LAG50_020,NA4_LAG50,4,50,4,5,unrelated,,,0.06141263246536255,0.026673972606658936,-0.03473865985870361,0.0316464900970459,0.024340450763702393,-0.007306039333343506
NA4_LAG50_020,NA4_LAG50,4,50,4,6,mild,C1,True,0.018621385097503662,0.022620677947998047,0.003999292850494385,0.011734247207641602,0.020203113555908203,0.008468866348266602
NA4_LAG50_021,NA4_LAG50,4,50,3,1,unrelated,,,0.01776224374771118,0.23093104362487793,0.21316879987716675,0.014410674571990967,0.1949353814125061,0.18052470684051514
NA4_LAG50_021,NA4_LAG50,4,50,3,2,cascade,C4,False,0.016269683837890625,0.211320698261261,0.19505101442337036,0.012074828147888184,0.18088340759277344,0.16880857944488525
NA4_LAG50_021,NA4_LAG50,4,50,3,4,mild,C2,True,0.010218143463134766,0.21539729833602905,0.2051791548728943,0.008810937404632568,0.18622690439224243,0.17741596698760986
NA4_LAG50_021,NA4_LAG50,4,50,3,5,cascade,C2,True,0.013095676898956299,0.18688124418258667,0.17378556728363037,0.00944507122039795,0.17286896705627441,0.16342389583587646
NA4_LAG50_021,NA4_LAG50,4,50,3,6,mild,C5,False,0.01372605562210083,0.21324634552001953,0.1995202898979187,0.008816540241241455,0.18906652927398682,0.18024998903274536
NA4_LAG50_022,NA4_LAG50,4,50,5,1,unrelated,,,0.028565943241119385,0.008030533790588379,-0.020535409450531006,0.014720797538757324,0.0061051249504089355,-0.008615672588348389
NA4_LAG50_022,NA4_LAG50,4,50,5,2,cascade,C3,False,0.014059007167816162,0.009949445724487305,-0.004109561443328857,0.009502649307250977,0.010384202003479004,0.0008815526962280273
NA4_LAG50_022,NA4_LAG50,4,50,5,3,mild,C1,False,0.011250138282775879,0.014247477054595947,0.0029973387718200684,0.007996797561645508,0.01252281665802002,0.004526019096374512
NA4_LAG50_022,NA4_LAG50,4,50,5,4,cascade,C5,True,0.0124625563621521,0.008497476577758789,-0.0039650797843933105,0.007567286491394043,0.0057007670402526855,-0.0018665194511413574
NA4_LAG50_022,NA4_LAG50,4,50,5,6,mild,C5,True,0.01392143964767456,0.008293390274047852,-0.005628049373626709,0.010064423084259033,0.006099343299865723,-0.0039650797843933105
NA4_LAG50_023,NA4_LAG50,4,50,1,2,cascade,C2,True,0.03160274028778076,0.1661393642425537,0.13453662395477295,0.016270339488983154,0.1748349666595459,0.15856462717056274
NA4_LAG50_023,NA4_LAG50,4,50,1,3,mild,C3,False,0.038806378841400146,0.22750425338745117,0.18869787454605103,0.020108401775360107,0.20985782146453857,0.18974941968917847
NA4_LAG50_023,NA4_LAG50,4,50,1,4,unrelated,,,0.028715848922729492,0.21111106872558594,0.18239521980285645,0.01625514030456543,0.19448316097259521,0.17822802066802979
NA4_LAG50_023,NA4_LAG50,4,50,1,5,mild,C4,False,0.05365878343582153,0.2096143364906311,0.15595555305480957,0.02457296848297119,0.18865925073623657,0.16408628225326538
NA4_LAG50_023,NA4_LAG50,4,50,1,6,cascade,C3,False,0.04714679718017578,0.20621895790100098,0.1590721607208252,0.025857388973236084,0.19356107711791992,0.16770368814468384
NA4_LAG50_024,NA4_LAG50,4,50,5,1,mild,C5,True,0.020662665367126465,0.009272575378417969,-0.011390089988708496,0.013234496116638184,0.008335113525390625,-0.004899382591247559
NA4_LAG50_024,NA4_LAG50,4,50,5,2,cascade,C5,True,0.02839416265487671,0.008150696754455566,-0.020243465900421143,0.016980767250061035,0.007326006889343262,-0.009654760360717773
NA4_LAG50_024,NA4_LAG50,4,50,5,3,cascade,C5,True,0.0242803692817688,0.009544789791107178,-0.014735579490661621,0.014488816261291504,0.007313966751098633,-0.007174849510192871
NA4_LAG50_024,NA4_LAG50,4,50,5,4,unrelated,,,0.024903059005737305,0.01366358995437622,-0.011239469051361084,0.01778721809387207,0.010341405868530273,-0.007445812225341797
NA4_LAG50_024,NA4_LAG50,4,50,5,6,mild,C5,True,0.015537858009338379,0.021076619625091553,0.005538761615753174,0.012652456760406494,0.015949785709381104,0.0032973289489746094
NA4_LAG50_025,NA4_LAG50,4,50,1,2,unrelated,,,0.032965242862701416,0.009806573390960693,-0.023158669471740723,0.01911395788192749,0.006748616695404053,-0.012365341186523438
NA4_LAG50_025,NA4_LAG50,4,50,1,3,cascade,C3,False,0.016472458839416504,0.019868850708007812,0.0033963918685913086,0.008792459964752197,0.01907968521118164,0.010287225246429443
NA4_LAG50_025,NA4_LAG50,4,50,1,4,mild,C5,True,0.045639216899871826,0.01345968246459961,-0.03217953443527222,0.027385950088500977,0.0104292631149292,-0.016956686973571777
NA4_LAG50_025,NA4_LAG50,4,50,1,5,mild,C5,True,0.04503071308135986,0.010975182056427002,-0.03405553102493286,0.026913166046142578,0.006995558738708496,-0.019917607307434082
NA4_LAG50_025,NA4_LAG50,4,50,1,6,cascade,C5,True,0.02316582202911377,0.010960519313812256,-0.012205302715301514,0.013588786125183105,0.007446706295013428,-0.006142079830169678
NA4_LAG50_026,NA4_LAG50,4,50,3,1,cascade,C1,False,0.018918514251708984,0.02340984344482422,0.004491329193115234,0.01034998893737793,0.021767616271972656,0.011417627334594727
NA4_LAG50_026,NA4_LAG50,4,50,3,2,unrelated,,,0.022100448608398438,0.015477120876312256,-0.006623327732086182,0.012043476104736328,0.012794554233551025,0.0007510781288146973
NA4_LAG50_026,NA4_LAG50,4,50,3,4,cascade,C3,False,0.027509868144989014,0.025690436363220215,-0.0018194317817687988,0.014024913311004639,0.02338474988937378,0.00935983657836914
NA4_LAG50_026,NA4_LAG50,4,50,3,5,mild,C5,False,0.045684635639190674,0.020853817462921143,-0.02483081817626953,0.02040320634841919,0.020701110363006592,0.00029790401458740234
NA4_LAG50_026,NA4_LAG50,4,50,3,6,cascade,C4,True,0.0193328857421875,0.017237722873687744,-0.002095162868499756,0.01209491491317749,0.015147089958190918,0.0030521750450134277
NA4_LAG50_027,NA4_LAG50,4,50,5,1,cascade,C3,True,0.03052520751953125,0.012074172496795654,-0.018451035022735596,0.02230536937713623,0.014161288738250732,-0.008144080638885498
NA4_LAG50_027,NA4_LAG50,4,50,5,2,unrelated,,,0.023418188095092773,0.006369411945343018,-0.017048776149749756,0.01622951030731201,0.005778193473815918,-0.010451316833496094
NA4_LAG50_027,NA4_LAG50,4,50,5,3,mild,C1,False,0.02283698320388794,0.010464966297149658,-0.012372016906738281,0.016587436199188232,0.009705662727355957,-0.006881773471832275
NA4_LAG50_027,NA4_LAG50,4,50,5,4,cascade,C1,False,0.0466001033782959,0.034386634826660156,-0.012213468551635742,0.02153533697128296,0.027377724647521973,0.005842387676239014
NA4_LAG50_027,NA4_LAG50,4,50,5,6,cascade,C3,True,0.013588547706604004,0.015401601791381836,0.001813054084777832,0.008427262306213379,0.01614546775817871,0.007718205451965332
NA4_LAG50_028,NA4_LAG50,4,50,5,1,unrelated,,,0.030574142932891846,0.031587958335876465,0.0010138154029846191,0.015053153038024902,0.025682151317596436,0.010628998279571533
NA4_LAG50_028,NA4_LAG50,4,50,5,2,mild,C2,False,0.04727572202682495,0.04268759489059448,-0.004588127136230469,0.019180715084075928,0.03505873680114746,0.015878021717071533
NA4_LAG50_028,NA4_LAG50,4,50,5,3,cascade,C4,False,0.014654934406280518,0.027424633502960205,0.012769699096679688,0.011453688144683838,0.025689005851745605,0.014235317707061768
NA4_LAG50_028,NA4_LAG50,4,50,5,4,mild,C3,False,0.016830086708068848,0.09115540981292725,0.0743253231048584,0.009878039360046387,0.0788152813911438,0.06893724203109741
NA4_LAG50_028,NA4_LAG50,4,50,5,6,mild,C4,False,0.016269326210021973,0.052126944065093994,0.03585761785507202,0.010231077671051025,0.039390742778778076,0.02915966510772705
NA4_LAG50_029,NA4_LAG50,4,50,4,1,mild,C2,False,0.01263648271560669,0.02028757333755493,0.007651090621948242,0.011246740818023682,0.016774654388427734,0.005527913570404053
NA4_LAG50_029,NA4_LAG50,4,50,4,2,mild,C2,False,0.016701102256774902,0.014980554580688477,-0.0017205476760864258,0.011225581169128418,0.01188671588897705,0.0006611347198486328
NA4_LAG50_029,NA4_LAG50,4,50,4,3,mild,C5,False,0.010362744331359863,0.018247246742248535,0.007884502410888672,0.007067620754241943,0.011759757995605469,0.004692137241363525
NA4_LAG50_029,NA4_LAG50,4,50,4,5,cascade,C3,True,0.01935344934463501,0.014038681983947754,-0.005314767360687256,0.01146996021270752,0.012309491634368896,0.000839531421661377
NA4_LAG50_029,NA4_LAG50,4,50,4,6,unrelated,,,0.01102447509765625,0.015039145946502686,0.0040146708488464355,0.00747835636138916,0.01037442684173584,0.0028960704803466797
NA5_LAG10_000,NA5_LAG10,5,10,5,1,cascade,C4,False,0.023560523986816406,0.009961903095245361,-0.013598620891571045,0.020489156246185303,0.010250985622406006,-0.010238170623779297
NA5_LAG10_000,NA5_LAG10,5,10,5,2,mild,C3,True,0.021390795707702637,0.04841655492782593,0.02702575922012329,0.01555013656616211,0.037231266498565674,0.021681129932403564
NA5_LAG10_000,NA5_LAG10,5,10,5,3,cascade,C3,True,0.020143330097198486,0.01736307144165039,-0.0027802586555480957,0.013103485107421875,0.017618179321289062,0.0045146942138671875
NA5_LAG10_000,NA5_LAG10,5,10,5,4,cascade,C3,True,0.01848280429840088,0.0228460431098938,0.00436323881149292,0.013464629650115967,0.020592212677001953,0.007127583026885986
NA5_LAG10_000,NA5_LAG10,5,10,5,6,cascade,C3,True,0.03353989124298096,0.032059311866760254,-0.0014805793762207031,0.02282959222793579,0.03298574686050415,0.01015615463256836
NA5_LAG10_001,NA5_LAG10,5,10,5,1,cascade,C5,False,0.07407331466674805,0.021098315715789795,-0.05297499895095825,0.04700440168380737,0.021278321743011475,-0.0257260799407959
NA5_LAG10_001,NA5_LAG10,5,10,5,2,mild,C1,True,0.014783799648284912,0.01855015754699707,0.003766357898712158,0.011404693126678467,0.01620328426361084,0.004798591136932373
NA5_LAG10_001,NA5_LAG10,5,10,5,3,mild,C1,True,0.01952725648880005,0.014885962009429932,-0.004641294479370117,0.01679152250289917,0.015394508838653564,-0.0013970136642456055
NA5_LAG10_001,NA5_LAG10,5,10,5,4,mild,C5,False,0.027397096157073975,0.031158387660980225,0.00376129150390625,0.015553891658782959,0.029650747776031494,0.014096856117248535
NA5_LAG10_001,NA5_LAG10,5,10,5,6,cascade,C3,False,0.053679466247558594,0.0217856764793396,-0.031893789768218994,0.03086984157562256,0.019440412521362305,-0.011429429054260254
NA5_LAG10_002,NA5_LAG10,5,10,6,1,cascade,C4,False,0.026785850524902344,0.027498602867126465,0.0007127523422241211,0.019295573234558105,0.02892225980758667,0.009626686573028564
NA5_LAG10_002,NA5_LAG10,5,10,6,2,cascade,C1,True,0.020526230335235596,0.010258674621582031,-0.010267555713653564,0.011602461338043213,0.008271574974060059,-0.0033308863639831543
NA5_LAG10_002,NA5_LAG10,5,10,6,3,mild,C5,False,0.02802819013595581,0.026189088821411133,-0.0018391013145446777,0.01730501651763916,0.024524569511413574,0.007219552993774414
NA5_LAG10_002,NA5_LAG10,5,10,6,4,cascade,C1,True,0.020708143711090088,0.013042211532592773,-0.0076659321784973145,0.012497186660766602,0.009753942489624023,-0.002743244171142578
NA5_LAG10_002,NA5_LAG10,5,10,6,5,cascade,C1,True,0.011652588844299316,0.011801064014434814,0.00014847517013549805,0.006746470928192139,0.007468044757843018,0.0007215738296508789
NA5_LAG10_003,NA5_LAG10,5,10,6,1,cascade,C3,True,0.06273579597473145,0.01757228374481201,-0.045163512229919434,0.035433292388916016,0.017799675464630127,-0.01763361692428589
NA5_LAG10_003,NA5_LAG10,5,10,6,2,cascade,C4,False,0.02614682912826538,0.013606786727905273,-0.012540042400360107,0.015706419944763184,0.01403135061264038,-0.0016750693321228027
NA5_LAG10_003,NA5_LAG10,5,10,6,3,mild,C3,True,0.07840871810913086,0.043632328510284424,-0.034776389598846436,0.051239848136901855,0.03832489252090454,-0.012914955615997314
NA5_LAG10_003,NA5_LAG10,5,10,6,4,cascade,C3,True,0.03329366445541382,0.02204310894012451,-0.011250555515289307,0.019966185092926025,0.02243751287460327,0.002471327781677246
NA5_LAG10_003,NA5_LAG10,5,10,6,5,cascade,C3,True,0.055595338344573975,0.02122873067855835,-0.034366607666015625,0.03212535381317139,0.0235823392868042,-0.008543014526367188
NA5_LAG10_004,NA5_LAG10,5,10,5,1,mild,C1,False,0.00844419002532959,0.01211690902709961,0.0036727190017700195,0.008212029933929443,0.010981202125549316,0.002769172191619873
NA5_LAG10_004,NA5_LAG10,5,10,5,2,cascade,C4,True,0.01818692684173584,0.008111953735351562,-0.010074973106384277,0.011133730411529541,0.006475269794464111,-0.00465846061706543
NA5_LAG10_004,NA5_LAG10,5,10,5,3,mild,C4,True,0.013930797576904297,0.02596116065979004,0.012030363082885742,0.01108020544052124,0.025924086570739746,0.014843881130218506
NA5_LAG10_004,NA5_LAG10,5,10,5,4,cascade,C4,True,0.009081780910491943,0.008869469165802002,-0.0002123117446899414,0.0075193047523498535,0.008923947811126709,0.0014046430587768555
NA5_LAG10_004,NA5_LAG10,5,10,5,6,mild,C3,False,0.015452980995178223,0.047037363052368164,0.03158438205718994,0.00862729549407959,0.04069417715072632,0.03206688165664673
NA5_LAG10_005,NA5_LAG10,5,10,3,1,cascade,C1,True,0.0444909930229187,0.014443278312683105,-0.030047714710235596,0.03381079435348511,0.01093512773513794,-0.022875666618347168
NA5_LAG10_005,NA5_LAG10,5,10,3,2,mild,C1,True,0.019601047039031982,0.03193044662475586,0.012329399585723877,0.011610984802246094,0.027500808238983154,0.01588982343673706
NA5_LAG10_005,NA5_LAG10,5,10,3,4,cascade,C2,False,0.023693203926086426,0.17149996757507324,0.14780676364898682,0.015215694904327393,0.17706328630447388,0.16184759140014648
NA5_LAG10_005,NA5_LAG10,5,10,3,5,mild,C1,True,0.012611627578735352,0.024495422840118408,0.011883795261383057,0.007955789566040039,0.016941189765930176,0.008985400199890137
NA5_LAG10_005,NA5_LAG10,5,10,3,6,cascade,C1,True,0.04329049587249756,0.008399486541748047,-0.03489100933074951,0.025275707244873047,0.006126105785369873,-0.019149601459503174
NA5_LAG10_006,NA5_LAG10,5,10,1,2,cascade,C3,True,0.03375256061553955,0.03599882125854492,0.002246260643005371,0.018230020999908447,0.034684598445892334,0.016454577445983887
NA5_LAG10_006,NA5_LAG10,5,10,1,3,cascade,C2,False,0.026617884635925293,0.1563955545425415,0.1297776699066162,0.014674603939056396,0.15216076374053955,0.13748615980148315
NA5_LAG10_006,NA5_LAG10,5,10,1,4,mild,C4,False,0.02543354034423828,0.01426619291305542,-0.011167347431182861,0.015152215957641602,0.011019289493560791,-0.0041329264640808105
NA5_LAG10_006,NA5_LAG10,5,10,1,5,mild,C1,False,0.018067002296447754,0.015596210956573486,-0.0024707913398742676,0.01743924617767334,0.011202573776245117,-0.006236672401428223
NA5_LAG10_006,NA5_LAG10,5,10,1,6,cascade,C1,False,0.011545717716217041,0.0214347243309021,0.009889006614685059,0.007654666900634766,0.017805397510528564,0.010150730609893799
NA5_LAG10_007,NA5_LAG10,5,10,1,2,cascade,C4,True,0.034875333309173584,0.012108922004699707,-0.022766411304473877,0.018532156944274902,0.010424613952636719,-0.008107542991638184
NA5_LAG10_007,NA5_LAG10,5,10,1,3,mild,C3,False,0.02065962553024292,0.060506224632263184,0.039846599102020264,0.015378057956695557,0.053696393966674805,0.03831833600997925
NA5_LAG10_007,NA5_LAG10,5,10,1,4,cascade,C2,False,0.022052764892578125,0.17878121137619019,0.15672844648361206,0.01290905475616455,0.1731623411178589,0.16025328636169434
NA5_LAG10_007,NA5_LAG10,5,10,1,5,cascade,C4,True,0.010555803775787354,0.00804990530014038,-0.0025058984756469727,0.006391465663909912,0.00645977258682251,6.830692291259766e-05
NA5_LAG10_007,NA5_LAG10,5,10,1,6,cascade,C4,True,0.01671922206878662,0.01141446828842163,-0.00530475378036499,0.009742379188537598,0.009293437004089355,-0.0004489421844482422
NA5_LAG10_008,NA5_LAG10,5,10,1,2,mild,C5,True,0.028391242027282715,0.015165507793426514,-0.013225734233856201,0.01670771837234497,0.013052701950073242,-0.0036550164222717285
NA5_LAG10_008,NA5_LAG10,5,10,1,3,cascade,C5,True,0.023482024669647217,0.015388548374176025,-0.008093476295471191,0.01755821704864502,0.012386023998260498,-0.0051721930503845215
NA5_LAG10_008,NA5_LAG10,5,10,1,4,cascade,C4,False,0.034796833992004395,0.008242905139923096,-0.0265539288520813,0.023489773273468018,0.00832819938659668,-0.015161573886871338
NA5_LAG10_008,NA5_LAG10,5,10,1,5,mild,C3,False,0.024074316024780273,0.06562578678131104,0.04155147075653076,0.015117526054382324,0.053738951683044434,0.03862142562866211
NA5_LAG10_008,NA5_LAG10,5,10,1,6,mild,C3,False,0.026309490203857422,0.05976492166519165,0.03345543146133423,0.019749701023101807,0.04588723182678223,0.02613753080368042
NA5_LAG10_009,NA5_LAG10,5,10,5,1,cascade,C3,False,0.032761573791503906,0.20539367198944092,0.172632098197937,0.02061641216278076,0.1745527982711792,0.15393638610839844
NA5_LAG10_009,NA5_LAG10,5,10,5,2,cascade,C4,False,0.01770925521850586,0.20580452680587769,0.18809527158737183,0.014321625232696533,0.1883494257926941,0.17402780055999756
NA5_LAG10_009,NA5_LAG10,5,10,5,3,cascade,C2,True,0.06419771909713745,0.17351865768432617,0.10932093858718872,0.035566866397857666,0.2213904857635498,0.18582361936569214
NA5_LAG10_009,NA5_LAG10,5,10,5,4,cascade,C4,False,0.019502699375152588,0.2085677981376648,0.1890650987625122,0.013379275798797607,0.17623811960220337,0.16285884380340576
NA5_LAG10_009,NA5_LAG10,5,10,5,6,mild,C2,True,0.018409013748168945,0.21116745471954346,0.1927584409713745,0.013045012950897217,0.19325757026672363,0.18021255731582642
NA5_LAG10_010,NA5_LAG10,5,10,4,1,mild,C1,True,0.01983886957168579,0.022826850414276123,0.002987980842590332,0.012474536895751953,0.01794523000717163,0.005470693111419678
NA5_LAG10_010,NA5_LAG10,5,10,4,2,mild,C1,True,0.026144802570343018,0.0526195764541626,0.02647477388381958,0.012258470058441162,0.041855812072753906,0.029597342014312744
NA5_LAG10_010,NA5_LAG10,5,10,4,3,cascade,C1,True,0.031063854694366455,0.01397925615310669,-0.017084598541259766,0.01568901538848877,0.011529326438903809,-0.004159688949584961
NA5_LAG10_010,NA5_LAG10,5,10,4,5,mild,C1,True,0.029919445514678955,0.019519269466400146,-0.010400176048278809,0.02093285322189331,0.016501247882843018,-0.004431605339050293
NA5_LAG10_010,NA5_LAG10,5,10,4,6,mild,C1,True,0.03289389610290527,0.029681682586669922,-0.0032122135162353516,0.017234981060028076,0.023618638515472412,0.006383657455444336
NA5_LAG10_011,NA5_LAG10,5,10,3,1,mild,C2,False,0.03194832801818848,0.01726388931274414,-0.014684438705444336,0.024068355560302734,0.018461227416992188,-0.005607128143310547
NA5_LAG10_011,NA5_LAG10,5,10,3,2,cascade,C3,False,0.02068924903869629,0.022884845733642578,0.002195596694946289,0.016954898834228516,0.017395198345184326,0.00044029951095581055
NA5_LAG10_011,NA5_LAG10,5,10,3,4,cascade,C5,True,0.020331382751464844,0.023072540760040283,0.0027411580085754395,0.013074755668640137,0.01898479461669922,0.005910038948059082
NA5_LAG10_011,NA5_LAG10,5,10,3,5,cascade,C1,False,0.0277557373046875,0.01983952522277832,-0.00791621208190918,0.01685357093811035,0.01851111650466919,0.0016575455665588379
NA5_LAG10_011,NA5_LAG10,5,10,3,6,cascade,C1,False,0.04002559185028076,0.024759948253631592,-0.01526564359664917,0.03336834907531738,0.017763197422027588,-0.015605151653289795
NA5_LAG10_012,NA5_LAG10,5,10,1,2,mild,C4,False,0.009947717189788818,0.0442844033241272,0.03433668613433838,0.010363519191741943,0.04238903522491455,0.03202551603317261
NA5_LAG10_012,NA5_LAG10,5,10,1,3,cascade,C3,False,0.01430058479309082,0.0291021466255188,0.014801561832427979,0.010410070419311523,0.027951359748840332,0.01754128932952881
NA5_LAG10_012,NA5_LAG10,5,10,1,4,cascade,C1,True,0.03448629379272461,0.004408657550811768,-0.030077636241912842,0.01847738027572632,0.003976345062255859,-0.014501035213470459
NA5_LAG10_012,NA5_LAG10,5,10,1,5,cascade,C3,False,0.015804946422576904,0.023887693881988525,0.008082747459411621,0.011208117008209229,0.023056328296661377,0.011848211288452148
NA5_LAG10_012,NA5_LAG10,5,10,1,6,cascade,C1,True,0.01673412322998047,0.007193148136138916,-0.009540975093841553,0.01448678970336914,0.005668818950653076,-0.008817970752716064
NA5_LAG10_013,NA5_LAG10,5,10,2,1,cascade,C2,False,0.011660158634185791,0.1697738766670227,0.15811371803283691,0.01008450984954834,0.15518754720687866,0.14510303735733032
NA5_LAG10_013,NA5_LAG10,5,10,2,3,cascade,C3,True,0.030253589153289795,0.01937699317932129,-0.010876595973968506,0.018015921115875244,0.019160091876983643,0.0011441707611083984
NA5_LAG10_013,NA5_LAG10,5,10,2,4,cascade,C4,False,0.012399435043334961,0.012709975242614746,0.00031054019927978516,0.007801175117492676,0.012416839599609375,0.004615664482116699
NA5_LAG10_013,NA5_LAG10,5,10,2,5,mild,C3,True,0.05349189043045044,0.03376394510269165,-0.01972794532775879,0.02699941396713257,0.026470839977264404,-0.0005285739898681641
NA5_LAG10_013,NA5_LAG10,5,10,2,6,mild,C5,False,0.020734548568725586,0.014218747615814209,-0.006515800952911377,0.009805738925933838,0.011729836463928223,0.0019240975379943848
NA5_LAG10_014,NA5_LAG10,5,10,3,1,mild,C5,False,0.020340323448181152,0.20390623807907104,0.1835659146308899,0.014065086841583252,0.17793762683868408,0.16387253999710083
NA5_LAG10_014,NA5_LAG10,5,10,3,2,cascade,C2,True,0.03424513339996338,0.11700260639190674,0.08275747299194336,0.01774013042449951,0.15541166067123413,0.13767153024673462
NA5_LAG10_014,NA5_LAG10,5,10,3,4,cascade,C5,False,0.024453401565551758,0.2112312912940979,0.18677788972854614,0.019043803215026855,0.18260031938552856,0.1635565161705017
NA5_LAG10_014,NA5_LAG10,5,10,3,5,cascade,C5,False,0.03456240892410278,0.21295666694641113,0.17839425802230835,0.016404807567596436,0.18476492166519165,0.16836011409759521
NA5_LAG10_014,NA5_LAG10,5,10,3,6,mild,C2,True,0.007957935333251953,0.19670504331588745,0.1887471079826355,0.0080488920211792,0.1771460771560669,0.1690971851348877
NA5_LAG10_015,NA5_LAG10,5,10,2,1,cascade,C2,False,0.019533634185791016,0.1915876269340515,0.1720539927482605,0.013470888137817383,0.17001891136169434,0.15654802322387695
NA5_LAG10_015,NA5_LAG10,5,10,2,3,mild,C3,True,0.030214309692382812,0.05786788463592529,0.02765357494354248,0.02223968505859375,0.041758835315704346,0.019519150257110596
NA5_LAG10_015,NA5_LAG10,5,10,2,4,mild,C1,False,0.03206092119216919,0.02074486017227173,-0.011316061019897461,0.022605955600738525,0.020042002201080322,-0.002563953399658203
NA5_LAG10_015,NA5_LAG10,5,10,2,5,mild,C5,False,0.01943373680114746,0.01706671714782715,-0.0023670196533203125,0.015403985977172852,0.015237212181091309,-0.00016677379608154297
NA5_LAG10_015,NA5_LAG10,5,10,2,6,mild,C3,True,0.012394428253173828,0.067188560962677,0.054794132709503174,0.009919881820678711,0.04622507095336914,0.03630518913269043
NA5_LAG10_016,NA5_LAG10,5,10,1,2,mild,C2,True,0.017578065395355225,0.21211165189743042,0.1945335865020752,0.01361691951751709,0.1910637617111206,0.17744684219360352
NA5_LAG10_016,NA5_LAG10,5,10,1,3,cascade,C3,False,0.025759577751159668,0.20808130502700806,0.1823217272758484,0.017323672771453857,0.17704474925994873,0.15972107648849487
NA5_LAG10_016,NA5_LAG10,5,10,1,4,mild,C2,True,0.03834885358810425,0.21700519323349,0.17865633964538574,0.021649062633514404,0.19642966985702515,0.17478060722351074
NA5_LAG10_016,NA5_LAG10,5,10,1,5,mild,C2,True,0.03562217950820923,0.20313453674316406,0.16751235723495483,0.022816836833953857,0.18896013498306274,0.1661432981491089
NA5_LAG10_016,NA5_LAG10,5,10,1,6,mild,C2,True,0.023814618587493896,0.2167256474494934,0.1929110288619995,0.013967275619506836,0.19929707050323486,0.18532979488372803
NA5_LAG10_017,NA5_LAG10,5,10,6,1,mild,C4,True,0.01949554681777954,0.01640462875366211,-0.0030909180641174316,0.013865053653717041,0.013718187808990479,-0.0001468658447265625
NA5_LAG10_017,NA5_LAG10,5,10,6,2,cascade,C2,False,0.0294950008392334,0.19874107837677002,0.16924607753753662,0.02142542600631714,0.19348782300949097,0.17206239700317383
NA5_LAG10_017,NA5_LAG10,5,10,6,3,cascade,C2,False,0.01923668384552002,0.18662840127944946,0.16739171743392944,0.01208418607711792,0.17841529846191406,0.16633111238479614
NA5_LAG10_017,NA5_LAG10,5,10,6,4,mild,C4,True,0.022385120391845703,0.020450353622436523,-0.0019347667694091797,0.014937281608581543,0.01615673303604126,0.0012194514274597168
NA5_LAG10_017,NA5_LAG10,5,10,6,5,cascade,C4,True,0.03576427698135376,0.0064563751220703125,-0.029307901859283447,0.021286606788635254,0.006126761436462402,-0.015159845352172852
NA5_LAG10_018,NA5_LAG10,5,10,5,1,mild,C5,False,0.03175687789916992,0.014963865280151367,-0.016793012619018555,0.019315659999847412,0.01327449083328247,-0.006041169166564941
NA5_LAG10_018,NA5_LAG10,5,10,5,2,cascade,C1,True,0.019778192043304443,0.007196366786956787,-0.012581825256347656,0.01870095729827881,0.006034910678863525,-0.012666046619415283
NA5_LAG10_018,NA5_LAG10,5,10,5,3,mild,C1,True,0.018712162971496582,0.012908518314361572,-0.00580364465713501,0.013830363750457764,0.009849727153778076,-0.0039806365966796875
NA5_LAG10_018,NA5_LAG10,5,10,5,4,cascade,C1,True,0.024943113327026367,0.012574315071105957,-0.01236879825592041,0.015513360500335693,0.00794684886932373,-0.007566511631011963
NA5_LAG10_018,NA5_LAG10,5,10,5,6,cascade,C1,True,0.02478039264678955,0.018847167491912842,-0.005933225154876709,0.017062723636627197,0.014932751655578613,-0.002129971981048584
NA5_LAG10_019,NA5_LAG10,5,10,3,1,mild,C5,False,0.02822357416152954,0.009175360202789307,-0.019048213958740234,0.021043121814727783,0.00765228271484375,-0.013390839099884033
NA5_LAG10_019,NA5_LAG10,5,10,3,2,mild,C5,False,0.04032391309738159,0.016218960285186768,-0.024104952812194824,0.02671283483505249,0.015761911869049072,-0.010950922966003418
NA5_LAG10_019,NA5_LAG10,5,10,3,4,mild,C3,True,0.04163253307342529,0.06583577394485474,0.024203240871429443,0.01968473196029663,0.04223287105560303,0.022548139095306396
NA5_LAG10_019,NA5_LAG10,5,10,3,5,mild,C3,True,0.02829653024673462,0.04940652847290039,0.02110999822616577,0.017207324504852295,0.04018759727478027,0.02298027276992798
NA5_LAG10_019,NA5_LAG10,5,10,3,6,cascade,C5,False,0.017319858074188232,0.015162944793701172,-0.0021569132804870605,0.014068245887756348,0.012783288955688477,-0.001284956932067871
NA5_LAG10_020,NA5_LAG10,5,10,3,1,mild,C1,False,0.019531607627868652,0.011703789234161377,-0.007827818393707275,0.016989052295684814,0.01066654920578003,-0.006322503089904785
NA5_LAG10_020,NA5_LAG10,5,10,3,2,mild,C4,True,0.041236281394958496,0.013733744621276855,-0.02750253677368164,0.026867985725402832,0.01072627305984497,-0.01614171266555786
NA5_LAG10_020,NA5_LAG10,5,10,3,4,mild,C4,True,0.0428275465965271,0.011005043983459473,-0.03182250261306763,0.03014957904815674,0.010178089141845703,-0.019971489906311035
NA5_LAG10_020,NA5_LAG10,5,10,3,5,cascade,C5,False,0.034716129302978516,0.010100364685058594,-0.024615764617919922,0.024308443069458008,0.009265482425689697,-0.01504296064376831
NA5_LAG10_020,NA5_LAG10,5,10,3,6,cascade,C4,True,0.009469926357269287,0.0120810866355896,0.0026111602783203125,0.007748067378997803,0.009060323238372803,0.001312255859375
NA5_LAG10_021,NA5_LAG10,5,10,1,2,mild,C3,False,0.029422521591186523,0.07301026582717896,0.04358774423599243,0.017797529697418213,0.04637587070465088,0.028578341007232666
NA5_LAG10_021,NA5_LAG10,5,10,1,3,mild,C5,False,0.03189200162887573,0.03188300132751465,-9.000301361083984e-06,0.02280324697494507,0.027187228202819824,0.004383981227874756
NA5_LAG10_021,NA5_LAG10,5,10,1,4,cascade,C2,False,0.04092925786972046,0.1943521499633789,0.15342289209365845,0.0228196382522583,0.1661664843559265,0.1433468461036682
NA5_LAG10_021,NA5_LAG10,5,10,1,5,cascade,C4,False,0.04837733507156372,0.020935237407684326,-0.027442097663879395,0.02520132064819336,0.020227909088134766,-0.004973411560058594
NA5_LAG10_021,NA5_LAG10,5,10,1,6,cascade,C2,False,0.03409290313720703,0.15854376554489136,0.12445086240768433,0.015877842903137207,0.14192312955856323,0.12604528665542603
NA5_LAG10_022,NA5_LAG10,5,10,5,1,mild,C3,True,0.027593672275543213,0.05747753381729126,0.029883861541748047,0.016280651092529297,0.046376049518585205,0.030095398426055908
NA5_LAG10_022,NA5_LAG10,5,10,5,2,mild,C2,False,0.04354679584503174,0.024329423904418945,-0.019217371940612793,0.028215527534484863,0.022133469581604004,-0.006082057952880859
NA5_LAG10_022,NA5_LAG10,5,10,5,3,mild,C5,False,0.025108277797698975,0.01377028226852417,-0.011337995529174805,0.014385879039764404,0.012007594108581543,-0.0023782849311828613
NA5_LAG10_022,NA5_LAG10,5,10,5,4,mild,C3,True,0.034288644790649414,0.04737657308578491,0.013087928295135498,0.021595418453216553,0.03568202257156372,0.014086604118347168
NA5_LAG10_022,NA5_LAG10,5,10,5,6,mild,C2,False,0.04794067144393921,0.014779388904571533,-0.033161282539367676,0.036033570766448975,0.013067364692687988,-0.022966206073760986
NA5_LAG10_023,NA5_LAG10,5,10,3,1,mild,C5,True,0.010752260684967041,0.010596632957458496,-0.00015562772750854492,0.008110642433166504,0.009220123291015625,0.001109480857849121
NA5_LAG10_023,NA5_LAG10,5,10,3,2,mild,C5,True,0.034538984298706055,0.025270164012908936,-0.00926882028579712,0.01565772294998169,0.021023154258728027,0.005365431308746338
NA5_LAG10_023,NA5_LAG10,5,10,3,4,mild,C5,True,0.021426022052764893,0.02448207139968872,0.003056049346923828,0.01476520299911499,0.020850718021392822,0.006085515022277832
NA5_LAG10_023,NA5_LAG10,5,10,3,5,mild,C1,False,0.05961477756500244,0.030704140663146973,-0.02891063690185547,0.031216740608215332,0.03027641773223877,-0.0009403228759765625
NA5_LAG10_023,NA5_LAG10,5,10,3,6,mild,C2,False,0.0277978777885437,0.027000010013580322,-0.0007978677749633789,0.020978808403015137,0.018332302570343018,-0.002646505832672119
NA5_LAG10_024,NA5_LAG10,5,10,2,1,mild,C4,False,0.04842251539230347,0.17968344688415527,0.1312609314918518,0.021592795848846436,0.16203075647354126,0.14043796062469482
NA5_LAG10_024,NA5_LAG10,5,10,2,3,cascade,C2,True,0.07266062498092651,0.1407729983329773,0.06811237335205078,0.04040294885635376,0.1636354923248291,0.12323254346847534
NA5_LAG10_024,NA5_LAG10,5,10,2,4,mild,C1,False,0.038530051708221436,0.18462222814559937,0.14609217643737793,0.019188284873962402,0.1613903045654297,0.14220201969146729
NA5_LAG10_024,NA5_LAG10,5,10,2,5,cascade,C2,True,0.027008116245269775,0.06801432371139526,0.04100620746612549,0.01309293508529663,0.08190703392028809,0.06881409883499146
NA5_LAG10_024,NA5_LAG10,5,10,2,6,cascade,C2,True,0.016620337963104248,0.09238314628601074,0.0757628083229065,0.012782871723175049,0.12551766633987427,0.11273479461669922
NA5_LAG10_025,NA5_LAG10,5,10,5,1,mild,C1,True,0.025786101818084717,0.014072835445404053,-0.011713266372680664,0.01546710729598999,0.011940300464630127,-0.0035268068313598633
NA5_LAG10_025,NA5_LAG10,5,10,5,2,mild,C1,True,0.026381313800811768,0.016871988773345947,-0.00950932502746582,0.011640369892120361,0.0147055983543396,0.0030652284622192383
NA5_LAG10_025,NA5_LAG10,5,10,5,3,mild,C1,True,0.051252007484436035,0.013021290302276611,-0.038230717182159424,0.02457326650619507,0.011797308921813965,-0.012775957584381104
NA5_LAG10_025,NA5_LAG10,5,10,5,4,cascade,C1,True,0.030625879764556885,0.0161401629447937,-0.014485716819763184,0.015429258346557617,0.013655662536621094,-0.0017735958099365234
NA5_LAG10_025,NA5_LAG10,5,10,5,6,mild,C1,True,0.023760735988616943,0.013715863227844238,-0.010044872760772705,0.01545649766921997,0.010277509689331055,-0.005178987979888916
NA5_LAG10_026,NA5_LAG10,5,10,3,1,cascade,C1,True,0.026230931282043457,0.011464118957519531,-0.014766812324523926,0.01609194278717041,0.01103585958480835,-0.0050560832023620605
NA5_LAG10_026,NA5_LAG10,5,10,3,2,cascade,C1,True,0.040139198303222656,0.013464748859405518,-0.02667444944381714,0.022853076457977295,0.010920822620391846,-0.01193225383758545
NA5_LAG10_026,NA5_LAG10,5,10,3,4,cascade,C1,True,0.01792663335800171,0.008019864559173584,-0.009906768798828125,0.010439157485961914,0.007089853286743164,-0.00334930419921875
NA5_LAG10_026,NA5_LAG10,5,10,3,5,cascade,C1,True,0.014049053192138672,0.018952369689941406,0.004903316497802734,0.013135671615600586,0.013976633548736572,0.0008409619331359863
NA5_LAG10_026,NA5_LAG10,5,10,3,6,cascade,C1,True,0.011184990406036377,0.021249592304229736,0.01006460189819336,0.00801461935043335,0.01611793041229248,0.00810331106185913
NA5_LAG10_027,NA5_LAG10,5,10,4,1,mild,C2,False,0.024823784828186035,0.042872846126556396,0.01804906129837036,0.01841658353805542,0.03918933868408203,0.02077275514602661
NA5_LAG10_027,NA5_LAG10,5,10,4,2,mild,C1,True,0.050060927867889404,0.023348689079284668,-0.026712238788604736,0.023905456066131592,0.01857703924179077,-0.00532841682434082
NA5_LAG10_027,NA5_LAG10,5,10,4,3,mild,C1,True,0.01641523838043213,0.011032164096832275,-0.0053830742835998535,0.00981372594833374,0.011776447296142578,0.001962721347808838
NA5_LAG10_027,NA5_LAG10,5,10,4,5,mild,C1,True,0.014016270637512207,0.009481310844421387,-0.00453495979309082,0.008754730224609375,0.007677733898162842,-0.0010769963264465332
NA5_LAG10_027,NA5_LAG10,5,10,4,6,mild,C3,False,0.009330213069915771,0.07705920934677124,0.06772899627685547,0.006289124488830566,0.054486989974975586,0.04819786548614502
NA5_LAG10_028,NA5_LAG10,5,10,1,2,cascade,C1,False,0.025334715843200684,0.24995845556259155,0.22462373971939087,0.018013477325439453,0.22203177213668823,0.20401829481124878
NA5_LAG10_028,NA5_LAG10,5,10,1,3,cascade,C2,True,0.025876760482788086,0.11062097549438477,0.08474421501159668,0.018723726272583008,0.1493503451347351,0.1306266188621521
NA5_LAG10_028,NA5_LAG10,5,10,1,4,cascade,C2,True,0.01752758026123047,0.1253817081451416,0.10785412788391113,0.012194514274597168,0.20678436756134033,0.19458985328674316
NA5_LAG10_028,NA5_LAG10,5,10,1,5,mild,C2,True,0.03292030096054077,0.18984299898147583,0.15692269802093506,0.02156674861907959,0.17490828037261963,0.15334153175354004
NA5_LAG10_028,NA5_LAG10,5,10,1,6,cascade,C3,False,0.016347527503967285,0.1972610354423523,0.180913507938385,0.011180698871612549,0.1749621033668518,0.16378140449523926
NA5_LAG10_029,NA5_LAG10,5,10,6,1,mild,C4,True,0.017279863357543945,0.010159134864807129,-0.007120728492736816,0.014003992080688477,0.01139843463897705,-0.0026055574417114258
NA5_LAG10_029,NA5_LAG10,5,10,6,2,cascade,C3,False,0.02178901433944702,0.023017585277557373,0.0012285709381103516,0.016212046146392822,0.02461373805999756,0.008401691913604736
NA5_LAG10_029,NA5_LAG10,5,10,6,3,mild,C4,True,0.014892518520355225,0.012205302715301514,-0.002687215805053711,0.011491060256958008,0.011606752872467041,0.0001156926155090332
NA5_LAG10_029,NA5_LAG10,5,10,6,4,mild,C5,False,0.01588308811187744,0.011317670345306396,-0.004565417766571045,0.010272383689880371,0.009096860885620117,-0.001175522804260254
NA5_LAG10_029,NA5_LAG10,5,10,6,5,cascade,C2,False,0.016119778156280518,0.1901618242263794,0.17404204607009888,0.010234594345092773,0.16834712028503418,0.1581125259399414
NA5_LAG50_000,NA5_LAG50,5,50,4,1,cascade,C5,False,0.010688483715057373,0.019550204277038574,0.008861720561981201,0.008269965648651123,0.02081507444381714,0.012545108795166016
NA5_LAG50_000,NA5_LAG50,5,50,4,2,cascade,C2,False,0.012074172496795654,0.19114595651626587,0.17907178401947021,0.0088462233543396,0.14773643016815186,0.13889020681381226
NA5_LAG50_000,NA5_LAG50,5,50,4,3,mild,C2,False,0.01923346519470215,0.043812453746795654,0.024578988552093506,0.015803992748260498,0.03605461120605469,0.02025061845779419
NA5_LAG50_000,NA5_LAG50,5,50,4,5,mild,C1,True,0.02295583486557007,0.018618226051330566,-0.004337608814239502,0.0140267014503479,0.017524421215057373,0.0034977197647094727
NA5_LAG50_000,NA5_LAG50,5,50,4,6,cascade,C1,True,0.017432987689971924,0.01519930362701416,-0.0022336840629577637,0.010657250881195068,0.015547573566436768,0.004890322685241699
NA5_LAG50_001,NA5_LAG50,5,50,2,1,cascade,C3,False,0.04514658451080322,0.19861578941345215,0.15346920490264893,0.022801220417022705,0.17045807838439941,0.1476568579673767
NA5_LAG50_001,NA5_LAG50,5,50,2,3,cascade,C2,True,0.02054232358932495,0.16841232776641846,0.1478700041770935,0.013207018375396729,0.1642056107521057,0.15099859237670898
NA5_LAG50_001,NA5_LAG50,5,50,2,4,mild,C2,True,0.02040189504623413,0.18388277292251587,0.16348087787628174,0.01203310489654541,0.16128402948379517,0.14925092458724976
NA5_LAG50_001,NA5_LAG50,5,50,2,5,cascade,C2,True,0.03143507242202759,0.1507279872894287,0.11929291486740112,0.022692084312438965,0.15909874439239502,0.13640666007995605
NA5_LAG50_001,NA5_LAG50,5,50,2,6,mild,C2,True,0.031635165214538574,0.19011449813842773,0.15847933292388916,0.017044663429260254,0.16308659315109253,0.14604192972183228
NA5_LAG50_002,NA5_LAG50,5,50,4,1,mild,C3,False,0.016617655754089355,0.0663825273513794,0.04976487159729004,0.009093523025512695,0.06394535303115845,0.05485183000564575
NA5_LAG50_002,NA5_LAG50,5,50,4,2,mild,C1,True,0.022229373455047607,0.019647657871246338,-0.0025817155838012695,0.014140486717224121,0.017128050327301025,0.0029875636100769043
NA5_LAG50_002,NA5_LAG50,5,50,4,3,cascade,C1,True,0.015945136547088623,0.023186802864074707,0.007241666316986084,0.008997559547424316,0.01856285333633423,0.009565293788909912
NA5_LAG50_002,NA5_LAG50,5,50,4,5,cascade,C1,True,0.020442664623260498,0.02356201410293579,0.003119349479675293,0.01318359375,0.018775105476379395,0.0055915117263793945
NA5_LAG50_002,NA5_LAG50,5,50,4,6,mild,C5,False,0.017836391925811768,0.03364342451095581,0.015807032585144043,0.009749650955200195,0.03354144096374512,0.023791790008544922
NA5_LAG50_003,NA5_LAG50,5,50,4,1,mild,C3,False,0.013618707656860352,0.05243575572967529,0.03881704807281494,0.011467993259429932,0.057161808013916016,0.045693814754486084
NA5_LAG50_003,NA5_LAG50,5,50,4,2,cascade,C4,True,0.023837566375732422,0.00703120231628418,-0.016806364059448242,0.019033968448638916,0.006683409214019775,-0.01235055923461914
NA5_LAG50_003,NA5_LAG50,5,50,4,3,cascade,C4,True,0.02495133876800537,0.006004273891448975,-0.018947064876556396,0.0160103440284729,0.006556451320648193,-0.009453892707824707
NA5_LAG50_003,NA5_LAG50,5,50,4,5,mild,C2,False,0.020166397094726562,0.02203202247619629,0.0018656253814697266,0.014911949634552002,0.024600088596343994,0.009688138961791992
NA5_LAG50_003,NA5_LAG50,5,50,4,6,mild,C4,True,0.018646538257598877,0.009857714176177979,-0.008788824081420898,0.012952327728271484,0.012076079845428467,-0.0008762478828430176
NA5_LAG50_004,NA5_LAG50,5,50,5,1,mild,C4,False,0.019421637058258057,0.022764980792999268,0.003343343734741211,0.013089418411254883,0.019990503787994385,0.006901085376739502
NA5_LAG50_004,NA5_LAG50,5,50,5,2,cascade,C5,True,0.046900153160095215,0.01079261302947998,-0.036107540130615234,0.025994837284088135,0.008163630962371826,-0.01783120632171631
NA5_LAG50_004,NA5_LAG50,5,50,5,3,cascade,C5,True,0.06870007514953613,0.010193943977355957,-0.058506131172180176,0.03272777795791626,0.006593227386474609,-0.02613455057144165
NA5_LAG50_004,NA5_LAG50,5,50,5,4,cascade,C5,True,0.011386334896087646,0.009275078773498535,-0.0021112561225891113,0.00942140817642212,0.006986677646636963,-0.0024347305297851562
NA5_LAG50_004,NA5_LAG50,5,50,5,6,mild,C5,True,0.01257389783859253,0.02108323574066162,0.008509337902069092,0.009489893913269043,0.019254744052886963,0.00976485013961792
NA5_LAG50_005,NA5_LAG50,5,50,1,2,mild,C4,False,0.03580361604690552,0.0119895339012146,-0.023814082145690918,0.022570431232452393,0.014855504035949707,-0.0077149271965026855
NA5_LAG50_005,NA5_LAG50,5,50,1,3,cascade,C3,True,0.03572690486907959,0.013622105121612549,-0.02210479974746704,0.022842466831207275,0.0151481032371521,-0.007694363594055176
NA5_LAG50_005,NA5_LAG50,5,50,1,4,cascade,C3,True,0.02744382619857788,0.01789957284927368,-0.0095442533493042,0.01763772964477539,0.01625049114227295,-0.0013872385025024414
NA5_LAG50_005,NA5_LAG50,5,50,1,5,cascade,C3,True,0.014377057552337646,0.012873411178588867,-0.0015036463737487793,0.009224772453308105,0.012343168258666992,0.0031183958053588867
NA5_LAG50_005,NA5_LAG50,5,50,1,6,cascade,C2,False,0.018954217433929443,0.1480778455734253,0.12912362813949585,0.011159837245941162,0.1150164008140564,0.10385656356811523
NA5_LAG50_006,NA5_LAG50,5,50,5,1,cascade,C1,True,0.02440190315246582,0.022138118743896484,-0.002263784408569336,0.015331864356994629,0.01633363962173462,0.0010017752647399902
NA5_LAG50_006,NA5_LAG50,5,50,5,2,cascade,C2,False,0.018971920013427734,0.20369887351989746,0.18472695350646973,0.010552525520324707,0.17341500520706177,0.16286247968673706
NA5_LAG50_006,NA5_LAG50,5,50,5,3,mild,C5,False,0.018708407878875732,0.05657005310058594,0.037861645221710205,0.010201454162597656,0.048722267150878906,0.03852081298828125
NA5_LAG50_006,NA5_LAG50,5,50,5,4,cascade,C1,True,0.010770082473754883,0.029928088188171387,0.019158005714416504,0.007214188575744629,0.02237534523010254,0.01516115665435791
NA5_LAG50_006,NA5_LAG50,5,50,5,6,cascade,C1,True,0.03704214096069336,0.02137923240661621,-0.01566290855407715,0.01822727918624878,0.015333354473114014,-0.0028939247131347656
NA5_LAG50_007,NA5_LAG50,5,50,5,1,mild,C3,False,0.032890260219573975,0.04704999923706055,0.014159739017486572,0.01596122980117798,0.0437893271446228,0.027828097343444824
NA5_LAG50_007,NA5_LAG50,5,50,5,2,cascade,C4,True,0.025357306003570557,0.01019984483718872,-0.015157461166381836,0.018062055110931396,0.0069089531898498535,-0.011153101921081543
NA5_LAG50_007,NA5_LAG50,5,50,5,3,mild,C1,False,0.012367010116577148,0.01656341552734375,0.0041964054107666016,0.011650264263153076,0.01687997579574585,0.0052297115325927734
NA5_LAG50_007,NA5_LAG50,5,50,5,4,cascade,C1,False,0.02131897211074829,0.018879592418670654,-0.0024393796920776367,0.013455033302307129,0.0196649432182312,0.006209909915924072
NA5_LAG50_007,NA5_LAG50,5,50,5,6,cascade,C4,True,0.028406977653503418,0.005753695964813232,-0.022653281688690186,0.019265711307525635,0.005249142646789551,-0.014016568660736084
NA5_LAG50_008,NA5_LAG50,5,50,5,1,cascade,C3,True,0.05781245231628418,0.020010709762573242,-0.03780174255371094,0.02882152795791626,0.01909506320953369,-0.009726464748382568
NA5_LAG50_008,NA5_LAG50,5,50,5,2,mild,C3,True,0.02432960271835327,0.04704546928405762,0.022715866565704346,0.01831585168838501,0.039700865745544434,0.021385014057159424
NA5_LAG50_008,NA5_LAG50,5,50,5,3,mild,C2,False,0.026423931121826172,0.014475703239440918,-0.011948227882385254,0.015501797199249268,0.012127280235290527,-0.0033745169639587402
NA5_LAG50_008,NA5_LAG50,5,50,5,4,cascade,C2,False,0.06374049186706543,0.17134958505630493,0.1076090931892395,0.03966325521469116,0.1349162459373474,0.09525299072265625
NA5_LAG50_008,NA5_LAG50,5,50,5,6,cascade,C2,False,0.023400545120239258,0.17640173435211182,0.15300118923187256,0.020466208457946777,0.13467806577682495,0.11421185731887817
NA5_LAG50_009,NA5_LAG50,5,50,5,1,mild,C1,False,0.018216192722320557,0.21602630615234375,0.1978101134300232,0.01287686824798584,0.2026844620704651,0.18980759382247925
NA5_LAG50_009,NA5_LAG50,5,50,5,2,cascade,C4,False,0.013656198978424072,0.18750154972076416,0.1738453507423401,0.01007145643234253,0.16925227642059326,0.15918081998825073
NA5_LAG50_009,NA5_LAG50,5,50,5,3,cascade,C2,True,0.030799031257629395,0.16401004791259766,0.13321101665496826,0.017200469970703125,0.1647813320159912,0.14758086204528809
NA5_LAG50_009,NA5_LAG50,5,50,5,4,cascade,C2,True,0.03270137310028076,0.16353178024291992,0.13083040714263916,0.020514845848083496,0.16444319486618042,0.14392834901809692
NA5_LAG50_009,NA5_LAG50,5,50,5,6,cascade,C4,False,0.012205719947814941,0.21091508865356445,0.1987093687057495,0.009027957916259766,0.18138974905014038,0.17236179113388062
NA5_LAG50_010,NA5_LAG50,5,50,1,2,cascade,C2,False,0.0199739933013916,0.13758492469787598,0.11761093139648438,0.013287127017974854,0.11401772499084473,0.10073059797286987
NA5_LAG50_010,NA5_LAG50,5,50,1,3,cascade,C4,True,0.026298940181732178,0.01355278491973877,-0.012746155261993408,0.01913928985595703,0.01090317964553833,-0.008236110210418701
NA5_LAG50_010,NA5_LAG50,5,50,1,4,mild,C4,True,0.022413969039916992,0.023907065391540527,0.0014930963516235352,0.016736745834350586,0.0218275785446167,0.005090832710266113
NA5_LAG50_010,NA5_LAG50,5,50,1,5,mild,C4,True,0.018110334873199463,0.030890345573425293,0.01278001070022583,0.012116789817810059,0.029298067092895508,0.01718127727508545
NA5_LAG50_010,NA5_LAG50,5,50,1,6,cascade,C1,False,0.030021369457244873,0.049496471881866455,0.019475102424621582,0.018157958984375,0.0528336763381958,0.0346757173538208
NA5_LAG50_011,NA5_LAG50,5,50,4,1,mild,C4,False,0.021927475929260254,0.20690762996673584,0.18498015403747559,0.013820648193359375,0.19163203239440918,0.1778113842010498
NA5_LAG50_011,NA5_LAG50,5,50,4,2,mild,C2,True,0.03268951177597046,0.2229960560798645,0.19030654430389404,0.02132636308670044,0.19986307621002197,0.17853671312332153
NA5_LAG50_011,NA5_LAG50,5,50,4,3,cascade,C3,False,0.019540846347808838,0.21221649646759033,0.1926756501197815,0.011729061603546143,0.19456511735916138,0.18283605575561523
NA5_LAG50_011,NA5_LAG50,5,50,4,5,cascade,C2,True,0.030284404754638672,0.1617165207862854,0.13143211603164673,0.023714840412139893,0.16661614179611206,0.14290130138397217
NA5_LAG50_011,NA5_LAG50,5,50,4,6,cascade,C1,False,0.019837021827697754,0.2393878698348999,0.21955084800720215,0.011730074882507324,0.20328885316848755,0.19155877828598022
NA5_LAG50_012,NA5_LAG50,5,50,1,2,mild,C4,False,0.015643000602722168,0.01859426498413086,0.0029512643814086914,0.010249614715576172,0.014536738395690918,0.004287123680114746
NA5_LAG50_012,NA5_LAG50,5,50,1,3,mild,C5,False,0.017943859100341797,0.013244867324829102,-0.004698991775512695,0.012578845024108887,0.010564863681793213,-0.002013981342315674
NA5_LAG50_012,NA5_LAG50,5,50,1,4,cascade,C3,True,0.01952505111694336,0.014617502689361572,-0.004907548427581787,0.011751294136047363,0.016822397708892822,0.005071103572845459
NA5_LAG50_012,NA5_LAG50,5,50,1,5,cascade,C3,True,0.016727566719055176,0.011910498142242432,-0.004817068576812744,0.008118689060211182,0.012069106101989746,0.0039504170417785645
NA5_LAG50_012,NA5_LAG50,5,50,1,6,mild,C3,True,0.018643558025360107,0.051060259342193604,0.032416701316833496,0.013364911079406738,0.045155107975006104,0.031790196895599365
NA5_LAG50_013,NA5_LAG50,5,50,2,1,cascade,C4,False,0.02700340747833252,0.01262807846069336,-0.01437532901763916,0.015697896480560303,0.012961626052856445,-0.0027362704277038574
NA5_LAG50_013,NA5_LAG50,5,50,2,3,mild,C1,False,0.029380083084106445,0.014239907264709473,-0.015140175819396973,0.019038140773773193,0.01354759931564331,-0.005490541458129883
NA5_LAG50_013,NA5_LAG50,5,50,2,4,mild,C1,False,0.01697760820388794,0.013215184211730957,-0.0037624239921569824,0.008646547794342041,0.012322187423706055,0.0036756396293640137
NA5_LAG50_013,NA5_LAG50,5,50,2,5,cascade,C5,True,0.024748623371124268,0.0059809088706970215,-0.018767714500427246,0.014546573162078857,0.005767941474914551,-0.008778631687164307
NA5_LAG50_013,NA5_LAG50,5,50,2,6,cascade,C5,True,0.032285332679748535,0.004375815391540527,-0.027909517288208008,0.015958547592163086,0.0050890445709228516,-0.010869503021240234
NA5_LAG50_014,NA5_LAG50,5,50,2,1,mild,C3,True,0.05188411474227905,0.06103074550628662,0.009146630764007568,0.030133843421936035,0.048850417137145996,0.01871657371520996
NA5_LAG50_014,NA5_LAG50,5,50,2,3,cascade,C4,False,0.03861069679260254,0.02393120527267456,-0.014679491519927979,0.022438645362854004,0.019206702709197998,-0.003231942653656006
NA5_LAG50_014,NA5_LAG50,5,50,2,4,mild,C3,True,0.02127671241760254,0.043549299240112305,0.022272586822509766,0.014894664287567139,0.0363161563873291,0.021421492099761963
NA5_LAG50_014,NA5_LAG50,5,50,2,5,mild,C3,True,0.07637321949005127,0.03961747884750366,-0.03675574064254761,0.03867518901824951,0.03483301401138306,-0.003842175006866455
NA5_LAG50_014,NA5_LAG50,5,50,2,6,mild,C3,True,0.03106391429901123,0.05379164218902588,0.02272772789001465,0.020200908184051514,0.04417991638183594,0.023979008197784424
NA5_LAG50_015,NA5_LAG50,5,50,3,1,mild,C5,True,0.024075686931610107,0.009679734706878662,-0.014395952224731445,0.01482933759689331,0.007604777812957764,-0.007224559783935547
NA5_LAG50_015,NA5_LAG50,5,50,3,2,mild,C3,False,0.02181553840637207,0.05033046007156372,0.02851492166519165,0.012446761131286621,0.046144306659698486,0.033697545528411865
NA5_LAG50_015,NA5_LAG50,5,50,3,4,cascade,C1,False,0.016117870807647705,0.02423924207687378,0.008121371269226074,0.010420620441436768,0.025331854820251465,0.014911234378814697
NA5_LAG50_015,NA5_LAG50,5,50,3,5,cascade,C5,True,0.02015507221221924,0.013850986957550049,-0.0063040852546691895,0.015190422534942627,0.010989069938659668,-0.004201352596282959
NA5_LAG50_015,NA5_LAG50,5,50,3,6,cascade,C4,False,0.016183197498321533,0.0075740814208984375,-0.008609116077423096,0.011685490608215332,0.00739443302154541,-0.004291057586669922
NA5_LAG50_016,NA5_LAG50,5,50,2,1,mild,C3,False,0.0193331241607666,0.0516282320022583,0.0322951078414917,0.013921082019805908,0.04769414663314819,0.033773064613342285
NA5_LAG50_016,NA5_LAG50,5,50,2,3,mild,C2,False,0.020786941051483154,0.019130468368530273,-0.0016564726829528809,0.014403760433197021,0.014682888984680176,0.0002791285514831543
NA5_LAG50_016,NA5_LAG50,5,50,2,4,mild,C5,True,0.01846897602081299,0.008833110332489014,-0.009635865688323975,0.01144719123840332,0.0065735578536987305,-0.00487363338470459
NA5_LAG50_016,NA5_LAG50,5,50,2,5,cascade,C2,False,0.031445980072021484,0.15071314573287964,0.11926716566085815,0.018446922302246094,0.11254596710205078,0.09409904479980469
NA5_LAG50_016,NA5_LAG50,5,50,2,6,cascade,C3,False,0.013493835926055908,0.011429190635681152,-0.002064645290374756,0.013271212577819824,0.011719048023223877,-0.0015521645545959473
NA5_LAG50_017,NA5_LAG50,5,50,2,1,mild,C2,False,0.025460243225097656,0.024711787700653076,-0.0007484555244445801,0.015598058700561523,0.01970839500427246,0.0041103363037109375
NA5_LAG50_017,NA5_LAG50,5,50,2,3,mild,C3,True,0.014396488666534424,0.04800599813461304,0.03360950946807861,0.008794665336608887,0.04151618480682373,0.032721519470214844
NA5_LAG50_017,NA5_LAG50,5,50,2,4,cascade,C1,False,0.013804972171783447,0.01975494623184204,0.005949974060058594,0.010066747665405273,0.02293217182159424,0.012865424156188965
NA5_LAG50_017,NA5_LAG50,5,50,2,5,mild,C3,True,0.014995872974395752,0.04941922426223755,0.0344233512878418,0.014357566833496094,0.038180530071258545,0.02382296323776245
NA5_LAG50_017,NA5_LAG50,5,50,2,6,cascade,C5,False,0.02395796775817871,0.021113336086273193,-0.0028446316719055176,0.01124495267868042,0.017508089542388916,0.006263136863708496
NA5_LAG50_018,NA5_LAG50,5,50,4,1,cascade,C3,True,0.057322144508361816,0.01634073257446289,-0.040981411933898926,0.03121769428253174,0.01175004243850708,-0.019467651844024658
NA5_LAG50_018,NA5_LAG50,5,50,4,2,mild,C3,True,0.03371012210845947,0.03588992357254028,0.0021798014640808105,0.016972064971923828,0.032318711280822754,0.015346646308898926
NA5_LAG50_018,NA5_LAG50,5,50,4,3,cascade,C1,False,0.045003414154052734,0.036173224449157715,-0.00883018970489502,0.023902714252471924,0.03328514099121094,0.009382426738739014
NA5_LAG50_018,NA5_LAG50,5,50,4,5,cascade,C4,False,0.0375329852104187,0.027143776416778564,-0.010389208793640137,0.025430262088775635,0.022484779357910156,-0.0029454827308654785
NA5_LAG50_018,NA5_LAG50,5,50,4,6,mild,C1,False,0.023021697998046875,0.011840641498565674,-0.011181056499481201,0.014315485954284668,0.011023879051208496,-0.003291606903076172
NA5_LAG50_019,NA5_LAG50,5,50,5,1,cascade,C2,False,0.019623637199401855,0.13263922929763794,0.11301559209823608,0.01778322458267212,0.10155379772186279,0.08377057313919067
NA5_LAG50_019,NA5_LAG50,5,50,5,2,cascade,C3,True,0.03229045867919922,0.023444950580596924,-0.008845508098602295,0.019365549087524414,0.02711033821105957,0.007744789123535156
NA5_LAG50_019,NA5_LAG50,5,50,5,3,mild,C3,True,0.025768697261810303,0.03600192070007324,0.01023322343826294,0.020949244499206543,0.035463035106658936,0.014513790607452393
NA5_LAG50_019,NA5_LAG50,5,50,5,4,cascade,C4,False,0.01984184980392456,0.017577171325683594,-0.002264678478240967,0.01567894220352173,0.015289843082427979,-0.00038909912109375
NA5_LAG50_019,NA5_LAG50,5,50,5,6,mild,C3,True,0.015760719776153564,0.03500396013259888,0.019243240356445312,0.013553619384765625,0.03186160326004028,0.018307983875274658
NA5_LAG50_020,NA5_LAG50,5,50,2,1,mild,C5,True,0.026472628116607666,0.020266950130462646,-0.0062056779861450195,0.013377189636230469,0.01555854082107544,0.0021813511848449707
NA5_LAG50_020,NA5_LAG50,5,50,2,3,cascade,C3,False,0.028311967849731445,0.020488381385803223,-0.007823586463928223,0.01700812578201294,0.01976841688156128,0.00276029109954834
NA5_LAG50_020,NA5_LAG50,5,50,2,4,mild,C5,True,0.020574986934661865,0.008688151836395264,-0.011886835098266602,0.01422107219696045,0.0061560869216918945,-0.008064985275268555
NA5_LAG50_020,NA5_LAG50,5,50,2,5,mild,C2,False,0.02185577154159546,0.028261661529541016,0.006405889987945557,0.015465736389160156,0.022403955459594727,0.00693821907043457
NA5_LAG50_020,NA5_LAG50,5,50,2,6,mild,C4,False,0.028278052806854248,0.019952833652496338,-0.00832521915435791,0.02237039804458618,0.015240967273712158,-0.0071294307708740234
NA5_LAG50_021,NA5_LAG50,5,50,1,2,mild,C5,True,0.018183410167694092,0.0218580961227417,0.0036746859550476074,0.013000965118408203,0.012466132640838623,-0.0005348324775695801
NA5_LAG50_021,NA5_LAG50,5,50,1,3,mild,C3,False,0.015520453453063965,0.027683496475219727,0.012163043022155762,0.009787976741790771,0.03233611583709717,0.022548139095306396
NA5_LAG50_021,NA5_LAG50,5,50,1,4,cascade,C5,True,0.0182875394821167,0.007730841636657715,-0.010556697845458984,0.009995758533477783,0.0059920549392700195,-0.004003703594207764
NA5_LAG50_021,NA5_LAG50,5,50,1,5,mild,C4,False,0.018741726875305176,0.01643514633178711,-0.0023065805435180664,0.013848066329956055,0.014116466045379639,0.000268399715423584
NA5_LAG50_021,NA5_LAG50,5,50,1,6,mild,C5,True,0.033061325550079346,0.011957764625549316,-0.02110356092453003,0.01752990484237671,0.007306694984436035,-0.010223209857940674
NA5_LAG50_022,NA5_LAG50,5,50,3,1,cascade,C2,True,0.013670861721038818,0.1581917405128479,0.14452087879180908,0.010196149349212646,0.18493777513504028,0.17474162578582764
NA5_LAG50_022,NA5_LAG50,5,50,3,2,cascade,C1,False,0.01812756061553955,0.26420748233795166,0.2460799217224121,0.014122426509857178,0.22629094123840332,0.21216851472854614
NA5_LAG50_022,NA5_LAG50,5,50,3,4,cascade,C2,True,0.01409304141998291,0.18368268013000488,0.16958963871002197,0.009638547897338867,0.19739419221878052,0.18775564432144165
NA5_LAG50_022,NA5_LAG50,5,50,3,5,cascade,C2,True,0.008787393569946289,0.17553704977035522,0.16674965620040894,0.005537092685699463,0.1927596926689148,0.18722259998321533
NA5_LAG50_022,NA5_LAG50,5,50,3,6,mild,C2,True,0.013643145561218262,0.26004648208618164,0.24640333652496338,0.010679006576538086,0.22792953252792358,0.2172505259513855
NA5_LAG50_023,NA5_LAG50,5,50,3,1,mild,C2,False,0.06333142518997192,0.018941164016723633,-0.04439026117324829,0.031328439712524414,0.01743018627166748,-0.013898253440856934
NA5_LAG50_023,NA5_LAG50,5,50,3,2,cascade,C3,True,0.024126827716827393,0.03840380907058716,0.014276981353759766,0.011643707752227783,0.032410264015197754,0.02076655626296997
NA5_LAG50_023,NA5_LAG50,5,50,3,4,cascade,C2,False,0.015468716621398926,0.16846948862075806,0.15300077199935913,0.014510691165924072,0.11849039793014526,0.10397970676422119
NA5_LAG50_023,NA5_LAG50,5,50,3,5,mild,C1,False,0.02071964740753174,0.010924875736236572,-0.009794771671295166,0.015498042106628418,0.009811162948608398,-0.0056868791580200195
NA5_LAG50_023,NA5_LAG50,5,50,3,6,cascade,C3,True,0.01238471269607544,0.021160364151000977,0.008775651454925537,0.010795772075653076,0.020776450634002686,0.00998067855834961
NA5_LAG50_024,NA5_LAG50,5,50,4,1,mild,C5,True,0.013966143131256104,0.008568644523620605,-0.005397498607635498,0.008586764335632324,0.007256805896759033,-0.001329958438873291
NA5_LAG50_024,NA5_LAG50,5,50,4,2,mild,C1,False,0.008337974548339844,0.016230285167694092,0.007892310619354248,0.007287740707397461,0.016727924346923828,0.009440183639526367
NA5_LAG50_024,NA5_LAG50,5,50,4,3,mild,C4,False,0.013441503047943115,0.010055065155029297,-0.0033864378929138184,0.009280741214752197,0.008910536766052246,-0.00037020444869995117
NA5_LAG50_024,NA5_LAG50,5,50,4,5,mild,C4,False,0.01607459783554077,0.012742817401885986,-0.003331780433654785,0.011571049690246582,0.013264060020446777,0.0016930103302001953
NA5_LAG50_024,NA5_LAG50,5,50,4,6,cascade,C5,True,0.03038787841796875,0.012575387954711914,-0.017812490463256836,0.02324676513671875,0.012937307357788086,-0.010309457778930664
NA5_LAG50_025,NA5_LAG50,5,50,3,1,mild,C1,False,0.03678959608078003,0.028977692127227783,-0.007811903953552246,0.022065460681915283,0.023546874523162842,0.0014814138412475586
NA5_LAG50_025,NA5_LAG50,5,50,3,2,cascade,C5,True,0.019982993602752686,0.012764394283294678,-0.007218599319458008,0.014227330684661865,0.011058449745178223,-0.0031688809394836426
NA5_LAG50_025,NA5_LAG50,5,50,3,4,mild,C3,False,0.021087288856506348,0.06940191984176636,0.04831463098526001,0.01422262191772461,0.05953681468963623,0.04531419277191162
NA5_LAG50_025,NA5_LAG50,5,50,3,5,mild,C5,True,0.028870999813079834,0.03418684005737305,0.005315840244293213,0.019647061824798584,0.029968559741973877,0.010321497917175293
NA5_LAG50_025,NA5_LAG50,5,50,3,6,cascade,C5,True,0.02031266689300537,0.014742434024810791,-0.00557023286819458,0.01953977346420288,0.010504364967346191,-0.00903540849685669
NA5_LAG50_026,NA5_LAG50,5,50,3,1,mild,C4,True,0.04443550109863281,0.018486738204956055,-0.025948762893676758,0.03035891056060791,0.01636672019958496,-0.01399219036102295
NA5_LAG50_026,NA5_LAG50,5,50,3,2,cascade,C3,False,0.014792680740356445,0.01536250114440918,0.0005698204040527344,0.011533200740814209,0.0175553560256958,0.006022155284881592
NA5_LAG50_026,NA5_LAG50,5,50,3,4,mild,C1,False,0.01893901824951172,0.00840061902999878,-0.01053839921951294,0.01143723726272583,0.009106814861297607,-0.0023304224014282227
NA5_LAG50_026,NA5_LAG50,5,50,3,5,mild,C4,True,0.017798781394958496,0.015131890773773193,-0.0026668906211853027,0.013536989688873291,0.01634204387664795,0.002805054187774658
NA5_LAG50_026,NA5_LAG50,5,50,3,6,mild,C2,False,0.023225128650665283,0.01814180612564087,-0.005083322525024414,0.016226530075073242,0.018706560134887695,0.002480030059814453
NA5_LAG50_027,NA5_LAG50,5,50,1,2,mild,C2,True,0.016759872436523438,0.1945696473121643,0.17780977487564087,0.010496854782104492,0.1765226125717163,0.16602575778961182
NA5_LAG50_027,NA5_LAG50,5,50,1,3,cascade,C5,False,0.03916257619857788,0.17446208000183105,0.13529950380325317,0.02197444438934326,0.1551438570022583,0.13316941261291504
NA5_LAG50_027,NA5_LAG50,5,50,1,4,mild,C5,False,0.0363956093788147,0.19128882884979248,0.15489321947097778,0.018416285514831543,0.16712266206741333,0.1487063765525818
NA5_LAG50_027,NA5_LAG50,5,50,1,5,cascade,C3,False,0.028606057167053223,0.18208682537078857,0.15348076820373535,0.023182988166809082,0.1566176414489746,0.13343465328216553
NA5_LAG50_027,NA5_LAG50,5,50,1,6,mild,C2,True,0.056587040424346924,0.18639010190963745,0.12980306148529053,0.03210783004760742,0.17389237880706787,0.14178454875946045
NA5_LAG50_028,NA5_LAG50,5,50,1,2,mild,C3,False,0.030549347400665283,0.07600760459899902,0.04545825719833374,0.018076539039611816,0.06623828411102295,0.04816174507141113
NA5_LAG50_028,NA5_LAG50,5,50,1,3,cascade,C1,True,0.013061165809631348,0.017702937126159668,0.00464177131652832,0.008611619472503662,0.015501618385314941,0.006889998912811279
NA5_LAG50_028,NA5_LAG50,5,50,1,4,mild,C2,False,0.008468866348266602,0.03360915184020996,0.02514028549194336,0.007208824157714844,0.02789938449859619,0.020690560340881348
NA5_LAG50_028,NA5_LAG50,5,50,1,5,mild,C1,True,0.013689100742340088,0.014116942882537842,0.0004278421401977539,0.00963747501373291,0.011044502258300781,0.001407027244567871
NA5_LAG50_028,NA5_LAG50,5,50,1,6,cascade,C3,False,0.03869909048080444,0.02532559633255005,-0.013373494148254395,0.022229671478271484,0.026130080223083496,0.0039004087448120117
NA5_LAG50_029,NA5_LAG50,5,50,5,1,mild,C5,False,0.036617815494537354,0.010855019092559814,-0.02576279640197754,0.022496283054351807,0.010096967220306396,-0.01239931583404541
NA5_LAG50_029,NA5_LAG50,5,50,5,2,mild,C1,False,0.015160441398620605,0.010982155799865723,-0.004178285598754883,0.013521730899810791,0.009594738483428955,-0.003926992416381836
NA5_LAG50_029,NA5_LAG50,5,50,5,3,cascade,C2,False,0.012801885604858398,0.15746718645095825,0.14466530084609985,0.010918378829956055,0.12833863496780396,0.1174202561378479
NA5_LAG50_029,NA5_LAG50,5,50,5,4,mild,C1,False,0.013304531574249268,0.01453477144241333,0.0012302398681640625,0.008041203022003174,0.014832377433776855,0.006791174411773682
NA5_LAG50_029,NA5_LAG50,5,50,5,6,cascade,C4,False,0.019409656524658203,0.015701472759246826,-0.003708183765411377,0.01324838399887085,0.011833548545837402,-0.0014148354530334473
